2025-05-07 10:01:49 - INFO - Start execution in sa-east-1 Nodes=10 Benchmark=bt.A.x Allocation Strategy=lowest-price
2025-05-07 10:01:49 - INFO - Found credentials in shared credentials file: ~/.aws/credentials
2025-05-07 10:01:56 - INFO - Fleet created with instances: ['i-01d0b4fffcfa1071b', 'i-0c2c5ba53b4a0f413', 'i-0e017587fe687d291', 'i-0c5fb3f1cdc5ffc61', 'i-0115624d4c470b4ba', 'i-0da6f9daf693f4eb7', 'i-048663ee6bf0e6109', 'i-0e465b3d12b509944', 'i-0da1987d6d751edb6', 'i-0c85fc513073c1fe3']
2025-05-07 10:02:14 - INFO - 10 instâncias no total. Iniciando benchmark em paralelo...
2025-05-07 10:02:14 - INFO - Found credentials in shared credentials file: ~/.aws/credentials
2025-05-07 10:02:14 - INFO - Found credentials in shared credentials file: ~/.aws/credentials
2025-05-07 10:02:14 - INFO - Found credentials in shared credentials file: ~/.aws/credentials
2025-05-07 10:02:14 - INFO - Found credentials in shared credentials file: ~/.aws/credentials
2025-05-07 10:02:14 - INFO - Found credentials in shared credentials file: ~/.aws/credentials
2025-05-07 10:02:14 - INFO - Found credentials in shared credentials file: ~/.aws/credentials
2025-05-07 10:02:14 - INFO - Found credentials in shared credentials file: ~/.aws/credentials
2025-05-07 10:02:14 - INFO - Found credentials in shared credentials file: ~/.aws/credentials
2025-05-07 10:02:14 - INFO - Found credentials in shared credentials file: ~/.aws/credentials
2025-05-07 10:02:14 - INFO - Found credentials in shared credentials file: ~/.aws/credentials
2025-05-07 10:02:21 - INFO - Connected (version 2.0, client OpenSSH_7.4)
2025-05-07 10:02:23 - INFO - Authentication (publickey) failed.
2025-05-07 10:02:23 - WARNING - Attempt 1/5 failed for i-0c2c5ba53b4a0f413: Authentication failed.
2025-05-07 10:02:23 - INFO - Connected (version 2.0, client OpenSSH_7.4)
2025-05-07 10:02:33 - INFO - Found credentials in shared credentials file: ~/.aws/credentials
2025-05-07 10:02:41 - INFO - Authentication (publickey) failed.
2025-05-07 10:02:41 - WARNING - Attempt 1/5 failed for i-01d0b4fffcfa1071b: Authentication failed.
2025-05-07 10:02:41 - INFO - Connected (version 2.0, client OpenSSH_7.4)
2025-05-07 10:02:51 - INFO - Found credentials in shared credentials file: ~/.aws/credentials
2025-05-07 10:03:05 - INFO - Authentication (publickey) successful!
2025-05-07 10:03:05 - INFO - Running command in i-0da6f9daf693f4eb7 (sa-east-1, spot): /u/fvbr/bt.A.x
2025-05-07 10:03:05 - INFO - Connected (version 2.0, client OpenSSH_7.4)
2025-05-07 10:03:09 - INFO - Found credentials in shared credentials file: ~/.aws/credentials
2025-05-07 10:03:10 - INFO - m5a.24xlarge - 1.257700 - sa-east-1a
2025-05-07 10:03:10 - INFO - Updating file: results/results_lucas_sa-east-1.csv
2025-05-07 10:03:30 - INFO - Authentication (publickey) successful!
2025-05-07 10:03:30 - INFO - Running command in i-0115624d4c470b4ba (sa-east-1, spot): /u/fvbr/bt.A.x
2025-05-07 10:03:30 - INFO - Connected (version 2.0, client OpenSSH_7.4)
2025-05-07 10:03:33 - INFO - Found credentials in shared credentials file: ~/.aws/credentials
2025-05-07 10:03:34 - INFO - m5a.24xlarge - 1.257700 - sa-east-1a
2025-05-07 10:03:34 - INFO - Updating file: results/results_lucas_sa-east-1.csv
2025-05-07 10:03:57 - INFO - Authentication (publickey) successful!
2025-05-07 10:03:57 - INFO - Running command in i-0c5fb3f1cdc5ffc61 (sa-east-1, spot): /u/fvbr/bt.A.x
2025-05-07 10:03:57 - INFO - Connected (version 2.0, client OpenSSH_7.4)
2025-05-07 10:04:00 - INFO - Found credentials in shared credentials file: ~/.aws/credentials
2025-05-07 10:04:00 - INFO - m5a.24xlarge - 1.257700 - sa-east-1a
2025-05-07 10:04:00 - INFO - Updating file: results/results_lucas_sa-east-1.csv
2025-05-07 10:04:22 - INFO - Authentication (publickey) successful!
2025-05-07 10:04:22 - INFO - Running command in i-0e465b3d12b509944 (sa-east-1, spot): /u/fvbr/bt.A.x
2025-05-07 10:04:22 - INFO - Connected (version 2.0, client OpenSSH_7.4)
2025-05-07 10:04:25 - INFO - Found credentials in shared credentials file: ~/.aws/credentials
2025-05-07 10:04:26 - INFO - m5a.24xlarge - 1.257700 - sa-east-1a
2025-05-07 10:04:26 - INFO - Updating file: results/results_lucas_sa-east-1.csv
2025-05-07 10:04:48 - INFO - Authentication (publickey) successful!
2025-05-07 10:04:48 - INFO - Running command in i-0c85fc513073c1fe3 (sa-east-1, spot): /u/fvbr/bt.A.x
2025-05-07 10:04:48 - INFO - Connected (version 2.0, client OpenSSH_7.4)
2025-05-07 10:04:51 - INFO - Found credentials in shared credentials file: ~/.aws/credentials
2025-05-07 10:04:52 - INFO - m5a.24xlarge - 1.257700 - sa-east-1a
2025-05-07 10:04:52 - INFO - Updating file: results/results_lucas_sa-east-1.csv
2025-05-07 10:05:12 - INFO - Authentication (publickey) successful!
2025-05-07 10:05:12 - INFO - Running command in i-0e017587fe687d291 (sa-east-1, spot): /u/fvbr/bt.A.x
2025-05-07 10:05:12 - INFO - Connected (version 2.0, client OpenSSH_7.4)
2025-05-07 10:05:15 - INFO - Found credentials in shared credentials file: ~/.aws/credentials
2025-05-07 10:05:16 - INFO - m5a.24xlarge - 1.257700 - sa-east-1a
2025-05-07 10:05:16 - INFO - Updating file: results/results_lucas_sa-east-1.csv
2025-05-07 10:05:42 - INFO - Authentication (publickey) successful!
2025-05-07 10:05:42 - INFO - Running command in i-0da1987d6d751edb6 (sa-east-1, spot): /u/fvbr/bt.A.x
2025-05-07 10:05:42 - INFO - Connected (version 2.0, client OpenSSH_7.4)
2025-05-07 10:05:46 - INFO - Found credentials in shared credentials file: ~/.aws/credentials
2025-05-07 10:05:46 - INFO - m5a.24xlarge - 1.257700 - sa-east-1a
2025-05-07 10:05:46 - INFO - Updating file: results/results_lucas_sa-east-1.csv
2025-05-07 10:06:08 - INFO - Authentication (publickey) successful!
2025-05-07 10:06:08 - INFO - Running command in i-048663ee6bf0e6109 (sa-east-1, spot): /u/fvbr/bt.A.x
2025-05-07 10:06:08 - INFO - Connected (version 2.0, client OpenSSH_7.4)
2025-05-07 10:06:11 - INFO - Found credentials in shared credentials file: ~/.aws/credentials
2025-05-07 10:06:12 - INFO - m5a.24xlarge - 1.257700 - sa-east-1a
2025-05-07 10:06:12 - INFO - Updating file: results/results_lucas_sa-east-1.csv
2025-05-07 10:06:34 - INFO - Authentication (publickey) successful!
2025-05-07 10:06:34 - INFO - Running command in i-0c2c5ba53b4a0f413 (sa-east-1, spot): /u/fvbr/bt.A.x
2025-05-07 10:06:34 - INFO - Connected (version 2.0, client OpenSSH_7.4)
2025-05-07 10:06:36 - INFO - Found credentials in shared credentials file: ~/.aws/credentials
2025-05-07 10:06:36 - INFO - m6a.24xlarge - 0.957200 - sa-east-1b
2025-05-07 10:06:36 - INFO - Updating file: results/results_lucas_sa-east-1.csv
2025-05-07 10:06:56 - INFO - Authentication (publickey) successful!
2025-05-07 10:06:56 - INFO - Running command in i-01d0b4fffcfa1071b (sa-east-1, spot): /u/fvbr/bt.A.x
2025-05-07 10:06:56 - ERROR - Command failed in i-01d0b4fffcfa1071b. Exit status: 127, Error: 
2025-05-07 10:06:56 - INFO - Found credentials in shared credentials file: ~/.aws/credentials
2025-05-07 10:06:57 - INFO - m6a.24xlarge - 0.957200 - sa-east-1b
2025-05-07 10:06:57 - INFO - Updating file: results/results_lucas_sa-east-1.csv
2025-05-07 10:06:57 - INFO - Found credentials in shared credentials file: ~/.aws/credentials
2025-05-07 10:06:58 - INFO - Spot price data saved to ./results/spot_prices_sa-east-1a.csv
2025-05-07 10:06:58 - INFO - Found credentials in shared credentials file: ~/.aws/credentials
2025-05-07 10:06:58 - INFO - Spot price data saved to ./results/spot_prices_sa-east-1b.csv
2025-05-07 10:06:58 - INFO - Found credentials in shared credentials file: ~/.aws/credentials
2025-05-07 10:06:59 - INFO - Spot price data saved to ./results/spot_prices_sa-east-1c.csv
2025-05-07 10:07:06 - INFO - All instances have been terminated.
2025-05-07 10:13:04 - INFO - Start execution in sa-east-1 Nodes=1 Benchmark=bt.A.x Allocation Strategy=lowest-price
2025-05-07 10:13:04 - INFO - Found credentials in shared credentials file: ~/.aws/credentials
2025-05-07 10:13:07 - INFO - Fleet created with instances: ['i-02e4f1b3cd603e6a5']
2025-05-07 10:13:23 - INFO - 1 instâncias no total. Iniciando benchmark em paralelo...
2025-05-07 10:13:23 - INFO - Found credentials in shared credentials file: ~/.aws/credentials
2025-05-07 10:13:34 - INFO - Connected (version 2.0, client OpenSSH_7.4)
2025-05-07 10:13:56 - INFO - Authentication (publickey) successful!
2025-05-07 10:13:56 - INFO - Running command in i-02e4f1b3cd603e6a5 (sa-east-1, spot): /u/fvbr/bt.A.x
2025-05-07 10:13:58 - INFO - Found credentials in shared credentials file: ~/.aws/credentials
2025-05-07 10:13:58 - INFO - m6a.24xlarge - 0.957200 - sa-east-1b
2025-05-07 10:13:58 - INFO - Updating file: results/results_lucas_sa-east-1.csv
2025-05-07 10:13:58 - INFO - Found credentials in shared credentials file: ~/.aws/credentials
2025-05-07 10:13:59 - INFO - Spot price data saved to ./results/spot_prices_sa-east-1a.csv
2025-05-07 10:13:59 - INFO - Found credentials in shared credentials file: ~/.aws/credentials
2025-05-07 10:14:00 - INFO - Spot price data saved to ./results/spot_prices_sa-east-1b.csv
2025-05-07 10:14:00 - INFO - Found credentials in shared credentials file: ~/.aws/credentials
2025-05-07 10:14:00 - INFO - Spot price data saved to ./results/spot_prices_sa-east-1c.csv
2025-05-07 10:14:08 - INFO - All instances have been terminated.
2025-05-07 10:16:55 - INFO - Start execution in sa-east-1 Nodes=10 Benchmark=bt.A.x Allocation Strategy=lowest-price
2025-05-07 10:16:55 - INFO - Found credentials in shared credentials file: ~/.aws/credentials
2025-05-07 10:17:02 - INFO - Fleet created with instances: ['i-0c064d746a0003d6a', 'i-0915a51f5ce4d3b1c', 'i-0ab28bd230bc9251f', 'i-0be607efcd82f0003', 'i-057d4360333dfe54d', 'i-088e69bc7abad36c0', 'i-07d227347277ce3a7', 'i-05d2d0e014eb72c47', 'i-03d185710d5148a4b', 'i-06ee054b36d5ad008']
2025-05-07 10:17:20 - INFO - 10 instâncias no total. Iniciando benchmark em paralelo...
2025-05-07 10:17:20 - INFO - Found credentials in shared credentials file: ~/.aws/credentials
2025-05-07 10:17:20 - INFO - Found credentials in shared credentials file: ~/.aws/credentials
2025-05-07 10:17:20 - INFO - Found credentials in shared credentials file: ~/.aws/credentials
2025-05-07 10:17:20 - INFO - Found credentials in shared credentials file: ~/.aws/credentials
2025-05-07 10:17:20 - INFO - Found credentials in shared credentials file: ~/.aws/credentials
2025-05-07 10:17:20 - INFO - Found credentials in shared credentials file: ~/.aws/credentials
2025-05-07 10:17:20 - INFO - Found credentials in shared credentials file: ~/.aws/credentials
2025-05-07 10:17:20 - INFO - Found credentials in shared credentials file: ~/.aws/credentials
2025-05-07 10:17:20 - INFO - Found credentials in shared credentials file: ~/.aws/credentials
2025-05-07 10:17:20 - INFO - Found credentials in shared credentials file: ~/.aws/credentials
2025-05-07 10:17:23 - INFO - Connected (version 2.0, client OpenSSH_7.4)
2025-05-07 10:17:29 - INFO - Authentication (publickey) failed.
2025-05-07 10:17:29 - WARNING - Attempt 1/5 failed for i-0c064d746a0003d6a: Authentication failed.
2025-05-07 10:17:29 - INFO - Connected (version 2.0, client OpenSSH_7.4)
2025-05-07 10:17:39 - INFO - Found credentials in shared credentials file: ~/.aws/credentials
2025-05-07 10:17:55 - INFO - Authentication (publickey) successful!
2025-05-07 10:17:55 - INFO - Running command in i-0915a51f5ce4d3b1c (sa-east-1, spot): /u/fvbr/bt.A.x
2025-05-07 10:17:55 - INFO - Connected (version 2.0, client OpenSSH_7.4)
2025-05-07 10:17:57 - INFO - Found credentials in shared credentials file: ~/.aws/credentials
2025-05-07 10:17:57 - INFO - m6a.24xlarge - 0.957200 - sa-east-1b
2025-05-07 10:17:57 - INFO - Updating file: results/results_lucas_sa-east-1.csv
2025-05-07 10:18:19 - INFO - Authentication (publickey) successful!
2025-05-07 10:18:19 - INFO - Running command in i-0ab28bd230bc9251f (sa-east-1, spot): /u/fvbr/bt.A.x
2025-05-07 10:18:19 - INFO - Connected (version 2.0, client OpenSSH_7.4)
2025-05-07 10:18:22 - INFO - Found credentials in shared credentials file: ~/.aws/credentials
2025-05-07 10:18:23 - INFO - m5a.24xlarge - 1.257700 - sa-east-1a
2025-05-07 10:18:23 - INFO - Updating file: results/results_lucas_sa-east-1.csv
2025-05-07 10:18:42 - INFO - Authentication (publickey) successful!
2025-05-07 10:18:42 - INFO - Running command in i-05d2d0e014eb72c47 (sa-east-1, spot): /u/fvbr/bt.A.x
2025-05-07 10:18:42 - INFO - Connected (version 2.0, client OpenSSH_7.4)
2025-05-07 10:18:45 - INFO - Found credentials in shared credentials file: ~/.aws/credentials
2025-05-07 10:18:46 - INFO - m5a.24xlarge - 1.257700 - sa-east-1a
2025-05-07 10:18:46 - INFO - Updating file: results/results_lucas_sa-east-1.csv
2025-05-07 10:19:06 - INFO - Authentication (publickey) successful!
2025-05-07 10:19:06 - INFO - Running command in i-0be607efcd82f0003 (sa-east-1, spot): /u/fvbr/bt.A.x
2025-05-07 10:19:06 - INFO - Connected (version 2.0, client OpenSSH_7.4)
2025-05-07 10:19:10 - INFO - Found credentials in shared credentials file: ~/.aws/credentials
2025-05-07 10:19:11 - INFO - m5a.24xlarge - 1.257700 - sa-east-1a
2025-05-07 10:19:11 - INFO - Updating file: results/results_lucas_sa-east-1.csv
2025-05-07 10:19:31 - INFO - Authentication (publickey) successful!
2025-05-07 10:19:31 - INFO - Running command in i-06ee054b36d5ad008 (sa-east-1, spot): /u/fvbr/bt.A.x
2025-05-07 10:19:31 - INFO - Connected (version 2.0, client OpenSSH_7.4)
2025-05-07 10:19:34 - INFO - Found credentials in shared credentials file: ~/.aws/credentials
2025-05-07 10:19:34 - INFO - m5a.24xlarge - 1.257700 - sa-east-1a
2025-05-07 10:19:34 - INFO - Updating file: results/results_lucas_sa-east-1.csv
2025-05-07 10:19:55 - INFO - Authentication (publickey) successful!
2025-05-07 10:19:55 - INFO - Running command in i-07d227347277ce3a7 (sa-east-1, spot): /u/fvbr/bt.A.x
2025-05-07 10:19:55 - INFO - Connected (version 2.0, client OpenSSH_7.4)
2025-05-07 10:19:59 - INFO - Found credentials in shared credentials file: ~/.aws/credentials
2025-05-07 10:19:59 - INFO - m5a.24xlarge - 1.257700 - sa-east-1a
2025-05-07 10:19:59 - INFO - Updating file: results/results_lucas_sa-east-1.csv
2025-05-07 10:20:26 - WARNING - Attempt 1/5 failed for i-088e69bc7abad36c0: Authentication timeout.
2025-05-07 10:20:26 - INFO - Connected (version 2.0, client OpenSSH_7.4)
2025-05-07 10:20:36 - INFO - Found credentials in shared credentials file: ~/.aws/credentials
2025-05-07 10:20:50 - INFO - Authentication (publickey) successful!
2025-05-07 10:20:50 - INFO - Running command in i-057d4360333dfe54d (sa-east-1, spot): /u/fvbr/bt.A.x
2025-05-07 10:20:50 - INFO - Connected (version 2.0, client OpenSSH_7.4)
2025-05-07 10:20:53 - INFO - Found credentials in shared credentials file: ~/.aws/credentials
2025-05-07 10:20:53 - INFO - m5a.24xlarge - 1.257700 - sa-east-1a
2025-05-07 10:20:53 - INFO - Updating file: results/results_lucas_sa-east-1.csv
2025-05-07 10:21:13 - INFO - Authentication (publickey) successful!
2025-05-07 10:21:13 - INFO - Running command in i-03d185710d5148a4b (sa-east-1, spot): /u/fvbr/bt.A.x
2025-05-07 10:21:13 - INFO - Connected (version 2.0, client OpenSSH_7.4)
2025-05-07 10:21:17 - INFO - Found credentials in shared credentials file: ~/.aws/credentials
2025-05-07 10:21:17 - INFO - m5a.24xlarge - 1.257700 - sa-east-1a
2025-05-07 10:21:17 - INFO - Updating file: results/results_lucas_sa-east-1.csv
2025-05-07 10:21:37 - INFO - Authentication (publickey) successful!
2025-05-07 10:21:37 - INFO - Running command in i-0c064d746a0003d6a (sa-east-1, spot): /u/fvbr/bt.A.x
2025-05-07 10:21:37 - INFO - Connected (version 2.0, client OpenSSH_7.4)
2025-05-07 10:21:37 - INFO - Authentication (publickey) failed.
2025-05-07 10:21:37 - WARNING - Attempt 2/5 failed for i-088e69bc7abad36c0: Authentication failed.
2025-05-07 10:21:39 - INFO - Found credentials in shared credentials file: ~/.aws/credentials
2025-05-07 10:21:40 - INFO - m6a.24xlarge - 0.957200 - sa-east-1b
2025-05-07 10:21:40 - INFO - Updating file: results/results_lucas_sa-east-1.csv
2025-05-07 10:21:57 - INFO - Found credentials in shared credentials file: ~/.aws/credentials
2025-05-07 10:21:58 - INFO - Connected (version 2.0, client OpenSSH_7.4)
2025-05-07 10:21:58 - INFO - Authentication (publickey) failed.
2025-05-07 10:21:58 - WARNING - Attempt 3/5 failed for i-088e69bc7abad36c0: Authentication failed.
2025-05-07 10:22:28 - INFO - Found credentials in shared credentials file: ~/.aws/credentials
2025-05-07 10:22:29 - INFO - Connected (version 2.0, client OpenSSH_7.4)
2025-05-07 10:22:37 - INFO - Authentication (publickey) successful!
2025-05-07 10:22:37 - INFO - Running command in i-088e69bc7abad36c0 (sa-east-1, spot): /u/fvbr/bt.A.x
2025-05-07 10:22:40 - INFO - Found credentials in shared credentials file: ~/.aws/credentials
2025-05-07 10:22:41 - INFO - m5a.24xlarge - 1.257700 - sa-east-1a
2025-05-07 10:22:41 - INFO - Updating file: results/results_lucas_sa-east-1.csv
2025-05-07 10:22:41 - INFO - Found credentials in shared credentials file: ~/.aws/credentials
2025-05-07 10:22:42 - INFO - Spot price data saved to ./results/spot_prices_sa-east-1a.csv
2025-05-07 10:22:42 - INFO - Found credentials in shared credentials file: ~/.aws/credentials
2025-05-07 10:22:42 - INFO - Spot price data saved to ./results/spot_prices_sa-east-1b.csv
2025-05-07 10:22:42 - INFO - Found credentials in shared credentials file: ~/.aws/credentials
2025-05-07 10:22:43 - INFO - Spot price data saved to ./results/spot_prices_sa-east-1c.csv
2025-05-07 10:22:51 - INFO - All instances have been terminated.
2025-05-07 10:32:44 - INFO - Start execution in sa-east-1 Nodes=10 Benchmark=bt.A.x Allocation Strategy=lowest-price
2025-05-07 10:32:44 - INFO - Found credentials in shared credentials file: ~/.aws/credentials
2025-05-07 10:32:55 - INFO - Fleet created with instances: ['i-01b42aab77f77755a', 'i-0026e2ec2893c740d', 'i-052d65325940ca58c', 'i-0fe5374a7ee2bd0e9', 'i-08481c550a315a831', 'i-0f8a07e3542033eff', 'i-0658668620f593106', 'i-0392552bb233c35d2', 'i-0749de6042e2a568d', 'i-00052c6df3e56a560']
2025-05-07 10:33:13 - INFO - 10 instâncias no total. Iniciando benchmark em paralelo...
2025-05-07 10:33:13 - INFO - Found credentials in shared credentials file: ~/.aws/credentials
2025-05-07 10:33:13 - INFO - Found credentials in shared credentials file: ~/.aws/credentials
2025-05-07 10:33:13 - INFO - Found credentials in shared credentials file: ~/.aws/credentials
2025-05-07 10:33:13 - INFO - Found credentials in shared credentials file: ~/.aws/credentials
2025-05-07 10:33:13 - INFO - Found credentials in shared credentials file: ~/.aws/credentials
2025-05-07 10:33:13 - INFO - Found credentials in shared credentials file: ~/.aws/credentials
2025-05-07 10:33:13 - INFO - Found credentials in shared credentials file: ~/.aws/credentials
2025-05-07 10:33:13 - INFO - Found credentials in shared credentials file: ~/.aws/credentials
2025-05-07 10:33:13 - INFO - Found credentials in shared credentials file: ~/.aws/credentials
2025-05-07 10:33:13 - INFO - Found credentials in shared credentials file: ~/.aws/credentials
2025-05-07 10:33:16 - INFO - Connected (version 2.0, client OpenSSH_7.4)
2025-05-07 10:33:18 - INFO - Authentication (publickey) failed.
2025-05-07 10:33:18 - WARNING - Attempt 1/5 failed for i-01b42aab77f77755a: Authentication failed.
2025-05-07 10:33:18 - INFO - Connected (version 2.0, client OpenSSH_7.4)
2025-05-07 10:33:25 - INFO - Authentication (publickey) failed.
2025-05-07 10:33:25 - WARNING - Attempt 1/5 failed for i-0026e2ec2893c740d: Authentication failed.
2025-05-07 10:33:26 - INFO - Connected (version 2.0, client OpenSSH_7.4)
2025-05-07 10:33:28 - INFO - Found credentials in shared credentials file: ~/.aws/credentials
2025-05-07 10:33:31 - INFO - Authentication (publickey) failed.
2025-05-07 10:33:31 - WARNING - Attempt 1/5 failed for i-08481c550a315a831: Authentication failed.
2025-05-07 10:33:31 - INFO - Connected (version 2.0, client OpenSSH_7.4)
2025-05-07 10:33:35 - INFO - Found credentials in shared credentials file: ~/.aws/credentials
2025-05-07 10:33:41 - INFO - Found credentials in shared credentials file: ~/.aws/credentials
2025-05-07 10:33:56 - INFO - Authentication (publickey) failed.
2025-05-07 10:33:56 - WARNING - Attempt 1/5 failed for i-052d65325940ca58c: Authentication failed.
2025-05-07 10:33:56 - INFO - Connected (version 2.0, client OpenSSH_7.4)
2025-05-07 10:34:06 - INFO - Found credentials in shared credentials file: ~/.aws/credentials
2025-05-07 10:34:06 - INFO - Authentication (publickey) failed.
2025-05-07 10:34:06 - WARNING - Attempt 1/5 failed for i-0fe5374a7ee2bd0e9: Authentication failed.
2025-05-07 10:34:06 - INFO - Connected (version 2.0, client OpenSSH_7.4)
2025-05-07 10:34:16 - INFO - Found credentials in shared credentials file: ~/.aws/credentials
2025-05-07 10:34:26 - INFO - Authentication (publickey) failed.
2025-05-07 10:34:26 - WARNING - Attempt 1/5 failed for i-0f8a07e3542033eff: Authentication failed.
2025-05-07 10:34:26 - INFO - Connected (version 2.0, client OpenSSH_7.4)
2025-05-07 10:34:36 - INFO - Found credentials in shared credentials file: ~/.aws/credentials
2025-05-07 10:34:47 - INFO - Authentication (publickey) failed.
2025-05-07 10:34:47 - WARNING - Attempt 2/5 failed for i-01b42aab77f77755a: Authentication failed.
2025-05-07 10:35:07 - INFO - Found credentials in shared credentials file: ~/.aws/credentials
2025-05-07 10:35:17 - WARNING - Attempt 1/5 failed for i-00052c6df3e56a560: timed out
2025-05-07 10:35:27 - INFO - Found credentials in shared credentials file: ~/.aws/credentials
2025-05-07 10:35:47 - WARNING - Attempt 1/5 failed for i-0749de6042e2a568d: timed out
2025-05-07 10:35:57 - INFO - Found credentials in shared credentials file: ~/.aws/credentials
2025-05-07 10:36:17 - WARNING - Attempt 1/5 failed for i-0392552bb233c35d2: timed out
2025-05-07 10:36:27 - INFO - Found credentials in shared credentials file: ~/.aws/credentials
2025-05-07 10:36:47 - WARNING - Attempt 2/5 failed for i-0026e2ec2893c740d: timed out
2025-05-07 10:37:07 - INFO - Found credentials in shared credentials file: ~/.aws/credentials
2025-05-07 10:37:17 - WARNING - Attempt 1/5 failed for i-0658668620f593106: timed out
2025-05-07 10:37:17 - INFO - Connected (version 2.0, client OpenSSH_7.4)
2025-05-07 10:37:27 - INFO - Found credentials in shared credentials file: ~/.aws/credentials
2025-05-07 10:37:41 - INFO - Authentication (publickey) successful!
2025-05-07 10:37:41 - INFO - Running command in i-08481c550a315a831 (sa-east-1, spot): /u/fvbr/bt.A.x
2025-05-07 10:37:41 - INFO - Connected (version 2.0, client OpenSSH_7.4)
2025-05-07 10:37:44 - INFO - Found credentials in shared credentials file: ~/.aws/credentials
2025-05-07 10:37:45 - INFO - m5a.24xlarge - 1.257700 - sa-east-1a
2025-05-07 10:37:45 - INFO - Updating file: results/results_lucas_sa-east-1.csv
2025-05-07 10:37:51 - INFO - Authentication (publickey) successful!
2025-05-07 10:37:51 - INFO - Running command in i-052d65325940ca58c (sa-east-1, spot): /u/fvbr/bt.A.x
2025-05-07 10:37:51 - INFO - Connected (version 2.0, client OpenSSH_7.4)
2025-05-07 10:37:53 - INFO - Found credentials in shared credentials file: ~/.aws/credentials
2025-05-07 10:37:54 - INFO - m5a.24xlarge - 1.257700 - sa-east-1a
2025-05-07 10:37:54 - INFO - Updating file: results/results_lucas_sa-east-1.csv
2025-05-07 10:38:16 - INFO - Authentication (publickey) successful!
2025-05-07 10:38:16 - INFO - Running command in i-0fe5374a7ee2bd0e9 (sa-east-1, spot): /u/fvbr/bt.A.x
2025-05-07 10:38:16 - INFO - Connected (version 2.0, client OpenSSH_7.4)
2025-05-07 10:38:19 - INFO - Found credentials in shared credentials file: ~/.aws/credentials
2025-05-07 10:38:20 - INFO - m5a.24xlarge - 1.257700 - sa-east-1a
2025-05-07 10:38:20 - INFO - Updating file: results/results_lucas_sa-east-1.csv
2025-05-07 10:38:39 - INFO - Authentication (publickey) successful!
2025-05-07 10:38:39 - INFO - Running command in i-0f8a07e3542033eff (sa-east-1, spot): /u/fvbr/bt.A.x
2025-05-07 10:38:39 - INFO - Connected (version 2.0, client OpenSSH_7.4)
2025-05-07 10:38:43 - INFO - Found credentials in shared credentials file: ~/.aws/credentials
2025-05-07 10:38:43 - INFO - m5a.24xlarge - 1.257700 - sa-east-1a
2025-05-07 10:38:43 - INFO - Updating file: results/results_lucas_sa-east-1.csv
2025-05-07 10:39:02 - INFO - Authentication (publickey) successful!
2025-05-07 10:39:02 - INFO - Running command in i-01b42aab77f77755a (sa-east-1, spot): /u/fvbr/bt.A.x
2025-05-07 10:39:04 - INFO - Found credentials in shared credentials file: ~/.aws/credentials
2025-05-07 10:39:05 - INFO - m6a.24xlarge - 0.957200 - sa-east-1b
2025-05-07 10:39:05 - INFO - Updating file: results/results_lucas_sa-east-1.csv
2025-05-07 10:40:28 - WARNING - Attempt 2/5 failed for i-00052c6df3e56a560: SSH timeout: No Private IP:22 not reachable after 300 seconds.
2025-05-07 10:40:48 - INFO - Found credentials in shared credentials file: ~/.aws/credentials
2025-05-07 10:40:58 - WARNING - Attempt 2/5 failed for i-0749de6042e2a568d: SSH timeout: No Private IP:22 not reachable after 300 seconds.
2025-05-07 10:41:18 - INFO - Found credentials in shared credentials file: ~/.aws/credentials
2025-05-07 10:41:28 - WARNING - Attempt 2/5 failed for i-0392552bb233c35d2: SSH timeout: No Private IP:22 not reachable after 300 seconds.
2025-05-07 10:41:48 - INFO - Found credentials in shared credentials file: ~/.aws/credentials
2025-05-07 10:42:08 - WARNING - Attempt 3/5 failed for i-0026e2ec2893c740d: SSH timeout: No Private IP:22 not reachable after 300 seconds.
2025-05-07 10:42:28 - WARNING - Attempt 2/5 failed for i-0658668620f593106: SSH timeout: No Private IP:22 not reachable after 300 seconds.
2025-05-07 10:42:38 - INFO - Found credentials in shared credentials file: ~/.aws/credentials
2025-05-07 10:42:48 - INFO - Found credentials in shared credentials file: ~/.aws/credentials
2025-05-07 10:45:49 - WARNING - Attempt 3/5 failed for i-00052c6df3e56a560: SSH timeout: No Private IP:22 not reachable after 300 seconds.
2025-05-07 10:46:19 - WARNING - Attempt 3/5 failed for i-0749de6042e2a568d: SSH timeout: No Private IP:22 not reachable after 300 seconds.
2025-05-07 10:46:19 - INFO - Found credentials in shared credentials file: ~/.aws/credentials
2025-05-07 10:46:49 - INFO - Found credentials in shared credentials file: ~/.aws/credentials
2025-05-07 10:46:49 - WARNING - Attempt 3/5 failed for i-0392552bb233c35d2: SSH timeout: No Private IP:22 not reachable after 300 seconds.
2025-05-07 10:47:19 - INFO - Found credentials in shared credentials file: ~/.aws/credentials
2025-05-07 10:47:38 - WARNING - Attempt 4/5 failed for i-0026e2ec2893c740d: SSH timeout: No Private IP:22 not reachable after 300 seconds.
2025-05-07 10:47:49 - WARNING - Attempt 3/5 failed for i-0658668620f593106: SSH timeout: No Private IP:22 not reachable after 300 seconds.
2025-05-07 10:48:19 - INFO - Found credentials in shared credentials file: ~/.aws/credentials
2025-05-07 10:48:19 - INFO - Found credentials in shared credentials file: ~/.aws/credentials
2025-05-07 10:51:20 - WARNING - Attempt 4/5 failed for i-00052c6df3e56a560: SSH timeout: No Private IP:22 not reachable after 300 seconds.
2025-05-07 10:51:49 - WARNING - Attempt 4/5 failed for i-0749de6042e2a568d: SSH timeout: No Private IP:22 not reachable after 300 seconds.
2025-05-07 10:52:00 - INFO - Found credentials in shared credentials file: ~/.aws/credentials
2025-05-07 10:52:20 - WARNING - Attempt 4/5 failed for i-0392552bb233c35d2: SSH timeout: No Private IP:22 not reachable after 300 seconds.
2025-05-07 10:52:29 - INFO - Found credentials in shared credentials file: ~/.aws/credentials
2025-05-07 10:53:00 - INFO - Found credentials in shared credentials file: ~/.aws/credentials
2025-05-07 10:53:19 - WARNING - Attempt 5/5 failed for i-0026e2ec2893c740d: SSH timeout: No Private IP:22 not reachable after 300 seconds.
2025-05-07 10:53:19 - ERROR - All attempts failed for i-0026e2ec2893c740d. Last error: SSH timeout: No Private IP:22 not reachable after 300 seconds.
2025-05-07 10:53:19 - INFO - Found credentials in shared credentials file: ~/.aws/credentials
2025-05-07 10:53:20 - INFO - m6a.24xlarge - 0.957200 - sa-east-1b
2025-05-07 10:53:20 - INFO - Updating file: results/results_lucas_sa-east-1.csv
2025-05-07 10:53:20 - WARNING - Attempt 4/5 failed for i-0658668620f593106: SSH timeout: No Private IP:22 not reachable after 300 seconds.
2025-05-07 10:54:00 - INFO - Found credentials in shared credentials file: ~/.aws/credentials
2025-05-07 10:57:02 - WARNING - Attempt 5/5 failed for i-00052c6df3e56a560: SSH timeout: No Private IP:22 not reachable after 300 seconds.
2025-05-07 10:57:02 - ERROR - All attempts failed for i-00052c6df3e56a560. Last error: SSH timeout: No Private IP:22 not reachable after 300 seconds.
2025-05-07 10:57:02 - INFO - Found credentials in shared credentials file: ~/.aws/credentials
2025-05-07 10:57:02 - INFO - c7i.48xlarge - 1.501500 - sa-east-1c
2025-05-07 10:57:02 - INFO - Updating file: results/results_lucas_sa-east-1.csv
2025-05-07 10:57:30 - WARNING - Attempt 5/5 failed for i-0749de6042e2a568d: SSH timeout: No Private IP:22 not reachable after 300 seconds.
2025-05-07 10:57:30 - ERROR - All attempts failed for i-0749de6042e2a568d. Last error: SSH timeout: No Private IP:22 not reachable after 300 seconds.
2025-05-07 10:57:30 - INFO - Found credentials in shared credentials file: ~/.aws/credentials
2025-05-07 10:57:31 - INFO - r5ad.24xlarge - 1.461300 - sa-east-1c
2025-05-07 10:57:31 - INFO - Updating file: results/results_lucas_sa-east-1.csv
2025-05-07 10:58:02 - WARNING - Attempt 5/5 failed for i-0392552bb233c35d2: SSH timeout: No Private IP:22 not reachable after 300 seconds.
2025-05-07 10:58:02 - ERROR - All attempts failed for i-0392552bb233c35d2. Last error: SSH timeout: No Private IP:22 not reachable after 300 seconds.
2025-05-07 10:58:02 - INFO - Found credentials in shared credentials file: ~/.aws/credentials
2025-05-07 10:58:02 - INFO - r5ad.24xlarge - 1.461300 - sa-east-1c
2025-05-07 10:58:02 - INFO - Updating file: results/results_lucas_sa-east-1.csv
2025-05-07 10:59:01 - WARNING - Attempt 5/5 failed for i-0658668620f593106: SSH timeout: No Private IP:22 not reachable after 300 seconds.
2025-05-07 10:59:01 - ERROR - All attempts failed for i-0658668620f593106. Last error: SSH timeout: No Private IP:22 not reachable after 300 seconds.
2025-05-07 10:59:01 - INFO - Found credentials in shared credentials file: ~/.aws/credentials
2025-05-07 10:59:02 - INFO - r5ad.24xlarge - 1.461300 - sa-east-1c
2025-05-07 10:59:02 - INFO - Updating file: results/results_lucas_sa-east-1.csv
2025-05-07 10:59:02 - INFO - Found credentials in shared credentials file: ~/.aws/credentials
2025-05-07 10:59:03 - INFO - Spot price data saved to ./results/spot_prices_sa-east-1a.csv
2025-05-07 10:59:03 - INFO - Found credentials in shared credentials file: ~/.aws/credentials
2025-05-07 10:59:03 - INFO - Spot price data saved to ./results/spot_prices_sa-east-1b.csv
2025-05-07 10:59:03 - INFO - Found credentials in shared credentials file: ~/.aws/credentials
2025-05-07 10:59:04 - INFO - Spot price data saved to ./results/spot_prices_sa-east-1c.csv
2025-05-07 10:59:12 - INFO - All instances have been terminated.
2025-05-07 11:01:25 - INFO - Start execution in sa-east-1 Nodes=10 Benchmark=bt.A.x Allocation Strategy=lowest-price
2025-05-07 11:01:25 - INFO - Found credentials in shared credentials file: ~/.aws/credentials
2025-05-07 11:01:32 - INFO - Fleet created with instances: ['i-0cc19ab52652913d9', 'i-04ef907ad846a6cf5', 'i-0c72ebe969a83988a', 'i-07c4986158c36d0c0', 'i-01b985b4fcc955078', 'i-01a40789dc41d54f6', 'i-0847560df7b0684a8', 'i-0a267e64beae9e534', 'i-0fdf3f7fdf5bc448e', 'i-070ec68a64e342b70']
2025-05-07 11:01:50 - INFO - 10 instâncias no total. Iniciando benchmark em paralelo...
2025-05-07 11:01:51 - INFO - Found credentials in shared credentials file: ~/.aws/credentials
2025-05-07 11:01:51 - INFO - Found credentials in shared credentials file: ~/.aws/credentials
2025-05-07 11:01:51 - INFO - Found credentials in shared credentials file: ~/.aws/credentials
2025-05-07 11:01:51 - INFO - Found credentials in shared credentials file: ~/.aws/credentials
2025-05-07 11:01:51 - INFO - Found credentials in shared credentials file: ~/.aws/credentials
2025-05-07 11:01:51 - INFO - Found credentials in shared credentials file: ~/.aws/credentials
2025-05-07 11:01:51 - INFO - Found credentials in shared credentials file: ~/.aws/credentials
2025-05-07 11:01:51 - INFO - Found credentials in shared credentials file: ~/.aws/credentials
2025-05-07 11:01:51 - INFO - Found credentials in shared credentials file: ~/.aws/credentials
2025-05-07 11:01:51 - INFO - Found credentials in shared credentials file: ~/.aws/credentials
2025-05-07 11:01:58 - INFO - Connected (version 2.0, client OpenSSH_7.4)
2025-05-07 11:02:08 - INFO - Authentication (publickey) failed.
2025-05-07 11:02:08 - WARNING - Attempt 1/5 failed for i-04ef907ad846a6cf5: Authentication failed.
2025-05-07 11:02:08 - INFO - Connected (version 2.0, client OpenSSH_7.4)
2025-05-07 11:02:18 - INFO - Found credentials in shared credentials file: ~/.aws/credentials
2025-05-07 11:02:34 - INFO - Authentication (publickey) failed.
2025-05-07 11:02:34 - WARNING - Attempt 1/5 failed for i-0cc19ab52652913d9: Authentication failed.
2025-05-07 11:02:34 - INFO - Connected (version 2.0, client OpenSSH_7.4)
2025-05-07 11:02:44 - INFO - Found credentials in shared credentials file: ~/.aws/credentials
2025-05-07 11:02:53 - INFO - Authentication (publickey) failed.
2025-05-07 11:02:53 - WARNING - Attempt 1/5 failed for i-01b985b4fcc955078: Authentication failed.
2025-05-07 11:02:53 - INFO - Connected (version 2.0, client OpenSSH_7.4)
2025-05-07 11:03:03 - INFO - Found credentials in shared credentials file: ~/.aws/credentials
2025-05-07 11:03:19 - INFO - Authentication (publickey) failed.
2025-05-07 11:03:19 - WARNING - Attempt 1/5 failed for i-01a40789dc41d54f6: Authentication failed.
2025-05-07 11:03:19 - INFO - Connected (version 2.0, client OpenSSH_7.4)
2025-05-07 11:03:29 - INFO - Found credentials in shared credentials file: ~/.aws/credentials
2025-05-07 11:03:35 - INFO - Authentication (publickey) failed.
2025-05-07 11:03:35 - WARNING - Attempt 1/5 failed for i-0a267e64beae9e534: Authentication failed.
2025-05-07 11:03:35 - INFO - Connected (version 2.0, client OpenSSH_7.4)
2025-05-07 11:03:45 - INFO - Found credentials in shared credentials file: ~/.aws/credentials
2025-05-07 11:03:51 - INFO - Authentication (publickey) failed.
2025-05-07 11:03:51 - WARNING - Attempt 1/5 failed for i-0847560df7b0684a8: Authentication failed.
2025-05-07 11:03:51 - INFO - Connected (version 2.0, client OpenSSH_7.4)
2025-05-07 11:04:01 - INFO - Found credentials in shared credentials file: ~/.aws/credentials
2025-05-07 11:04:11 - INFO - Authentication (publickey) failed.
2025-05-07 11:04:11 - WARNING - Attempt 1/5 failed for i-0fdf3f7fdf5bc448e: Authentication failed.
2025-05-07 11:04:11 - INFO - Connected (version 2.0, client OpenSSH_7.4)
2025-05-07 11:04:21 - INFO - Found credentials in shared credentials file: ~/.aws/credentials
2025-05-07 11:04:28 - INFO - Authentication (publickey) failed.
2025-05-07 11:04:28 - WARNING - Attempt 1/5 failed for i-0c72ebe969a83988a: Authentication failed.
2025-05-07 11:04:28 - INFO - Connected (version 2.0, client OpenSSH_7.4)
2025-05-07 11:04:38 - INFO - Found credentials in shared credentials file: ~/.aws/credentials
2025-05-07 11:04:49 - INFO - Authentication (publickey) failed.
2025-05-07 11:04:49 - WARNING - Attempt 1/5 failed for i-07c4986158c36d0c0: Authentication failed.
2025-05-07 11:04:49 - INFO - Connected (version 2.0, client OpenSSH_7.4)
2025-05-07 11:04:49 - INFO - Authentication (publickey) failed.
2025-05-07 11:04:49 - WARNING - Attempt 1/5 failed for i-070ec68a64e342b70: Authentication failed.
2025-05-07 11:04:49 - INFO - Connected (version 2.0, client OpenSSH_7.4)
2025-05-07 11:04:59 - INFO - Found credentials in shared credentials file: ~/.aws/credentials
2025-05-07 11:04:59 - INFO - Found credentials in shared credentials file: ~/.aws/credentials
2025-05-07 11:05:00 - INFO - Authentication (publickey) failed.
2025-05-07 11:05:00 - WARNING - Attempt 2/5 failed for i-04ef907ad846a6cf5: Authentication failed.
2025-05-07 11:05:00 - INFO - Connected (version 2.0, client OpenSSH_7.4)
2025-05-07 11:05:00 - INFO - Authentication (publickey) failed.
2025-05-07 11:05:00 - WARNING - Attempt 2/5 failed for i-0cc19ab52652913d9: Authentication failed.
2025-05-07 11:05:00 - INFO - Connected (version 2.0, client OpenSSH_7.4)
2025-05-07 11:05:00 - INFO - Authentication (publickey) failed.
2025-05-07 11:05:00 - WARNING - Attempt 2/5 failed for i-01b985b4fcc955078: Authentication failed.
2025-05-07 11:05:00 - INFO - Connected (version 2.0, client OpenSSH_7.4)
2025-05-07 11:05:20 - INFO - Found credentials in shared credentials file: ~/.aws/credentials
2025-05-07 11:05:20 - INFO - Found credentials in shared credentials file: ~/.aws/credentials
2025-05-07 11:05:20 - INFO - Found credentials in shared credentials file: ~/.aws/credentials
2025-05-07 11:05:22 - INFO - Authentication (publickey) failed.
2025-05-07 11:05:22 - WARNING - Attempt 2/5 failed for i-01a40789dc41d54f6: Authentication failed.
2025-05-07 11:05:22 - INFO - Connected (version 2.0, client OpenSSH_7.4)
2025-05-07 11:05:22 - INFO - Authentication (publickey) failed.
2025-05-07 11:05:22 - WARNING - Attempt 2/5 failed for i-0a267e64beae9e534: Authentication failed.
2025-05-07 11:05:22 - INFO - Connected (version 2.0, client OpenSSH_7.4)
2025-05-07 11:05:22 - INFO - Authentication (publickey) failed.
2025-05-07 11:05:22 - WARNING - Attempt 2/5 failed for i-0847560df7b0684a8: Authentication failed.
2025-05-07 11:05:22 - INFO - Connected (version 2.0, client OpenSSH_7.4)
2025-05-07 11:05:22 - INFO - Authentication (publickey) failed.
2025-05-07 11:05:22 - WARNING - Attempt 2/5 failed for i-0fdf3f7fdf5bc448e: Authentication failed.
2025-05-07 11:05:22 - INFO - Connected (version 2.0, client OpenSSH_7.4)
2025-05-07 11:05:23 - INFO - Authentication (publickey) failed.
2025-05-07 11:05:23 - WARNING - Attempt 2/5 failed for i-0c72ebe969a83988a: Authentication failed.
2025-05-07 11:05:23 - INFO - Connected (version 2.0, client OpenSSH_7.4)
2025-05-07 11:05:23 - INFO - Authentication (publickey) failed.
2025-05-07 11:05:23 - WARNING - Attempt 2/5 failed for i-070ec68a64e342b70: Authentication failed.
2025-05-07 11:05:23 - INFO - Connected (version 2.0, client OpenSSH_7.4)
2025-05-07 11:05:33 - INFO - Authentication (publickey) failed.
2025-05-07 11:05:33 - WARNING - Attempt 2/5 failed for i-07c4986158c36d0c0: Authentication failed.
2025-05-07 11:05:33 - INFO - Connected (version 2.0, client OpenSSH_7.4)
2025-05-07 11:05:33 - INFO - Authentication (publickey) failed.
2025-05-07 11:05:33 - WARNING - Attempt 3/5 failed for i-04ef907ad846a6cf5: Authentication failed.
2025-05-07 11:05:33 - INFO - Connected (version 2.0, client OpenSSH_7.4)
2025-05-07 11:05:34 - INFO - Authentication (publickey) failed.
2025-05-07 11:05:34 - WARNING - Attempt 3/5 failed for i-0cc19ab52652913d9: Authentication failed.
2025-05-07 11:05:34 - INFO - Connected (version 2.0, client OpenSSH_7.4)
2025-05-07 11:05:34 - INFO - Authentication (publickey) failed.
2025-05-07 11:05:34 - WARNING - Attempt 3/5 failed for i-01b985b4fcc955078: Authentication failed.
2025-05-07 11:05:42 - INFO - Found credentials in shared credentials file: ~/.aws/credentials
2025-05-07 11:05:42 - INFO - Found credentials in shared credentials file: ~/.aws/credentials
2025-05-07 11:05:42 - INFO - Found credentials in shared credentials file: ~/.aws/credentials
2025-05-07 11:05:42 - INFO - Found credentials in shared credentials file: ~/.aws/credentials
2025-05-07 11:05:42 - INFO - Connected (version 2.0, client OpenSSH_7.4)
2025-05-07 11:05:43 - INFO - Found credentials in shared credentials file: ~/.aws/credentials
2025-05-07 11:05:43 - INFO - Found credentials in shared credentials file: ~/.aws/credentials
2025-05-07 11:05:43 - INFO - Authentication (publickey) failed.
2025-05-07 11:05:43 - WARNING - Attempt 3/5 failed for i-01a40789dc41d54f6: Authentication failed.
2025-05-07 11:05:43 - INFO - Connected (version 2.0, client OpenSSH_7.4)
2025-05-07 11:05:43 - INFO - Authentication (publickey) failed.
2025-05-07 11:05:43 - WARNING - Attempt 3/5 failed for i-0a267e64beae9e534: Authentication failed.
2025-05-07 11:05:45 - INFO - Connected (version 2.0, client OpenSSH_7.4)
2025-05-07 11:05:45 - INFO - Authentication (publickey) failed.
2025-05-07 11:05:45 - WARNING - Attempt 3/5 failed for i-0847560df7b0684a8: Authentication failed.
2025-05-07 11:05:45 - INFO - Connected (version 2.0, client OpenSSH_7.4)
2025-05-07 11:05:45 - INFO - Authentication (publickey) failed.
2025-05-07 11:05:45 - WARNING - Attempt 3/5 failed for i-0fdf3f7fdf5bc448e: Authentication failed.
2025-05-07 11:05:45 - INFO - Connected (version 2.0, client OpenSSH_7.4)
2025-05-07 11:05:45 - INFO - Authentication (publickey) failed.
2025-05-07 11:05:45 - WARNING - Attempt 3/5 failed for i-070ec68a64e342b70: Authentication failed.
2025-05-07 11:05:45 - INFO - Connected (version 2.0, client OpenSSH_7.4)
2025-05-07 11:05:46 - INFO - Authentication (publickey) failed.
2025-05-07 11:05:46 - WARNING - Attempt 3/5 failed for i-0c72ebe969a83988a: Authentication failed.
2025-05-07 11:05:53 - INFO - Found credentials in shared credentials file: ~/.aws/credentials
2025-05-07 11:05:54 - INFO - Connected (version 2.0, client OpenSSH_7.4)
2025-05-07 11:05:54 - INFO - Authentication (publickey) failed.
2025-05-07 11:05:54 - WARNING - Attempt 3/5 failed for i-07c4986158c36d0c0: Authentication failed.
2025-05-07 11:06:03 - INFO - Found credentials in shared credentials file: ~/.aws/credentials
2025-05-07 11:06:04 - INFO - Found credentials in shared credentials file: ~/.aws/credentials
2025-05-07 11:06:04 - INFO - Found credentials in shared credentials file: ~/.aws/credentials
2025-05-07 11:06:05 - INFO - Connected (version 2.0, client OpenSSH_7.4)
2025-05-07 11:06:05 - INFO - Authentication (publickey) failed.
2025-05-07 11:06:05 - WARNING - Attempt 4/5 failed for i-04ef907ad846a6cf5: Authentication failed.
2025-05-07 11:06:05 - INFO - Connected (version 2.0, client OpenSSH_7.4)
2025-05-07 11:06:05 - INFO - Authentication (publickey) failed.
2025-05-07 11:06:05 - WARNING - Attempt 4/5 failed for i-0cc19ab52652913d9: Authentication failed.
2025-05-07 11:06:05 - INFO - Connected (version 2.0, client OpenSSH_7.4)
2025-05-07 11:06:05 - INFO - Authentication (publickey) failed.
2025-05-07 11:06:05 - WARNING - Attempt 4/5 failed for i-01b985b4fcc955078: Authentication failed.
2025-05-07 11:06:13 - INFO - Found credentials in shared credentials file: ~/.aws/credentials
2025-05-07 11:06:13 - INFO - Found credentials in shared credentials file: ~/.aws/credentials
2025-05-07 11:06:14 - INFO - Connected (version 2.0, client OpenSSH_7.4)
2025-05-07 11:06:14 - INFO - Authentication (publickey) failed.
2025-05-07 11:06:14 - WARNING - Attempt 4/5 failed for i-01a40789dc41d54f6: Authentication failed.
2025-05-07 11:06:14 - INFO - Connected (version 2.0, client OpenSSH_7.4)
2025-05-07 11:06:15 - INFO - Found credentials in shared credentials file: ~/.aws/credentials
2025-05-07 11:06:15 - INFO - Found credentials in shared credentials file: ~/.aws/credentials
2025-05-07 11:06:16 - INFO - Found credentials in shared credentials file: ~/.aws/credentials
2025-05-07 11:06:16 - INFO - Found credentials in shared credentials file: ~/.aws/credentials
2025-05-07 11:06:24 - INFO - Found credentials in shared credentials file: ~/.aws/credentials
2025-05-07 11:06:41 - INFO - Authentication (publickey) successful!
2025-05-07 11:06:41 - INFO - Running command in i-0a267e64beae9e534 (sa-east-1, spot): /u/fvbr/bt.A.x
2025-05-07 11:06:41 - INFO - Connected (version 2.0, client OpenSSH_7.4)
2025-05-07 11:06:44 - INFO - Found credentials in shared credentials file: ~/.aws/credentials
2025-05-07 11:06:45 - INFO - m5a.24xlarge - 1.257700 - sa-east-1a
2025-05-07 11:06:45 - INFO - Updating file: results/results_lucas_sa-east-1.csv
2025-05-07 11:06:45 - INFO - Found credentials in shared credentials file: ~/.aws/credentials
2025-05-07 11:06:45 - INFO - Found credentials in shared credentials file: ~/.aws/credentials
2025-05-07 11:06:46 - INFO - Found credentials in shared credentials file: ~/.aws/credentials
2025-05-07 11:06:54 - INFO - Found credentials in shared credentials file: ~/.aws/credentials
2025-05-07 11:07:10 - INFO - Authentication (publickey) failed.
2025-05-07 11:07:10 - WARNING - Attempt 4/5 failed for i-0847560df7b0684a8: Authentication failed.
2025-05-07 11:07:10 - INFO - Connected (version 2.0, client OpenSSH_7.4)
2025-05-07 11:07:26 - INFO - Authentication (publickey) failed.
2025-05-07 11:07:26 - WARNING - Attempt 4/5 failed for i-0fdf3f7fdf5bc448e: Authentication failed.
2025-05-07 11:07:26 - INFO - Connected (version 2.0, client OpenSSH_7.4)
2025-05-07 11:07:26 - INFO - Authentication (publickey) failed.
2025-05-07 11:07:26 - WARNING - Attempt 4/5 failed for i-070ec68a64e342b70: Authentication failed.
2025-05-07 11:07:26 - INFO - Connected (version 2.0, client OpenSSH_7.4)
2025-05-07 11:07:43 - INFO - Authentication (publickey) failed.
2025-05-07 11:07:43 - WARNING - Attempt 4/5 failed for i-0c72ebe969a83988a: Authentication failed.
2025-05-07 11:07:43 - INFO - Connected (version 2.0, client OpenSSH_7.4)
2025-05-07 11:07:43 - INFO - Authentication (publickey) failed.
2025-05-07 11:07:43 - WARNING - Attempt 4/5 failed for i-07c4986158c36d0c0: Authentication failed.
2025-05-07 11:07:43 - INFO - Connected (version 2.0, client OpenSSH_7.4)
2025-05-07 11:07:43 - INFO - Authentication (publickey) failed.
2025-05-07 11:07:43 - WARNING - Attempt 5/5 failed for i-04ef907ad846a6cf5: Authentication failed.
2025-05-07 11:07:43 - ERROR - All attempts failed for i-04ef907ad846a6cf5. Last error: Authentication failed.
2025-05-07 11:07:43 - INFO - Found credentials in shared credentials file: ~/.aws/credentials
2025-05-07 11:07:43 - INFO - Connected (version 2.0, client OpenSSH_7.4)
2025-05-07 11:07:43 - INFO - Authentication (publickey) failed.
2025-05-07 11:07:43 - WARNING - Attempt 5/5 failed for i-0cc19ab52652913d9: Authentication failed.
2025-05-07 11:07:43 - ERROR - All attempts failed for i-0cc19ab52652913d9. Last error: Authentication failed.
2025-05-07 11:07:43 - INFO - Found credentials in shared credentials file: ~/.aws/credentials
2025-05-07 11:07:43 - INFO - Connected (version 2.0, client OpenSSH_7.4)
2025-05-07 11:07:44 - INFO - Authentication (publickey) failed.
2025-05-07 11:07:44 - WARNING - Attempt 5/5 failed for i-01b985b4fcc955078: Authentication failed.
2025-05-07 11:07:44 - ERROR - All attempts failed for i-01b985b4fcc955078. Last error: Authentication failed.
2025-05-07 11:07:44 - INFO - Found credentials in shared credentials file: ~/.aws/credentials
2025-05-07 11:07:44 - INFO - Connected (version 2.0, client OpenSSH_7.4)
2025-05-07 11:07:45 - INFO - m6a.24xlarge - 0.957200 - sa-east-1b
2025-05-07 11:07:45 - INFO - m5a.24xlarge - 1.257700 - sa-east-1a
2025-05-07 11:07:45 - INFO - Updating file: results/results_lucas_sa-east-1.csv
2025-05-07 11:07:45 - INFO - Updating file: results/results_lucas_sa-east-1.csv
2025-05-07 11:07:45 - INFO - m6a.24xlarge - 0.957200 - sa-east-1b
2025-05-07 11:07:45 - INFO - Updating file: results/results_lucas_sa-east-1.csv
2025-05-07 11:07:50 - INFO - Found credentials in shared credentials file: ~/.aws/credentials
2025-05-07 11:08:06 - INFO - Found credentials in shared credentials file: ~/.aws/credentials
2025-05-07 11:08:06 - INFO - Found credentials in shared credentials file: ~/.aws/credentials
2025-05-07 11:08:12 - INFO - Authentication (publickey) successful!
2025-05-07 11:08:12 - INFO - Running command in i-01a40789dc41d54f6 (sa-east-1, spot): /u/fvbr/bt.A.x
2025-05-07 11:08:12 - INFO - Connected (version 2.0, client OpenSSH_7.4)
2025-05-07 11:08:12 - INFO - Authentication (publickey) failed.
2025-05-07 11:08:12 - WARNING - Attempt 5/5 failed for i-0847560df7b0684a8: Authentication failed.
2025-05-07 11:08:12 - ERROR - All attempts failed for i-0847560df7b0684a8. Last error: Authentication failed.
2025-05-07 11:08:12 - INFO - Found credentials in shared credentials file: ~/.aws/credentials
2025-05-07 11:08:12 - INFO - Connected (version 2.0, client OpenSSH_7.4)
2025-05-07 11:08:13 - INFO - Authentication (publickey) failed.
2025-05-07 11:08:13 - WARNING - Attempt 5/5 failed for i-0fdf3f7fdf5bc448e: Authentication failed.
2025-05-07 11:08:13 - ERROR - All attempts failed for i-0fdf3f7fdf5bc448e. Last error: Authentication failed.
2025-05-07 11:08:13 - INFO - Found credentials in shared credentials file: ~/.aws/credentials
2025-05-07 11:08:13 - INFO - Connected (version 2.0, client OpenSSH_7.4)
2025-05-07 11:08:13 - INFO - Authentication (publickey) failed.
2025-05-07 11:08:13 - WARNING - Attempt 5/5 failed for i-070ec68a64e342b70: Authentication failed.
2025-05-07 11:08:13 - ERROR - All attempts failed for i-070ec68a64e342b70. Last error: Authentication failed.
2025-05-07 11:08:13 - INFO - Found credentials in shared credentials file: ~/.aws/credentials
2025-05-07 11:08:14 - INFO - m5a.24xlarge - 1.257700 - sa-east-1a
2025-05-07 11:08:14 - INFO - Updating file: results/results_lucas_sa-east-1.csv
2025-05-07 11:08:14 - INFO - m5a.24xlarge - 1.257700 - sa-east-1a
2025-05-07 11:08:14 - INFO - Updating file: results/results_lucas_sa-east-1.csv
2025-05-07 11:08:14 - INFO - m5a.24xlarge - 1.257700 - sa-east-1a
2025-05-07 11:08:14 - INFO - Updating file: results/results_lucas_sa-east-1.csv
2025-05-07 11:08:16 - INFO - Found credentials in shared credentials file: ~/.aws/credentials
2025-05-07 11:08:16 - INFO - m5a.24xlarge - 1.257700 - sa-east-1a
2025-05-07 11:08:16 - INFO - Updating file: results/results_lucas_sa-east-1.csv
2025-05-07 11:08:23 - INFO - Found credentials in shared credentials file: ~/.aws/credentials
2025-05-07 11:08:23 - INFO - Found credentials in shared credentials file: ~/.aws/credentials
2025-05-07 11:08:24 - INFO - Connected (version 2.0, client OpenSSH_7.4)
2025-05-07 11:08:24 - INFO - Authentication (publickey) failed.
2025-05-07 11:08:24 - WARNING - Attempt 5/5 failed for i-07c4986158c36d0c0: Authentication failed.
2025-05-07 11:08:24 - ERROR - All attempts failed for i-07c4986158c36d0c0. Last error: Authentication failed.
2025-05-07 11:08:24 - INFO - Found credentials in shared credentials file: ~/.aws/credentials
2025-05-07 11:08:24 - INFO - Connected (version 2.0, client OpenSSH_7.4)
2025-05-07 11:08:24 - INFO - Authentication (publickey) failed.
2025-05-07 11:08:24 - WARNING - Attempt 5/5 failed for i-0c72ebe969a83988a: Authentication failed.
2025-05-07 11:08:24 - ERROR - All attempts failed for i-0c72ebe969a83988a. Last error: Authentication failed.
2025-05-07 11:08:24 - INFO - Found credentials in shared credentials file: ~/.aws/credentials
2025-05-07 11:08:25 - INFO - m5a.24xlarge - 1.257700 - sa-east-1a
2025-05-07 11:08:25 - INFO - Updating file: results/results_lucas_sa-east-1.csv
2025-05-07 11:08:25 - INFO - m5a.24xlarge - 1.257700 - sa-east-1a
2025-05-07 11:08:25 - INFO - Updating file: results/results_lucas_sa-east-1.csv
2025-05-07 11:08:25 - INFO - Found credentials in shared credentials file: ~/.aws/credentials
2025-05-07 11:08:25 - INFO - Spot price data saved to ./results/spot_prices_sa-east-1a.csv
2025-05-07 11:08:25 - INFO - Found credentials in shared credentials file: ~/.aws/credentials
2025-05-07 11:08:26 - INFO - Spot price data saved to ./results/spot_prices_sa-east-1b.csv
2025-05-07 11:08:26 - INFO - Found credentials in shared credentials file: ~/.aws/credentials
2025-05-07 11:08:27 - INFO - Spot price data saved to ./results/spot_prices_sa-east-1c.csv
2025-05-07 11:08:36 - INFO - All instances have been terminated.
2025-05-07 14:55:57 - INFO - Start execution in sa-east-1 Nodes=10 Benchmark=bt.A.x Allocation Strategy=lowest-price
2025-05-07 14:55:57 - INFO - Found credentials in shared credentials file: ~/.aws/credentials
2025-05-07 14:56:02 - INFO - Fleet created with instances: ['i-0776d2f60cdedf29d', 'i-04b6b2b59898b951d', 'i-02ef420e54472e555', 'i-0eae6f2402a793167', 'i-000c31f55b32d06ee', 'i-0fdf767f43785e8f2', 'i-0e3b05be0e6041929', 'i-0cf556a354b8d4498', 'i-0f798b47042489739', 'i-08ebb96e9e1cea9c8']
2025-05-07 14:56:20 - INFO - Tempo que levou para criar o Fleet com 10 instâncias: 23.731441 segundos
2025-05-07 14:56:20 - INFO - 10 instâncias no total. Iniciando benchmark em paralelo...
2025-05-07 14:56:20 - INFO - Found credentials in shared credentials file: ~/.aws/credentials
2025-05-07 14:56:20 - INFO - Found credentials in shared credentials file: ~/.aws/credentials
2025-05-07 14:56:20 - INFO - Found credentials in shared credentials file: ~/.aws/credentials
2025-05-07 14:56:20 - INFO - Found credentials in shared credentials file: ~/.aws/credentials
2025-05-07 14:56:20 - INFO - Found credentials in shared credentials file: ~/.aws/credentials
2025-05-07 14:56:21 - INFO - Found credentials in shared credentials file: ~/.aws/credentials
2025-05-07 14:56:21 - INFO - Found credentials in shared credentials file: ~/.aws/credentials
2025-05-07 14:56:21 - INFO - Found credentials in shared credentials file: ~/.aws/credentials
2025-05-07 14:56:21 - INFO - Found credentials in shared credentials file: ~/.aws/credentials
2025-05-07 14:56:21 - INFO - Found credentials in shared credentials file: ~/.aws/credentials
2025-05-07 14:56:38 - INFO - Connected (version 2.0, client OpenSSH_7.4)
2025-05-07 14:56:42 - INFO - Authentication (publickey) failed.
2025-05-07 14:56:42 - WARNING - Attempt 1/5 failed for i-04b6b2b59898b951d: Authentication failed.
2025-05-07 14:56:42 - INFO - Connected (version 2.0, client OpenSSH_7.4)
2025-05-07 14:56:52 - INFO - Found credentials in shared credentials file: ~/.aws/credentials
2025-05-07 14:56:52 - INFO - Authentication (publickey) failed.
2025-05-07 14:56:52 - WARNING - Attempt 1/5 failed for i-0cf556a354b8d4498: Authentication failed.
2025-05-07 14:56:52 - INFO - Connected (version 2.0, client OpenSSH_7.4)
2025-05-07 14:57:02 - INFO - Found credentials in shared credentials file: ~/.aws/credentials
2025-05-07 14:57:10 - INFO - Authentication (publickey) successful!
2025-05-07 14:57:10 - INFO - Running command in i-02ef420e54472e555 (sa-east-1, spot): /u/fvbr/bt.A.x
2025-05-07 14:57:10 - INFO - Connected (version 2.0, client OpenSSH_7.4)
2025-05-07 14:57:13 - INFO - Found credentials in shared credentials file: ~/.aws/credentials
2025-05-07 14:57:14 - INFO - m5a.24xlarge - 1.257700 - sa-east-1a
2025-05-07 14:57:14 - INFO - Updating file: results/results_lucas_sa-east-1.csv
2025-05-07 14:57:27 - INFO - Authentication (publickey) successful!
2025-05-07 14:57:27 - INFO - Running command in i-08ebb96e9e1cea9c8 (sa-east-1, spot): /u/fvbr/bt.A.x
2025-05-07 14:57:27 - INFO - Connected (version 2.0, client OpenSSH_7.4)
2025-05-07 14:57:30 - INFO - Found credentials in shared credentials file: ~/.aws/credentials
2025-05-07 14:57:30 - INFO - m5a.24xlarge - 1.257700 - sa-east-1a
2025-05-07 14:57:30 - INFO - Updating file: results/results_lucas_sa-east-1.csv
2025-05-07 14:57:46 - INFO - Authentication (publickey) successful!
2025-05-07 14:57:46 - INFO - Running command in i-000c31f55b32d06ee (sa-east-1, spot): /u/fvbr/bt.A.x
2025-05-07 14:57:46 - INFO - Connected (version 2.0, client OpenSSH_7.4)
2025-05-07 14:57:49 - INFO - Found credentials in shared credentials file: ~/.aws/credentials
2025-05-07 14:57:50 - INFO - m5a.24xlarge - 1.257700 - sa-east-1a
2025-05-07 14:57:50 - INFO - Updating file: results/results_lucas_sa-east-1.csv
2025-05-07 14:58:02 - INFO - Authentication (publickey) successful!
2025-05-07 14:58:02 - INFO - Running command in i-0eae6f2402a793167 (sa-east-1, spot): /u/fvbr/bt.A.x
2025-05-07 14:58:02 - INFO - Connected (version 2.0, client OpenSSH_7.4)
2025-05-07 14:58:06 - INFO - Found credentials in shared credentials file: ~/.aws/credentials
2025-05-07 14:58:07 - INFO - m5a.24xlarge - 1.257700 - sa-east-1a
2025-05-07 14:58:07 - INFO - Updating file: results/results_lucas_sa-east-1.csv
2025-05-07 14:58:16 - INFO - Authentication (publickey) successful!
2025-05-07 14:58:16 - INFO - Running command in i-0776d2f60cdedf29d (sa-east-1, spot): /u/fvbr/bt.A.x
2025-05-07 14:58:16 - INFO - Connected (version 2.0, client OpenSSH_7.4)
2025-05-07 14:58:19 - INFO - Found credentials in shared credentials file: ~/.aws/credentials
2025-05-07 14:58:19 - INFO - m5a.24xlarge - 1.257700 - sa-east-1a
2025-05-07 14:58:19 - INFO - Updating file: results/results_lucas_sa-east-1.csv
2025-05-07 14:58:30 - INFO - Authentication (publickey) successful!
2025-05-07 14:58:30 - INFO - Running command in i-0fdf767f43785e8f2 (sa-east-1, spot): /u/fvbr/bt.A.x
2025-05-07 14:58:30 - INFO - Connected (version 2.0, client OpenSSH_7.4)
2025-05-07 14:58:33 - INFO - Found credentials in shared credentials file: ~/.aws/credentials
2025-05-07 14:58:33 - INFO - m5a.24xlarge - 1.257700 - sa-east-1a
2025-05-07 14:58:33 - INFO - Updating file: results/results_lucas_sa-east-1.csv
2025-05-07 14:58:47 - INFO - Authentication (publickey) successful!
2025-05-07 14:58:47 - INFO - Running command in i-0f798b47042489739 (sa-east-1, spot): /u/fvbr/bt.A.x
2025-05-07 14:58:47 - INFO - Connected (version 2.0, client OpenSSH_7.4)
2025-05-07 14:58:50 - INFO - Found credentials in shared credentials file: ~/.aws/credentials
2025-05-07 14:58:50 - INFO - m5a.24xlarge - 1.257700 - sa-east-1a
2025-05-07 14:58:50 - INFO - Updating file: results/results_lucas_sa-east-1.csv
2025-05-07 14:59:00 - INFO - Authentication (publickey) successful!
2025-05-07 14:59:00 - INFO - Running command in i-0e3b05be0e6041929 (sa-east-1, spot): /u/fvbr/bt.A.x
2025-05-07 14:59:00 - INFO - Connected (version 2.0, client OpenSSH_7.4)
2025-05-07 14:59:03 - INFO - Found credentials in shared credentials file: ~/.aws/credentials
2025-05-07 14:59:04 - INFO - m5a.24xlarge - 1.257700 - sa-east-1a
2025-05-07 14:59:04 - INFO - Updating file: results/results_lucas_sa-east-1.csv
2025-05-07 14:59:13 - INFO - Authentication (publickey) successful!
2025-05-07 14:59:13 - INFO - Running command in i-04b6b2b59898b951d (sa-east-1, spot): /u/fvbr/bt.A.x
2025-05-07 14:59:13 - INFO - Connected (version 2.0, client OpenSSH_7.4)
2025-05-07 14:59:16 - INFO - Found credentials in shared credentials file: ~/.aws/credentials
2025-05-07 14:59:16 - INFO - m5a.24xlarge - 1.257700 - sa-east-1a
2025-05-07 14:59:16 - INFO - Updating file: results/results_lucas_sa-east-1.csv
2025-05-07 14:59:18 - INFO - Authentication (publickey) successful!
2025-05-07 14:59:18 - INFO - Running command in i-0cf556a354b8d4498 (sa-east-1, spot): /u/fvbr/bt.A.x
2025-05-07 14:59:22 - INFO - Found credentials in shared credentials file: ~/.aws/credentials
2025-05-07 14:59:22 - INFO - m5a.24xlarge - 1.257700 - sa-east-1a
2025-05-07 14:59:22 - INFO - Updating file: results/results_lucas_sa-east-1.csv
2025-05-07 14:59:22 - INFO - Found credentials in shared credentials file: ~/.aws/credentials
2025-05-07 14:59:23 - INFO - Spot price data saved to ./results/spot_prices_sa-east-1a.csv
2025-05-07 14:59:23 - INFO - Found credentials in shared credentials file: ~/.aws/credentials
2025-05-07 14:59:23 - INFO - Spot price data saved to ./results/spot_prices_sa-east-1b.csv
2025-05-07 14:59:23 - INFO - Found credentials in shared credentials file: ~/.aws/credentials
2025-05-07 14:59:24 - INFO - Spot price data saved to ./results/spot_prices_sa-east-1c.csv
2025-05-07 14:59:32 - INFO - All instances have been terminated.
2025-05-07 15:45:52 - INFO - Start execution in sa-east-1 Nodes=1 Benchmark=bt.A.x Allocation Strategy=lowest-price
2025-05-07 15:45:52 - INFO - Found credentials in shared credentials file: ~/.aws/credentials
2025-05-07 15:45:57 - INFO - Found credentials in shared credentials file: ~/.aws/credentials
2025-05-07 15:45:57 - ERROR - Error getting spot price: Parameter validation failed:
Invalid type for parameter InstanceTypes[0], value: ('c6a.24xlarge',), type: <class 'tuple'>, valid types: <class 'str'>
2025-05-07 15:50:04 - INFO - Start execution in sa-east-1 Nodes=1 Benchmark=bt.A.x Allocation Strategy=lowest-price
2025-05-07 15:50:04 - INFO - Found credentials in shared credentials file: ~/.aws/credentials
2025-05-07 15:50:10 - INFO - Fleet created with instances: ['i-04b885887e0724d15']
2025-05-07 15:52:11 - INFO - Start execution in sa-east-1 Nodes=1 Benchmark=bt.A.x Allocation Strategy=lowest-price
2025-05-07 15:52:11 - INFO - Found credentials in shared credentials file: ~/.aws/credentials
2025-05-07 15:52:16 - INFO - Fleet created with instances: ['i-093ad3f1832e1570c']
2025-05-07 15:53:34 - INFO - Start execution in sa-east-1 Nodes=1 Benchmark=bt.A.x Allocation Strategy=lowest-price
2025-05-07 15:53:34 - INFO - Found credentials in shared credentials file: ~/.aws/credentials
2025-05-07 15:53:39 - INFO - Fleet created with instances: ['i-0b2ea3ced4aaa5c6c']
2025-05-07 15:54:05 - INFO - Start execution in sa-east-1 Nodes=1 Benchmark=bt.A.x Allocation Strategy=lowest-price
2025-05-07 15:54:05 - INFO - Found credentials in shared credentials file: ~/.aws/credentials
2025-05-07 15:54:10 - INFO - Fleet created with instances: ['i-0f08af223b971d5ee']
2025-05-07 15:57:20 - INFO - Start execution in sa-east-1 Nodes=1 Benchmark=bt.A.x Allocation Strategy=lowest-price
2025-05-07 15:57:20 - INFO - Found credentials in shared credentials file: ~/.aws/credentials
2025-05-07 15:57:25 - INFO - Fleet created with instances: ['i-0ad7cf32ec08ed475']
2025-05-07 15:59:40 - INFO - Start execution in sa-east-1 Nodes=1 Benchmark=bt.A.x Allocation Strategy=lowest-price
2025-05-07 15:59:40 - INFO - Found credentials in shared credentials file: ~/.aws/credentials
2025-05-07 15:59:45 - INFO - Found credentials in shared credentials file: ~/.aws/credentials
2025-05-07 15:59:46 - INFO - c5ad.24xlarge - 0.762600 - sa-east-1b
2025-05-07 15:59:46 - INFO - Updating file: results/results_lucas_sa-east-1.csv
2025-05-07 15:59:46 - INFO - Found credentials in shared credentials file: ~/.aws/credentials
2025-05-07 15:59:46 - INFO - m6a.24xlarge - 0.957200 - sa-east-1b
2025-05-07 15:59:46 - INFO - Updating file: results/results_lucas_sa-east-1.csv
2025-05-07 15:59:46 - INFO - Found credentials in shared credentials file: ~/.aws/credentials
2025-05-07 15:59:47 - INFO - r5n.24xlarge - 1.132800 - sa-east-1b
2025-05-07 15:59:47 - INFO - Updating file: results/results_lucas_sa-east-1.csv
2025-05-07 15:59:47 - INFO - Found credentials in shared credentials file: ~/.aws/credentials
2025-05-07 15:59:47 - INFO - c6a.24xlarge - 1.224700 - sa-east-1a
2025-05-07 15:59:47 - INFO - Updating file: results/results_lucas_sa-east-1.csv
2025-05-07 15:59:47 - INFO - Fleet created with instances: ['i-06d3e9420bb5c2e79']
2025-05-07 16:00:03 - INFO - Tempo que levou para criar o Fleet com 1 instâncias: 23.185703 segundos
2025-05-07 16:00:03 - INFO - 1 instâncias no total. Iniciando benchmark em paralelo...
2025-05-07 16:00:03 - INFO - Found credentials in shared credentials file: ~/.aws/credentials
2025-05-07 16:00:20 - INFO - Connected (version 2.0, client OpenSSH_7.4)
2025-05-07 16:00:22 - INFO - Authentication (publickey) failed.
2025-05-07 16:00:22 - WARNING - Attempt 1/5 failed for i-06d3e9420bb5c2e79: Authentication failed.
2025-05-07 16:00:32 - INFO - Found credentials in shared credentials file: ~/.aws/credentials
2025-05-07 16:00:32 - INFO - Connected (version 2.0, client OpenSSH_7.4)
2025-05-07 16:00:47 - INFO - Authentication (publickey) successful!
2025-05-07 16:00:47 - INFO - Running command in i-06d3e9420bb5c2e79 (sa-east-1, spot): /u/fvbr/bt.A.x
2025-05-07 16:00:51 - INFO - Found credentials in shared credentials file: ~/.aws/credentials
2025-05-07 16:00:52 - INFO - m5a.24xlarge - 1.257700 - sa-east-1a
2025-05-07 16:00:52 - INFO - Updating file: results/results_lucas_sa-east-1.csv
2025-05-07 16:00:52 - INFO - Found credentials in shared credentials file: ~/.aws/credentials
2025-05-07 16:00:52 - INFO - Spot price data saved to ./results/spot_prices_sa-east-1a.csv
2025-05-07 16:00:52 - INFO - Found credentials in shared credentials file: ~/.aws/credentials
2025-05-07 16:00:53 - INFO - Spot price data saved to ./results/spot_prices_sa-east-1b.csv
2025-05-07 16:00:53 - INFO - Found credentials in shared credentials file: ~/.aws/credentials
2025-05-07 16:00:53 - INFO - Spot price data saved to ./results/spot_prices_sa-east-1c.csv
2025-05-07 16:00:58 - INFO - All instances have been terminated.
2025-05-07 16:02:37 - INFO - Start execution in sa-east-1 Nodes=1 Benchmark=bt.A.x Allocation Strategy=lowest-price
2025-05-07 16:02:37 - INFO - Found credentials in shared credentials file: ~/.aws/credentials
2025-05-07 16:02:42 - INFO - Found credentials in shared credentials file: ~/.aws/credentials
2025-05-07 16:02:43 - INFO - c5ad.24xlarge - 0.762600 - sa-east-1b
2025-05-07 16:02:43 - INFO - Updating file: results/results_lucas_sa-east-1.csv
2025-05-07 16:02:43 - INFO - Found credentials in shared credentials file: ~/.aws/credentials
2025-05-07 16:02:43 - INFO - m6a.24xlarge - 0.957200 - sa-east-1b
2025-05-07 16:02:43 - INFO - Updating file: results/results_lucas_sa-east-1.csv
2025-05-07 16:02:43 - INFO - Found credentials in shared credentials file: ~/.aws/credentials
2025-05-07 16:02:44 - INFO - r5n.24xlarge - 1.132800 - sa-east-1b
2025-05-07 16:02:44 - INFO - Updating file: results/results_lucas_sa-east-1.csv
2025-05-07 16:02:44 - INFO - Found credentials in shared credentials file: ~/.aws/credentials
2025-05-07 16:02:45 - INFO - c6a.24xlarge - 1.224700 - sa-east-1a
2025-05-07 16:02:45 - INFO - Updating file: results/results_lucas_sa-east-1.csv
2025-05-07 16:02:45 - INFO - Fleet created with instances: ['i-0c1f46dd0f7b4848b']
2025-05-07 16:03:01 - INFO - Tempo que levou para criar o Fleet com 1 instâncias: 23.128538 segundos
2025-05-07 16:03:01 - INFO - 1 instâncias no total. Iniciando benchmark em paralelo...
2025-05-07 16:03:01 - INFO - Found credentials in shared credentials file: ~/.aws/credentials
2025-05-07 16:03:14 - INFO - Connected (version 2.0, client OpenSSH_7.4)
2025-05-07 16:03:19 - INFO - Authentication (publickey) failed.
2025-05-07 16:03:19 - WARNING - Attempt 1/5 failed for i-0c1f46dd0f7b4848b: Authentication failed.
2025-05-07 16:03:29 - INFO - Found credentials in shared credentials file: ~/.aws/credentials
2025-05-07 16:03:30 - INFO - Connected (version 2.0, client OpenSSH_7.4)
2025-05-07 16:03:43 - INFO - Authentication (publickey) successful!
2025-05-07 16:03:43 - INFO - Running command in i-0c1f46dd0f7b4848b (sa-east-1, spot): /u/fvbr/bt.A.x
2025-05-07 16:03:47 - INFO - Found credentials in shared credentials file: ~/.aws/credentials
2025-05-07 16:03:48 - INFO - m5a.24xlarge - 1.257700 - sa-east-1a
2025-05-07 16:03:48 - INFO - Updating file: results/results_lucas_sa-east-1.csv
2025-05-07 16:03:48 - INFO - Found credentials in shared credentials file: ~/.aws/credentials
2025-05-07 16:03:49 - INFO - Spot price data saved to ./results/spot_prices_sa-east-1a.csv
2025-05-07 16:03:49 - INFO - Found credentials in shared credentials file: ~/.aws/credentials
2025-05-07 16:03:49 - INFO - Spot price data saved to ./results/spot_prices_sa-east-1b.csv
2025-05-07 16:03:49 - INFO - Found credentials in shared credentials file: ~/.aws/credentials
2025-05-07 16:03:50 - INFO - Spot price data saved to ./results/spot_prices_sa-east-1c.csv
2025-05-07 16:03:54 - INFO - All instances have been terminated.
2025-05-07 16:07:31 - INFO - Start execution in sa-east-1 Nodes=5 Benchmark=bt.A.x Allocation Strategy=lowest-price
2025-05-07 16:07:31 - INFO - Found credentials in shared credentials file: ~/.aws/credentials
2025-05-07 16:07:36 - INFO - Found credentials in shared credentials file: ~/.aws/credentials
2025-05-07 16:07:37 - INFO - c5ad.24xlarge - 0.762600 - sa-east-1b
2025-05-07 16:07:37 - INFO - Updating file: results/results_lucas_sa-east-1.csv
2025-05-07 16:07:37 - INFO - Found credentials in shared credentials file: ~/.aws/credentials
2025-05-07 16:07:37 - INFO - m6a.24xlarge - 0.957200 - sa-east-1b
2025-05-07 16:07:37 - INFO - Updating file: results/results_lucas_sa-east-1.csv
2025-05-07 16:07:37 - INFO - Found credentials in shared credentials file: ~/.aws/credentials
2025-05-07 16:07:38 - INFO - r5n.24xlarge - 1.132800 - sa-east-1b
2025-05-07 16:07:38 - INFO - Updating file: results/results_lucas_sa-east-1.csv
2025-05-07 16:07:38 - INFO - Found credentials in shared credentials file: ~/.aws/credentials
2025-05-07 16:07:38 - INFO - c6a.24xlarge - 1.224700 - sa-east-1a
2025-05-07 16:07:38 - INFO - Updating file: results/results_lucas_sa-east-1.csv
2025-05-07 16:07:38 - INFO - Fleet created with instances: ['i-0b1f414a66c64db16', 'i-08400f1eaf4e5303f', 'i-0b96828f43e8e98b2', 'i-0d1aaec0b4c274a05', 'i-0fdc21c5d1b3f481d']
2025-05-07 16:07:55 - INFO - Tempo que levou para criar o Fleet com 5 instâncias: 24.534193 segundos
2025-05-07 16:07:55 - INFO - 5 instâncias no total. Iniciando benchmark em paralelo...
2025-05-07 16:07:55 - INFO - Found credentials in shared credentials file: ~/.aws/credentials
2025-05-07 16:07:55 - INFO - Found credentials in shared credentials file: ~/.aws/credentials
2025-05-07 16:07:55 - INFO - Found credentials in shared credentials file: ~/.aws/credentials
2025-05-07 16:07:55 - INFO - Found credentials in shared credentials file: ~/.aws/credentials
2025-05-07 16:07:55 - INFO - Found credentials in shared credentials file: ~/.aws/credentials
2025-05-07 16:08:12 - INFO - Connected (version 2.0, client OpenSSH_7.4)
2025-05-07 16:08:15 - INFO - Authentication (publickey) failed.
2025-05-07 16:08:15 - WARNING - Attempt 1/5 failed for i-0fdc21c5d1b3f481d: Authentication failed.
2025-05-07 16:08:16 - INFO - Connected (version 2.0, client OpenSSH_7.4)
2025-05-07 16:08:25 - INFO - Found credentials in shared credentials file: ~/.aws/credentials
2025-05-07 16:08:26 - INFO - Authentication (publickey) failed.
2025-05-07 16:08:26 - WARNING - Attempt 1/5 failed for i-0b1f414a66c64db16: Authentication failed.
2025-05-07 16:08:26 - INFO - Connected (version 2.0, client OpenSSH_7.4)
2025-05-07 16:08:36 - INFO - Found credentials in shared credentials file: ~/.aws/credentials
2025-05-07 16:08:42 - INFO - Authentication (publickey) successful!
2025-05-07 16:08:42 - INFO - Running command in i-0b96828f43e8e98b2 (sa-east-1, spot): /u/fvbr/bt.A.x
2025-05-07 16:08:42 - INFO - Connected (version 2.0, client OpenSSH_7.4)
2025-05-07 16:08:45 - INFO - Found credentials in shared credentials file: ~/.aws/credentials
2025-05-07 16:08:46 - INFO - m5a.24xlarge - 1.257700 - sa-east-1a
2025-05-07 16:08:46 - INFO - Updating file: results/results_lucas_sa-east-1.csv
2025-05-07 16:08:59 - INFO - Authentication (publickey) successful!
2025-05-07 16:08:59 - INFO - Running command in i-08400f1eaf4e5303f (sa-east-1, spot): /u/fvbr/bt.A.x
2025-05-07 16:08:59 - INFO - Connected (version 2.0, client OpenSSH_7.4)
2025-05-07 16:09:02 - INFO - Found credentials in shared credentials file: ~/.aws/credentials
2025-05-07 16:09:03 - INFO - m5a.24xlarge - 1.257700 - sa-east-1a
2025-05-07 16:09:03 - INFO - Updating file: results/results_lucas_sa-east-1.csv
2025-05-07 16:09:16 - INFO - Authentication (publickey) successful!
2025-05-07 16:09:16 - INFO - Running command in i-0d1aaec0b4c274a05 (sa-east-1, spot): /u/fvbr/bt.A.x
2025-05-07 16:09:16 - INFO - Connected (version 2.0, client OpenSSH_7.4)
2025-05-07 16:09:19 - INFO - Found credentials in shared credentials file: ~/.aws/credentials
2025-05-07 16:09:19 - INFO - m5a.24xlarge - 1.257700 - sa-east-1a
2025-05-07 16:09:19 - INFO - Updating file: results/results_lucas_sa-east-1.csv
2025-05-07 16:09:32 - INFO - Authentication (publickey) successful!
2025-05-07 16:09:32 - INFO - Running command in i-0fdc21c5d1b3f481d (sa-east-1, spot): /u/fvbr/bt.A.x
2025-05-07 16:09:32 - INFO - Connected (version 2.0, client OpenSSH_7.4)
2025-05-07 16:09:36 - INFO - Found credentials in shared credentials file: ~/.aws/credentials
2025-05-07 16:09:36 - INFO - m5a.24xlarge - 1.257700 - sa-east-1a
2025-05-07 16:09:36 - INFO - Updating file: results/results_lucas_sa-east-1.csv
2025-05-07 16:09:39 - INFO - Authentication (publickey) successful!
2025-05-07 16:09:39 - INFO - Running command in i-0b1f414a66c64db16 (sa-east-1, spot): /u/fvbr/bt.A.x
2025-05-07 16:09:42 - INFO - Found credentials in shared credentials file: ~/.aws/credentials
2025-05-07 16:09:42 - INFO - m5a.24xlarge - 1.257700 - sa-east-1a
2025-05-07 16:09:42 - INFO - Updating file: results/results_lucas_sa-east-1.csv
2025-05-07 16:09:42 - INFO - Found credentials in shared credentials file: ~/.aws/credentials
2025-05-07 16:09:43 - INFO - Spot price data saved to ./results/spot_prices_sa-east-1a.csv
2025-05-07 16:09:43 - INFO - Found credentials in shared credentials file: ~/.aws/credentials
2025-05-07 16:09:43 - INFO - Spot price data saved to ./results/spot_prices_sa-east-1b.csv
2025-05-07 16:09:43 - INFO - Found credentials in shared credentials file: ~/.aws/credentials
2025-05-07 16:09:44 - INFO - Spot price data saved to ./results/spot_prices_sa-east-1c.csv
2025-05-07 16:09:48 - INFO - All instances have been terminated.
2025-05-12 10:15:08 - INFO - Start execution in sa-east-1 Nodes=2 Benchmark=bt.A.x Allocation Strategy=lowest-price
2025-05-12 10:15:08 - INFO - Found credentials in shared credentials file: ~/.aws/credentials
2025-05-12 10:15:11 - INFO - Fleet created with instances: ['i-09e7f06d0e32c4a67', 'i-0526f209f631ffd90']
2025-05-12 10:16:50 - INFO - Start execution in sa-east-1 Nodes=2 Benchmark=bt.A.x Allocation Strategy=lowest-price
2025-05-12 10:16:50 - INFO - Found credentials in shared credentials file: ~/.aws/credentials
2025-05-12 10:16:52 - INFO - Fleet created with instances: ['i-0bbe7e497e0b6d5ee']
2025-05-12 10:17:08 - INFO - Found credentials in shared credentials file: ~/.aws/credentials
2025-05-12 10:17:10 - INFO - Fleet created with instances: ['i-09a0fb29d7a2c6b08']
2025-05-12 10:17:26 - INFO - Tempo que levou para criar o Fleet com 2 instâncias: 36.381675 segundos
2025-05-12 10:17:26 - INFO - 2 instâncias no total. Iniciando benchmark em paralelo...
2025-05-12 10:17:26 - INFO - Found credentials in shared credentials file: ~/.aws/credentials
2025-05-12 10:17:26 - INFO - Found credentials in shared credentials file: ~/.aws/credentials
2025-05-12 10:17:27 - INFO - Connected (version 2.0, client OpenSSH_7.4)
2025-05-12 10:17:40 - INFO - Authentication (publickey) successful!
2025-05-12 10:17:40 - INFO - Running command in i-0bbe7e497e0b6d5ee (sa-east-1, spot): /u/fvbr/bt.A.x
2025-05-12 10:17:40 - INFO - Connected (version 2.0, client OpenSSH_7.4)
2025-05-12 10:17:42 - INFO - Found credentials in shared credentials file: ~/.aws/credentials
2025-05-12 10:17:43 - INFO - m6a.24xlarge - 0.823300 - sa-east-1b
2025-05-12 10:17:43 - INFO - Updating file: results/results_lucas_sa-east-1.csv
2025-05-12 10:17:52 - INFO - Authentication (publickey) failed.
2025-05-12 10:17:52 - WARNING - Attempt 1/5 failed for i-09a0fb29d7a2c6b08: Authentication failed.
2025-05-12 10:18:02 - INFO - Found credentials in shared credentials file: ~/.aws/credentials
2025-05-12 10:18:03 - INFO - Connected (version 2.0, client OpenSSH_7.4)
2025-05-12 10:18:08 - INFO - Authentication (publickey) successful!
2025-05-12 10:18:08 - INFO - Running command in i-09a0fb29d7a2c6b08 (sa-east-1, spot): /u/fvbr/bt.A.x
2025-05-12 10:18:10 - INFO - Found credentials in shared credentials file: ~/.aws/credentials
2025-05-12 10:18:10 - INFO - m6a.24xlarge - 0.823300 - sa-east-1b
2025-05-12 10:18:10 - INFO - Updating file: results/results_lucas_sa-east-1.csv
2025-05-12 10:18:15 - INFO - All instances have been terminated.
2025-05-12 10:22:24 - INFO - Start execution in sa-east-1 Nodes=10 Benchmark=bt.A.x Allocation Strategy=lowest-price
2025-05-12 10:22:24 - INFO - Found credentials in shared credentials file: ~/.aws/credentials
2025-05-12 10:22:26 - INFO - Fleet created with instances: ['i-00e48e5a4f60a4a32']
2025-05-12 10:22:42 - INFO - Found credentials in shared credentials file: ~/.aws/credentials
2025-05-12 10:22:45 - INFO - Fleet created with instances: ['i-0bc989d952bb58cb4']
2025-05-12 10:23:00 - INFO - Found credentials in shared credentials file: ~/.aws/credentials
2025-05-12 10:23:03 - INFO - Fleet created with instances: ['i-0e96799a01598e894']
2025-05-12 10:23:19 - INFO - Found credentials in shared credentials file: ~/.aws/credentials
2025-05-12 10:23:21 - INFO - Fleet created with instances: ['i-031cf2c7ff7e0fbf1']
2025-05-12 10:23:37 - INFO - Found credentials in shared credentials file: ~/.aws/credentials
2025-05-12 10:23:40 - INFO - Fleet created with instances: ['i-021ceb7615a18e90c']
2025-05-12 10:23:56 - INFO - Found credentials in shared credentials file: ~/.aws/credentials
2025-05-12 10:23:58 - INFO - Fleet created with instances: ['i-0a272be5c06da3bd2']
2025-05-12 10:24:14 - INFO - Found credentials in shared credentials file: ~/.aws/credentials
2025-05-12 10:24:22 - INFO - Found credentials in shared credentials file: ~/.aws/credentials
2025-05-12 10:24:27 - INFO - m6a.24xlarge - 0.823300 - sa-east-1b
2025-05-12 10:24:27 - INFO - Updating file: results/results_lucas_sa-east-1.csv
2025-05-12 10:24:28 - INFO - Found credentials in shared credentials file: ~/.aws/credentials
2025-05-12 10:24:31 - INFO - c5ad.24xlarge - 0.897400 - sa-east-1b
2025-05-12 10:24:31 - INFO - Updating file: results/results_lucas_sa-east-1.csv
2025-05-12 10:24:34 - INFO - Fleet created with instances: ['i-021c13c838a3abb90']
2025-05-12 10:24:34 - INFO - Found credentials in shared credentials file: ~/.aws/credentials
2025-05-12 10:24:39 - INFO - Found credentials in shared credentials file: ~/.aws/credentials
2025-05-12 10:24:39 - INFO - m6a.24xlarge - 0.823300 - sa-east-1b
2025-05-12 10:24:39 - INFO - Updating file: results/results_lucas_sa-east-1.csv
2025-05-12 10:24:39 - INFO - Found credentials in shared credentials file: ~/.aws/credentials
2025-05-12 10:24:39 - INFO - c5ad.24xlarge - 0.897400 - sa-east-1b
2025-05-12 10:24:39 - INFO - Updating file: results/results_lucas_sa-east-1.csv
2025-05-12 10:24:39 - INFO - Fleet created with instances: ['i-0b78e67ea81c91873']
2025-05-12 10:24:55 - INFO - Found credentials in shared credentials file: ~/.aws/credentials
2025-05-12 10:24:59 - INFO - Found credentials in shared credentials file: ~/.aws/credentials
2025-05-12 10:25:00 - INFO - m6a.24xlarge - 0.823300 - sa-east-1b
2025-05-12 10:25:00 - INFO - Updating file: results/results_lucas_sa-east-1.csv
2025-05-12 10:25:00 - INFO - Found credentials in shared credentials file: ~/.aws/credentials
2025-05-12 10:25:00 - INFO - c5ad.24xlarge - 0.897400 - sa-east-1b
2025-05-12 10:25:00 - INFO - Updating file: results/results_lucas_sa-east-1.csv
2025-05-12 10:25:00 - INFO - Fleet created with instances: ['i-0486f7baa8b1e6ca4']
2025-05-12 10:25:16 - INFO - Found credentials in shared credentials file: ~/.aws/credentials
2025-05-12 10:25:20 - INFO - Found credentials in shared credentials file: ~/.aws/credentials
2025-05-12 10:25:20 - INFO - m6a.24xlarge - 0.823300 - sa-east-1b
2025-05-12 10:25:20 - INFO - Updating file: results/results_lucas_sa-east-1.csv
2025-05-12 10:25:20 - INFO - Found credentials in shared credentials file: ~/.aws/credentials
2025-05-12 10:25:21 - INFO - c5ad.24xlarge - 0.897400 - sa-east-1b
2025-05-12 10:25:21 - INFO - Updating file: results/results_lucas_sa-east-1.csv
2025-05-12 10:25:21 - INFO - Fleet created with instances: ['i-0f8d25f197fbab15a']
2025-05-12 10:25:37 - INFO - Tempo que levou para criar o Fleet com 10 instâncias: 193.403426 segundos
2025-05-12 10:25:37 - INFO - 10 instâncias no total. Iniciando benchmark em paralelo...
2025-05-12 10:25:37 - INFO - Found credentials in shared credentials file: ~/.aws/credentials
2025-05-12 10:25:37 - INFO - Found credentials in shared credentials file: ~/.aws/credentials
2025-05-12 10:25:37 - INFO - Found credentials in shared credentials file: ~/.aws/credentials
2025-05-12 10:25:37 - INFO - Found credentials in shared credentials file: ~/.aws/credentials
2025-05-12 10:25:37 - INFO - Found credentials in shared credentials file: ~/.aws/credentials
2025-05-12 10:25:37 - INFO - Found credentials in shared credentials file: ~/.aws/credentials
2025-05-12 10:25:37 - INFO - Found credentials in shared credentials file: ~/.aws/credentials
2025-05-12 10:25:37 - INFO - Found credentials in shared credentials file: ~/.aws/credentials
2025-05-12 10:25:37 - INFO - Found credentials in shared credentials file: ~/.aws/credentials
2025-05-12 10:25:38 - INFO - Found credentials in shared credentials file: ~/.aws/credentials
2025-05-12 10:25:40 - INFO - Connected (version 2.0, client OpenSSH_7.4)
2025-05-12 10:25:57 - INFO - Authentication (publickey) successful!
2025-05-12 10:25:57 - INFO - Running command in i-031cf2c7ff7e0fbf1 (sa-east-1, spot): /u/fvbr/bt.A.x
2025-05-12 10:25:57 - INFO - Connected (version 2.0, client OpenSSH_7.4)
2025-05-12 10:25:59 - INFO - Found credentials in shared credentials file: ~/.aws/credentials
2025-05-12 10:25:59 - INFO - m6a.24xlarge - 0.823300 - sa-east-1b
2025-05-12 10:25:59 - INFO - Updating file: results/results_lucas_sa-east-1.csv
2025-05-12 10:26:14 - INFO - Authentication (publickey) successful!
2025-05-12 10:26:14 - INFO - Running command in i-00e48e5a4f60a4a32 (sa-east-1, spot): /u/fvbr/bt.A.x
2025-05-12 10:26:14 - INFO - Connected (version 2.0, client OpenSSH_7.4)
2025-05-12 10:26:16 - INFO - Found credentials in shared credentials file: ~/.aws/credentials
2025-05-12 10:26:16 - INFO - m6a.24xlarge - 0.823300 - sa-east-1b
2025-05-12 10:26:16 - INFO - Updating file: results/results_lucas_sa-east-1.csv
2025-05-12 10:26:31 - INFO - Authentication (publickey) successful!
2025-05-12 10:26:31 - INFO - Running command in i-0bc989d952bb58cb4 (sa-east-1, spot): /u/fvbr/bt.A.x
2025-05-12 10:26:31 - INFO - Connected (version 2.0, client OpenSSH_7.4)
2025-05-12 10:26:33 - INFO - Found credentials in shared credentials file: ~/.aws/credentials
2025-05-12 10:26:34 - INFO - m6a.24xlarge - 0.823300 - sa-east-1b
2025-05-12 10:26:34 - INFO - Updating file: results/results_lucas_sa-east-1.csv
2025-05-12 10:26:48 - INFO - Authentication (publickey) successful!
2025-05-12 10:26:48 - INFO - Running command in i-0486f7baa8b1e6ca4 (sa-east-1, spot): /u/fvbr/bt.A.x
2025-05-12 10:26:48 - INFO - Connected (version 2.0, client OpenSSH_7.4)
2025-05-12 10:26:52 - INFO - Found credentials in shared credentials file: ~/.aws/credentials
2025-05-12 10:26:52 - INFO - r5ad.24xlarge - 1.104900 - sa-east-1c
2025-05-12 10:26:52 - INFO - Updating file: results/results_lucas_sa-east-1.csv
2025-05-12 10:27:06 - INFO - Authentication (publickey) successful!
2025-05-12 10:27:06 - INFO - Running command in i-0e96799a01598e894 (sa-east-1, spot): /u/fvbr/bt.A.x
2025-05-12 10:27:06 - INFO - Connected (version 2.0, client OpenSSH_7.4)
2025-05-12 10:27:08 - INFO - Found credentials in shared credentials file: ~/.aws/credentials
2025-05-12 10:27:08 - INFO - m6a.24xlarge - 0.823300 - sa-east-1b
2025-05-12 10:27:08 - INFO - Updating file: results/results_lucas_sa-east-1.csv
2025-05-12 10:27:23 - INFO - Authentication (publickey) successful!
2025-05-12 10:27:23 - INFO - Running command in i-021c13c838a3abb90 (sa-east-1, spot): /u/fvbr/bt.A.x
2025-05-12 10:27:23 - INFO - Connected (version 2.0, client OpenSSH_7.4)
2025-05-12 10:27:26 - INFO - Found credentials in shared credentials file: ~/.aws/credentials
2025-05-12 10:27:27 - INFO - r5ad.24xlarge - 1.104900 - sa-east-1c
2025-05-12 10:27:27 - INFO - Updating file: results/results_lucas_sa-east-1.csv
2025-05-12 10:27:39 - INFO - Authentication (publickey) successful!
2025-05-12 10:27:39 - INFO - Running command in i-0b78e67ea81c91873 (sa-east-1, spot): /u/fvbr/bt.A.x
2025-05-12 10:27:39 - INFO - Connected (version 2.0, client OpenSSH_7.4)
2025-05-12 10:27:43 - INFO - Found credentials in shared credentials file: ~/.aws/credentials
2025-05-12 10:27:44 - INFO - r5ad.24xlarge - 1.104900 - sa-east-1c
2025-05-12 10:27:44 - INFO - Updating file: results/results_lucas_sa-east-1.csv
2025-05-12 10:27:55 - INFO - Authentication (publickey) successful!
2025-05-12 10:27:55 - INFO - Running command in i-0a272be5c06da3bd2 (sa-east-1, spot): /u/fvbr/bt.A.x
2025-05-12 10:27:55 - INFO - Connected (version 2.0, client OpenSSH_7.4)
2025-05-12 10:27:56 - INFO - Found credentials in shared credentials file: ~/.aws/credentials
2025-05-12 10:27:57 - INFO - m6a.24xlarge - 0.823300 - sa-east-1b
2025-05-12 10:27:57 - INFO - Updating file: results/results_lucas_sa-east-1.csv
2025-05-12 10:28:12 - INFO - Authentication (publickey) successful!
2025-05-12 10:28:12 - INFO - Running command in i-021ceb7615a18e90c (sa-east-1, spot): /u/fvbr/bt.A.x
2025-05-12 10:28:13 - INFO - Connected (version 2.0, client OpenSSH_7.4)
2025-05-12 10:28:14 - INFO - Found credentials in shared credentials file: ~/.aws/credentials
2025-05-12 10:28:15 - INFO - m6a.24xlarge - 0.823300 - sa-east-1b
2025-05-12 10:28:15 - INFO - Updating file: results/results_lucas_sa-east-1.csv
2025-05-12 10:28:29 - INFO - Authentication (publickey) successful!
2025-05-12 10:28:29 - INFO - Running command in i-0f8d25f197fbab15a (sa-east-1, spot): /u/fvbr/bt.A.x
2025-05-12 10:28:33 - INFO - Found credentials in shared credentials file: ~/.aws/credentials
2025-05-12 10:28:34 - INFO - r5ad.24xlarge - 1.104900 - sa-east-1c
2025-05-12 10:28:34 - INFO - Updating file: results/results_lucas_sa-east-1.csv
2025-05-12 10:28:39 - INFO - All instances have been terminated.
2025-05-12 18:22:44 - INFO - Start execution in sa-east-1 Nodes=10 Benchmark=bt.A.x Allocation Strategy=lowest-price
2025-05-12 18:22:44 - INFO - Found credentials in shared credentials file: ~/.aws/credentials
2025-05-12 18:22:46 - INFO - Fleet created with instances: ['i-05deddacab30666d0']
2025-05-12 18:23:02 - INFO - Found credentials in shared credentials file: ~/.aws/credentials
2025-05-12 18:23:04 - INFO - Fleet created with instances: ['i-044ff85d11f26dbe8']
2025-05-12 18:23:20 - INFO - Found credentials in shared credentials file: ~/.aws/credentials
2025-05-12 18:23:23 - INFO - Fleet created with instances: ['i-0fb797d8202eb9265']
2025-05-12 18:23:39 - INFO - Found credentials in shared credentials file: ~/.aws/credentials
2025-05-12 18:23:41 - INFO - Fleet created with instances: ['i-083656af2f44bfb19']
2025-05-12 18:23:57 - INFO - Found credentials in shared credentials file: ~/.aws/credentials
2025-05-12 18:23:59 - INFO - Fleet created with instances: ['i-0f7852feca10eb41b']
2025-05-12 18:24:15 - INFO - Found credentials in shared credentials file: ~/.aws/credentials
2025-05-12 18:24:18 - INFO - Fleet created with instances: ['i-06a196899bf18bf2e']
2025-05-12 18:24:34 - INFO - Found credentials in shared credentials file: ~/.aws/credentials
2025-05-12 18:24:38 - INFO - Found credentials in shared credentials file: ~/.aws/credentials
2025-05-12 18:24:38 - INFO - m6a.24xlarge - 0.819500 - sa-east-1b
2025-05-12 18:24:38 - INFO - Updating file: results/results_lucas_sa-east-1.csv
2025-05-12 18:24:38 - INFO - Found credentials in shared credentials file: ~/.aws/credentials
2025-05-12 18:24:39 - INFO - c5ad.24xlarge - 0.894300 - sa-east-1b
2025-05-12 18:24:39 - INFO - Updating file: results/results_lucas_sa-east-1.csv
2025-05-12 18:24:39 - INFO - Fleet created with instances: ['i-0d65d66a07706ba7b']
2025-05-12 18:24:55 - INFO - Found credentials in shared credentials file: ~/.aws/credentials
2025-05-12 18:24:59 - INFO - Found credentials in shared credentials file: ~/.aws/credentials
2025-05-12 18:24:59 - INFO - m6a.24xlarge - 0.819500 - sa-east-1b
2025-05-12 18:24:59 - INFO - Updating file: results/results_lucas_sa-east-1.csv
2025-05-12 18:24:59 - INFO - Found credentials in shared credentials file: ~/.aws/credentials
2025-05-12 18:25:00 - INFO - c5ad.24xlarge - 0.894300 - sa-east-1b
2025-05-12 18:25:00 - INFO - Updating file: results/results_lucas_sa-east-1.csv
2025-05-12 18:25:00 - INFO - Fleet created with instances: ['i-0220f60582854b81e']
2025-05-12 18:25:16 - INFO - Found credentials in shared credentials file: ~/.aws/credentials
2025-05-12 18:25:20 - INFO - Found credentials in shared credentials file: ~/.aws/credentials
2025-05-12 18:25:21 - INFO - m6a.24xlarge - 0.819500 - sa-east-1b
2025-05-12 18:25:21 - INFO - Updating file: results/results_lucas_sa-east-1.csv
2025-05-12 18:25:21 - INFO - Found credentials in shared credentials file: ~/.aws/credentials
2025-05-12 18:25:21 - INFO - c5ad.24xlarge - 0.894300 - sa-east-1b
2025-05-12 18:25:21 - INFO - Updating file: results/results_lucas_sa-east-1.csv
2025-05-12 18:25:21 - INFO - Fleet created with instances: ['i-03e2a805bc05bea3b']
2025-05-12 18:25:37 - INFO - Found credentials in shared credentials file: ~/.aws/credentials
2025-05-12 18:25:41 - INFO - Found credentials in shared credentials file: ~/.aws/credentials
2025-05-12 18:25:42 - INFO - m6a.24xlarge - 0.819500 - sa-east-1b
2025-05-12 18:25:42 - INFO - Updating file: results/results_lucas_sa-east-1.csv
2025-05-12 18:25:42 - INFO - Found credentials in shared credentials file: ~/.aws/credentials
2025-05-12 18:25:43 - INFO - c5ad.24xlarge - 0.894300 - sa-east-1b
2025-05-12 18:25:43 - INFO - Updating file: results/results_lucas_sa-east-1.csv
2025-05-12 18:25:43 - INFO - Fleet created with instances: ['i-024c6833ead3fa716']
2025-05-12 18:25:59 - INFO - Tempo que levou para criar o Fleet com 10 instâncias: 194.964331 segundos
2025-05-12 18:25:59 - INFO - 10 instâncias no total. Iniciando benchmark em paralelo...
2025-05-12 18:25:59 - INFO - Found credentials in shared credentials file: ~/.aws/credentials
2025-05-12 18:25:59 - INFO - Found credentials in shared credentials file: ~/.aws/credentials
2025-05-12 18:25:59 - INFO - Found credentials in shared credentials file: ~/.aws/credentials
2025-05-12 18:25:59 - INFO - Found credentials in shared credentials file: ~/.aws/credentials
2025-05-12 18:25:59 - INFO - Found credentials in shared credentials file: ~/.aws/credentials
2025-05-12 18:25:59 - INFO - Found credentials in shared credentials file: ~/.aws/credentials
2025-05-12 18:25:59 - INFO - Found credentials in shared credentials file: ~/.aws/credentials
2025-05-12 18:25:59 - INFO - Found credentials in shared credentials file: ~/.aws/credentials
2025-05-12 18:25:59 - INFO - Found credentials in shared credentials file: ~/.aws/credentials
2025-05-12 18:25:59 - INFO - Found credentials in shared credentials file: ~/.aws/credentials
2025-05-12 18:26:01 - INFO - Connected (version 2.0, client OpenSSH_7.4)
2025-05-12 18:26:18 - INFO - Authentication (publickey) successful!
2025-05-12 18:26:18 - INFO - Running command in i-083656af2f44bfb19 (sa-east-1, spot): /u/fvbr/bt.A.x
2025-05-12 18:26:18 - INFO - Connected (version 2.0, client OpenSSH_7.4)
2025-05-12 18:26:20 - INFO - Found credentials in shared credentials file: ~/.aws/credentials
2025-05-12 18:26:20 - INFO - m6a.24xlarge - 0.819500 - sa-east-1b
2025-05-12 18:26:20 - INFO - Updating file: results/results_lucas_sa-east-1.csv
2025-05-12 18:26:34 - INFO - Authentication (publickey) successful!
2025-05-12 18:26:34 - INFO - Running command in i-0fb797d8202eb9265 (sa-east-1, spot): /u/fvbr/bt.A.x
2025-05-12 18:26:34 - INFO - Connected (version 2.0, client OpenSSH_7.4)
2025-05-12 18:26:35 - INFO - Found credentials in shared credentials file: ~/.aws/credentials
2025-05-12 18:26:36 - INFO - m6a.24xlarge - 0.819500 - sa-east-1b
2025-05-12 18:26:36 - INFO - Updating file: results/results_lucas_sa-east-1.csv
2025-05-12 18:26:50 - INFO - Authentication (publickey) successful!
2025-05-12 18:26:50 - INFO - Running command in i-044ff85d11f26dbe8 (sa-east-1, spot): /u/fvbr/bt.A.x
2025-05-12 18:26:50 - INFO - Connected (version 2.0, client OpenSSH_7.4)
2025-05-12 18:26:51 - INFO - Found credentials in shared credentials file: ~/.aws/credentials
2025-05-12 18:26:53 - INFO - m6a.24xlarge - 0.819500 - sa-east-1b
2025-05-12 18:26:53 - INFO - Updating file: results/results_lucas_sa-east-1.csv
2025-05-12 18:27:06 - INFO - Authentication (publickey) successful!
2025-05-12 18:27:06 - INFO - Running command in i-0f7852feca10eb41b (sa-east-1, spot): /u/fvbr/bt.A.x
2025-05-12 18:27:06 - INFO - Connected (version 2.0, client OpenSSH_7.4)
2025-05-12 18:27:07 - INFO - Found credentials in shared credentials file: ~/.aws/credentials
2025-05-12 18:27:08 - INFO - m6a.24xlarge - 0.819500 - sa-east-1b
2025-05-12 18:27:08 - INFO - Updating file: results/results_lucas_sa-east-1.csv
2025-05-12 18:27:21 - INFO - Authentication (publickey) successful!
2025-05-12 18:27:21 - INFO - Running command in i-0d65d66a07706ba7b (sa-east-1, spot): /u/fvbr/bt.A.x
2025-05-12 18:27:21 - INFO - Connected (version 2.0, client OpenSSH_7.4)
2025-05-12 18:27:25 - INFO - Found credentials in shared credentials file: ~/.aws/credentials
2025-05-12 18:27:25 - INFO - r5ad.24xlarge - 1.083100 - sa-east-1c
2025-05-12 18:27:25 - INFO - Updating file: results/results_lucas_sa-east-1.csv
2025-05-12 18:27:37 - INFO - Authentication (publickey) successful!
2025-05-12 18:27:37 - INFO - Running command in i-0220f60582854b81e (sa-east-1, spot): /u/fvbr/bt.A.x
2025-05-12 18:27:37 - INFO - Connected (version 2.0, client OpenSSH_7.4)
2025-05-12 18:27:40 - INFO - Found credentials in shared credentials file: ~/.aws/credentials
2025-05-12 18:27:41 - INFO - r5ad.24xlarge - 1.083100 - sa-east-1c
2025-05-12 18:27:41 - INFO - Updating file: results/results_lucas_sa-east-1.csv
2025-05-12 18:27:53 - INFO - Authentication (publickey) successful!
2025-05-12 18:27:53 - INFO - Running command in i-06a196899bf18bf2e (sa-east-1, spot): /u/fvbr/bt.A.x
2025-05-12 18:27:53 - INFO - Connected (version 2.0, client OpenSSH_7.4)
2025-05-12 18:27:54 - INFO - Found credentials in shared credentials file: ~/.aws/credentials
2025-05-12 18:27:55 - INFO - m6a.24xlarge - 0.819500 - sa-east-1b
2025-05-12 18:27:55 - INFO - Updating file: results/results_lucas_sa-east-1.csv
2025-05-12 18:28:09 - INFO - Authentication (publickey) successful!
2025-05-12 18:28:09 - INFO - Running command in i-03e2a805bc05bea3b (sa-east-1, spot): /u/fvbr/bt.A.x
2025-05-12 18:28:09 - INFO - Connected (version 2.0, client OpenSSH_7.4)
2025-05-12 18:28:12 - INFO - Found credentials in shared credentials file: ~/.aws/credentials
2025-05-12 18:28:13 - INFO - r5ad.24xlarge - 1.083100 - sa-east-1c
2025-05-12 18:28:13 - INFO - Updating file: results/results_lucas_sa-east-1.csv
2025-05-12 18:28:25 - INFO - Authentication (publickey) successful!
2025-05-12 18:28:25 - INFO - Running command in i-05deddacab30666d0 (sa-east-1, spot): /u/fvbr/bt.A.x
2025-05-12 18:28:25 - INFO - Connected (version 2.0, client OpenSSH_7.4)
2025-05-12 18:28:27 - INFO - Found credentials in shared credentials file: ~/.aws/credentials
2025-05-12 18:28:27 - INFO - m6a.24xlarge - 0.819500 - sa-east-1b
2025-05-12 18:28:27 - INFO - Updating file: results/results_lucas_sa-east-1.csv
2025-05-12 18:28:40 - INFO - Authentication (publickey) successful!
2025-05-12 18:28:40 - INFO - Running command in i-024c6833ead3fa716 (sa-east-1, spot): /u/fvbr/bt.A.x
2025-05-12 18:28:45 - INFO - Found credentials in shared credentials file: ~/.aws/credentials
2025-05-12 18:28:45 - INFO - r5ad.24xlarge - 1.083100 - sa-east-1c
2025-05-12 18:28:45 - INFO - Updating file: results/results_lucas_sa-east-1.csv
2025-05-12 18:28:50 - INFO - All instances have been terminated.
2025-05-13 13:42:13 - INFO - Start execution in sa-east-1 Nodes=10 Benchmark=bt.A.x Allocation Strategy=lowest-price
2025-05-13 13:42:13 - INFO - Found credentials in shared credentials file: ~/.aws/credentials
2025-05-13 13:42:15 - INFO - Fleet created with instances: ['i-0d9fd0980a7ba6aba']
2025-05-13 13:42:31 - INFO - Found credentials in shared credentials file: ~/.aws/credentials
2025-05-13 13:42:34 - INFO - Fleet created with instances: ['i-090f46ba7ddfdbba9']
2025-05-13 13:42:50 - INFO - Found credentials in shared credentials file: ~/.aws/credentials
2025-05-13 13:42:52 - INFO - Fleet created with instances: ['i-02befe51ece713bed']
2025-05-13 13:43:08 - INFO - Found credentials in shared credentials file: ~/.aws/credentials
2025-05-13 13:43:11 - INFO - Fleet created with instances: ['i-05ccafd2cb21bbdd5']
2025-05-13 13:43:27 - INFO - Found credentials in shared credentials file: ~/.aws/credentials
2025-05-13 13:43:29 - INFO - Fleet created with instances: ['i-01cc3ce600ebd2d04']
2025-05-13 13:43:45 - INFO - Found credentials in shared credentials file: ~/.aws/credentials
2025-05-13 13:43:48 - INFO - Fleet created with instances: ['i-0a903c237f0e4c1b0']
2025-05-13 13:44:04 - INFO - Found credentials in shared credentials file: ~/.aws/credentials
2025-05-13 13:44:08 - INFO - Found credentials in shared credentials file: ~/.aws/credentials
2025-05-13 13:44:08 - INFO - m6a.24xlarge - 0.773800 - sa-east-1b
2025-05-13 13:44:08 - INFO - Updating file: results/results_lucas_sa-east-1.csv
2025-05-13 13:44:08 - INFO - Found credentials in shared credentials file: ~/.aws/credentials
2025-05-13 13:44:09 - INFO - c5ad.24xlarge - 0.889000 - sa-east-1b
2025-05-13 13:44:09 - INFO - Updating file: results/results_lucas_sa-east-1.csv
2025-05-13 13:44:09 - INFO - Fleet created with instances: ['i-028a230c608dfcd0b']
2025-05-13 13:44:25 - INFO - Found credentials in shared credentials file: ~/.aws/credentials
2025-05-13 13:44:30 - INFO - Found credentials in shared credentials file: ~/.aws/credentials
2025-05-13 13:44:30 - INFO - m6a.24xlarge - 0.773800 - sa-east-1b
2025-05-13 13:44:30 - INFO - Updating file: results/results_lucas_sa-east-1.csv
2025-05-13 13:44:30 - INFO - Found credentials in shared credentials file: ~/.aws/credentials
2025-05-13 13:44:31 - INFO - c5ad.24xlarge - 0.889000 - sa-east-1b
2025-05-13 13:44:31 - INFO - Updating file: results/results_lucas_sa-east-1.csv
2025-05-13 13:44:31 - INFO - Fleet created with instances: ['i-09948ecaa89a98c1d']
2025-05-13 13:44:47 - INFO - Found credentials in shared credentials file: ~/.aws/credentials
2025-05-13 13:44:51 - INFO - Found credentials in shared credentials file: ~/.aws/credentials
2025-05-13 13:44:51 - INFO - m6a.24xlarge - 0.773800 - sa-east-1b
2025-05-13 13:44:51 - INFO - Updating file: results/results_lucas_sa-east-1.csv
2025-05-13 13:44:51 - INFO - Found credentials in shared credentials file: ~/.aws/credentials
2025-05-13 13:44:52 - INFO - c5ad.24xlarge - 0.889000 - sa-east-1b
2025-05-13 13:44:52 - INFO - Updating file: results/results_lucas_sa-east-1.csv
2025-05-13 13:44:52 - INFO - Fleet created with instances: ['i-05ad0233b48213dc0']
2025-05-13 13:45:08 - INFO - Found credentials in shared credentials file: ~/.aws/credentials
2025-05-13 13:45:12 - INFO - Found credentials in shared credentials file: ~/.aws/credentials
2025-05-13 13:45:12 - INFO - m6a.24xlarge - 0.773800 - sa-east-1b
2025-05-13 13:45:12 - INFO - Updating file: results/results_lucas_sa-east-1.csv
2025-05-13 13:45:12 - INFO - Found credentials in shared credentials file: ~/.aws/credentials
2025-05-13 13:45:13 - INFO - c5ad.24xlarge - 0.889000 - sa-east-1b
2025-05-13 13:45:13 - INFO - Updating file: results/results_lucas_sa-east-1.csv
2025-05-13 13:45:13 - INFO - Fleet created with instances: ['i-0a0c892c02b0422fa']
2025-05-13 13:45:29 - INFO - Tempo que levou para criar o Fleet com 10 instâncias: 196.520489 segundos
2025-05-13 13:45:29 - INFO - 10 instâncias no total. Iniciando benchmark em paralelo...
2025-05-13 13:45:29 - INFO - Found credentials in shared credentials file: ~/.aws/credentials
2025-05-13 13:45:29 - INFO - Found credentials in shared credentials file: ~/.aws/credentials
2025-05-13 13:45:29 - INFO - Found credentials in shared credentials file: ~/.aws/credentials
2025-05-13 13:45:29 - INFO - Found credentials in shared credentials file: ~/.aws/credentials
2025-05-13 13:45:29 - INFO - Found credentials in shared credentials file: ~/.aws/credentials
2025-05-13 13:45:29 - INFO - Found credentials in shared credentials file: ~/.aws/credentials
2025-05-13 13:45:29 - INFO - Found credentials in shared credentials file: ~/.aws/credentials
2025-05-13 13:45:29 - INFO - Found credentials in shared credentials file: ~/.aws/credentials
2025-05-13 13:45:29 - INFO - Found credentials in shared credentials file: ~/.aws/credentials
2025-05-13 13:45:29 - INFO - Found credentials in shared credentials file: ~/.aws/credentials
2025-05-13 13:45:32 - INFO - Connected (version 2.0, client OpenSSH_7.4)
2025-05-13 13:45:36 - INFO - Authentication (publickey) failed.
2025-05-13 13:45:36 - WARNING - Attempt 1/5 failed for i-05ad0233b48213dc0: Authentication failed.
2025-05-13 13:45:36 - INFO - Connected (version 2.0, client OpenSSH_7.4)
2025-05-13 13:45:46 - INFO - Found credentials in shared credentials file: ~/.aws/credentials
2025-05-13 13:45:52 - INFO - Authentication (publickey) successful!
2025-05-13 13:45:52 - INFO - Running command in i-028a230c608dfcd0b (sa-east-1, spot): /u/fvbr/bt.A.x
2025-05-13 13:45:52 - INFO - Connected (version 2.0, client OpenSSH_7.4)
2025-05-13 13:45:55 - INFO - Found credentials in shared credentials file: ~/.aws/credentials
2025-05-13 13:45:55 - INFO - r5ad.24xlarge - 1.049200 - sa-east-1c
2025-05-13 13:45:55 - INFO - Updating file: results/results_lucas_sa-east-1.csv
2025-05-13 13:46:06 - INFO - Authentication (publickey) successful!
2025-05-13 13:46:06 - INFO - Running command in i-0d9fd0980a7ba6aba (sa-east-1, spot): /u/fvbr/bt.A.x
2025-05-13 13:46:06 - INFO - Connected (version 2.0, client OpenSSH_7.4)
2025-05-13 13:46:08 - INFO - Found credentials in shared credentials file: ~/.aws/credentials
2025-05-13 13:46:09 - INFO - m6a.24xlarge - 0.773800 - sa-east-1b
2025-05-13 13:46:09 - INFO - Updating file: results/results_lucas_sa-east-1.csv
2025-05-13 13:46:22 - INFO - Authentication (publickey) successful!
2025-05-13 13:46:22 - INFO - Running command in i-01cc3ce600ebd2d04 (sa-east-1, spot): /u/fvbr/bt.A.x
2025-05-13 13:46:22 - INFO - Connected (version 2.0, client OpenSSH_7.4)
2025-05-13 13:46:23 - INFO - Found credentials in shared credentials file: ~/.aws/credentials
2025-05-13 13:46:24 - INFO - m6a.24xlarge - 0.773800 - sa-east-1b
2025-05-13 13:46:24 - INFO - Updating file: results/results_lucas_sa-east-1.csv
2025-05-13 13:46:36 - INFO - Authentication (publickey) successful!
2025-05-13 13:46:36 - INFO - Running command in i-09948ecaa89a98c1d (sa-east-1, spot): /u/fvbr/bt.A.x
2025-05-13 13:46:36 - INFO - Connected (version 2.0, client OpenSSH_7.4)
2025-05-13 13:46:41 - INFO - Found credentials in shared credentials file: ~/.aws/credentials
2025-05-13 13:46:41 - INFO - r5ad.24xlarge - 1.049200 - sa-east-1c
2025-05-13 13:46:41 - INFO - Updating file: results/results_lucas_sa-east-1.csv
2025-05-13 13:46:51 - INFO - Authentication (publickey) successful!
2025-05-13 13:46:51 - INFO - Running command in i-0a903c237f0e4c1b0 (sa-east-1, spot): /u/fvbr/bt.A.x
2025-05-13 13:46:51 - INFO - Connected (version 2.0, client OpenSSH_7.4)
2025-05-13 13:46:53 - INFO - Found credentials in shared credentials file: ~/.aws/credentials
2025-05-13 13:46:53 - INFO - m6a.24xlarge - 0.773800 - sa-east-1b
2025-05-13 13:46:53 - INFO - Updating file: results/results_lucas_sa-east-1.csv
2025-05-13 13:47:07 - INFO - Authentication (publickey) successful!
2025-05-13 13:47:07 - INFO - Running command in i-05ccafd2cb21bbdd5 (sa-east-1, spot): /u/fvbr/bt.A.x
2025-05-13 13:47:07 - INFO - Connected (version 2.0, client OpenSSH_7.4)
2025-05-13 13:47:08 - INFO - Found credentials in shared credentials file: ~/.aws/credentials
2025-05-13 13:47:09 - INFO - m6a.24xlarge - 0.773800 - sa-east-1b
2025-05-13 13:47:09 - INFO - Updating file: results/results_lucas_sa-east-1.csv
2025-05-13 13:47:22 - INFO - Authentication (publickey) successful!
2025-05-13 13:47:22 - INFO - Running command in i-090f46ba7ddfdbba9 (sa-east-1, spot): /u/fvbr/bt.A.x
2025-05-13 13:47:22 - INFO - Connected (version 2.0, client OpenSSH_7.4)
2025-05-13 13:47:23 - INFO - Found credentials in shared credentials file: ~/.aws/credentials
2025-05-13 13:47:24 - INFO - m6a.24xlarge - 0.773800 - sa-east-1b
2025-05-13 13:47:24 - INFO - Updating file: results/results_lucas_sa-east-1.csv
2025-05-13 13:47:36 - INFO - Authentication (publickey) successful!
2025-05-13 13:47:36 - INFO - Running command in i-02befe51ece713bed (sa-east-1, spot): /u/fvbr/bt.A.x
2025-05-13 13:47:36 - INFO - Connected (version 2.0, client OpenSSH_7.4)
2025-05-13 13:47:37 - INFO - Found credentials in shared credentials file: ~/.aws/credentials
2025-05-13 13:47:38 - INFO - m6a.24xlarge - 0.773800 - sa-east-1b
2025-05-13 13:47:39 - INFO - Updating file: results/results_lucas_sa-east-1.csv
2025-05-13 13:47:52 - INFO - Authentication (publickey) successful!
2025-05-13 13:47:52 - INFO - Running command in i-05ad0233b48213dc0 (sa-east-1, spot): /u/fvbr/bt.A.x
2025-05-13 13:47:52 - INFO - Connected (version 2.0, client OpenSSH_7.4)
2025-05-13 13:47:55 - INFO - Found credentials in shared credentials file: ~/.aws/credentials
2025-05-13 13:47:55 - INFO - r5ad.24xlarge - 1.049200 - sa-east-1c
2025-05-13 13:47:55 - INFO - Updating file: results/results_lucas_sa-east-1.csv
2025-05-13 13:48:07 - INFO - Authentication (publickey) successful!
2025-05-13 13:48:07 - INFO - Running command in i-0a0c892c02b0422fa (sa-east-1, spot): /u/fvbr/bt.A.x
2025-05-13 13:48:10 - INFO - Found credentials in shared credentials file: ~/.aws/credentials
2025-05-13 13:48:10 - INFO - r5ad.24xlarge - 1.049200 - sa-east-1c
2025-05-13 13:48:10 - INFO - Updating file: results/results_lucas_sa-east-1.csv
2025-05-13 13:48:16 - INFO - All instances have been terminated.
2025-05-17 10:26:33 - INFO - Start execution in sa-east-1 Nodes=10 Benchmark=bt.A.x Allocation Strategy=capacity-optimized
2025-05-17 10:26:33 - INFO - Found credentials in shared credentials file: ~/.aws/credentials
2025-05-17 10:26:37 - INFO - Fleet created with instances: ['i-08391f81975fc05d7', 'i-08cba22efc6d28259', 'i-056c22a16fbb5ba5d', 'i-0b515a5f138f3d913', 'i-085e863c998cfa9d4', 'i-04ea5d8b1beb71006', 'i-0722dc447847a307f', 'i-0ec3ea65ad88696f2', 'i-09ace4fc9ed3edc8b', 'i-036f53fee7c88242b']
2025-05-17 10:26:55 - INFO - Tempo que levou para criar o Fleet com 10 instâncias: 22.37094 segundos
2025-05-17 10:26:55 - INFO - 10 instâncias no total. Iniciando benchmark em paralelo...
2025-05-17 10:26:56 - INFO - Found credentials in shared credentials file: ~/.aws/credentials
2025-05-17 10:26:56 - INFO - Found credentials in shared credentials file: ~/.aws/credentials
2025-05-17 10:26:56 - INFO - Found credentials in shared credentials file: ~/.aws/credentials
2025-05-17 10:26:56 - INFO - Found credentials in shared credentials file: ~/.aws/credentials
2025-05-17 10:26:56 - INFO - Found credentials in shared credentials file: ~/.aws/credentials
2025-05-17 10:26:56 - INFO - Found credentials in shared credentials file: ~/.aws/credentials
2025-05-17 10:26:56 - INFO - Found credentials in shared credentials file: ~/.aws/credentials
2025-05-17 10:26:56 - INFO - Found credentials in shared credentials file: ~/.aws/credentials
2025-05-17 10:26:56 - INFO - Found credentials in shared credentials file: ~/.aws/credentials
2025-05-17 10:26:56 - INFO - Found credentials in shared credentials file: ~/.aws/credentials
2025-05-17 10:27:13 - INFO - Connected (version 2.0, client OpenSSH_7.4)
2025-05-17 10:27:23 - INFO - Authentication (publickey) failed.
2025-05-17 10:27:23 - WARNING - Attempt 1/5 failed for i-0ec3ea65ad88696f2: Authentication failed.
2025-05-17 10:27:23 - INFO - Connected (version 2.0, client OpenSSH_7.4)
2025-05-17 10:27:33 - INFO - Found credentials in shared credentials file: ~/.aws/credentials
2025-05-17 10:27:43 - INFO - Authentication (publickey) successful!
2025-05-17 10:27:43 - INFO - Running command in i-0b515a5f138f3d913 (sa-east-1, spot): /u/fvbr/bt.A.x
2025-05-17 10:27:43 - INFO - Connected (version 2.0, client OpenSSH_7.4)
2025-05-17 10:27:44 - INFO - Found credentials in shared credentials file: ~/.aws/credentials
2025-05-17 10:27:44 - INFO - c7i.48xlarge - 1.320500 - sa-east-1b
2025-05-17 10:27:44 - INFO - Updating file: results/results_lucas_sa-east-1.csv
2025-05-17 10:27:58 - INFO - Authentication (publickey) successful!
2025-05-17 10:27:58 - INFO - Running command in i-09ace4fc9ed3edc8b (sa-east-1, spot): /u/fvbr/bt.A.x
2025-05-17 10:27:58 - INFO - Connected (version 2.0, client OpenSSH_7.4)
2025-05-17 10:27:59 - INFO - Found credentials in shared credentials file: ~/.aws/credentials
2025-05-17 10:27:59 - INFO - c7i.48xlarge - 1.320500 - sa-east-1c
2025-05-17 10:27:59 - INFO - Updating file: results/results_lucas_sa-east-1.csv
2025-05-17 10:28:24 - INFO - Authentication (publickey) successful!
2025-05-17 10:28:24 - INFO - Running command in i-08391f81975fc05d7 (sa-east-1, spot): /u/fvbr/bt.A.x
2025-05-17 10:28:24 - INFO - Connected (version 2.0, client OpenSSH_7.4)
2025-05-17 10:28:25 - INFO - Found credentials in shared credentials file: ~/.aws/credentials
2025-05-17 10:28:25 - INFO - c7i.48xlarge - 1.320500 - sa-east-1b
2025-05-17 10:28:25 - INFO - Updating file: results/results_lucas_sa-east-1.csv
2025-05-17 10:28:40 - INFO - Authentication (publickey) successful!
2025-05-17 10:28:40 - INFO - Running command in i-0722dc447847a307f (sa-east-1, spot): /u/fvbr/bt.A.x
2025-05-17 10:28:40 - INFO - Connected (version 2.0, client OpenSSH_7.4)
2025-05-17 10:28:41 - INFO - Found credentials in shared credentials file: ~/.aws/credentials
2025-05-17 10:28:42 - INFO - c7i.48xlarge - 1.320500 - sa-east-1c
2025-05-17 10:28:42 - INFO - Updating file: results/results_lucas_sa-east-1.csv
2025-05-17 10:29:06 - INFO - Authentication (publickey) successful!
2025-05-17 10:29:06 - INFO - Running command in i-085e863c998cfa9d4 (sa-east-1, spot): /u/fvbr/bt.A.x
2025-05-17 10:29:06 - INFO - Connected (version 2.0, client OpenSSH_7.4)
2025-05-17 10:29:07 - INFO - Found credentials in shared credentials file: ~/.aws/credentials
2025-05-17 10:29:08 - INFO - c7i.48xlarge - 1.320500 - sa-east-1b
2025-05-17 10:29:08 - INFO - Updating file: results/results_lucas_sa-east-1.csv
2025-05-17 10:29:22 - INFO - Authentication (publickey) successful!
2025-05-17 10:29:22 - INFO - Running command in i-04ea5d8b1beb71006 (sa-east-1, spot): /u/fvbr/bt.A.x
2025-05-17 10:29:22 - INFO - Connected (version 2.0, client OpenSSH_7.4)
2025-05-17 10:29:23 - INFO - Found credentials in shared credentials file: ~/.aws/credentials
2025-05-17 10:29:23 - INFO - c7i.48xlarge - 1.320500 - sa-east-1c
2025-05-17 10:29:23 - INFO - Updating file: results/results_lucas_sa-east-1.csv
2025-05-17 10:29:39 - INFO - Authentication (publickey) successful!
2025-05-17 10:29:39 - INFO - Running command in i-036f53fee7c88242b (sa-east-1, spot): /u/fvbr/bt.A.x
2025-05-17 10:29:39 - INFO - Connected (version 2.0, client OpenSSH_7.4)
2025-05-17 10:29:40 - INFO - Found credentials in shared credentials file: ~/.aws/credentials
2025-05-17 10:29:40 - INFO - c7i.48xlarge - 1.320500 - sa-east-1c
2025-05-17 10:29:40 - INFO - Updating file: results/results_lucas_sa-east-1.csv
2025-05-17 10:29:54 - INFO - Authentication (publickey) successful!
2025-05-17 10:29:54 - INFO - Running command in i-056c22a16fbb5ba5d (sa-east-1, spot): /u/fvbr/bt.A.x
2025-05-17 10:29:54 - INFO - Connected (version 2.0, client OpenSSH_7.4)
2025-05-17 10:29:55 - INFO - Found credentials in shared credentials file: ~/.aws/credentials
2025-05-17 10:29:56 - INFO - c7i.48xlarge - 1.320500 - sa-east-1b
2025-05-17 10:29:56 - INFO - Updating file: results/results_lucas_sa-east-1.csv
2025-05-17 10:30:22 - INFO - Authentication (publickey) successful!
2025-05-17 10:30:22 - INFO - Running command in i-08cba22efc6d28259 (sa-east-1, spot): /u/fvbr/bt.A.x
2025-05-17 10:30:22 - INFO - Connected (version 2.0, client OpenSSH_7.4)
2025-05-17 10:30:23 - INFO - Found credentials in shared credentials file: ~/.aws/credentials
2025-05-17 10:30:23 - INFO - c7i.48xlarge - 1.320500 - sa-east-1b
2025-05-17 10:30:23 - INFO - Updating file: results/results_lucas_sa-east-1.csv
2025-05-17 10:30:39 - INFO - Authentication (publickey) successful!
2025-05-17 10:30:39 - INFO - Running command in i-0ec3ea65ad88696f2 (sa-east-1, spot): /u/fvbr/bt.A.x
2025-05-17 10:30:40 - INFO - Found credentials in shared credentials file: ~/.aws/credentials
2025-05-17 10:30:41 - INFO - c7i.48xlarge - 1.320500 - sa-east-1c
2025-05-17 10:30:41 - INFO - Updating file: results/results_lucas_sa-east-1.csv
2025-05-17 10:30:46 - INFO - All instances have been terminated.
2025-05-19 18:21:51 - INFO - Start execution in sa-east-1 Nodes=10 Benchmark=bt.A.x Allocation Strategy=capacity-optimized
2025-05-19 18:21:51 - INFO - Found credentials in shared credentials file: ~/.aws/credentials
2025-05-19 18:21:59 - INFO - Tempo que levou para receber response AWS: 7.9367 segundos
2025-05-19 18:21:59 - INFO - Fleet created with instances: ['i-0ce986deeb4a666a1', 'i-0ee8f3c80e6ce82c0', 'i-0b7492f36d86788c5', 'i-012857c47b941b4f2', 'i-002178ea643252204', 'i-01a37f7c1a629c1df', 'i-0e3a4371287b03c2f', 'i-0f648b228b8c3238b', 'i-04cb130873ebc0e39', 'i-04b8a923eeb036818']
2025-05-19 18:22:18 - INFO - Tempo que levou para as máquinas estarem running: 17.734062 segundos
2025-05-19 18:22:18 - INFO - Tempo que levou para criar o Fleet com 10 instâncias: 26.86834 segundos
2025-05-19 18:22:18 - INFO - 10 instâncias no total. Iniciando benchmark em paralelo...
2025-05-19 18:22:18 - INFO - Found credentials in shared credentials file: ~/.aws/credentials
2025-05-19 18:22:18 - INFO - Found credentials in shared credentials file: ~/.aws/credentials
2025-05-19 18:22:18 - INFO - Found credentials in shared credentials file: ~/.aws/credentials
2025-05-19 18:22:18 - INFO - Found credentials in shared credentials file: ~/.aws/credentials
2025-05-19 18:22:18 - INFO - Found credentials in shared credentials file: ~/.aws/credentials
2025-05-19 18:22:18 - INFO - Found credentials in shared credentials file: ~/.aws/credentials
2025-05-19 18:22:18 - INFO - Found credentials in shared credentials file: ~/.aws/credentials
2025-05-19 18:22:18 - INFO - Found credentials in shared credentials file: ~/.aws/credentials
2025-05-19 18:22:18 - INFO - Found credentials in shared credentials file: ~/.aws/credentials
2025-05-19 18:22:18 - INFO - Found credentials in shared credentials file: ~/.aws/credentials
2025-05-19 18:22:29 - INFO - Connected (version 2.0, client OpenSSH_7.4)
2025-05-19 18:22:30 - INFO - Authentication (publickey) failed.
2025-05-19 18:22:30 - WARNING - Attempt 1/5 failed for i-0ce986deeb4a666a1: Authentication failed.
2025-05-19 18:22:32 - INFO - Connected (version 2.0, client OpenSSH_7.4)
2025-05-19 18:22:36 - INFO - Authentication (publickey) failed.
2025-05-19 18:22:36 - WARNING - Attempt 1/5 failed for i-0ee8f3c80e6ce82c0: Authentication failed.
2025-05-19 18:22:37 - INFO - Connected (version 2.0, client OpenSSH_7.4)
2025-05-19 18:22:40 - INFO - Found credentials in shared credentials file: ~/.aws/credentials
2025-05-19 18:22:42 - INFO - Authentication (publickey) failed.
2025-05-19 18:22:42 - WARNING - Attempt 1/5 failed for i-0b7492f36d86788c5: Authentication failed.
2025-05-19 18:22:42 - INFO - Connected (version 2.0, client OpenSSH_7.4)
2025-05-19 18:22:46 - INFO - Found credentials in shared credentials file: ~/.aws/credentials
2025-05-19 18:22:52 - INFO - Found credentials in shared credentials file: ~/.aws/credentials
2025-05-19 18:22:55 - INFO - Authentication (publickey) failed.
2025-05-19 18:22:55 - WARNING - Attempt 1/5 failed for i-012857c47b941b4f2: Authentication failed.
2025-05-19 18:22:55 - INFO - Connected (version 2.0, client OpenSSH_7.4)
2025-05-19 18:23:05 - INFO - Found credentials in shared credentials file: ~/.aws/credentials
2025-05-19 18:23:09 - INFO - Authentication (publickey) successful!
2025-05-19 18:23:09 - INFO - Running command in i-002178ea643252204 (sa-east-1, spot): /u/fvbr/bt.A.x
2025-05-19 18:23:09 - INFO - Connected (version 2.0, client OpenSSH_7.4)
2025-05-19 18:23:14 - INFO - Found credentials in shared credentials file: ~/.aws/credentials
2025-05-19 18:23:14 - INFO - r5ad.24xlarge - 0.998400 - sa-east-1c
2025-05-19 18:23:14 - INFO - Updating file: results/results_lucas_sa-east-1.csv
2025-05-19 18:23:24 - INFO - Authentication (publickey) successful!
2025-05-19 18:23:24 - INFO - Running command in i-01a37f7c1a629c1df (sa-east-1, spot): /u/fvbr/bt.A.x
2025-05-19 18:23:24 - INFO - Connected (version 2.0, client OpenSSH_7.4)
2025-05-19 18:23:28 - INFO - Found credentials in shared credentials file: ~/.aws/credentials
2025-05-19 18:23:29 - INFO - r5ad.24xlarge - 0.998400 - sa-east-1c
2025-05-19 18:23:29 - INFO - Updating file: results/results_lucas_sa-east-1.csv
2025-05-19 18:23:38 - INFO - Authentication (publickey) successful!
2025-05-19 18:23:38 - INFO - Running command in i-0f648b228b8c3238b (sa-east-1, spot): /u/fvbr/bt.A.x
2025-05-19 18:23:38 - INFO - Connected (version 2.0, client OpenSSH_7.4)
2025-05-19 18:23:41 - INFO - Found credentials in shared credentials file: ~/.aws/credentials
2025-05-19 18:23:41 - INFO - r5a.24xlarge - 1.521200 - sa-east-1a
2025-05-19 18:23:41 - INFO - Updating file: results/results_lucas_sa-east-1.csv
2025-05-19 18:23:52 - INFO - Authentication (publickey) successful!
2025-05-19 18:23:52 - INFO - Running command in i-04b8a923eeb036818 (sa-east-1, spot): /u/fvbr/bt.A.x
2025-05-19 18:23:52 - INFO - Connected (version 2.0, client OpenSSH_7.4)
2025-05-19 18:23:55 - INFO - Found credentials in shared credentials file: ~/.aws/credentials
2025-05-19 18:24:04 - INFO - r5a.24xlarge - 1.521200 - sa-east-1a
2025-05-19 18:24:04 - INFO - Updating file: results/results_lucas_sa-east-1.csv
2025-05-19 18:24:12 - INFO - Authentication (publickey) successful!
2025-05-19 18:24:12 - INFO - Running command in i-04cb130873ebc0e39 (sa-east-1, spot): /u/fvbr/bt.A.x
2025-05-19 18:24:12 - INFO - Connected (version 2.0, client OpenSSH_7.4)
2025-05-19 18:24:15 - INFO - Found credentials in shared credentials file: ~/.aws/credentials
2025-05-19 18:24:23 - INFO - r5a.24xlarge - 1.521200 - sa-east-1a
2025-05-19 18:24:23 - INFO - Updating file: results/results_lucas_sa-east-1.csv
2025-05-19 18:24:29 - INFO - Authentication (publickey) successful!
2025-05-19 18:24:29 - INFO - Running command in i-0ce986deeb4a666a1 (sa-east-1, spot): /u/fvbr/bt.A.x
2025-05-19 18:24:29 - INFO - Connected (version 2.0, client OpenSSH_7.4)
2025-05-19 18:24:32 - INFO - Found credentials in shared credentials file: ~/.aws/credentials
2025-05-19 18:24:33 - INFO - m5a.24xlarge - 1.299100 - sa-east-1c
2025-05-19 18:24:33 - INFO - Updating file: results/results_lucas_sa-east-1.csv
2025-05-19 18:24:56 - INFO - Authentication (publickey) successful!
2025-05-19 18:24:56 - INFO - Running command in i-0e3a4371287b03c2f (sa-east-1, spot): /u/fvbr/bt.A.x
2025-05-19 18:24:56 - INFO - Connected (version 2.0, client OpenSSH_7.4)
2025-05-19 18:24:58 - INFO - Found credentials in shared credentials file: ~/.aws/credentials
2025-05-19 18:24:59 - INFO - r5a.24xlarge - 1.521200 - sa-east-1a
2025-05-19 18:24:59 - INFO - Updating file: results/results_lucas_sa-east-1.csv
2025-05-19 18:25:17 - INFO - Authentication (publickey) successful!
2025-05-19 18:25:17 - INFO - Running command in i-0ee8f3c80e6ce82c0 (sa-east-1, spot): /u/fvbr/bt.A.x
2025-05-19 18:25:17 - INFO - Connected (version 2.0, client OpenSSH_7.4)
2025-05-19 18:25:20 - INFO - Found credentials in shared credentials file: ~/.aws/credentials
2025-05-19 18:25:20 - INFO - m5a.24xlarge - 0.980000 - sa-east-1a
2025-05-19 18:25:20 - INFO - Updating file: results/results_lucas_sa-east-1.csv
2025-05-19 18:25:33 - INFO - Authentication (publickey) successful!
2025-05-19 18:25:33 - INFO - Running command in i-0b7492f36d86788c5 (sa-east-1, spot): /u/fvbr/bt.A.x
2025-05-19 18:25:33 - INFO - Connected (version 2.0, client OpenSSH_7.4)
2025-05-19 18:25:34 - INFO - Found credentials in shared credentials file: ~/.aws/credentials
2025-05-19 18:25:34 - INFO - c7i.48xlarge - 1.320500 - sa-east-1b
2025-05-19 18:25:34 - INFO - Updating file: results/results_lucas_sa-east-1.csv
2025-05-19 18:25:39 - INFO - Authentication (publickey) successful!
2025-05-19 18:25:39 - INFO - Running command in i-012857c47b941b4f2 (sa-east-1, spot): /u/fvbr/bt.A.x
2025-05-19 18:25:40 - INFO - Found credentials in shared credentials file: ~/.aws/credentials
2025-05-19 18:25:41 - INFO - c7i.48xlarge - 1.320500 - sa-east-1b
2025-05-19 18:25:41 - INFO - Updating file: results/results_lucas_sa-east-1.csv
2025-05-19 18:25:46 - INFO - All instances have been terminated.
2025-05-20 19:27:13 - INFO - Start execution in sa-east-1 Nodes=10 Benchmark=bt.A.x Allocation Strategy=capacity-optimized
2025-05-20 19:27:13 - INFO - Found credentials in shared credentials file: ~/.aws/credentials
2025-05-20 19:27:19 - INFO - Tempo que levou para receber response AWS: 5.327836 segundos
2025-05-20 19:27:19 - INFO - Fleet created with instances: ['i-0f1e97d8e23b29f7c', 'i-0ed5babd6781fbe5d', 'i-0f2a37faf142cbdf2', 'i-0a5f3bde114df7786', 'i-0b61f73f509112f1e', 'i-0441b66625c716087', 'i-0c40418dbc7282410', 'i-07e8b48c549da834a', 'i-08090316388aca20c', 'i-033a5a6df619ceb2a']
2025-05-20 19:27:37 - INFO - Tempo que levou para as máquinas estarem running: 17.777818 segundos
2025-05-20 19:27:37 - INFO - Tempo que levou para criar o Fleet com 10 instâncias: 24.113247 segundos
2025-05-20 19:27:37 - INFO - 10 instâncias no total. Iniciando benchmark em paralelo...
2025-05-20 19:27:37 - INFO - Found credentials in shared credentials file: ~/.aws/credentials
2025-05-20 19:27:37 - INFO - Found credentials in shared credentials file: ~/.aws/credentials
2025-05-20 19:27:37 - INFO - Found credentials in shared credentials file: ~/.aws/credentials
2025-05-20 19:27:37 - INFO - Found credentials in shared credentials file: ~/.aws/credentials
2025-05-20 19:27:37 - INFO - Found credentials in shared credentials file: ~/.aws/credentials
2025-05-20 19:27:37 - INFO - Found credentials in shared credentials file: ~/.aws/credentials
2025-05-20 19:27:37 - INFO - Found credentials in shared credentials file: ~/.aws/credentials
2025-05-20 19:27:37 - INFO - Found credentials in shared credentials file: ~/.aws/credentials
2025-05-20 19:27:37 - INFO - Found credentials in shared credentials file: ~/.aws/credentials
2025-05-20 19:27:37 - INFO - Found credentials in shared credentials file: ~/.aws/credentials
2025-05-20 19:27:58 - INFO - Connected (version 2.0, client OpenSSH_7.4)
2025-05-20 19:28:03 - INFO - Authentication (publickey) failed.
2025-05-20 19:28:03 - WARNING - Attempt 1/5 failed for i-0a5f3bde114df7786: Authentication failed.
2025-05-20 19:28:03 - INFO - Connected (version 2.0, client OpenSSH_7.4)
2025-05-20 19:28:03 - INFO - Authentication (publickey) failed.
2025-05-20 19:28:03 - WARNING - Attempt 1/5 failed for i-0b61f73f509112f1e: Authentication failed.
2025-05-20 19:28:03 - INFO - Connected (version 2.0, client OpenSSH_7.4)
2025-05-20 19:28:03 - INFO - Authentication (publickey) failed.
2025-05-20 19:28:03 - WARNING - Attempt 1/5 failed for i-0f1e97d8e23b29f7c: Authentication failed.
2025-05-20 19:28:03 - INFO - Connected (version 2.0, client OpenSSH_7.4)
2025-05-20 19:28:04 - INFO - Authentication (publickey) failed.
2025-05-20 19:28:04 - WARNING - Attempt 1/5 failed for i-0ed5babd6781fbe5d: Authentication failed.
2025-05-20 19:28:04 - INFO - Connected (version 2.0, client OpenSSH_7.4)
2025-05-20 19:28:13 - INFO - Found credentials in shared credentials file: ~/.aws/credentials
2025-05-20 19:28:14 - INFO - Found credentials in shared credentials file: ~/.aws/credentials
2025-05-20 19:28:14 - INFO - Found credentials in shared credentials file: ~/.aws/credentials
2025-05-20 19:28:14 - INFO - Found credentials in shared credentials file: ~/.aws/credentials
2025-05-20 19:28:28 - INFO - Authentication (publickey) successful!
2025-05-20 19:28:28 - INFO - Running command in i-0f2a37faf142cbdf2 (sa-east-1, spot): /u/fvbr/bt.A.x
2025-05-20 19:28:28 - INFO - Connected (version 2.0, client OpenSSH_7.4)
2025-05-20 19:28:32 - INFO - Found credentials in shared credentials file: ~/.aws/credentials
2025-05-20 19:28:33 - INFO - r5a.24xlarge - 2.351500 - sa-east-1c
2025-05-20 19:28:33 - INFO - Updating file: results/results_lucas_sa-east-1.csv
2025-05-20 19:28:49 - INFO - Authentication (publickey) successful!
2025-05-20 19:28:49 - INFO - Running command in i-0c40418dbc7282410 (sa-east-1, spot): /u/fvbr/bt.A.x
2025-05-20 19:28:49 - INFO - Connected (version 2.0, client OpenSSH_7.4)
2025-05-20 19:28:52 - INFO - Found credentials in shared credentials file: ~/.aws/credentials
2025-05-20 19:28:53 - INFO - r5a.24xlarge - 1.441800 - sa-east-1a
2025-05-20 19:28:53 - INFO - Updating file: results/results_lucas_sa-east-1.csv
2025-05-20 19:29:12 - INFO - Authentication (publickey) successful!
2025-05-20 19:29:12 - INFO - Running command in i-0441b66625c716087 (sa-east-1, spot): /u/fvbr/bt.A.x
2025-05-20 19:29:12 - INFO - Connected (version 2.0, client OpenSSH_7.4)
2025-05-20 19:29:16 - INFO - Found credentials in shared credentials file: ~/.aws/credentials
2025-05-20 19:29:17 - INFO - r5a.24xlarge - 1.441800 - sa-east-1a
2025-05-20 19:29:17 - INFO - Updating file: results/results_lucas_sa-east-1.csv
2025-05-20 19:29:38 - INFO - Authentication (publickey) successful!
2025-05-20 19:29:38 - INFO - Running command in i-07e8b48c549da834a (sa-east-1, spot): /u/fvbr/bt.A.x
2025-05-20 19:29:38 - INFO - Connected (version 2.0, client OpenSSH_7.4)
2025-05-20 19:29:42 - INFO - Found credentials in shared credentials file: ~/.aws/credentials
2025-05-20 19:29:42 - INFO - r5a.24xlarge - 1.441800 - sa-east-1a
2025-05-20 19:29:42 - INFO - Updating file: results/results_lucas_sa-east-1.csv
2025-05-20 19:30:05 - INFO - Authentication (publickey) successful!
2025-05-20 19:30:05 - INFO - Running command in i-033a5a6df619ceb2a (sa-east-1, spot): /u/fvbr/bt.A.x
2025-05-20 19:30:05 - INFO - Connected (version 2.0, client OpenSSH_7.4)
2025-05-20 19:30:06 - INFO - Found credentials in shared credentials file: ~/.aws/credentials
2025-05-20 19:30:07 - INFO - c7i.48xlarge - 1.320500 - sa-east-1b
2025-05-20 19:30:07 - INFO - Updating file: results/results_lucas_sa-east-1.csv
2025-05-20 19:30:29 - INFO - Authentication (publickey) successful!
2025-05-20 19:30:29 - INFO - Running command in i-08090316388aca20c (sa-east-1, spot): /u/fvbr/bt.A.x
2025-05-20 19:30:29 - INFO - Connected (version 2.0, client OpenSSH_7.4)
2025-05-20 19:30:32 - INFO - Found credentials in shared credentials file: ~/.aws/credentials
2025-05-20 19:30:33 - INFO - r5a.24xlarge - 1.441800 - sa-east-1a
2025-05-20 19:30:33 - INFO - Updating file: results/results_lucas_sa-east-1.csv
2025-05-20 19:30:54 - INFO - Authentication (publickey) successful!
2025-05-20 19:30:54 - INFO - Running command in i-0a5f3bde114df7786 (sa-east-1, spot): /u/fvbr/bt.A.x
2025-05-20 19:30:54 - INFO - Connected (version 2.0, client OpenSSH_7.4)
2025-05-20 19:30:58 - INFO - Found credentials in shared credentials file: ~/.aws/credentials
2025-05-20 19:30:59 - INFO - r5a.24xlarge - 2.351500 - sa-east-1c
2025-05-20 19:30:59 - INFO - Updating file: results/results_lucas_sa-east-1.csv
2025-05-20 19:31:16 - INFO - Authentication (publickey) successful!
2025-05-20 19:31:16 - INFO - Running command in i-0f1e97d8e23b29f7c (sa-east-1, spot): /u/fvbr/bt.A.x
2025-05-20 19:31:16 - INFO - Connected (version 2.0, client OpenSSH_7.4)
2025-05-20 19:31:19 - INFO - Found credentials in shared credentials file: ~/.aws/credentials
2025-05-20 19:31:20 - INFO - r5a.24xlarge - 2.351500 - sa-east-1c
2025-05-20 19:31:20 - INFO - Updating file: results/results_lucas_sa-east-1.csv
2025-05-20 19:31:37 - INFO - Authentication (publickey) successful!
2025-05-20 19:31:37 - INFO - Running command in i-0b61f73f509112f1e (sa-east-1, spot): /u/fvbr/bt.A.x
2025-05-20 19:31:37 - INFO - Connected (version 2.0, client OpenSSH_7.4)
2025-05-20 19:31:41 - INFO - Found credentials in shared credentials file: ~/.aws/credentials
2025-05-20 19:31:41 - INFO - r5a.24xlarge - 2.351500 - sa-east-1c
2025-05-20 19:31:41 - INFO - Updating file: results/results_lucas_sa-east-1.csv
2025-05-20 19:31:59 - INFO - Authentication (publickey) successful!
2025-05-20 19:31:59 - INFO - Running command in i-0ed5babd6781fbe5d (sa-east-1, spot): /u/fvbr/bt.A.x
2025-05-20 19:32:02 - INFO - Found credentials in shared credentials file: ~/.aws/credentials
2025-05-20 19:32:03 - INFO - r5a.24xlarge - 2.351500 - sa-east-1c
2025-05-20 19:32:03 - INFO - Updating file: results/results_lucas_sa-east-1.csv
2025-05-20 19:32:08 - INFO - All instances have been terminated.
2025-05-22 14:31:12 - INFO - Start execution in sa-east-1 Nodes=10 Benchmark=bt.A.x Allocation Strategy=lowest-price
2025-05-22 14:31:12 - INFO - Found credentials in shared credentials file: ~/.aws/credentials
2025-05-22 14:31:17 - INFO - Tempo que levou para receber response AWS: 5.079704 segundos
2025-05-22 14:31:17 - INFO - Found credentials in shared credentials file: ~/.aws/credentials
2025-05-22 14:31:18 - INFO - m6a.24xlarge - 0.661000 - sa-east-1b
2025-05-22 14:31:18 - INFO - Updating file: results/results_lucas_sa-east-1.csv
2025-05-22 14:31:18 - INFO - Found credentials in shared credentials file: ~/.aws/credentials
2025-05-22 14:31:18 - INFO - c6a.24xlarge - 0.808200 - sa-east-1a
2025-05-22 14:31:18 - INFO - Updating file: results/results_lucas_sa-east-1.csv
2025-05-22 14:31:18 - INFO - Fleet created with instances: ['i-07b8b39f679725cc7', 'i-0debe64477f1fc058', 'i-0b73cb38bb35c63a2', 'i-05db72c264e9dea55', 'i-0e412cb2d6d2d1171', 'i-002872e1cef44ea10', 'i-01ebded71bfd1d99c', 'i-025b958312042a54f', 'i-0a016e2c50dda32e1', 'i-0c513ae570115fa9b']
2025-05-22 14:31:37 - INFO - Tempo que levou para as máquinas estarem running: 17.727314 segundos
2025-05-22 14:31:37 - INFO - Tempo que levou para criar o Fleet com 10 instâncias: 24.970808 segundos
2025-05-22 14:31:37 - INFO - 10 instâncias no total. Iniciando benchmark em paralelo...
2025-05-22 14:31:37 - INFO - Found credentials in shared credentials file: ~/.aws/credentials
2025-05-22 14:31:37 - INFO - Found credentials in shared credentials file: ~/.aws/credentials
2025-05-22 14:31:37 - INFO - Found credentials in shared credentials file: ~/.aws/credentials
2025-05-22 14:31:37 - INFO - Found credentials in shared credentials file: ~/.aws/credentials
2025-05-22 14:31:37 - INFO - Found credentials in shared credentials file: ~/.aws/credentials
2025-05-22 14:31:37 - INFO - Found credentials in shared credentials file: ~/.aws/credentials
2025-05-22 14:31:37 - INFO - Found credentials in shared credentials file: ~/.aws/credentials
2025-05-22 14:31:37 - INFO - Found credentials in shared credentials file: ~/.aws/credentials
2025-05-22 14:31:37 - INFO - Found credentials in shared credentials file: ~/.aws/credentials
2025-05-22 14:31:37 - INFO - Found credentials in shared credentials file: ~/.aws/credentials
2025-05-22 14:31:39 - INFO - Connected (version 2.0, client OpenSSH_7.4)
2025-05-22 14:31:45 - INFO - Authentication (publickey) failed.
2025-05-22 14:31:45 - WARNING - Attempt 1/5 failed for i-0e412cb2d6d2d1171: Authentication failed.
2025-05-22 14:31:45 - INFO - Connected (version 2.0, client OpenSSH_7.4)
2025-05-22 14:31:55 - INFO - Found credentials in shared credentials file: ~/.aws/credentials
2025-05-22 14:32:03 - INFO - Authentication (publickey) successful!
2025-05-22 14:32:03 - INFO - Running command in i-0debe64477f1fc058 (sa-east-1, spot): /u/fvbr/bt.A.x
2025-05-22 14:32:03 - INFO - Connected (version 2.0, client OpenSSH_7.4)
2025-05-22 14:32:04 - INFO - Found credentials in shared credentials file: ~/.aws/credentials
2025-05-22 14:32:05 - INFO - m6a.24xlarge - 0.661000 - sa-east-1b
2025-05-22 14:32:05 - INFO - Updating file: results/results_lucas_sa-east-1.csv
2025-05-22 14:32:16 - INFO - Authentication (publickey) successful!
2025-05-22 14:32:16 - INFO - Running command in i-05db72c264e9dea55 (sa-east-1, spot): /u/fvbr/bt.A.x
2025-05-22 14:32:16 - INFO - Connected (version 2.0, client OpenSSH_7.4)
2025-05-22 14:32:17 - INFO - Found credentials in shared credentials file: ~/.aws/credentials
2025-05-22 14:32:18 - INFO - m6a.24xlarge - 0.661000 - sa-east-1b
2025-05-22 14:32:18 - INFO - Updating file: results/results_lucas_sa-east-1.csv
2025-05-22 14:32:29 - INFO - Authentication (publickey) successful!
2025-05-22 14:32:29 - INFO - Running command in i-002872e1cef44ea10 (sa-east-1, spot): /u/fvbr/bt.A.x
2025-05-22 14:32:29 - INFO - Connected (version 2.0, client OpenSSH_7.4)
2025-05-22 14:32:30 - INFO - Found credentials in shared credentials file: ~/.aws/credentials
2025-05-22 14:32:31 - INFO - m6a.24xlarge - 0.661000 - sa-east-1b
2025-05-22 14:32:31 - INFO - Updating file: results/results_lucas_sa-east-1.csv
2025-05-22 14:32:42 - INFO - Authentication (publickey) successful!
2025-05-22 14:32:42 - INFO - Running command in i-07b8b39f679725cc7 (sa-east-1, spot): /u/fvbr/bt.A.x
2025-05-22 14:32:42 - INFO - Connected (version 2.0, client OpenSSH_7.4)
2025-05-22 14:32:44 - INFO - Found credentials in shared credentials file: ~/.aws/credentials
2025-05-22 14:32:44 - INFO - m6a.24xlarge - 0.661000 - sa-east-1b
2025-05-22 14:32:44 - INFO - Updating file: results/results_lucas_sa-east-1.csv
2025-05-22 14:32:56 - INFO - Authentication (publickey) successful!
2025-05-22 14:32:56 - INFO - Running command in i-0b73cb38bb35c63a2 (sa-east-1, spot): /u/fvbr/bt.A.x
2025-05-22 14:32:56 - INFO - Connected (version 2.0, client OpenSSH_7.4)
2025-05-22 14:32:57 - INFO - Found credentials in shared credentials file: ~/.aws/credentials
2025-05-22 14:32:58 - INFO - m6a.24xlarge - 0.661000 - sa-east-1b
2025-05-22 14:32:58 - INFO - Updating file: results/results_lucas_sa-east-1.csv
2025-05-22 14:33:20 - INFO - Authentication (publickey) successful!
2025-05-22 14:33:20 - INFO - Running command in i-01ebded71bfd1d99c (sa-east-1, spot): /u/fvbr/bt.A.x
2025-05-22 14:33:20 - INFO - Connected (version 2.0, client OpenSSH_7.4)
2025-05-22 14:33:24 - INFO - Found credentials in shared credentials file: ~/.aws/credentials
2025-05-22 14:33:24 - INFO - m5a.24xlarge - 0.875000 - sa-east-1a
2025-05-22 14:33:24 - INFO - Updating file: results/results_lucas_sa-east-1.csv
2025-05-22 14:33:36 - INFO - Authentication (publickey) successful!
2025-05-22 14:33:36 - INFO - Running command in i-025b958312042a54f (sa-east-1, spot): /u/fvbr/bt.A.x
2025-05-22 14:33:36 - INFO - Connected (version 2.0, client OpenSSH_7.4)
2025-05-22 14:33:39 - INFO - Found credentials in shared credentials file: ~/.aws/credentials
2025-05-22 14:33:40 - INFO - m5a.24xlarge - 0.875000 - sa-east-1a
2025-05-22 14:33:40 - INFO - Updating file: results/results_lucas_sa-east-1.csv
2025-05-22 14:33:50 - INFO - Authentication (publickey) successful!
2025-05-22 14:33:50 - INFO - Running command in i-0a016e2c50dda32e1 (sa-east-1, spot): /u/fvbr/bt.A.x
2025-05-22 14:33:50 - INFO - Connected (version 2.0, client OpenSSH_7.4)
2025-05-22 14:33:54 - INFO - Found credentials in shared credentials file: ~/.aws/credentials
2025-05-22 14:33:54 - INFO - m5a.24xlarge - 0.875000 - sa-east-1a
2025-05-22 14:33:54 - INFO - Updating file: results/results_lucas_sa-east-1.csv
2025-05-22 14:34:05 - INFO - Authentication (publickey) successful!
2025-05-22 14:34:05 - INFO - Running command in i-0c513ae570115fa9b (sa-east-1, spot): /u/fvbr/bt.A.x
2025-05-22 14:34:05 - INFO - Connected (version 2.0, client OpenSSH_7.4)
2025-05-22 14:34:08 - INFO - Found credentials in shared credentials file: ~/.aws/credentials
2025-05-22 14:34:09 - INFO - m5a.24xlarge - 0.875000 - sa-east-1a
2025-05-22 14:34:09 - INFO - Updating file: results/results_lucas_sa-east-1.csv
2025-05-22 14:34:20 - INFO - Authentication (publickey) successful!
2025-05-22 14:34:20 - INFO - Running command in i-0e412cb2d6d2d1171 (sa-east-1, spot): /u/fvbr/bt.A.x
2025-05-22 14:34:21 - INFO - Found credentials in shared credentials file: ~/.aws/credentials
2025-05-22 14:34:22 - INFO - m6a.24xlarge - 0.661000 - sa-east-1b
2025-05-22 14:34:22 - INFO - Updating file: results/results_lucas_sa-east-1.csv
2025-05-22 14:34:27 - INFO - All instances have been terminated.
2025-05-22 16:03:14 - INFO - Start execution in sa-east-1 Nodes=10 Benchmark=bt.A.x Allocation Strategy=price-capacity-optimized
2025-05-22 16:03:14 - INFO - Found credentials in shared credentials file: ~/.aws/credentials
2025-05-22 16:03:20 - INFO - Tempo que levou para receber response AWS: 5.014355 segundos
2025-05-22 16:03:20 - INFO - Fleet created with instances: ['i-06db1aa67dbb514b9', 'i-08848038d1b79f12b', 'i-0c96d5452981fbea4', 'i-08d0741696632c56c', 'i-0e65e143f69fd455f', 'i-0fcfebad642ccf895', 'i-0bba23bf64605dd61', 'i-070acfbd87c139b77', 'i-03ce3c51a41e54846', 'i-033087fe123745355']
2025-05-22 16:03:38 - INFO - Tempo que levou para as máquinas estarem running: 17.947651 segundos
2025-05-22 16:03:38 - INFO - Tempo que levou para criar o Fleet com 10 instâncias: 23.980201 segundos
2025-05-22 16:03:38 - INFO - 10 instâncias no total. Iniciando benchmark em paralelo...
2025-05-22 16:03:38 - INFO - Found credentials in shared credentials file: ~/.aws/credentials
2025-05-22 16:03:38 - INFO - Found credentials in shared credentials file: ~/.aws/credentials
2025-05-22 16:03:38 - INFO - Found credentials in shared credentials file: ~/.aws/credentials
2025-05-22 16:03:38 - INFO - Found credentials in shared credentials file: ~/.aws/credentials
2025-05-22 16:03:38 - INFO - Found credentials in shared credentials file: ~/.aws/credentials
2025-05-22 16:03:38 - INFO - Found credentials in shared credentials file: ~/.aws/credentials
2025-05-22 16:03:38 - INFO - Found credentials in shared credentials file: ~/.aws/credentials
2025-05-22 16:03:38 - INFO - Found credentials in shared credentials file: ~/.aws/credentials
2025-05-22 16:03:38 - INFO - Found credentials in shared credentials file: ~/.aws/credentials
2025-05-22 16:03:38 - INFO - Found credentials in shared credentials file: ~/.aws/credentials
2025-05-22 16:03:54 - WARNING - Attempt 1/5 failed for i-06db1aa67dbb514b9: [Errno None] Unable to connect to port 22 on 10.128.66.167
2025-05-22 16:03:59 - INFO - Connected (version 2.0, client OpenSSH_7.4)
2025-05-22 16:04:04 - INFO - Found credentials in shared credentials file: ~/.aws/credentials
2025-05-22 16:04:12 - INFO - Authentication (publickey) failed.
2025-05-22 16:04:12 - WARNING - Attempt 1/5 failed for i-0fcfebad642ccf895: Authentication failed.
2025-05-22 16:04:12 - INFO - Connected (version 2.0, client OpenSSH_7.4)
2025-05-22 16:04:13 - INFO - Authentication (publickey) failed.
2025-05-22 16:04:13 - WARNING - Attempt 1/5 failed for i-08d0741696632c56c: Authentication failed.
2025-05-22 16:04:13 - INFO - Connected (version 2.0, client OpenSSH_7.4)
2025-05-22 16:04:22 - INFO - Found credentials in shared credentials file: ~/.aws/credentials
2025-05-22 16:04:23 - INFO - Found credentials in shared credentials file: ~/.aws/credentials
2025-05-22 16:04:26 - INFO - Authentication (publickey) successful!
2025-05-22 16:04:26 - INFO - Running command in i-08848038d1b79f12b (sa-east-1, spot): /u/fvbr/bt.A.x
2025-05-22 16:04:26 - INFO - Connected (version 2.0, client OpenSSH_7.4)
2025-05-22 16:04:29 - INFO - Found credentials in shared credentials file: ~/.aws/credentials
2025-05-22 16:04:30 - INFO - r5a.24xlarge - 2.309100 - sa-east-1c
2025-05-22 16:04:30 - INFO - Updating file: results/results_lucas_sa-east-1.csv
2025-05-22 16:04:39 - INFO - Authentication (publickey) successful!
2025-05-22 16:04:39 - INFO - Running command in i-0c96d5452981fbea4 (sa-east-1, spot): /u/fvbr/bt.A.x
2025-05-22 16:04:39 - INFO - Connected (version 2.0, client OpenSSH_7.4)
2025-05-22 16:04:42 - INFO - Found credentials in shared credentials file: ~/.aws/credentials
2025-05-22 16:04:43 - INFO - r5a.24xlarge - 2.309100 - sa-east-1c
2025-05-22 16:04:43 - INFO - Updating file: results/results_lucas_sa-east-1.csv
2025-05-22 16:04:54 - INFO - Authentication (publickey) successful!
2025-05-22 16:04:54 - INFO - Running command in i-0bba23bf64605dd61 (sa-east-1, spot): /u/fvbr/bt.A.x
2025-05-22 16:04:54 - INFO - Connected (version 2.0, client OpenSSH_7.4)
2025-05-22 16:04:57 - INFO - Found credentials in shared credentials file: ~/.aws/credentials
2025-05-22 16:04:58 - INFO - r5a.24xlarge - 1.390000 - sa-east-1a
2025-05-22 16:04:58 - INFO - Updating file: results/results_lucas_sa-east-1.csv
2025-05-22 16:05:22 - INFO - Authentication (publickey) successful!
2025-05-22 16:05:22 - INFO - Running command in i-03ce3c51a41e54846 (sa-east-1, spot): /u/fvbr/bt.A.x
2025-05-22 16:05:22 - INFO - Connected (version 2.0, client OpenSSH_7.4)
2025-05-22 16:05:25 - INFO - Found credentials in shared credentials file: ~/.aws/credentials
2025-05-22 16:05:26 - INFO - r5a.24xlarge - 1.390000 - sa-east-1a
2025-05-22 16:05:26 - INFO - Updating file: results/results_lucas_sa-east-1.csv
2025-05-22 16:05:42 - INFO - Authentication (publickey) successful!
2025-05-22 16:05:42 - INFO - Running command in i-0e65e143f69fd455f (sa-east-1, spot): /u/fvbr/bt.A.x
2025-05-22 16:05:42 - INFO - Connected (version 2.0, client OpenSSH_7.4)
2025-05-22 16:05:47 - INFO - Found credentials in shared credentials file: ~/.aws/credentials
2025-05-22 16:05:47 - INFO - r5a.24xlarge - 2.309100 - sa-east-1c
2025-05-22 16:05:47 - INFO - Updating file: results/results_lucas_sa-east-1.csv
2025-05-22 16:05:59 - INFO - Authentication (publickey) successful!
2025-05-22 16:05:59 - INFO - Running command in i-070acfbd87c139b77 (sa-east-1, spot): /u/fvbr/bt.A.x
2025-05-22 16:05:59 - INFO - Connected (version 2.0, client OpenSSH_7.4)
2025-05-22 16:06:03 - INFO - Found credentials in shared credentials file: ~/.aws/credentials
2025-05-22 16:06:03 - INFO - r5a.24xlarge - 1.390000 - sa-east-1a
2025-05-22 16:06:03 - INFO - Updating file: results/results_lucas_sa-east-1.csv
2025-05-22 16:06:15 - INFO - Authentication (publickey) successful!
2025-05-22 16:06:15 - INFO - Running command in i-033087fe123745355 (sa-east-1, spot): /u/fvbr/bt.A.x
2025-05-22 16:06:15 - INFO - Connected (version 2.0, client OpenSSH_7.4)
2025-05-22 16:06:18 - INFO - Found credentials in shared credentials file: ~/.aws/credentials
2025-05-22 16:06:19 - INFO - r5a.24xlarge - 1.390000 - sa-east-1a
2025-05-22 16:06:19 - INFO - Updating file: results/results_lucas_sa-east-1.csv
2025-05-22 16:06:31 - INFO - Authentication (publickey) successful!
2025-05-22 16:06:31 - INFO - Running command in i-06db1aa67dbb514b9 (sa-east-1, spot): /u/fvbr/bt.A.x
2025-05-22 16:06:31 - INFO - Connected (version 2.0, client OpenSSH_7.4)
2025-05-22 16:06:32 - INFO - Found credentials in shared credentials file: ~/.aws/credentials
2025-05-22 16:06:33 - INFO - c7i.48xlarge - 1.320500 - sa-east-1b
2025-05-22 16:06:33 - INFO - Updating file: results/results_lucas_sa-east-1.csv
2025-05-22 16:06:45 - INFO - Authentication (publickey) successful!
2025-05-22 16:06:45 - INFO - Running command in i-0fcfebad642ccf895 (sa-east-1, spot): /u/fvbr/bt.A.x
2025-05-22 16:06:45 - INFO - Connected (version 2.0, client OpenSSH_7.4)
2025-05-22 16:06:48 - INFO - Found credentials in shared credentials file: ~/.aws/credentials
2025-05-22 16:06:49 - INFO - r5a.24xlarge - 2.309100 - sa-east-1c
2025-05-22 16:06:49 - INFO - Updating file: results/results_lucas_sa-east-1.csv
2025-05-22 16:06:59 - INFO - Authentication (publickey) successful!
2025-05-22 16:06:59 - INFO - Running command in i-08d0741696632c56c (sa-east-1, spot): /u/fvbr/bt.A.x
2025-05-22 16:07:03 - INFO - Found credentials in shared credentials file: ~/.aws/credentials
2025-05-22 16:07:03 - INFO - r5a.24xlarge - 2.309100 - sa-east-1c
2025-05-22 16:07:03 - INFO - Updating file: results/results_lucas_sa-east-1.csv
2025-05-22 16:07:08 - INFO - All instances have been terminated.
2025-05-24 12:13:55 - INFO - Start execution in sa-east-1 Nodes=10 Benchmark=bt.A.x Allocation Strategy=price-capacity-optimized
2025-05-24 12:13:55 - INFO - Found credentials in shared credentials file: ~/.aws/credentials
2025-05-24 12:14:04 - INFO - Tempo que levou para receber response AWS: 8.095593 segundos
2025-05-24 12:14:04 - INFO - Fleet created with instances: ['i-05e4554b74d26eb87', 'i-0a023a3f2764fd235', 'i-0cc117fc2696d1709', 'i-098d5749c46f2d258', 'i-05d056d14e2bf1ea2', 'i-01abdc7ec6af188a6', 'i-0901c9bc221fae5c3', 'i-0a50c5b1b05a45de5', 'i-07141bf644c267068', 'i-00e7542c154a0c635']
2025-05-24 12:14:22 - INFO - Tempo que levou para as máquinas estarem running: 17.742917 segundos
2025-05-24 12:14:22 - INFO - Tempo que levou para criar o Fleet com 10 instâncias: 26.849126 segundos
2025-05-24 12:14:22 - INFO - 10 instâncias no total. Iniciando benchmark em paralelo...
2025-05-24 12:14:22 - INFO - Found credentials in shared credentials file: ~/.aws/credentials
2025-05-24 12:14:22 - INFO - Found credentials in shared credentials file: ~/.aws/credentials
2025-05-24 12:14:22 - INFO - Found credentials in shared credentials file: ~/.aws/credentials
2025-05-24 12:14:22 - INFO - Found credentials in shared credentials file: ~/.aws/credentials
2025-05-24 12:14:22 - INFO - Found credentials in shared credentials file: ~/.aws/credentials
2025-05-24 12:14:22 - INFO - Found credentials in shared credentials file: ~/.aws/credentials
2025-05-24 12:14:22 - INFO - Found credentials in shared credentials file: ~/.aws/credentials
2025-05-24 12:14:22 - INFO - Found credentials in shared credentials file: ~/.aws/credentials
2025-05-24 12:14:22 - INFO - Found credentials in shared credentials file: ~/.aws/credentials
2025-05-24 12:14:22 - INFO - Found credentials in shared credentials file: ~/.aws/credentials
2025-05-24 12:14:35 - INFO - Connected (version 2.0, client OpenSSH_7.4)
2025-05-24 12:14:43 - INFO - Authentication (publickey) failed.
2025-05-24 12:14:43 - WARNING - Attempt 1/5 failed for i-098d5749c46f2d258: Authentication failed.
2025-05-24 12:14:43 - INFO - Connected (version 2.0, client OpenSSH_7.4)
2025-05-24 12:14:53 - INFO - Found credentials in shared credentials file: ~/.aws/credentials
2025-05-24 12:15:08 - INFO - Authentication (publickey) successful!
2025-05-24 12:15:08 - INFO - Running command in i-01abdc7ec6af188a6 (sa-east-1, spot): /u/fvbr/bt.A.x
2025-05-24 12:15:08 - INFO - Connected (version 2.0, client OpenSSH_7.4)
2025-05-24 12:15:12 - INFO - Found credentials in shared credentials file: ~/.aws/credentials
2025-05-24 12:15:12 - INFO - m5a.24xlarge - 1.314200 - sa-east-1b
2025-05-24 12:15:12 - INFO - Updating file: results/results_lucas_sa-east-1.csv
2025-05-24 12:15:32 - INFO - Authentication (publickey) successful!
2025-05-24 12:15:32 - INFO - Running command in i-05d056d14e2bf1ea2 (sa-east-1, spot): /u/fvbr/bt.A.x
2025-05-24 12:15:32 - INFO - Connected (version 2.0, client OpenSSH_7.4)
2025-05-24 12:15:35 - INFO - Found credentials in shared credentials file: ~/.aws/credentials
2025-05-24 12:15:36 - INFO - m5a.24xlarge - 1.314200 - sa-east-1b
2025-05-24 12:15:36 - INFO - Updating file: results/results_lucas_sa-east-1.csv
2025-05-24 12:16:03 - WARNING - Attempt 1/5 failed for i-05e4554b74d26eb87: Authentication timeout.
2025-05-24 12:16:03 - INFO - Connected (version 2.0, client OpenSSH_7.4)
2025-05-24 12:16:11 - INFO - Authentication (publickey) successful!
2025-05-24 12:16:13 - INFO - Found credentials in shared credentials file: ~/.aws/credentials
2025-05-24 12:16:29 - INFO - Authentication (publickey) successful!
2025-05-24 12:16:29 - INFO - Running command in i-0a023a3f2764fd235 (sa-east-1, spot): /u/fvbr/bt.A.x
2025-05-24 12:16:29 - INFO - Connected (version 2.0, client OpenSSH_7.4)
2025-05-24 12:16:32 - INFO - Found credentials in shared credentials file: ~/.aws/credentials
2025-05-24 12:16:33 - INFO - r5a.24xlarge - 1.353600 - sa-east-1a
2025-05-24 12:16:33 - INFO - Updating file: results/results_lucas_sa-east-1.csv
2025-05-24 12:16:53 - INFO - Authentication (publickey) successful!
2025-05-24 12:16:53 - INFO - Running command in i-0cc117fc2696d1709 (sa-east-1, spot): /u/fvbr/bt.A.x
2025-05-24 12:16:53 - INFO - Connected (version 2.0, client OpenSSH_7.4)
2025-05-24 12:16:54 - INFO - Found credentials in shared credentials file: ~/.aws/credentials
2025-05-24 12:16:55 - INFO - c7i.48xlarge - 1.320500 - sa-east-1b
2025-05-24 12:16:55 - INFO - Updating file: results/results_lucas_sa-east-1.csv
2025-05-24 12:17:18 - INFO - Authentication (publickey) successful!
2025-05-24 12:17:18 - INFO - Running command in i-0a50c5b1b05a45de5 (sa-east-1, spot): /u/fvbr/bt.A.x
2025-05-24 12:17:18 - INFO - Connected (version 2.0, client OpenSSH_7.4)
2025-05-24 12:17:22 - INFO - Found credentials in shared credentials file: ~/.aws/credentials
2025-05-24 12:17:22 - INFO - m5ad.24xlarge - 1.248100 - sa-east-1c
2025-05-24 12:17:22 - INFO - Updating file: results/results_lucas_sa-east-1.csv
2025-05-24 12:17:40 - INFO - Authentication (publickey) successful!
2025-05-24 12:17:40 - INFO - Running command in i-0901c9bc221fae5c3 (sa-east-1, spot): /u/fvbr/bt.A.x
2025-05-24 12:17:40 - INFO - Connected (version 2.0, client OpenSSH_7.4)
2025-05-24 12:17:44 - INFO - Found credentials in shared credentials file: ~/.aws/credentials
2025-05-24 12:17:45 - INFO - m5ad.24xlarge - 1.248100 - sa-east-1c
2025-05-24 12:17:45 - INFO - Updating file: results/results_lucas_sa-east-1.csv
2025-05-24 12:18:04 - INFO - Authentication (publickey) successful!
2025-05-24 12:18:04 - INFO - Running command in i-00e7542c154a0c635 (sa-east-1, spot): /u/fvbr/bt.A.x
2025-05-24 12:18:04 - INFO - Connected (version 2.0, client OpenSSH_7.4)
2025-05-24 12:18:05 - INFO - Found credentials in shared credentials file: ~/.aws/credentials
2025-05-24 12:18:05 - INFO - c7i.48xlarge - 1.320500 - sa-east-1c
2025-05-24 12:18:05 - INFO - Updating file: results/results_lucas_sa-east-1.csv
2025-05-24 12:18:29 - INFO - Authentication (publickey) successful!
2025-05-24 12:18:29 - INFO - Running command in i-07141bf644c267068 (sa-east-1, spot): /u/fvbr/bt.A.x
2025-05-24 12:18:29 - INFO - Connected (version 2.0, client OpenSSH_7.4)
2025-05-24 12:18:30 - INFO - Found credentials in shared credentials file: ~/.aws/credentials
2025-05-24 12:18:31 - INFO - c7i.48xlarge - 1.320500 - sa-east-1c
2025-05-24 12:18:31 - INFO - Updating file: results/results_lucas_sa-east-1.csv
2025-05-24 12:18:54 - INFO - Authentication (publickey) successful!
2025-05-24 12:18:54 - INFO - Running command in i-098d5749c46f2d258 (sa-east-1, spot): /u/fvbr/bt.A.x
2025-05-24 12:18:54 - INFO - Connected (version 2.0, client OpenSSH_7.4)
2025-05-24 12:18:57 - INFO - Found credentials in shared credentials file: ~/.aws/credentials
2025-05-24 12:18:57 - INFO - m5a.24xlarge - 1.314200 - sa-east-1b
2025-05-24 12:18:57 - INFO - Updating file: results/results_lucas_sa-east-1.csv
2025-05-24 12:19:02 - INFO - Authentication (publickey) successful!
2025-05-24 12:19:02 - INFO - Running command in i-05e4554b74d26eb87 (sa-east-1, spot): /u/fvbr/bt.A.x
2025-05-24 12:19:05 - INFO - Found credentials in shared credentials file: ~/.aws/credentials
2025-05-24 12:19:06 - INFO - r5a.24xlarge - 1.353600 - sa-east-1a
2025-05-24 12:19:06 - INFO - Updating file: results/results_lucas_sa-east-1.csv
2025-05-24 12:19:11 - INFO - All instances have been terminated.
2025-05-24 22:37:35 - INFO - Start execution in sa-east-1 Nodes=10 Benchmark=bt.A.x Allocation Strategy=price-capacity-optimized
2025-05-24 22:37:35 - INFO - Found credentials in shared credentials file: ~/.aws/credentials
2025-05-24 22:37:39 - INFO - Tempo que levou para receber response AWS: 3.72996 segundos
2025-05-24 22:37:39 - INFO - Fleet created with instances: ['i-0bc79d88abb0b3762', 'i-0d4d120192d9b2b64', 'i-0721d4dca73265441', 'i-01fc3aa7fce493834', 'i-076bdf3d600d377a6', 'i-088e558650c7b205b', 'i-0e4c6915ca36af5c5', 'i-08ad433661edc5bd3', 'i-03310ea961f88df98', 'i-0f3f076a72debcbd4']
2025-05-24 22:37:57 - INFO - Tempo que levou para as máquinas estarem running: 17.798371 segundos
2025-05-24 22:37:57 - INFO - Tempo que levou para criar o Fleet com 10 instâncias: 22.424506 segundos
2025-05-24 22:37:57 - INFO - 10 instâncias no total. Iniciando benchmark em paralelo...
2025-05-24 22:37:57 - INFO - Found credentials in shared credentials file: ~/.aws/credentials
2025-05-24 22:37:57 - INFO - Found credentials in shared credentials file: ~/.aws/credentials
2025-05-24 22:37:57 - INFO - Found credentials in shared credentials file: ~/.aws/credentials
2025-05-24 22:37:57 - INFO - Found credentials in shared credentials file: ~/.aws/credentials
2025-05-24 22:37:57 - INFO - Found credentials in shared credentials file: ~/.aws/credentials
2025-05-24 22:37:57 - INFO - Found credentials in shared credentials file: ~/.aws/credentials
2025-05-24 22:37:57 - INFO - Found credentials in shared credentials file: ~/.aws/credentials
2025-05-24 22:37:57 - INFO - Found credentials in shared credentials file: ~/.aws/credentials
2025-05-24 22:37:57 - INFO - Found credentials in shared credentials file: ~/.aws/credentials
2025-05-24 22:37:57 - INFO - Found credentials in shared credentials file: ~/.aws/credentials
2025-05-24 22:38:15 - INFO - Connected (version 2.0, client OpenSSH_7.4)
2025-05-24 22:38:20 - INFO - Authentication (publickey) failed.
2025-05-24 22:38:20 - WARNING - Attempt 1/5 failed for i-0d4d120192d9b2b64: Authentication failed.
2025-05-24 22:38:20 - INFO - Connected (version 2.0, client OpenSSH_7.4)
2025-05-24 22:38:20 - INFO - Authentication (publickey) failed.
2025-05-24 22:38:20 - WARNING - Attempt 1/5 failed for i-0721d4dca73265441: Authentication failed.
2025-05-24 22:38:20 - INFO - Connected (version 2.0, client OpenSSH_7.4)
2025-05-24 22:38:30 - INFO - Found credentials in shared credentials file: ~/.aws/credentials
2025-05-24 22:38:31 - INFO - Found credentials in shared credentials file: ~/.aws/credentials
2025-05-24 22:38:48 - INFO - Authentication (publickey) successful!
2025-05-24 22:38:48 - INFO - Running command in i-08ad433661edc5bd3 (sa-east-1, spot): /u/fvbr/bt.A.x
2025-05-24 22:38:48 - INFO - Connected (version 2.0, client OpenSSH_7.4)
2025-05-24 22:38:51 - INFO - Found credentials in shared credentials file: ~/.aws/credentials
2025-05-24 22:38:51 - INFO - m5a.24xlarge - 1.308700 - sa-east-1b
2025-05-24 22:38:51 - INFO - Updating file: results/results_lucas_sa-east-1.csv
2025-05-24 22:39:10 - INFO - Authentication (publickey) successful!
2025-05-24 22:39:10 - INFO - Running command in i-01fc3aa7fce493834 (sa-east-1, spot): /u/fvbr/bt.A.x
2025-05-24 22:39:10 - INFO - Connected (version 2.0, client OpenSSH_7.4)
2025-05-24 22:39:13 - INFO - Found credentials in shared credentials file: ~/.aws/credentials
2025-05-24 22:39:13 - INFO - m5a.24xlarge - 1.308700 - sa-east-1b
2025-05-24 22:39:13 - INFO - Updating file: results/results_lucas_sa-east-1.csv
2025-05-24 22:39:40 - WARNING - Attempt 1/5 failed for i-0bc79d88abb0b3762: Authentication timeout.
2025-05-24 22:39:40 - INFO - Connected (version 2.0, client OpenSSH_7.4)
2025-05-24 22:39:46 - INFO - Authentication (publickey) successful!
2025-05-24 22:39:50 - INFO - Found credentials in shared credentials file: ~/.aws/credentials
2025-05-24 22:40:10 - WARNING - Attempt 1/5 failed for i-0e4c6915ca36af5c5: Authentication timeout.
2025-05-24 22:40:10 - INFO - Connected (version 2.0, client OpenSSH_7.4)
2025-05-24 22:40:18 - INFO - Authentication (publickey) successful!
2025-05-24 22:40:20 - INFO - Found credentials in shared credentials file: ~/.aws/credentials
2025-05-24 22:40:34 - INFO - Authentication (publickey) successful!
2025-05-24 22:40:34 - INFO - Running command in i-088e558650c7b205b (sa-east-1, spot): /u/fvbr/bt.A.x
2025-05-24 22:40:34 - INFO - Connected (version 2.0, client OpenSSH_7.4)
2025-05-24 22:40:38 - INFO - Found credentials in shared credentials file: ~/.aws/credentials
2025-05-24 22:40:39 - INFO - m5a.24xlarge - 1.308700 - sa-east-1b
2025-05-24 22:40:39 - INFO - Updating file: results/results_lucas_sa-east-1.csv
2025-05-24 22:40:59 - INFO - Authentication (publickey) successful!
2025-05-24 22:40:59 - INFO - Running command in i-076bdf3d600d377a6 (sa-east-1, spot): /u/fvbr/bt.A.x
2025-05-24 22:40:59 - INFO - Connected (version 2.0, client OpenSSH_7.4)
2025-05-24 22:41:02 - INFO - Found credentials in shared credentials file: ~/.aws/credentials
2025-05-24 22:41:03 - INFO - m5a.24xlarge - 1.308700 - sa-east-1b
2025-05-24 22:41:03 - INFO - Updating file: results/results_lucas_sa-east-1.csv
2025-05-24 22:41:22 - INFO - Authentication (publickey) successful!
2025-05-24 22:41:22 - INFO - Running command in i-03310ea961f88df98 (sa-east-1, spot): /u/fvbr/bt.A.x
2025-05-24 22:41:22 - INFO - Connected (version 2.0, client OpenSSH_7.4)
2025-05-24 22:41:25 - INFO - Found credentials in shared credentials file: ~/.aws/credentials
2025-05-24 22:41:25 - INFO - m5ad.24xlarge - 1.234900 - sa-east-1c
2025-05-24 22:41:25 - INFO - Updating file: results/results_lucas_sa-east-1.csv
2025-05-24 22:41:46 - INFO - Authentication (publickey) successful!
2025-05-24 22:41:46 - INFO - Running command in i-0f3f076a72debcbd4 (sa-east-1, spot): /u/fvbr/bt.A.x
2025-05-24 22:41:46 - INFO - Connected (version 2.0, client OpenSSH_7.4)
2025-05-24 22:41:50 - INFO - Found credentials in shared credentials file: ~/.aws/credentials
2025-05-24 22:41:51 - INFO - m5ad.24xlarge - 1.234900 - sa-east-1c
2025-05-24 22:41:51 - INFO - Updating file: results/results_lucas_sa-east-1.csv
2025-05-24 22:42:09 - INFO - Authentication (publickey) successful!
2025-05-24 22:42:09 - INFO - Running command in i-0d4d120192d9b2b64 (sa-east-1, spot): /u/fvbr/bt.A.x
2025-05-24 22:42:09 - INFO - Connected (version 2.0, client OpenSSH_7.4)
2025-05-24 22:42:14 - INFO - Found credentials in shared credentials file: ~/.aws/credentials
2025-05-24 22:42:14 - INFO - m5a.24xlarge - 1.308700 - sa-east-1b
2025-05-24 22:42:14 - INFO - Updating file: results/results_lucas_sa-east-1.csv
2025-05-24 22:42:32 - INFO - Authentication (publickey) successful!
2025-05-24 22:42:32 - INFO - Running command in i-0721d4dca73265441 (sa-east-1, spot): /u/fvbr/bt.A.x
2025-05-24 22:42:32 - INFO - Connected (version 2.0, client OpenSSH_7.4)
2025-05-24 22:42:36 - INFO - Found credentials in shared credentials file: ~/.aws/credentials
2025-05-24 22:42:36 - INFO - m5a.24xlarge - 1.308700 - sa-east-1b
2025-05-24 22:42:36 - INFO - Updating file: results/results_lucas_sa-east-1.csv
2025-05-24 22:42:40 - INFO - Authentication (publickey) successful!
2025-05-24 22:42:40 - INFO - Running command in i-0bc79d88abb0b3762 (sa-east-1, spot): /u/fvbr/bt.A.x
2025-05-24 22:42:40 - INFO - Connected (version 2.0, client OpenSSH_7.4)
2025-05-24 22:42:42 - INFO - Found credentials in shared credentials file: ~/.aws/credentials
2025-05-24 22:42:43 - INFO - m5a.24xlarge - 1.308700 - sa-east-1b
2025-05-24 22:42:43 - INFO - Updating file: results/results_lucas_sa-east-1.csv
2025-05-24 22:42:47 - INFO - Authentication (publickey) successful!
2025-05-24 22:42:47 - INFO - Running command in i-0e4c6915ca36af5c5 (sa-east-1, spot): /u/fvbr/bt.A.x
2025-05-24 22:42:50 - INFO - Found credentials in shared credentials file: ~/.aws/credentials
2025-05-24 22:42:51 - INFO - m5a.24xlarge - 1.308700 - sa-east-1b
2025-05-24 22:42:51 - INFO - Updating file: results/results_lucas_sa-east-1.csv
2025-05-24 22:42:55 - INFO - All instances have been terminated.
2025-05-24 23:02:46 - INFO - Start execution in sa-east-1 Nodes=10 Benchmark=bt.A.x Allocation Strategy=lowest-price
2025-05-24 23:02:46 - INFO - Found credentials in shared credentials file: ~/.aws/credentials
2025-05-24 23:02:51 - INFO - Tempo que levou para receber response AWS: 4.221763 segundos
2025-05-24 23:02:51 - INFO - Found credentials in shared credentials file: ~/.aws/credentials
2025-05-24 23:02:51 - INFO - m6a.24xlarge - 0.661000 - sa-east-1b
2025-05-24 23:02:51 - INFO - Updating file: results/results_lucas_sa-east-1.csv
2025-05-24 23:02:51 - INFO - Fleet created with instances: ['i-0b699c77018c10f18', 'i-084c7da43f9ccf450', 'i-05149d85b1ad1971d', 'i-075dea8763b740ee0', 'i-0c49aeec42d3367c2', 'i-0fcf880babac6a578', 'i-0481ad026cfc31647', 'i-08940e783a04391fb', 'i-09a1fdf728bf8d29a', 'i-07db803984a80c838']
2025-05-24 23:03:09 - INFO - Tempo que levou para as máquinas estarem running: 17.633802 segundos
2025-05-24 23:03:09 - INFO - Tempo que levou para criar o Fleet com 10 instâncias: 23.277649 segundos
2025-05-24 23:03:09 - INFO - 10 instâncias no total. Iniciando benchmark em paralelo...
2025-05-24 23:03:09 - INFO - Found credentials in shared credentials file: ~/.aws/credentials
2025-05-24 23:03:09 - INFO - Found credentials in shared credentials file: ~/.aws/credentials
2025-05-24 23:03:09 - INFO - Found credentials in shared credentials file: ~/.aws/credentials
2025-05-24 23:03:09 - INFO - Found credentials in shared credentials file: ~/.aws/credentials
2025-05-24 23:03:09 - INFO - Found credentials in shared credentials file: ~/.aws/credentials
2025-05-24 23:03:09 - INFO - Found credentials in shared credentials file: ~/.aws/credentials
2025-05-24 23:03:10 - INFO - Found credentials in shared credentials file: ~/.aws/credentials
2025-05-24 23:03:10 - INFO - Found credentials in shared credentials file: ~/.aws/credentials
2025-05-24 23:03:10 - INFO - Found credentials in shared credentials file: ~/.aws/credentials
2025-05-24 23:03:10 - INFO - Found credentials in shared credentials file: ~/.aws/credentials
2025-05-24 23:03:17 - INFO - Connected (version 2.0, client OpenSSH_7.4)
2025-05-24 23:03:22 - INFO - Authentication (publickey) failed.
2025-05-24 23:03:22 - WARNING - Attempt 1/5 failed for i-05149d85b1ad1971d: Authentication failed.
2025-05-24 23:03:23 - INFO - Connected (version 2.0, client OpenSSH_7.4)
2025-05-24 23:03:23 - INFO - Authentication (publickey) failed.
2025-05-24 23:03:23 - WARNING - Attempt 1/5 failed for i-0fcf880babac6a578: Authentication failed.
2025-05-24 23:03:23 - INFO - Connected (version 2.0, client OpenSSH_7.4)
2025-05-24 23:03:33 - INFO - Found credentials in shared credentials file: ~/.aws/credentials
2025-05-24 23:03:33 - INFO - Found credentials in shared credentials file: ~/.aws/credentials
2025-05-24 23:03:48 - INFO - Authentication (publickey) successful!
2025-05-24 23:03:48 - INFO - Running command in i-0c49aeec42d3367c2 (sa-east-1, spot): /u/fvbr/bt.A.x
2025-05-24 23:03:48 - INFO - Connected (version 2.0, client OpenSSH_7.4)
2025-05-24 23:03:50 - INFO - Found credentials in shared credentials file: ~/.aws/credentials
2025-05-24 23:03:50 - INFO - m6a.24xlarge - 0.661000 - sa-east-1b
2025-05-24 23:03:50 - INFO - Updating file: results/results_lucas_sa-east-1.csv
2025-05-24 23:04:12 - INFO - Authentication (publickey) successful!
2025-05-24 23:04:12 - INFO - Running command in i-07db803984a80c838 (sa-east-1, spot): /u/fvbr/bt.A.x
2025-05-24 23:04:12 - INFO - Connected (version 2.0, client OpenSSH_7.4)
2025-05-24 23:04:14 - INFO - Found credentials in shared credentials file: ~/.aws/credentials
2025-05-24 23:04:14 - INFO - c6a.24xlarge - 0.758000 - sa-east-1a
2025-05-24 23:04:14 - INFO - Updating file: results/results_lucas_sa-east-1.csv
2025-05-24 23:04:42 - WARNING - Attempt 1/5 failed for i-0b699c77018c10f18: Authentication timeout.
2025-05-24 23:04:42 - INFO - Connected (version 2.0, client OpenSSH_7.4)
2025-05-24 23:04:45 - INFO - Authentication (publickey) successful!
2025-05-24 23:04:52 - INFO - Found credentials in shared credentials file: ~/.aws/credentials
2025-05-24 23:05:07 - INFO - Authentication (publickey) successful!
2025-05-24 23:05:07 - INFO - Running command in i-0481ad026cfc31647 (sa-east-1, spot): /u/fvbr/bt.A.x
2025-05-24 23:05:07 - INFO - Connected (version 2.0, client OpenSSH_7.4)
2025-05-24 23:05:08 - INFO - Found credentials in shared credentials file: ~/.aws/credentials
2025-05-24 23:05:09 - INFO - m6a.24xlarge - 0.661000 - sa-east-1b
2025-05-24 23:05:09 - INFO - Updating file: results/results_lucas_sa-east-1.csv
2025-05-24 23:05:29 - INFO - Authentication (publickey) successful!
2025-05-24 23:05:29 - INFO - Running command in i-09a1fdf728bf8d29a (sa-east-1, spot): /u/fvbr/bt.A.x
2025-05-24 23:05:29 - INFO - Connected (version 2.0, client OpenSSH_7.4)
2025-05-24 23:05:30 - INFO - Found credentials in shared credentials file: ~/.aws/credentials
2025-05-24 23:05:31 - INFO - c6a.24xlarge - 0.758000 - sa-east-1a
2025-05-24 23:05:31 - INFO - Updating file: results/results_lucas_sa-east-1.csv
2025-05-24 23:05:51 - INFO - Authentication (publickey) successful!
2025-05-24 23:05:51 - INFO - Running command in i-08940e783a04391fb (sa-east-1, spot): /u/fvbr/bt.A.x
2025-05-24 23:05:51 - INFO - Connected (version 2.0, client OpenSSH_7.4)
2025-05-24 23:05:52 - INFO - Found credentials in shared credentials file: ~/.aws/credentials
2025-05-24 23:05:53 - INFO - c6a.24xlarge - 0.758000 - sa-east-1a
2025-05-24 23:05:53 - INFO - Updating file: results/results_lucas_sa-east-1.csv
2025-05-24 23:06:13 - INFO - Authentication (publickey) successful!
2025-05-24 23:06:13 - INFO - Running command in i-084c7da43f9ccf450 (sa-east-1, spot): /u/fvbr/bt.A.x
2025-05-24 23:06:13 - INFO - Connected (version 2.0, client OpenSSH_7.4)
2025-05-24 23:06:15 - INFO - Found credentials in shared credentials file: ~/.aws/credentials
2025-05-24 23:06:15 - INFO - m6a.24xlarge - 0.661000 - sa-east-1b
2025-05-24 23:06:15 - INFO - Updating file: results/results_lucas_sa-east-1.csv
2025-05-24 23:06:37 - INFO - Authentication (publickey) successful!
2025-05-24 23:06:37 - INFO - Running command in i-075dea8763b740ee0 (sa-east-1, spot): /u/fvbr/bt.A.x
2025-05-24 23:06:37 - INFO - Connected (version 2.0, client OpenSSH_7.4)
2025-05-24 23:06:38 - INFO - Found credentials in shared credentials file: ~/.aws/credentials
2025-05-24 23:06:39 - INFO - m6a.24xlarge - 0.661000 - sa-east-1b
2025-05-24 23:06:39 - INFO - Updating file: results/results_lucas_sa-east-1.csv
2025-05-24 23:07:02 - INFO - Authentication (publickey) successful!
2025-05-24 23:07:02 - INFO - Running command in i-05149d85b1ad1971d (sa-east-1, spot): /u/fvbr/bt.A.x
2025-05-24 23:07:02 - INFO - Connected (version 2.0, client OpenSSH_7.4)
2025-05-24 23:07:04 - INFO - Found credentials in shared credentials file: ~/.aws/credentials
2025-05-24 23:07:04 - INFO - m6a.24xlarge - 0.661000 - sa-east-1b
2025-05-24 23:07:04 - INFO - Updating file: results/results_lucas_sa-east-1.csv
2025-05-24 23:07:24 - INFO - Authentication (publickey) successful!
2025-05-24 23:07:24 - INFO - Running command in i-0fcf880babac6a578 (sa-east-1, spot): /u/fvbr/bt.A.x
2025-05-24 23:07:24 - INFO - Connected (version 2.0, client OpenSSH_7.4)
2025-05-24 23:07:26 - INFO - Found credentials in shared credentials file: ~/.aws/credentials
2025-05-24 23:07:26 - INFO - m6a.24xlarge - 0.661000 - sa-east-1b
2025-05-24 23:07:27 - INFO - Updating file: results/results_lucas_sa-east-1.csv
2025-05-24 23:07:32 - INFO - Authentication (publickey) successful!
2025-05-24 23:07:32 - INFO - Running command in i-0b699c77018c10f18 (sa-east-1, spot): /u/fvbr/bt.A.x
2025-05-24 23:07:33 - INFO - Found credentials in shared credentials file: ~/.aws/credentials
2025-05-24 23:07:34 - INFO - m6a.24xlarge - 0.661000 - sa-east-1b
2025-05-24 23:07:34 - INFO - Updating file: results/results_lucas_sa-east-1.csv
2025-05-24 23:07:39 - INFO - All instances have been terminated.
2025-05-25 10:47:47 - INFO - Start execution in sa-east-1 Nodes=10 Benchmark=bt.A.x Allocation Strategy=lowest-price
2025-05-25 10:47:47 - INFO - Found credentials in shared credentials file: ~/.aws/credentials
2025-05-25 10:47:52 - INFO - Tempo que levou para receber response AWS: 4.338373 segundos
2025-05-25 10:47:52 - INFO - Found credentials in shared credentials file: ~/.aws/credentials
2025-05-25 10:47:52 - INFO - m6a.24xlarge - 0.667100 - sa-east-1b
2025-05-25 10:47:52 - INFO - Updating file: results/results_lucas_sa-east-1.csv
2025-05-25 10:47:52 - INFO - Fleet created with instances: ['i-07ab8a03524c28365', 'i-047e53781ecd98917', 'i-0268f3b5bc0c438ce', 'i-073591d2ec96eb154', 'i-0d894cc1db92e5bb1', 'i-07444ba4ab9ff6d0e', 'i-0c662d805f73406a9', 'i-0648d3279fd4f8f94', 'i-07f335568cc397633', 'i-0ef595225efd046d1']
2025-05-25 10:48:11 - INFO - Tempo que levou para as máquinas estarem running: 17.656621 segundos
2025-05-25 10:48:11 - INFO - Tempo que levou para criar o Fleet com 10 instâncias: 23.577872 segundos
2025-05-25 10:48:11 - INFO - 10 instâncias no total. Iniciando benchmark em paralelo...
2025-05-25 10:48:11 - INFO - Found credentials in shared credentials file: ~/.aws/credentials
2025-05-25 10:48:11 - INFO - Found credentials in shared credentials file: ~/.aws/credentials
2025-05-25 10:48:11 - INFO - Found credentials in shared credentials file: ~/.aws/credentials
2025-05-25 10:48:11 - INFO - Found credentials in shared credentials file: ~/.aws/credentials
2025-05-25 10:48:11 - INFO - Found credentials in shared credentials file: ~/.aws/credentials
2025-05-25 10:48:11 - INFO - Found credentials in shared credentials file: ~/.aws/credentials
2025-05-25 10:48:11 - INFO - Found credentials in shared credentials file: ~/.aws/credentials
2025-05-25 10:48:11 - INFO - Found credentials in shared credentials file: ~/.aws/credentials
2025-05-25 10:48:11 - INFO - Found credentials in shared credentials file: ~/.aws/credentials
2025-05-25 10:48:11 - INFO - Found credentials in shared credentials file: ~/.aws/credentials
2025-05-25 10:48:18 - INFO - Connected (version 2.0, client OpenSSH_7.4)
2025-05-25 10:48:24 - INFO - Authentication (publickey) failed.
2025-05-25 10:48:24 - WARNING - Attempt 1/5 failed for i-0ef595225efd046d1: Authentication failed.
2025-05-25 10:48:24 - INFO - Connected (version 2.0, client OpenSSH_7.4)
2025-05-25 10:48:34 - INFO - Found credentials in shared credentials file: ~/.aws/credentials
2025-05-25 10:48:34 - INFO - Authentication (publickey) failed.
2025-05-25 10:48:34 - WARNING - Attempt 1/5 failed for i-0d894cc1db92e5bb1: Authentication failed.
2025-05-25 10:48:34 - INFO - Connected (version 2.0, client OpenSSH_7.4)
2025-05-25 10:48:44 - INFO - Found credentials in shared credentials file: ~/.aws/credentials
2025-05-25 10:48:57 - INFO - Authentication (publickey) successful!
2025-05-25 10:48:57 - INFO - Running command in i-07ab8a03524c28365 (sa-east-1, spot): /u/fvbr/bt.A.x
2025-05-25 10:48:57 - INFO - Connected (version 2.0, client OpenSSH_7.4)
2025-05-25 10:48:59 - INFO - Found credentials in shared credentials file: ~/.aws/credentials
2025-05-25 10:48:59 - INFO - m6a.24xlarge - 0.667100 - sa-east-1b
2025-05-25 10:48:59 - INFO - Updating file: results/results_lucas_sa-east-1.csv
2025-05-25 10:49:18 - INFO - Authentication (publickey) successful!
2025-05-25 10:49:18 - INFO - Running command in i-0648d3279fd4f8f94 (sa-east-1, spot): /u/fvbr/bt.A.x
2025-05-25 10:49:18 - INFO - Connected (version 2.0, client OpenSSH_7.4)
2025-05-25 10:49:20 - INFO - Found credentials in shared credentials file: ~/.aws/credentials
2025-05-25 10:49:20 - INFO - c6a.24xlarge - 0.794300 - sa-east-1a
2025-05-25 10:49:20 - INFO - Updating file: results/results_lucas_sa-east-1.csv
2025-05-25 10:49:44 - INFO - Authentication (publickey) successful!
2025-05-25 10:49:44 - INFO - Running command in i-07f335568cc397633 (sa-east-1, spot): /u/fvbr/bt.A.x
2025-05-25 10:49:44 - INFO - Connected (version 2.0, client OpenSSH_7.4)
2025-05-25 10:49:45 - INFO - Found credentials in shared credentials file: ~/.aws/credentials
2025-05-25 10:49:46 - INFO - c6a.24xlarge - 0.794300 - sa-east-1a
2025-05-25 10:49:46 - INFO - Updating file: results/results_lucas_sa-east-1.csv
2025-05-25 10:50:08 - INFO - Authentication (publickey) successful!
2025-05-25 10:50:08 - INFO - Running command in i-073591d2ec96eb154 (sa-east-1, spot): /u/fvbr/bt.A.x
2025-05-25 10:50:08 - INFO - Connected (version 2.0, client OpenSSH_7.4)
2025-05-25 10:50:10 - INFO - Found credentials in shared credentials file: ~/.aws/credentials
2025-05-25 10:50:10 - INFO - m6a.24xlarge - 0.667100 - sa-east-1b
2025-05-25 10:50:10 - INFO - Updating file: results/results_lucas_sa-east-1.csv
2025-05-25 10:50:32 - INFO - Authentication (publickey) successful!
2025-05-25 10:50:32 - INFO - Running command in i-047e53781ecd98917 (sa-east-1, spot): /u/fvbr/bt.A.x
2025-05-25 10:50:32 - INFO - Connected (version 2.0, client OpenSSH_7.4)
2025-05-25 10:50:33 - INFO - Found credentials in shared credentials file: ~/.aws/credentials
2025-05-25 10:50:34 - INFO - m6a.24xlarge - 0.667100 - sa-east-1b
2025-05-25 10:50:34 - INFO - Updating file: results/results_lucas_sa-east-1.csv
2025-05-25 10:50:54 - INFO - Authentication (publickey) successful!
2025-05-25 10:50:54 - INFO - Running command in i-0268f3b5bc0c438ce (sa-east-1, spot): /u/fvbr/bt.A.x
2025-05-25 10:50:54 - INFO - Connected (version 2.0, client OpenSSH_7.4)
2025-05-25 10:50:56 - INFO - Found credentials in shared credentials file: ~/.aws/credentials
2025-05-25 10:50:57 - INFO - m6a.24xlarge - 0.667100 - sa-east-1b
2025-05-25 10:50:57 - INFO - Updating file: results/results_lucas_sa-east-1.csv
2025-05-25 10:51:17 - INFO - Authentication (publickey) successful!
2025-05-25 10:51:17 - INFO - Running command in i-0c662d805f73406a9 (sa-east-1, spot): /u/fvbr/bt.A.x
2025-05-25 10:51:17 - INFO - Connected (version 2.0, client OpenSSH_7.4)
2025-05-25 10:51:19 - INFO - Found credentials in shared credentials file: ~/.aws/credentials
2025-05-25 10:51:19 - INFO - m6a.24xlarge - 0.667100 - sa-east-1b
2025-05-25 10:51:19 - INFO - Updating file: results/results_lucas_sa-east-1.csv
2025-05-25 10:51:40 - INFO - Authentication (publickey) successful!
2025-05-25 10:51:40 - INFO - Running command in i-07444ba4ab9ff6d0e (sa-east-1, spot): /u/fvbr/bt.A.x
2025-05-25 10:51:40 - INFO - Connected (version 2.0, client OpenSSH_7.4)
2025-05-25 10:51:41 - INFO - Found credentials in shared credentials file: ~/.aws/credentials
2025-05-25 10:51:42 - INFO - m6a.24xlarge - 0.667100 - sa-east-1b
2025-05-25 10:51:42 - INFO - Updating file: results/results_lucas_sa-east-1.csv
2025-05-25 10:52:01 - INFO - Authentication (publickey) successful!
2025-05-25 10:52:01 - INFO - Running command in i-0ef595225efd046d1 (sa-east-1, spot): /u/fvbr/bt.A.x
2025-05-25 10:52:01 - INFO - Connected (version 2.0, client OpenSSH_7.4)
2025-05-25 10:52:03 - INFO - Found credentials in shared credentials file: ~/.aws/credentials
2025-05-25 10:52:03 - INFO - c6a.24xlarge - 0.794300 - sa-east-1a
2025-05-25 10:52:03 - INFO - Updating file: results/results_lucas_sa-east-1.csv
2025-05-25 10:52:23 - INFO - Authentication (publickey) successful!
2025-05-25 10:52:23 - INFO - Running command in i-0d894cc1db92e5bb1 (sa-east-1, spot): /u/fvbr/bt.A.x
2025-05-25 10:52:25 - INFO - Found credentials in shared credentials file: ~/.aws/credentials
2025-05-25 10:52:26 - INFO - m6a.24xlarge - 0.667100 - sa-east-1b
2025-05-25 10:52:26 - INFO - Updating file: results/results_lucas_sa-east-1.csv
2025-05-25 10:52:30 - INFO - All instances have been terminated.
2025-05-28 12:04:17 - INFO - Start execution in sa-east-1 Nodes=10 Benchmark=bt.A.x Allocation Strategy=price-capacity-optimized
2025-05-28 12:04:17 - INFO - Found credentials in shared credentials file: ~/.aws/credentials
2025-05-28 12:04:27 - INFO - Tempo que levou para receber response AWS: 8.776802 segundos
2025-05-28 12:04:27 - INFO - Found credentials in shared credentials file: ~/.aws/credentials
2025-05-28 12:04:27 - WARNING - No spot price history found.
2025-05-28 12:04:27 - INFO - Updating file: results/results_lucas_sa-east-1.csv
2025-05-28 12:04:27 - INFO - Found credentials in shared credentials file: ~/.aws/credentials
2025-05-28 12:04:28 - WARNING - No spot price history found.
2025-05-28 12:04:28 - INFO - Updating file: results/results_lucas_sa-east-1.csv
2025-05-28 12:04:28 - INFO - Found credentials in shared credentials file: ~/.aws/credentials
2025-05-28 12:04:28 - WARNING - No spot price history found.
2025-05-28 12:04:28 - INFO - Updating file: results/results_lucas_sa-east-1.csv
2025-05-28 12:04:28 - INFO - Found credentials in shared credentials file: ~/.aws/credentials
2025-05-28 12:04:29 - WARNING - No spot price history found.
2025-05-28 12:04:29 - INFO - Updating file: results/results_lucas_sa-east-1.csv
2025-05-28 12:04:29 - INFO - Found credentials in shared credentials file: ~/.aws/credentials
2025-05-28 12:04:29 - WARNING - No spot price history found.
2025-05-28 12:04:29 - INFO - Updating file: results/results_lucas_sa-east-1.csv
2025-05-28 12:04:29 - INFO - Fleet created with instances: ['i-07668bb90f0952e16', 'i-0dde5a8d6576dada1', 'i-0902170dc5ec56174', 'i-0381cae8cac78bb5c', 'i-08a79b595e881345d', 'i-07d7ebd21cf6ed546', 'i-0b627363899e33635', 'i-07110310b2b6e442f', 'i-0374989f6086e1686', 'i-031b13d7a41c3d3dd']
2025-05-28 12:04:32 - INFO - Tempo que levou para as máquinas estarem running: 2.546041 segundos
2025-05-28 12:04:32 - INFO - Tempo que levou para criar o Fleet com 10 instâncias: 15.258659 segundos
2025-05-28 12:04:32 - INFO - 10 instâncias no total. Iniciando benchmark em paralelo...
2025-05-28 12:04:33 - INFO - Found credentials in shared credentials file: ~/.aws/credentials
2025-05-28 12:04:33 - INFO - Found credentials in shared credentials file: ~/.aws/credentials
2025-05-28 12:04:33 - INFO - Found credentials in shared credentials file: ~/.aws/credentials
2025-05-28 12:04:33 - INFO - Found credentials in shared credentials file: ~/.aws/credentials
2025-05-28 12:04:33 - INFO - Found credentials in shared credentials file: ~/.aws/credentials
2025-05-28 12:04:33 - INFO - Found credentials in shared credentials file: ~/.aws/credentials
2025-05-28 12:04:33 - INFO - Found credentials in shared credentials file: ~/.aws/credentials
2025-05-28 12:04:33 - INFO - Found credentials in shared credentials file: ~/.aws/credentials
2025-05-28 12:04:33 - INFO - Found credentials in shared credentials file: ~/.aws/credentials
2025-05-28 12:04:33 - INFO - Found credentials in shared credentials file: ~/.aws/credentials
2025-05-28 12:05:01 - INFO - Connected (version 2.0, client OpenSSH_7.4)
2025-05-28 12:05:05 - INFO - Authentication (publickey) failed.
2025-05-28 12:05:05 - WARNING - Attempt 1/5 failed for i-08a79b595e881345d: Authentication failed.
2025-05-28 12:05:05 - INFO - Connected (version 2.0, client OpenSSH_7.4)
2025-05-28 12:05:15 - INFO - Found credentials in shared credentials file: ~/.aws/credentials
2025-05-28 12:05:15 - INFO - Authentication (publickey) failed.
2025-05-28 12:05:15 - WARNING - Attempt 1/5 failed for i-0902170dc5ec56174: Authentication failed.
2025-05-28 12:05:16 - INFO - Connected (version 2.0, client OpenSSH_7.4)
2025-05-28 12:05:25 - INFO - Found credentials in shared credentials file: ~/.aws/credentials
2025-05-28 12:05:33 - INFO - Authentication (publickey) successful!
2025-05-28 12:05:33 - INFO - Running command in i-0381cae8cac78bb5c (sa-east-1, spot): /u/fvbr/bt.A.x
2025-05-28 12:05:33 - INFO - Connected (version 2.0, client OpenSSH_7.4)
2025-05-28 12:05:37 - INFO - Found credentials in shared credentials file: ~/.aws/credentials
2025-05-28 12:05:38 - INFO - m5a.24xlarge - 1.164700 - sa-east-1c
2025-05-28 12:05:38 - INFO - Updating file: results/results_lucas_sa-east-1.csv
2025-05-28 12:05:49 - INFO - Authentication (publickey) successful!
2025-05-28 12:05:49 - INFO - Running command in i-07d7ebd21cf6ed546 (sa-east-1, spot): /u/fvbr/bt.A.x
2025-05-28 12:05:49 - INFO - Connected (version 2.0, client OpenSSH_7.4)
2025-05-28 12:05:53 - INFO - Found credentials in shared credentials file: ~/.aws/credentials
2025-05-28 12:05:54 - INFO - m5a.24xlarge - 1.164700 - sa-east-1c
2025-05-28 12:05:54 - INFO - Updating file: results/results_lucas_sa-east-1.csv
2025-05-28 12:06:06 - INFO - Authentication (publickey) successful!
2025-05-28 12:06:06 - INFO - Running command in i-0b627363899e33635 (sa-east-1, spot): /u/fvbr/bt.A.x
2025-05-28 12:06:06 - INFO - Connected (version 2.0, client OpenSSH_7.4)
2025-05-28 12:06:10 - INFO - Found credentials in shared credentials file: ~/.aws/credentials
2025-05-28 12:06:10 - INFO - m5a.24xlarge - 1.292100 - sa-east-1b
2025-05-28 12:06:10 - INFO - Updating file: results/results_lucas_sa-east-1.csv
2025-05-28 12:06:22 - INFO - Authentication (publickey) successful!
2025-05-28 12:06:22 - INFO - Running command in i-07668bb90f0952e16 (sa-east-1, spot): /u/fvbr/bt.A.x
2025-05-28 12:06:22 - INFO - Connected (version 2.0, client OpenSSH_7.4)
2025-05-28 12:06:25 - INFO - Found credentials in shared credentials file: ~/.aws/credentials
2025-05-28 12:06:26 - INFO - r5a.24xlarge - 1.412300 - sa-east-1a
2025-05-28 12:06:26 - INFO - Updating file: results/results_lucas_sa-east-1.csv
2025-05-28 12:06:37 - INFO - Authentication (publickey) successful!
2025-05-28 12:06:37 - INFO - Running command in i-0dde5a8d6576dada1 (sa-east-1, spot): /u/fvbr/bt.A.x
2025-05-28 12:06:37 - INFO - Connected (version 2.0, client OpenSSH_7.4)
2025-05-28 12:06:38 - INFO - Found credentials in shared credentials file: ~/.aws/credentials
2025-05-28 12:06:39 - INFO - c7i.48xlarge - 1.358600 - sa-east-1b
2025-05-28 12:06:39 - INFO - Updating file: results/results_lucas_sa-east-1.csv
2025-05-28 12:06:52 - INFO - Authentication (publickey) successful!
2025-05-28 12:06:52 - INFO - Running command in i-031b13d7a41c3d3dd (sa-east-1, spot): /u/fvbr/bt.A.x
2025-05-28 12:06:52 - INFO - Connected (version 2.0, client OpenSSH_7.4)
2025-05-28 12:06:54 - INFO - Found credentials in shared credentials file: ~/.aws/credentials
2025-05-28 12:06:54 - INFO - c7i.48xlarge - 1.320500 - sa-east-1c
2025-05-28 12:06:54 - INFO - Updating file: results/results_lucas_sa-east-1.csv
2025-05-28 12:07:07 - INFO - Authentication (publickey) successful!
2025-05-28 12:07:07 - INFO - Running command in i-0374989f6086e1686 (sa-east-1, spot): /u/fvbr/bt.A.x
2025-05-28 12:07:07 - INFO - Connected (version 2.0, client OpenSSH_7.4)
2025-05-28 12:07:08 - INFO - Found credentials in shared credentials file: ~/.aws/credentials
2025-05-28 12:07:09 - INFO - c7i.48xlarge - 1.320500 - sa-east-1c
2025-05-28 12:07:09 - INFO - Updating file: results/results_lucas_sa-east-1.csv
2025-05-28 12:07:22 - INFO - Authentication (publickey) successful!
2025-05-28 12:07:22 - INFO - Running command in i-07110310b2b6e442f (sa-east-1, spot): /u/fvbr/bt.A.x
2025-05-28 12:07:22 - INFO - Connected (version 2.0, client OpenSSH_7.4)
2025-05-28 12:07:23 - INFO - Found credentials in shared credentials file: ~/.aws/credentials
2025-05-28 12:07:23 - INFO - c7i.48xlarge - 1.320500 - sa-east-1c
2025-05-28 12:07:23 - INFO - Updating file: results/results_lucas_sa-east-1.csv
2025-05-28 12:07:36 - INFO - Authentication (publickey) successful!
2025-05-28 12:07:36 - INFO - Running command in i-08a79b595e881345d (sa-east-1, spot): /u/fvbr/bt.A.x
2025-05-28 12:07:36 - INFO - Connected (version 2.0, client OpenSSH_7.4)
2025-05-28 12:07:39 - INFO - Found credentials in shared credentials file: ~/.aws/credentials
2025-05-28 12:07:40 - INFO - m5a.24xlarge - 1.164700 - sa-east-1c
2025-05-28 12:07:40 - INFO - Updating file: results/results_lucas_sa-east-1.csv
2025-05-28 12:07:50 - INFO - Authentication (publickey) successful!
2025-05-28 12:07:50 - INFO - Running command in i-0902170dc5ec56174 (sa-east-1, spot): /u/fvbr/bt.A.x
2025-05-28 12:07:54 - INFO - Found credentials in shared credentials file: ~/.aws/credentials
2025-05-28 12:07:54 - INFO - m5ad.24xlarge - 1.228900 - sa-east-1c
2025-05-28 12:07:54 - INFO - Updating file: results/results_lucas_sa-east-1.csv
2025-05-28 12:08:00 - INFO - All instances have been terminated.
2025-06-03 21:04:02 - INFO - Start execution in sa-east-1 Nodes=10 Benchmark=bt.A.x Allocation Strategy=lowest-price
2025-06-03 21:04:02 - INFO - Found credentials in shared credentials file: ~/.aws/credentials
2025-06-03 21:04:11 - INFO - Tempo que levou para receber response AWS: 8.141539 segundos
2025-06-03 21:04:11 - INFO - Found credentials in shared credentials file: ~/.aws/credentials
2025-06-03 21:04:11 - WARNING - No spot price history found.
2025-06-03 21:04:11 - INFO - Updating file: results/results_lucas_sa-east-1.csv
2025-06-03 21:04:11 - INFO - Found credentials in shared credentials file: ~/.aws/credentials
2025-06-03 21:04:12 - WARNING - No spot price history found.
2025-06-03 21:04:12 - INFO - Updating file: results/results_lucas_sa-east-1.csv
2025-06-03 21:04:12 - INFO - Found credentials in shared credentials file: ~/.aws/credentials
2025-06-03 21:04:12 - WARNING - No spot price history found.
2025-06-03 21:04:12 - INFO - Updating file: results/results_lucas_sa-east-1.csv
2025-06-03 21:04:12 - INFO - Found credentials in shared credentials file: ~/.aws/credentials
2025-06-03 21:04:13 - WARNING - No spot price history found.
2025-06-03 21:04:13 - INFO - Updating file: results/results_lucas_sa-east-1.csv
2025-06-03 21:04:13 - INFO - Found credentials in shared credentials file: ~/.aws/credentials
2025-06-03 21:04:13 - WARNING - No spot price history found.
2025-06-03 21:04:13 - INFO - Updating file: results/results_lucas_sa-east-1.csv
2025-06-03 21:04:13 - INFO - Found credentials in shared credentials file: ~/.aws/credentials
2025-06-03 21:04:14 - INFO - m6a.24xlarge - 0.766100 - sa-east-1b
2025-06-03 21:04:14 - INFO - Updating file: results/results_lucas_sa-east-1.csv
2025-06-03 21:04:14 - INFO - Found credentials in shared credentials file: ~/.aws/credentials
2025-06-03 21:04:14 - INFO - m5a.24xlarge - 0.826900 - sa-east-1a
2025-06-03 21:04:14 - INFO - Updating file: results/results_lucas_sa-east-1.csv
2025-06-03 21:04:14 - INFO - Found credentials in shared credentials file: ~/.aws/credentials
2025-06-03 21:04:15 - INFO - c6a.24xlarge - 1.046100 - sa-east-1a
2025-06-03 21:04:15 - INFO - Updating file: results/results_lucas_sa-east-1.csv
2025-06-03 21:04:15 - INFO - Found credentials in shared credentials file: ~/.aws/credentials
2025-06-03 21:04:15 - INFO - r5ad.24xlarge - 1.073900 - sa-east-1c
2025-06-03 21:04:15 - INFO - Updating file: results/results_lucas_sa-east-1.csv
2025-06-03 21:04:15 - INFO - Fleet created with instances: ['i-0cbc7d753df125eae', 'i-01cebcbc1b99d5ee7', 'i-0326ee686cfd82842', 'i-03d2a74a5521af1d2', 'i-0bd9c2a4446e87c1d', 'i-04ae9991fbdff656e', 'i-003929fac1e68fa01', 'i-0179262b14f6bcc7f', 'i-0d91fc0210240694b', 'i-0a6ada50c7b57fb1b']
2025-06-03 21:04:33 - INFO - Tempo que levou para as máquinas estarem running: 17.678028 segundos
2025-06-03 21:04:33 - INFO - Tempo que levou para criar o Fleet com 10 instâncias: 31.878095 segundos
2025-06-03 21:04:33 - INFO - 10 instâncias no total. Iniciando benchmark em paralelo...
2025-06-03 21:04:34 - INFO - Found credentials in shared credentials file: ~/.aws/credentials
2025-06-03 21:04:34 - INFO - Found credentials in shared credentials file: ~/.aws/credentials
2025-06-03 21:04:34 - INFO - Found credentials in shared credentials file: ~/.aws/credentials
2025-06-03 21:04:34 - INFO - Found credentials in shared credentials file: ~/.aws/credentials
2025-06-03 21:04:34 - INFO - Found credentials in shared credentials file: ~/.aws/credentials
2025-06-03 21:04:34 - INFO - Found credentials in shared credentials file: ~/.aws/credentials
2025-06-03 21:04:34 - INFO - Found credentials in shared credentials file: ~/.aws/credentials
2025-06-03 21:04:34 - INFO - Found credentials in shared credentials file: ~/.aws/credentials
2025-06-03 21:04:34 - INFO - Found credentials in shared credentials file: ~/.aws/credentials
2025-06-03 21:04:34 - INFO - Found credentials in shared credentials file: ~/.aws/credentials
2025-06-03 21:04:41 - INFO - Connected (version 2.0, client OpenSSH_7.4)
2025-06-03 21:04:46 - INFO - Authentication (publickey) failed.
2025-06-03 21:04:46 - WARNING - Attempt 1/5 failed for i-0cbc7d753df125eae: Authentication failed.
2025-06-03 21:04:46 - INFO - Connected (version 2.0, client OpenSSH_7.4)
2025-06-03 21:04:56 - INFO - Found credentials in shared credentials file: ~/.aws/credentials
2025-06-03 21:05:12 - INFO - Authentication (publickey) successful!
2025-06-03 21:05:12 - INFO - Running command in i-01cebcbc1b99d5ee7 (sa-east-1, spot): /u/fvbr/bt.A.x
2025-06-03 21:05:12 - INFO - Connected (version 2.0, client OpenSSH_7.4)
2025-06-03 21:05:16 - INFO - Found credentials in shared credentials file: ~/.aws/credentials
2025-06-03 21:05:16 - INFO - m5a.24xlarge - 0.826900 - sa-east-1a
2025-06-03 21:05:16 - INFO - Updating file: results/results_lucas_sa-east-1.csv
2025-06-03 21:05:28 - INFO - Authentication (publickey) successful!
2025-06-03 21:05:28 - INFO - Running command in i-0326ee686cfd82842 (sa-east-1, spot): /u/fvbr/bt.A.x
2025-06-03 21:05:28 - INFO - Connected (version 2.0, client OpenSSH_7.4)
2025-06-03 21:05:31 - INFO - Found credentials in shared credentials file: ~/.aws/credentials
2025-06-03 21:05:32 - INFO - m5a.24xlarge - 0.826900 - sa-east-1a
2025-06-03 21:05:32 - INFO - Updating file: results/results_lucas_sa-east-1.csv
2025-06-03 21:05:44 - INFO - Authentication (publickey) successful!
2025-06-03 21:05:44 - INFO - Running command in i-0a6ada50c7b57fb1b (sa-east-1, spot): /u/fvbr/bt.A.x
2025-06-03 21:05:44 - INFO - Connected (version 2.0, client OpenSSH_7.4)
2025-06-03 21:05:47 - INFO - Found credentials in shared credentials file: ~/.aws/credentials
2025-06-03 21:05:47 - INFO - m5ad.24xlarge - 1.235300 - sa-east-1c
2025-06-03 21:05:47 - INFO - Updating file: results/results_lucas_sa-east-1.csv
2025-06-03 21:06:05 - INFO - Authentication (publickey) successful!
2025-06-03 21:06:05 - INFO - Running command in i-03d2a74a5521af1d2 (sa-east-1, spot): /u/fvbr/bt.A.x
2025-06-03 21:06:05 - INFO - Connected (version 2.0, client OpenSSH_7.4)
2025-06-03 21:06:08 - INFO - Found credentials in shared credentials file: ~/.aws/credentials
2025-06-03 21:06:09 - INFO - r5ad.24xlarge - 1.073900 - sa-east-1c
2025-06-03 21:06:09 - INFO - Updating file: results/results_lucas_sa-east-1.csv
2025-06-03 21:06:21 - INFO - Authentication (publickey) successful!
2025-06-03 21:06:21 - INFO - Running command in i-0d91fc0210240694b (sa-east-1, spot): /u/fvbr/bt.A.x
2025-06-03 21:06:22 - INFO - Connected (version 2.0, client OpenSSH_7.4)
2025-06-03 21:06:24 - INFO - Found credentials in shared credentials file: ~/.aws/credentials
2025-06-03 21:06:25 - INFO - m5ad.24xlarge - 1.235300 - sa-east-1c
2025-06-03 21:06:25 - INFO - Updating file: results/results_lucas_sa-east-1.csv
2025-06-03 21:06:38 - INFO - Authentication (publickey) successful!
2025-06-03 21:06:38 - INFO - Running command in i-0179262b14f6bcc7f (sa-east-1, spot): /u/fvbr/bt.A.x
2025-06-03 21:06:38 - INFO - Connected (version 2.0, client OpenSSH_7.4)
2025-06-03 21:06:42 - INFO - Found credentials in shared credentials file: ~/.aws/credentials
2025-06-03 21:06:43 - INFO - r5ad.24xlarge - 1.073900 - sa-east-1c
2025-06-03 21:06:43 - INFO - Updating file: results/results_lucas_sa-east-1.csv
2025-06-03 21:06:58 - INFO - Authentication (publickey) successful!
2025-06-03 21:06:58 - INFO - Running command in i-003929fac1e68fa01 (sa-east-1, spot): /u/fvbr/bt.A.x
2025-06-03 21:06:58 - INFO - Connected (version 2.0, client OpenSSH_7.4)
2025-06-03 21:07:01 - INFO - Found credentials in shared credentials file: ~/.aws/credentials
2025-06-03 21:07:02 - INFO - r5ad.24xlarge - 1.073900 - sa-east-1c
2025-06-03 21:07:02 - INFO - Updating file: results/results_lucas_sa-east-1.csv
2025-06-03 21:07:19 - INFO - Authentication (publickey) successful!
2025-06-03 21:07:19 - INFO - Running command in i-04ae9991fbdff656e (sa-east-1, spot): /u/fvbr/bt.A.x
2025-06-03 21:07:19 - INFO - Connected (version 2.0, client OpenSSH_7.4)
2025-06-03 21:07:23 - INFO - Found credentials in shared credentials file: ~/.aws/credentials
2025-06-03 21:07:23 - INFO - r5ad.24xlarge - 1.073900 - sa-east-1c
2025-06-03 21:07:23 - INFO - Updating file: results/results_lucas_sa-east-1.csv
2025-06-03 21:07:35 - INFO - Authentication (publickey) successful!
2025-06-03 21:07:35 - INFO - Running command in i-0bd9c2a4446e87c1d (sa-east-1, spot): /u/fvbr/bt.A.x
2025-06-03 21:07:35 - INFO - Connected (version 2.0, client OpenSSH_7.4)
2025-06-03 21:07:38 - INFO - Found credentials in shared credentials file: ~/.aws/credentials
2025-06-03 21:07:38 - INFO - r5ad.24xlarge - 1.073900 - sa-east-1c
2025-06-03 21:07:38 - INFO - Updating file: results/results_lucas_sa-east-1.csv
2025-06-03 21:07:51 - INFO - Authentication (publickey) successful!
2025-06-03 21:07:51 - INFO - Running command in i-0cbc7d753df125eae (sa-east-1, spot): /u/fvbr/bt.A.x
2025-06-03 21:07:54 - INFO - Found credentials in shared credentials file: ~/.aws/credentials
2025-06-03 21:07:54 - INFO - m5a.24xlarge - 0.826900 - sa-east-1a
2025-06-03 21:07:54 - INFO - Updating file: results/results_lucas_sa-east-1.csv
2025-06-03 21:08:02 - INFO - All instances have been terminated.
2025-06-04 09:01:36 - INFO - Start execution in sa-east-1 Nodes=10 Benchmark=bt.A.x Allocation Strategy=lowest-price
2025-06-04 09:01:36 - INFO - Found credentials in shared credentials file: ~/.aws/credentials
2025-06-04 09:01:39 - INFO - Tempo que levou para receber response AWS: 2.880571 segundos
2025-06-04 09:01:39 - INFO - Found credentials in shared credentials file: ~/.aws/credentials
2025-06-04 09:01:40 - WARNING - No spot price history found.
2025-06-04 09:01:40 - INFO - Updating file: results/results_lucas_sa-east-1.csv
2025-06-04 09:01:40 - INFO - Found credentials in shared credentials file: ~/.aws/credentials
2025-06-04 09:01:40 - WARNING - No spot price history found.
2025-06-04 09:01:40 - INFO - Updating file: results/results_lucas_sa-east-1.csv
2025-06-04 09:01:40 - INFO - Found credentials in shared credentials file: ~/.aws/credentials
2025-06-04 09:01:40 - WARNING - No spot price history found.
2025-06-04 09:01:40 - INFO - Updating file: results/results_lucas_sa-east-1.csv
2025-06-04 09:01:40 - INFO - Found credentials in shared credentials file: ~/.aws/credentials
2025-06-04 09:01:41 - WARNING - No spot price history found.
2025-06-04 09:01:41 - INFO - Updating file: results/results_lucas_sa-east-1.csv
2025-06-04 09:01:41 - INFO - Found credentials in shared credentials file: ~/.aws/credentials
2025-06-04 09:01:41 - WARNING - No spot price history found.
2025-06-04 09:01:41 - INFO - Updating file: results/results_lucas_sa-east-1.csv
2025-06-04 09:01:41 - INFO - Found credentials in shared credentials file: ~/.aws/credentials
2025-06-04 09:01:42 - INFO - m6a.24xlarge - 0.736700 - sa-east-1b
2025-06-04 09:01:42 - INFO - Updating file: results/results_lucas_sa-east-1.csv
2025-06-04 09:01:42 - INFO - Fleet created with instances: ['i-054b5585988a34a85', 'i-09e91563da7aceea4', 'i-0ad5f726bdb3c0a72', 'i-07b4e73d141e27904', 'i-0a0f7e1c376cfa45e', 'i-00c19e7f9913c5c80', 'i-0366786267853ad50', 'i-0739097f047d556d6', 'i-01b07bfb4d649e707', 'i-022f62d0bf92058b3']
2025-06-04 09:02:00 - INFO - Tempo que levou para as máquinas estarem running: 17.599787 segundos
2025-06-04 09:02:00 - INFO - Tempo que levou para criar o Fleet com 10 instâncias: 23.959111 segundos
2025-06-04 09:02:00 - INFO - 10 instâncias no total. Iniciando benchmark em paralelo...
2025-06-04 09:02:00 - INFO - Found credentials in shared credentials file: ~/.aws/credentials
2025-06-04 09:02:00 - INFO - Found credentials in shared credentials file: ~/.aws/credentials
2025-06-04 09:02:00 - INFO - Found credentials in shared credentials file: ~/.aws/credentials
2025-06-04 09:02:00 - INFO - Found credentials in shared credentials file: ~/.aws/credentials
2025-06-04 09:02:00 - INFO - Found credentials in shared credentials file: ~/.aws/credentials
2025-06-04 09:02:00 - INFO - Found credentials in shared credentials file: ~/.aws/credentials
2025-06-04 09:02:00 - INFO - Found credentials in shared credentials file: ~/.aws/credentials
2025-06-04 09:02:00 - INFO - Found credentials in shared credentials file: ~/.aws/credentials
2025-06-04 09:02:00 - INFO - Found credentials in shared credentials file: ~/.aws/credentials
2025-06-04 09:02:00 - INFO - Found credentials in shared credentials file: ~/.aws/credentials
2025-06-04 09:02:13 - INFO - Connected (version 2.0, client OpenSSH_7.4)
2025-06-04 09:02:32 - INFO - Authentication (publickey) failed.
2025-06-04 09:02:32 - WARNING - Attempt 1/5 failed for i-07b4e73d141e27904: Authentication failed.
2025-06-04 09:02:32 - INFO - Connected (version 2.0, client OpenSSH_7.4)
2025-06-04 09:02:42 - INFO - Found credentials in shared credentials file: ~/.aws/credentials
2025-06-04 09:02:48 - INFO - Authentication (publickey) successful!
2025-06-04 09:02:48 - INFO - Running command in i-022f62d0bf92058b3 (sa-east-1, spot): /u/fvbr/bt.A.x
2025-06-04 09:02:48 - INFO - Connected (version 2.0, client OpenSSH_7.4)
2025-06-04 09:02:51 - INFO - Found credentials in shared credentials file: ~/.aws/credentials
2025-06-04 09:02:51 - INFO - m5a.24xlarge - 0.843500 - sa-east-1a
2025-06-04 09:02:51 - INFO - Updating file: results/results_lucas_sa-east-1.csv
2025-06-04 09:03:06 - INFO - Authentication (publickey) successful!
2025-06-04 09:03:06 - INFO - Running command in i-054b5585988a34a85 (sa-east-1, spot): /u/fvbr/bt.A.x
2025-06-04 09:03:06 - INFO - Connected (version 2.0, client OpenSSH_7.4)
2025-06-04 09:03:09 - INFO - Found credentials in shared credentials file: ~/.aws/credentials
2025-06-04 09:03:09 - INFO - m5a.24xlarge - 0.843500 - sa-east-1a
2025-06-04 09:03:09 - INFO - Updating file: results/results_lucas_sa-east-1.csv
2025-06-04 09:03:23 - INFO - Authentication (publickey) successful!
2025-06-04 09:03:23 - INFO - Running command in i-0739097f047d556d6 (sa-east-1, spot): /u/fvbr/bt.A.x
2025-06-04 09:03:23 - INFO - Connected (version 2.0, client OpenSSH_7.4)
2025-06-04 09:03:26 - INFO - Found credentials in shared credentials file: ~/.aws/credentials
2025-06-04 09:03:27 - INFO - m5a.24xlarge - 0.843500 - sa-east-1a
2025-06-04 09:03:27 - INFO - Updating file: results/results_lucas_sa-east-1.csv
2025-06-04 09:03:42 - INFO - Authentication (publickey) successful!
2025-06-04 09:03:42 - INFO - Running command in i-00c19e7f9913c5c80 (sa-east-1, spot): /u/fvbr/bt.A.x
2025-06-04 09:03:42 - INFO - Connected (version 2.0, client OpenSSH_7.4)
2025-06-04 09:03:45 - INFO - Found credentials in shared credentials file: ~/.aws/credentials
2025-06-04 09:03:45 - INFO - m5a.24xlarge - 0.843500 - sa-east-1a
2025-06-04 09:03:45 - INFO - Updating file: results/results_lucas_sa-east-1.csv
2025-06-04 09:04:00 - INFO - Authentication (publickey) successful!
2025-06-04 09:04:00 - INFO - Running command in i-0a0f7e1c376cfa45e (sa-east-1, spot): /u/fvbr/bt.A.x
2025-06-04 09:04:00 - INFO - Connected (version 2.0, client OpenSSH_7.4)
2025-06-04 09:04:03 - INFO - Found credentials in shared credentials file: ~/.aws/credentials
2025-06-04 09:04:03 - INFO - m5a.24xlarge - 0.843500 - sa-east-1a
2025-06-04 09:04:03 - INFO - Updating file: results/results_lucas_sa-east-1.csv
2025-06-04 09:04:18 - INFO - Authentication (publickey) successful!
2025-06-04 09:04:18 - INFO - Running command in i-01b07bfb4d649e707 (sa-east-1, spot): /u/fvbr/bt.A.x
2025-06-04 09:04:18 - INFO - Connected (version 2.0, client OpenSSH_7.4)
2025-06-04 09:04:21 - INFO - Found credentials in shared credentials file: ~/.aws/credentials
2025-06-04 09:04:21 - INFO - m5a.24xlarge - 0.843500 - sa-east-1a
2025-06-04 09:04:21 - INFO - Updating file: results/results_lucas_sa-east-1.csv
2025-06-04 09:04:35 - INFO - Authentication (publickey) successful!
2025-06-04 09:04:35 - INFO - Running command in i-0366786267853ad50 (sa-east-1, spot): /u/fvbr/bt.A.x
2025-06-04 09:04:35 - INFO - Connected (version 2.0, client OpenSSH_7.4)
2025-06-04 09:04:38 - INFO - Found credentials in shared credentials file: ~/.aws/credentials
2025-06-04 09:04:39 - INFO - m5a.24xlarge - 0.843500 - sa-east-1a
2025-06-04 09:04:39 - INFO - Updating file: results/results_lucas_sa-east-1.csv
2025-06-04 09:04:51 - INFO - Authentication (publickey) successful!
2025-06-04 09:04:51 - INFO - Running command in i-0ad5f726bdb3c0a72 (sa-east-1, spot): /u/fvbr/bt.A.x
2025-06-04 09:04:51 - INFO - Connected (version 2.0, client OpenSSH_7.4)
2025-06-04 09:04:54 - INFO - Found credentials in shared credentials file: ~/.aws/credentials
2025-06-04 09:04:55 - INFO - m5a.24xlarge - 0.843500 - sa-east-1a
2025-06-04 09:04:55 - INFO - Updating file: results/results_lucas_sa-east-1.csv
2025-06-04 09:05:08 - INFO - Authentication (publickey) successful!
2025-06-04 09:05:08 - INFO - Running command in i-09e91563da7aceea4 (sa-east-1, spot): /u/fvbr/bt.A.x
2025-06-04 09:05:08 - INFO - Connected (version 2.0, client OpenSSH_7.4)
2025-06-04 09:05:12 - INFO - Found credentials in shared credentials file: ~/.aws/credentials
2025-06-04 09:05:12 - INFO - m5a.24xlarge - 0.843500 - sa-east-1a
2025-06-04 09:05:13 - INFO - Updating file: results/results_lucas_sa-east-1.csv
2025-06-04 09:05:25 - INFO - Authentication (publickey) successful!
2025-06-04 09:05:25 - INFO - Running command in i-07b4e73d141e27904 (sa-east-1, spot): /u/fvbr/bt.A.x
2025-06-04 09:05:28 - INFO - Found credentials in shared credentials file: ~/.aws/credentials
2025-06-04 09:05:29 - INFO - m5a.24xlarge - 0.843500 - sa-east-1a
2025-06-04 09:05:29 - INFO - Updating file: results/results_lucas_sa-east-1.csv
2025-06-04 09:05:33 - INFO - All instances have been terminated.
2025-06-04 16:17:40 - INFO - Start execution in sa-east-1 Nodes=10 Benchmark=bt.A.x Allocation Strategy=lowest-price
2025-06-04 16:17:40 - INFO - Found credentials in shared credentials file: ~/.aws/credentials
2025-06-04 16:17:47 - INFO - Tempo que levou para receber response AWS: 6.426859 segundos
2025-06-04 16:17:47 - INFO - Found credentials in shared credentials file: ~/.aws/credentials
2025-06-04 16:17:47 - INFO - m6a.24xlarge - 0.726100 - sa-east-1b
2025-06-04 16:17:47 - INFO - Updating file: results/results_lucas_sa-east-1.csv
2025-06-04 16:17:47 - INFO - Found credentials in shared credentials file: ~/.aws/credentials
2025-06-04 16:17:48 - INFO - m5a.24xlarge - 0.843500 - sa-east-1a
2025-06-04 16:17:48 - INFO - Updating file: results/results_lucas_sa-east-1.csv
2025-06-04 16:17:48 - INFO - Fleet created with instances: ['i-0e80081752a866807', 'i-0f2d503dfa3a1d64d', 'i-0d502f25ee081af71', 'i-0d3b5b397877a9b1d', 'i-060d9636c566c496b', 'i-0b992d1e09fc9cac3', 'i-079f0868045d0b8c0', 'i-035b9a58b33ea8318', 'i-0569444a3a7b37f70', 'i-040be3febcaea01bf']
2025-06-04 16:18:06 - INFO - Tempo que levou para as máquinas estarem running: 17.889536 segundos
2025-06-04 16:18:06 - INFO - Tempo que levou para criar o Fleet com 10 instâncias: 26.171092 segundos
2025-06-04 16:18:06 - INFO - 10 instâncias no total. Iniciando benchmark em paralelo...
2025-06-04 16:18:06 - INFO - Found credentials in shared credentials file: ~/.aws/credentials
2025-06-04 16:18:06 - INFO - Found credentials in shared credentials file: ~/.aws/credentials
2025-06-04 16:18:06 - INFO - Found credentials in shared credentials file: ~/.aws/credentials
2025-06-04 16:18:06 - INFO - Found credentials in shared credentials file: ~/.aws/credentials
2025-06-04 16:18:06 - INFO - Found credentials in shared credentials file: ~/.aws/credentials
2025-06-04 16:18:06 - INFO - Found credentials in shared credentials file: ~/.aws/credentials
2025-06-04 16:18:06 - INFO - Found credentials in shared credentials file: ~/.aws/credentials
2025-06-04 16:18:06 - INFO - Found credentials in shared credentials file: ~/.aws/credentials
2025-06-04 16:18:06 - INFO - Found credentials in shared credentials file: ~/.aws/credentials
2025-06-04 16:18:06 - INFO - Found credentials in shared credentials file: ~/.aws/credentials
2025-06-04 16:18:09 - INFO - Connected (version 2.0, client OpenSSH_7.4)
2025-06-04 16:18:11 - INFO - Authentication (publickey) failed.
2025-06-04 16:18:11 - WARNING - Attempt 1/5 failed for i-0e80081752a866807: Authentication failed.
2025-06-04 16:18:19 - INFO - Connected (version 2.0, client OpenSSH_7.4)
2025-06-04 16:18:21 - INFO - Found credentials in shared credentials file: ~/.aws/credentials
2025-06-04 16:18:25 - INFO - Authentication (publickey) failed.
2025-06-04 16:18:25 - WARNING - Attempt 1/5 failed for i-0f2d503dfa3a1d64d: Authentication failed.
2025-06-04 16:18:25 - INFO - Connected (version 2.0, client OpenSSH_7.4)
2025-06-04 16:18:35 - INFO - Found credentials in shared credentials file: ~/.aws/credentials
2025-06-04 16:18:45 - INFO - Authentication (publickey) successful!
2025-06-04 16:18:45 - INFO - Running command in i-0d3b5b397877a9b1d (sa-east-1, spot): /u/fvbr/bt.A.x
2025-06-04 16:18:45 - INFO - Connected (version 2.0, client OpenSSH_7.4)
2025-06-04 16:18:49 - INFO - Found credentials in shared credentials file: ~/.aws/credentials
2025-06-04 16:18:49 - INFO - m5a.24xlarge - 0.843500 - sa-east-1a
2025-06-04 16:18:49 - INFO - Updating file: results/results_lucas_sa-east-1.csv
2025-06-04 16:18:59 - INFO - Authentication (publickey) successful!
2025-06-04 16:18:59 - INFO - Running command in i-0d502f25ee081af71 (sa-east-1, spot): /u/fvbr/bt.A.x
2025-06-04 16:18:59 - INFO - Connected (version 2.0, client OpenSSH_7.4)
2025-06-04 16:19:03 - INFO - Found credentials in shared credentials file: ~/.aws/credentials
2025-06-04 16:19:03 - INFO - m5a.24xlarge - 0.843500 - sa-east-1a
2025-06-04 16:19:03 - INFO - Updating file: results/results_lucas_sa-east-1.csv
2025-06-04 16:19:14 - INFO - Authentication (publickey) successful!
2025-06-04 16:19:14 - INFO - Running command in i-0b992d1e09fc9cac3 (sa-east-1, spot): /u/fvbr/bt.A.x
2025-06-04 16:19:14 - INFO - Connected (version 2.0, client OpenSSH_7.4)
2025-06-04 16:19:18 - INFO - Found credentials in shared credentials file: ~/.aws/credentials
2025-06-04 16:19:18 - INFO - m5a.24xlarge - 0.843500 - sa-east-1a
2025-06-04 16:19:18 - INFO - Updating file: results/results_lucas_sa-east-1.csv
2025-06-04 16:19:29 - INFO - Authentication (publickey) successful!
2025-06-04 16:19:29 - INFO - Running command in i-060d9636c566c496b (sa-east-1, spot): /u/fvbr/bt.A.x
2025-06-04 16:19:29 - INFO - Connected (version 2.0, client OpenSSH_7.4)
2025-06-04 16:19:32 - INFO - Found credentials in shared credentials file: ~/.aws/credentials
2025-06-04 16:19:33 - INFO - m5a.24xlarge - 0.843500 - sa-east-1a
2025-06-04 16:19:33 - INFO - Updating file: results/results_lucas_sa-east-1.csv
2025-06-04 16:19:56 - INFO - Authentication (publickey) successful!
2025-06-04 16:19:56 - INFO - Running command in i-0e80081752a866807 (sa-east-1, spot): /u/fvbr/bt.A.x
2025-06-04 16:19:56 - INFO - Connected (version 2.0, client OpenSSH_7.4)
2025-06-04 16:19:58 - INFO - Found credentials in shared credentials file: ~/.aws/credentials
2025-06-04 16:19:58 - INFO - m6a.24xlarge - 0.726100 - sa-east-1b
2025-06-04 16:19:58 - INFO - Updating file: results/results_lucas_sa-east-1.csv
2025-06-04 16:20:11 - INFO - Authentication (publickey) successful!
2025-06-04 16:20:11 - INFO - Running command in i-035b9a58b33ea8318 (sa-east-1, spot): /u/fvbr/bt.A.x
2025-06-04 16:20:11 - INFO - Connected (version 2.0, client OpenSSH_7.4)
2025-06-04 16:20:14 - INFO - Found credentials in shared credentials file: ~/.aws/credentials
2025-06-04 16:20:15 - INFO - r5ad.24xlarge - 1.051200 - sa-east-1c
2025-06-04 16:20:15 - INFO - Updating file: results/results_lucas_sa-east-1.csv
2025-06-04 16:20:26 - INFO - Authentication (publickey) successful!
2025-06-04 16:20:26 - INFO - Running command in i-079f0868045d0b8c0 (sa-east-1, spot): /u/fvbr/bt.A.x
2025-06-04 16:20:26 - INFO - Connected (version 2.0, client OpenSSH_7.4)
2025-06-04 16:20:30 - INFO - Found credentials in shared credentials file: ~/.aws/credentials
2025-06-04 16:20:30 - INFO - r5ad.24xlarge - 1.051200 - sa-east-1c
2025-06-04 16:20:30 - INFO - Updating file: results/results_lucas_sa-east-1.csv
2025-06-04 16:20:41 - INFO - Authentication (publickey) successful!
2025-06-04 16:20:41 - INFO - Running command in i-0569444a3a7b37f70 (sa-east-1, spot): /u/fvbr/bt.A.x
2025-06-04 16:20:41 - INFO - Connected (version 2.0, client OpenSSH_7.4)
2025-06-04 16:20:44 - INFO - Found credentials in shared credentials file: ~/.aws/credentials
2025-06-04 16:20:45 - INFO - r5ad.24xlarge - 1.051200 - sa-east-1c
2025-06-04 16:20:45 - INFO - Updating file: results/results_lucas_sa-east-1.csv
2025-06-04 16:20:56 - INFO - Authentication (publickey) successful!
2025-06-04 16:20:56 - INFO - Running command in i-040be3febcaea01bf (sa-east-1, spot): /u/fvbr/bt.A.x
2025-06-04 16:20:56 - INFO - Connected (version 2.0, client OpenSSH_7.4)
2025-06-04 16:20:59 - INFO - Found credentials in shared credentials file: ~/.aws/credentials
2025-06-04 16:20:59 - INFO - r5ad.24xlarge - 1.051200 - sa-east-1c
2025-06-04 16:20:59 - INFO - Updating file: results/results_lucas_sa-east-1.csv
2025-06-04 16:21:10 - INFO - Authentication (publickey) successful!
2025-06-04 16:21:10 - INFO - Running command in i-0f2d503dfa3a1d64d (sa-east-1, spot): /u/fvbr/bt.A.x
2025-06-04 16:21:13 - INFO - Found credentials in shared credentials file: ~/.aws/credentials
2025-06-04 16:21:14 - INFO - m5a.24xlarge - 0.843500 - sa-east-1a
2025-06-04 16:21:14 - INFO - Updating file: results/results_lucas_sa-east-1.csv
2025-06-04 16:21:21 - INFO - All instances have been terminated.
2025-06-19 22:11:00 - INFO - Start execution in sa-east-1 Nodes=100 Benchmark=bt.A.x Allocation Strategy=lowest-price
2025-06-19 22:11:01 - INFO - Found credentials in shared credentials file: ~/.aws/credentials
2025-06-19 22:11:13 - INFO - Tempo que levou para receber response AWS: 11.453994 segundos
2025-06-19 22:11:13 - INFO - Found credentials in shared credentials file: ~/.aws/credentials
2025-06-19 22:11:13 - INFO - m6a.24xlarge - 1.090700 - sa-east-1b
2025-06-19 22:11:13 - INFO - Updating file: results/results_lucas_sa-east-1.csv
2025-06-19 22:11:13 - INFO - Found credentials in shared credentials file: ~/.aws/credentials
2025-06-19 22:11:14 - INFO - m5a.24xlarge - 1.318800 - sa-east-1a
2025-06-19 22:11:14 - INFO - Updating file: results/results_lucas_sa-east-1.csv
2025-06-19 22:11:14 - INFO - Found credentials in shared credentials file: ~/.aws/credentials
2025-06-19 22:11:14 - INFO - r5ad.24xlarge - 1.677400 - sa-east-1c
2025-06-19 22:11:14 - INFO - Updating file: results/results_lucas_sa-east-1.csv
2025-06-19 22:11:14 - INFO - Fleet created with instances: ['i-0c936239fa9004f74', 'i-00937968b0d75942b', 'i-046571ca73cd87805', 'i-021a95f3c4fb4f9e3', 'i-04fd5c70c7cd3ed1a', 'i-084e692d13ba1bf47', 'i-0e0df29fa0cedff6d', 'i-0c33be60852e1a1d5', 'i-0240a08037980e523', 'i-0b1987b1479dff907', 'i-002d38d6b21b3f515', 'i-0b384a3b52cfdc5d8', 'i-0ff32315bc01c7e17', 'i-00320bd93734cacb8', 'i-0dc8e84cc17ef4adc', 'i-0c9329a84331898b1', 'i-043a24131da57a66c', 'i-0db693bdb42de56c5', 'i-071bd20a699aa477f', 'i-07ca728671527c49c', 'i-03aa7cc832dfc2caf', 'i-098dca8750529dbe5', 'i-01ad08fdbeb704c70', 'i-04aec24b01b26fa32', 'i-0341be0814ad79e2a', 'i-051e83cdcb5d655c8', 'i-07159b3c409677477', 'i-0e58cde88ee118ad2', 'i-0da730c80ed6fc034', 'i-0b15966a473630d78', 'i-0cda62b7c433e09c4', 'i-0a49eacdf79c10ba1', 'i-025527cd244c52091', 'i-03625a7cc451fe361', 'i-093089f55e4896f46', 'i-0f3abaf573e9bd376', 'i-07d7ff206ff3d17e2', 'i-0a97cd44dc7b61eac', 'i-07e4d55a5c2db5b6a', 'i-030499b503cc6aaf8', 'i-0a60012d29d21232a', 'i-000ede3828748a1c6', 'i-0d07a0c7cda2711c8', 'i-00657613cf594d20e', 'i-094577d11fd3a4f7d', 'i-0ddbf4e0f1b975479', 'i-0363b2cd10aab969d', 'i-0f9283f637fd06c4e', 'i-0172d8741f1eac64a', 'i-095531e3d8ae5ebb1', 'i-0d9094b5a46ddd2a3', 'i-03c107d1af5c53c7b', 'i-06b484a06dafe2774', 'i-07c0c1d78420aff4d', 'i-0960c41177e9b72aa', 'i-0b7eb4bc75d85dff0', 'i-0d0257dc4c957dbee', 'i-0f8d0e3ec3b9d4096', 'i-0ad9035d1b75178c5', 'i-009d8aac293cda396', 'i-024e1662848baef81', 'i-05c91b7d2f6e28c81', 'i-076a832406ac90ea2', 'i-0b469ac28ba2bb304', 'i-0b1071100718d1191', 'i-08ef94d52da8a0590', 'i-005cec2ce99ab8447', 'i-07f2127617ebde9ee', 'i-073b7d5b397290776', 'i-049afabf8e84188ec', 'i-0a8e85a1c7764bb21', 'i-0bcdc236373afeb31', 'i-0b7e40a6887c4146c', 'i-021830a7d3dcda2ee', 'i-0d9a37463810a0b83', 'i-0c5e10bb5f7c1a2b2', 'i-0d413c09094180bdb', 'i-090018c2e983f3383', 'i-01a1f42cab7b66f1a', 'i-076220f2c5dbf5758', 'i-0416bb4781b5b747e', 'i-0fe9525ce2b3597c5', 'i-0acb18c314507283c', 'i-0e2d3cd1c846fdcca', 'i-010ed7cbc6f3b8670', 'i-00580a3d0f51ccca4', 'i-03b85d76553bd5d43', 'i-021bdb755afd29baa', 'i-0fc7eed9c577c3967', 'i-0de50a530fc558c0c', 'i-011187cdaa6aa6d1a', 'i-0d894ad5a3567786b', 'i-0b6e7a1ddcd903e4b', 'i-0c69d4d933334b067', 'i-0b25e6f0a1a601c0f', 'i-0b4409b34d8954bd4', 'i-03a54193aa8df3ecd', 'i-0fcf3458ca55fb4e1', 'i-0157b6a6930318fa2', 'i-0cf9de3374134c3a7']
2025-06-19 22:11:35 - INFO - Tempo que levou para as máquinas estarem running: 20.653765 segundos
2025-06-19 22:11:35 - INFO - Tempo que levou para criar o Fleet com 100 instâncias: 34.800889 segundos
2025-06-19 22:11:35 - INFO - 100 instâncias no total. Iniciando benchmark em paralelo...
2025-06-19 22:11:35 - INFO - Found credentials in shared credentials file: ~/.aws/credentials
2025-06-19 22:11:35 - INFO - Found credentials in shared credentials file: ~/.aws/credentials
2025-06-19 22:11:35 - INFO - Found credentials in shared credentials file: ~/.aws/credentials
2025-06-19 22:11:35 - INFO - Found credentials in shared credentials file: ~/.aws/credentials
2025-06-19 22:11:35 - INFO - Found credentials in shared credentials file: ~/.aws/credentials
2025-06-19 22:11:36 - INFO - Found credentials in shared credentials file: ~/.aws/credentials
2025-06-19 22:11:36 - INFO - Found credentials in shared credentials file: ~/.aws/credentials
2025-06-19 22:11:36 - INFO - Found credentials in shared credentials file: ~/.aws/credentials
2025-06-19 22:11:36 - INFO - Found credentials in shared credentials file: ~/.aws/credentials
2025-06-19 22:11:36 - INFO - Found credentials in shared credentials file: ~/.aws/credentials
2025-06-19 22:11:36 - INFO - Found credentials in shared credentials file: ~/.aws/credentials
2025-06-19 22:11:36 - INFO - Found credentials in shared credentials file: ~/.aws/credentials
2025-06-19 22:11:36 - INFO - Found credentials in shared credentials file: ~/.aws/credentials
2025-06-19 22:11:36 - INFO - Found credentials in shared credentials file: ~/.aws/credentials
2025-06-19 22:11:36 - INFO - Found credentials in shared credentials file: ~/.aws/credentials
2025-06-19 22:11:36 - INFO - Found credentials in shared credentials file: ~/.aws/credentials
2025-06-19 22:11:36 - INFO - Found credentials in shared credentials file: ~/.aws/credentials
2025-06-19 22:11:36 - INFO - Found credentials in shared credentials file: ~/.aws/credentials
2025-06-19 22:11:36 - INFO - Found credentials in shared credentials file: ~/.aws/credentials
2025-06-19 22:11:36 - INFO - Found credentials in shared credentials file: ~/.aws/credentials
2025-06-19 22:11:36 - INFO - Found credentials in shared credentials file: ~/.aws/credentials
2025-06-19 22:11:36 - INFO - Found credentials in shared credentials file: ~/.aws/credentials
2025-06-19 22:11:36 - INFO - Found credentials in shared credentials file: ~/.aws/credentials
2025-06-19 22:11:36 - INFO - Found credentials in shared credentials file: ~/.aws/credentials
2025-06-19 22:11:37 - INFO - Found credentials in shared credentials file: ~/.aws/credentials
2025-06-19 22:11:37 - INFO - Found credentials in shared credentials file: ~/.aws/credentials
2025-06-19 22:11:37 - INFO - Found credentials in shared credentials file: ~/.aws/credentials
2025-06-19 22:11:37 - INFO - Found credentials in shared credentials file: ~/.aws/credentials
2025-06-19 22:11:37 - INFO - Found credentials in shared credentials file: ~/.aws/credentials
2025-06-19 22:11:37 - INFO - Found credentials in shared credentials file: ~/.aws/credentials
2025-06-19 22:11:37 - INFO - Found credentials in shared credentials file: ~/.aws/credentials
2025-06-19 22:11:37 - INFO - Found credentials in shared credentials file: ~/.aws/credentials
2025-06-19 22:11:37 - INFO - Found credentials in shared credentials file: ~/.aws/credentials
2025-06-19 22:11:37 - INFO - Found credentials in shared credentials file: ~/.aws/credentials
2025-06-19 22:11:37 - INFO - Found credentials in shared credentials file: ~/.aws/credentials
2025-06-19 22:11:37 - INFO - Found credentials in shared credentials file: ~/.aws/credentials
2025-06-19 22:11:37 - INFO - Found credentials in shared credentials file: ~/.aws/credentials
2025-06-19 22:11:37 - INFO - Found credentials in shared credentials file: ~/.aws/credentials
2025-06-19 22:11:37 - INFO - Found credentials in shared credentials file: ~/.aws/credentials
2025-06-19 22:11:37 - INFO - Found credentials in shared credentials file: ~/.aws/credentials
2025-06-19 22:11:37 - INFO - Found credentials in shared credentials file: ~/.aws/credentials
2025-06-19 22:11:38 - INFO - Found credentials in shared credentials file: ~/.aws/credentials
2025-06-19 22:11:38 - INFO - Found credentials in shared credentials file: ~/.aws/credentials
2025-06-19 22:11:38 - INFO - Found credentials in shared credentials file: ~/.aws/credentials
2025-06-19 22:11:38 - INFO - Found credentials in shared credentials file: ~/.aws/credentials
2025-06-19 22:11:38 - INFO - Found credentials in shared credentials file: ~/.aws/credentials
2025-06-19 22:11:38 - INFO - Found credentials in shared credentials file: ~/.aws/credentials
2025-06-19 22:11:38 - INFO - Found credentials in shared credentials file: ~/.aws/credentials
2025-06-19 22:11:38 - INFO - Found credentials in shared credentials file: ~/.aws/credentials
2025-06-19 22:11:38 - INFO - Found credentials in shared credentials file: ~/.aws/credentials
2025-06-19 22:11:38 - INFO - Found credentials in shared credentials file: ~/.aws/credentials
2025-06-19 22:11:38 - INFO - Found credentials in shared credentials file: ~/.aws/credentials
2025-06-19 22:11:38 - INFO - Found credentials in shared credentials file: ~/.aws/credentials
2025-06-19 22:11:38 - INFO - Found credentials in shared credentials file: ~/.aws/credentials
2025-06-19 22:11:38 - INFO - Found credentials in shared credentials file: ~/.aws/credentials
2025-06-19 22:11:38 - INFO - Found credentials in shared credentials file: ~/.aws/credentials
2025-06-19 22:11:38 - INFO - Found credentials in shared credentials file: ~/.aws/credentials
2025-06-19 22:11:38 - INFO - Found credentials in shared credentials file: ~/.aws/credentials
2025-06-19 22:11:38 - INFO - Found credentials in shared credentials file: ~/.aws/credentials
2025-06-19 22:11:39 - INFO - Found credentials in shared credentials file: ~/.aws/credentials
2025-06-19 22:11:39 - INFO - Found credentials in shared credentials file: ~/.aws/credentials
2025-06-19 22:11:39 - INFO - Found credentials in shared credentials file: ~/.aws/credentials
2025-06-19 22:11:39 - INFO - Found credentials in shared credentials file: ~/.aws/credentials
2025-06-19 22:11:39 - INFO - Found credentials in shared credentials file: ~/.aws/credentials
2025-06-19 22:11:39 - INFO - Found credentials in shared credentials file: ~/.aws/credentials
2025-06-19 22:11:39 - INFO - Found credentials in shared credentials file: ~/.aws/credentials
2025-06-19 22:11:39 - INFO - Found credentials in shared credentials file: ~/.aws/credentials
2025-06-19 22:11:39 - INFO - Found credentials in shared credentials file: ~/.aws/credentials
2025-06-19 22:11:39 - INFO - Found credentials in shared credentials file: ~/.aws/credentials
2025-06-19 22:11:39 - INFO - Found credentials in shared credentials file: ~/.aws/credentials
2025-06-19 22:11:39 - INFO - Found credentials in shared credentials file: ~/.aws/credentials
2025-06-19 22:11:40 - INFO - Found credentials in shared credentials file: ~/.aws/credentials
2025-06-19 22:11:40 - INFO - Found credentials in shared credentials file: ~/.aws/credentials
2025-06-19 22:11:40 - INFO - Found credentials in shared credentials file: ~/.aws/credentials
2025-06-19 22:11:40 - INFO - Found credentials in shared credentials file: ~/.aws/credentials
2025-06-19 22:11:40 - INFO - Found credentials in shared credentials file: ~/.aws/credentials
2025-06-19 22:11:40 - INFO - Found credentials in shared credentials file: ~/.aws/credentials
2025-06-19 22:11:40 - INFO - Found credentials in shared credentials file: ~/.aws/credentials
2025-06-19 22:11:40 - INFO - Found credentials in shared credentials file: ~/.aws/credentials
2025-06-19 22:11:40 - INFO - Found credentials in shared credentials file: ~/.aws/credentials
2025-06-19 22:11:40 - INFO - Found credentials in shared credentials file: ~/.aws/credentials
2025-06-19 22:11:40 - INFO - Found credentials in shared credentials file: ~/.aws/credentials
2025-06-19 22:11:40 - INFO - Found credentials in shared credentials file: ~/.aws/credentials
2025-06-19 22:11:40 - INFO - Found credentials in shared credentials file: ~/.aws/credentials
2025-06-19 22:11:40 - INFO - Found credentials in shared credentials file: ~/.aws/credentials
2025-06-19 22:11:40 - INFO - Found credentials in shared credentials file: ~/.aws/credentials
2025-06-19 22:11:40 - INFO - Found credentials in shared credentials file: ~/.aws/credentials
2025-06-19 22:11:40 - INFO - Found credentials in shared credentials file: ~/.aws/credentials
2025-06-19 22:11:41 - INFO - Found credentials in shared credentials file: ~/.aws/credentials
2025-06-19 22:11:41 - INFO - Found credentials in shared credentials file: ~/.aws/credentials
2025-06-19 22:11:41 - INFO - Found credentials in shared credentials file: ~/.aws/credentials
2025-06-19 22:11:41 - INFO - Found credentials in shared credentials file: ~/.aws/credentials
2025-06-19 22:11:41 - INFO - Found credentials in shared credentials file: ~/.aws/credentials
2025-06-19 22:11:41 - INFO - Found credentials in shared credentials file: ~/.aws/credentials
2025-06-19 22:11:41 - INFO - Found credentials in shared credentials file: ~/.aws/credentials
2025-06-19 22:11:41 - INFO - Found credentials in shared credentials file: ~/.aws/credentials
2025-06-19 22:11:41 - INFO - Found credentials in shared credentials file: ~/.aws/credentials
2025-06-19 22:11:42 - INFO - Found credentials in shared credentials file: ~/.aws/credentials
2025-06-19 22:11:42 - INFO - Found credentials in shared credentials file: ~/.aws/credentials
2025-06-19 22:11:42 - INFO - Found credentials in shared credentials file: ~/.aws/credentials
2025-06-19 22:12:02 - INFO - Connected (version 2.0, client OpenSSH_7.4)
2025-06-19 22:12:08 - INFO - Authentication (publickey) failed.
2025-06-19 22:12:08 - WARNING - Attempt 1/5 failed for i-0240a08037980e523: Authentication failed.
2025-06-19 22:12:08 - INFO - Connected (version 2.0, client OpenSSH_7.4)
2025-06-19 22:12:09 - INFO - Authentication (publickey) failed.
2025-06-19 22:12:09 - WARNING - Attempt 1/5 failed for i-0c9329a84331898b1: Authentication failed.
2025-06-19 22:12:09 - INFO - Connected (version 2.0, client OpenSSH_7.4)
2025-06-19 22:12:09 - INFO - Authentication (publickey) failed.
2025-06-19 22:12:09 - WARNING - Attempt 1/5 failed for i-0ff32315bc01c7e17: Authentication failed.
2025-06-19 22:12:09 - INFO - Connected (version 2.0, client OpenSSH_7.4)
2025-06-19 22:12:09 - INFO - Authentication (publickey) failed.
2025-06-19 22:12:09 - WARNING - Attempt 1/5 failed for i-0dc8e84cc17ef4adc: Authentication failed.
2025-06-19 22:12:09 - INFO - Connected (version 2.0, client OpenSSH_7.4)
2025-06-19 22:12:09 - INFO - Authentication (publickey) failed.
2025-06-19 22:12:09 - WARNING - Attempt 1/5 failed for i-0acb18c314507283c: Authentication failed.
2025-06-19 22:12:09 - INFO - Connected (version 2.0, client OpenSSH_7.4)
2025-06-19 22:12:10 - INFO - Authentication (publickey) failed.
2025-06-19 22:12:10 - WARNING - Attempt 1/5 failed for i-01ad08fdbeb704c70: Authentication failed.
2025-06-19 22:12:10 - INFO - Connected (version 2.0, client OpenSSH_7.4)
2025-06-19 22:12:10 - INFO - Authentication (publickey) failed.
2025-06-19 22:12:10 - WARNING - Attempt 1/5 failed for i-0da730c80ed6fc034: Authentication failed.
2025-06-19 22:12:10 - INFO - Connected (version 2.0, client OpenSSH_7.4)
2025-06-19 22:12:10 - INFO - Authentication (publickey) failed.
2025-06-19 22:12:10 - WARNING - Attempt 1/5 failed for i-071bd20a699aa477f: Authentication failed.
2025-06-19 22:12:10 - INFO - Connected (version 2.0, client OpenSSH_7.4)
2025-06-19 22:12:10 - INFO - Authentication (publickey) failed.
2025-06-19 22:12:10 - WARNING - Attempt 1/5 failed for i-04fd5c70c7cd3ed1a: Authentication failed.
2025-06-19 22:12:10 - INFO - Connected (version 2.0, client OpenSSH_7.4)
2025-06-19 22:12:11 - INFO - Authentication (publickey) failed.
2025-06-19 22:12:11 - WARNING - Attempt 1/5 failed for i-0bcdc236373afeb31: Authentication failed.
2025-06-19 22:12:11 - INFO - Connected (version 2.0, client OpenSSH_7.4)
2025-06-19 22:12:11 - INFO - Authentication (publickey) failed.
2025-06-19 22:12:11 - WARNING - Attempt 1/5 failed for i-07ca728671527c49c: Authentication failed.
2025-06-19 22:12:11 - INFO - Connected (version 2.0, client OpenSSH_7.4)
2025-06-19 22:12:11 - INFO - Authentication (publickey) failed.
2025-06-19 22:12:11 - WARNING - Attempt 1/5 failed for i-0a49eacdf79c10ba1: Authentication failed.
2025-06-19 22:12:11 - INFO - Connected (version 2.0, client OpenSSH_7.4)
2025-06-19 22:12:11 - INFO - Authentication (publickey) failed.
2025-06-19 22:12:11 - WARNING - Attempt 1/5 failed for i-084e692d13ba1bf47: Authentication failed.
2025-06-19 22:12:11 - INFO - Connected (version 2.0, client OpenSSH_7.4)
2025-06-19 22:12:12 - INFO - Authentication (publickey) failed.
2025-06-19 22:12:12 - WARNING - Attempt 1/5 failed for i-0db693bdb42de56c5: Authentication failed.
2025-06-19 22:12:12 - INFO - Connected (version 2.0, client OpenSSH_7.4)
2025-06-19 22:12:12 - INFO - Authentication (publickey) failed.
2025-06-19 22:12:12 - WARNING - Attempt 1/5 failed for i-002d38d6b21b3f515: Authentication failed.
2025-06-19 22:12:12 - INFO - Connected (version 2.0, client OpenSSH_7.4)
2025-06-19 22:12:12 - INFO - Authentication (publickey) failed.
2025-06-19 22:12:12 - WARNING - Attempt 1/5 failed for i-0d07a0c7cda2711c8: Authentication failed.
2025-06-19 22:12:12 - INFO - Connected (version 2.0, client OpenSSH_7.4)
2025-06-19 22:12:12 - INFO - Authentication (publickey) failed.
2025-06-19 22:12:12 - WARNING - Attempt 1/5 failed for i-010ed7cbc6f3b8670: Authentication failed.
2025-06-19 22:12:12 - INFO - Connected (version 2.0, client OpenSSH_7.4)
2025-06-19 22:12:13 - INFO - Authentication (publickey) failed.
2025-06-19 22:12:13 - WARNING - Attempt 1/5 failed for i-0b384a3b52cfdc5d8: Authentication failed.
2025-06-19 22:12:13 - INFO - Connected (version 2.0, client OpenSSH_7.4)
2025-06-19 22:12:13 - INFO - Authentication (publickey) failed.
2025-06-19 22:12:13 - WARNING - Attempt 1/5 failed for i-030499b503cc6aaf8: Authentication failed.
2025-06-19 22:12:13 - INFO - Connected (version 2.0, client OpenSSH_7.4)
2025-06-19 22:12:13 - INFO - Authentication (publickey) failed.
2025-06-19 22:12:13 - WARNING - Attempt 1/5 failed for i-0f9283f637fd06c4e: Authentication failed.
2025-06-19 22:12:13 - INFO - Connected (version 2.0, client OpenSSH_7.4)
2025-06-19 22:12:13 - INFO - Authentication (publickey) failed.
2025-06-19 22:12:13 - WARNING - Attempt 1/5 failed for i-0d894ad5a3567786b: Authentication failed.
2025-06-19 22:12:13 - INFO - Connected (version 2.0, client OpenSSH_7.4)
2025-06-19 22:12:13 - INFO - Authentication (publickey) failed.
2025-06-19 22:12:13 - WARNING - Attempt 1/5 failed for i-0b1071100718d1191: Authentication failed.
2025-06-19 22:12:13 - INFO - Connected (version 2.0, client OpenSSH_7.4)
2025-06-19 22:12:14 - INFO - Authentication (publickey) failed.
2025-06-19 22:12:14 - WARNING - Attempt 1/5 failed for i-0b7e40a6887c4146c: Authentication failed.
2025-06-19 22:12:14 - INFO - Connected (version 2.0, client OpenSSH_7.4)
2025-06-19 22:12:14 - INFO - Authentication (publickey) failed.
2025-06-19 22:12:14 - WARNING - Attempt 1/5 failed for i-0341be0814ad79e2a: Authentication failed.
2025-06-19 22:12:14 - INFO - Connected (version 2.0, client OpenSSH_7.4)
2025-06-19 22:12:14 - INFO - Authentication (publickey) failed.
2025-06-19 22:12:14 - WARNING - Attempt 1/5 failed for i-00937968b0d75942b: Authentication failed.
2025-06-19 22:12:14 - INFO - Connected (version 2.0, client OpenSSH_7.4)
2025-06-19 22:12:14 - INFO - Authentication (publickey) failed.
2025-06-19 22:12:14 - WARNING - Attempt 1/5 failed for i-094577d11fd3a4f7d: Authentication failed.
2025-06-19 22:12:14 - INFO - Connected (version 2.0, client OpenSSH_7.4)
2025-06-19 22:12:15 - INFO - Authentication (publickey) failed.
2025-06-19 22:12:15 - WARNING - Attempt 1/5 failed for i-098dca8750529dbe5: Authentication failed.
2025-06-19 22:12:15 - INFO - Connected (version 2.0, client OpenSSH_7.4)
2025-06-19 22:12:15 - INFO - Authentication (publickey) failed.
2025-06-19 22:12:15 - WARNING - Attempt 1/5 failed for i-0a97cd44dc7b61eac: Authentication failed.
2025-06-19 22:12:15 - INFO - Connected (version 2.0, client OpenSSH_7.4)
2025-06-19 22:12:15 - INFO - Authentication (publickey) failed.
2025-06-19 22:12:15 - WARNING - Attempt 1/5 failed for i-03b85d76553bd5d43: Authentication failed.
2025-06-19 22:12:15 - INFO - Connected (version 2.0, client OpenSSH_7.4)
2025-06-19 22:12:15 - INFO - Authentication (publickey) failed.
2025-06-19 22:12:15 - WARNING - Attempt 1/5 failed for i-0b1987b1479dff907: Authentication failed.
2025-06-19 22:12:15 - INFO - Connected (version 2.0, client OpenSSH_7.4)
2025-06-19 22:12:16 - INFO - Authentication (publickey) failed.
2025-06-19 22:12:16 - WARNING - Attempt 1/5 failed for i-07d7ff206ff3d17e2: Authentication failed.
2025-06-19 22:12:16 - INFO - Connected (version 2.0, client OpenSSH_7.4)
2025-06-19 22:12:16 - INFO - Authentication (publickey) failed.
2025-06-19 22:12:16 - WARNING - Attempt 1/5 failed for i-0fcf3458ca55fb4e1: Authentication failed.
2025-06-19 22:12:16 - INFO - Connected (version 2.0, client OpenSSH_7.4)
2025-06-19 22:12:16 - INFO - Authentication (publickey) failed.
2025-06-19 22:12:16 - WARNING - Attempt 1/5 failed for i-0c33be60852e1a1d5: Authentication failed.
2025-06-19 22:12:16 - INFO - Connected (version 2.0, client OpenSSH_7.4)
2025-06-19 22:12:16 - INFO - Authentication (publickey) failed.
2025-06-19 22:12:16 - WARNING - Attempt 1/5 failed for i-0e0df29fa0cedff6d: Authentication failed.
2025-06-19 22:12:16 - INFO - Connected (version 2.0, client OpenSSH_7.4)
2025-06-19 22:12:17 - INFO - Authentication (publickey) failed.
2025-06-19 22:12:17 - WARNING - Attempt 1/5 failed for i-0cf9de3374134c3a7: Authentication failed.
2025-06-19 22:12:17 - INFO - Connected (version 2.0, client OpenSSH_7.4)
2025-06-19 22:12:17 - INFO - Authentication (publickey) failed.
2025-06-19 22:12:17 - WARNING - Attempt 1/5 failed for i-04aec24b01b26fa32: Authentication failed.
2025-06-19 22:12:17 - INFO - Connected (version 2.0, client OpenSSH_7.4)
2025-06-19 22:12:17 - INFO - Authentication (publickey) failed.
2025-06-19 22:12:17 - WARNING - Attempt 1/5 failed for i-03625a7cc451fe361: Authentication failed.
2025-06-19 22:12:17 - INFO - Connected (version 2.0, client OpenSSH_7.4)
2025-06-19 22:12:17 - INFO - Authentication (publickey) failed.
2025-06-19 22:12:17 - WARNING - Attempt 1/5 failed for i-00320bd93734cacb8: Authentication failed.
2025-06-19 22:12:17 - INFO - Connected (version 2.0, client OpenSSH_7.4)
2025-06-19 22:12:18 - INFO - Authentication (publickey) failed.
2025-06-19 22:12:18 - WARNING - Attempt 1/5 failed for i-046571ca73cd87805: Authentication failed.
2025-06-19 22:12:18 - INFO - Connected (version 2.0, client OpenSSH_7.4)
2025-06-19 22:12:18 - INFO - Authentication (publickey) failed.
2025-06-19 22:12:18 - WARNING - Attempt 1/5 failed for i-0c69d4d933334b067: Authentication failed.
2025-06-19 22:12:18 - INFO - Connected (version 2.0, client OpenSSH_7.4)
2025-06-19 22:12:18 - INFO - Authentication (publickey) failed.
2025-06-19 22:12:18 - WARNING - Attempt 1/5 failed for i-011187cdaa6aa6d1a: Authentication failed.
2025-06-19 22:12:18 - INFO - Connected (version 2.0, client OpenSSH_7.4)
2025-06-19 22:12:18 - INFO - Authentication (publickey) failed.
2025-06-19 22:12:18 - WARNING - Attempt 1/5 failed for i-021bdb755afd29baa: Authentication failed.
2025-06-19 22:12:18 - INFO - Connected (version 2.0, client OpenSSH_7.4)
2025-06-19 22:12:19 - INFO - Found credentials in shared credentials file: ~/.aws/credentials
2025-06-19 22:12:19 - INFO - Authentication (publickey) failed.
2025-06-19 22:12:19 - WARNING - Attempt 1/5 failed for i-0cda62b7c433e09c4: Authentication failed.
2025-06-19 22:12:19 - INFO - Connected (version 2.0, client OpenSSH_7.4)
2025-06-19 22:12:19 - INFO - Found credentials in shared credentials file: ~/.aws/credentials
2025-06-19 22:12:19 - INFO - Authentication (publickey) failed.
2025-06-19 22:12:19 - WARNING - Attempt 1/5 failed for i-0a8e85a1c7764bb21: Authentication failed.
2025-06-19 22:12:19 - INFO - Connected (version 2.0, client OpenSSH_7.4)
2025-06-19 22:12:19 - INFO - Found credentials in shared credentials file: ~/.aws/credentials
2025-06-19 22:12:19 - INFO - Authentication (publickey) failed.
2025-06-19 22:12:19 - WARNING - Attempt 1/5 failed for i-0172d8741f1eac64a: Authentication failed.
2025-06-19 22:12:19 - INFO - Connected (version 2.0, client OpenSSH_7.4)
2025-06-19 22:12:19 - INFO - Found credentials in shared credentials file: ~/.aws/credentials
2025-06-19 22:12:19 - INFO - Found credentials in shared credentials file: ~/.aws/credentials
2025-06-19 22:12:19 - INFO - Authentication (publickey) failed.
2025-06-19 22:12:19 - WARNING - Attempt 1/5 failed for i-0b25e6f0a1a601c0f: Authentication failed.
2025-06-19 22:12:19 - INFO - Connected (version 2.0, client OpenSSH_7.4)
2025-06-19 22:12:20 - INFO - Found credentials in shared credentials file: ~/.aws/credentials
2025-06-19 22:12:20 - INFO - Authentication (publickey) failed.
2025-06-19 22:12:20 - WARNING - Attempt 1/5 failed for i-0a60012d29d21232a: Authentication failed.
2025-06-19 22:12:20 - INFO - Connected (version 2.0, client OpenSSH_7.4)
2025-06-19 22:12:21 - INFO - Found credentials in shared credentials file: ~/.aws/credentials
2025-06-19 22:12:21 - INFO - Found credentials in shared credentials file: ~/.aws/credentials
2025-06-19 22:12:21 - INFO - Found credentials in shared credentials file: ~/.aws/credentials
2025-06-19 22:12:21 - INFO - Found credentials in shared credentials file: ~/.aws/credentials
2025-06-19 22:12:21 - INFO - Found credentials in shared credentials file: ~/.aws/credentials
2025-06-19 22:12:21 - INFO - Authentication (publickey) failed.
2025-06-19 22:12:21 - WARNING - Attempt 1/5 failed for i-07c0c1d78420aff4d: Authentication failed.
2025-06-19 22:12:22 - INFO - Found credentials in shared credentials file: ~/.aws/credentials
2025-06-19 22:12:22 - INFO - Connected (version 2.0, client OpenSSH_7.4)
2025-06-19 22:12:22 - INFO - Found credentials in shared credentials file: ~/.aws/credentials
2025-06-19 22:12:22 - INFO - Found credentials in shared credentials file: ~/.aws/credentials
2025-06-19 22:12:22 - INFO - Found credentials in shared credentials file: ~/.aws/credentials
2025-06-19 22:12:22 - INFO - Found credentials in shared credentials file: ~/.aws/credentials
2025-06-19 22:12:22 - INFO - Authentication (publickey) failed.
2025-06-19 22:12:22 - WARNING - Attempt 1/5 failed for i-0fc7eed9c577c3967: Authentication failed.
2025-06-19 22:12:22 - INFO - Connected (version 2.0, client OpenSSH_7.4)
2025-06-19 22:12:22 - INFO - Found credentials in shared credentials file: ~/.aws/credentials
2025-06-19 22:12:22 - INFO - Authentication (publickey) failed.
2025-06-19 22:12:22 - WARNING - Attempt 1/5 failed for i-093089f55e4896f46: Authentication failed.
2025-06-19 22:12:22 - INFO - Connected (version 2.0, client OpenSSH_7.4)
2025-06-19 22:12:23 - INFO - Found credentials in shared credentials file: ~/.aws/credentials
2025-06-19 22:12:23 - INFO - Authentication (publickey) failed.
2025-06-19 22:12:23 - WARNING - Attempt 1/5 failed for i-090018c2e983f3383: Authentication failed.
2025-06-19 22:12:23 - INFO - Connected (version 2.0, client OpenSSH_7.4)
2025-06-19 22:12:23 - INFO - Found credentials in shared credentials file: ~/.aws/credentials
2025-06-19 22:12:23 - INFO - Found credentials in shared credentials file: ~/.aws/credentials
2025-06-19 22:12:23 - INFO - Found credentials in shared credentials file: ~/.aws/credentials
2025-06-19 22:12:23 - INFO - Authentication (publickey) failed.
2025-06-19 22:12:23 - WARNING - Attempt 1/5 failed for i-021a95f3c4fb4f9e3: Authentication failed.
2025-06-19 22:12:23 - INFO - Connected (version 2.0, client OpenSSH_7.4)
2025-06-19 22:12:24 - INFO - Found credentials in shared credentials file: ~/.aws/credentials
2025-06-19 22:12:24 - INFO - Authentication (publickey) failed.
2025-06-19 22:12:24 - WARNING - Attempt 1/5 failed for i-095531e3d8ae5ebb1: Authentication failed.
2025-06-19 22:12:24 - INFO - Connected (version 2.0, client OpenSSH_7.4)
2025-06-19 22:12:24 - INFO - Found credentials in shared credentials file: ~/.aws/credentials
2025-06-19 22:12:24 - INFO - Authentication (publickey) failed.
2025-06-19 22:12:24 - WARNING - Attempt 1/5 failed for i-07159b3c409677477: Authentication failed.
2025-06-19 22:12:24 - INFO - Connected (version 2.0, client OpenSSH_7.4)
2025-06-19 22:12:24 - INFO - Found credentials in shared credentials file: ~/.aws/credentials
2025-06-19 22:12:25 - INFO - Authentication (publickey) failed.
2025-06-19 22:12:25 - WARNING - Attempt 1/5 failed for i-0b7eb4bc75d85dff0: Authentication failed.
2025-06-19 22:12:25 - INFO - Found credentials in shared credentials file: ~/.aws/credentials
2025-06-19 22:12:25 - INFO - Found credentials in shared credentials file: ~/.aws/credentials
2025-06-19 22:12:25 - INFO - Connected (version 2.0, client OpenSSH_7.4)
2025-06-19 22:12:25 - INFO - Found credentials in shared credentials file: ~/.aws/credentials
2025-06-19 22:12:25 - INFO - Authentication (publickey) failed.
2025-06-19 22:12:25 - WARNING - Attempt 1/5 failed for i-0d0257dc4c957dbee: Authentication failed.
2025-06-19 22:12:25 - INFO - Connected (version 2.0, client OpenSSH_7.4)
2025-06-19 22:12:25 - INFO - Found credentials in shared credentials file: ~/.aws/credentials
2025-06-19 22:12:25 - INFO - Authentication (publickey) failed.
2025-06-19 22:12:25 - WARNING - Attempt 1/5 failed for i-076220f2c5dbf5758: Authentication failed.
2025-06-19 22:12:25 - INFO - Connected (version 2.0, client OpenSSH_7.4)
2025-06-19 22:12:25 - INFO - Found credentials in shared credentials file: ~/.aws/credentials
2025-06-19 22:12:25 - INFO - Authentication (publickey) failed.
2025-06-19 22:12:25 - WARNING - Attempt 1/5 failed for i-021830a7d3dcda2ee: Authentication failed.
2025-06-19 22:12:25 - INFO - Connected (version 2.0, client OpenSSH_7.4)
2025-06-19 22:12:25 - INFO - Found credentials in shared credentials file: ~/.aws/credentials
2025-06-19 22:12:26 - INFO - Authentication (publickey) failed.
2025-06-19 22:12:26 - WARNING - Attempt 1/5 failed for i-073b7d5b397290776: Authentication failed.
2025-06-19 22:12:26 - INFO - Found credentials in shared credentials file: ~/.aws/credentials
2025-06-19 22:12:26 - INFO - Connected (version 2.0, client OpenSSH_7.4)
2025-06-19 22:12:26 - INFO - Found credentials in shared credentials file: ~/.aws/credentials
2025-06-19 22:12:26 - INFO - Found credentials in shared credentials file: ~/.aws/credentials
2025-06-19 22:12:27 - INFO - Found credentials in shared credentials file: ~/.aws/credentials
2025-06-19 22:12:27 - INFO - Authentication (publickey) failed.
2025-06-19 22:12:27 - INFO - Found credentials in shared credentials file: ~/.aws/credentials
2025-06-19 22:12:27 - WARNING - Attempt 1/5 failed for i-0e2d3cd1c846fdcca: Authentication failed.
2025-06-19 22:12:27 - INFO - Connected (version 2.0, client OpenSSH_7.4)
2025-06-19 22:12:27 - INFO - Found credentials in shared credentials file: ~/.aws/credentials
2025-06-19 22:12:27 - INFO - Found credentials in shared credentials file: ~/.aws/credentials
2025-06-19 22:12:27 - INFO - Found credentials in shared credentials file: ~/.aws/credentials
2025-06-19 22:12:28 - INFO - Found credentials in shared credentials file: ~/.aws/credentials
2025-06-19 22:12:28 - INFO - Authentication (publickey) failed.
2025-06-19 22:12:28 - WARNING - Attempt 1/5 failed for i-01a1f42cab7b66f1a: Authentication failed.
2025-06-19 22:12:28 - INFO - Connected (version 2.0, client OpenSSH_7.4)
2025-06-19 22:12:28 - INFO - Found credentials in shared credentials file: ~/.aws/credentials
2025-06-19 22:12:28 - INFO - Authentication (publickey) failed.
2025-06-19 22:12:28 - WARNING - Attempt 1/5 failed for i-043a24131da57a66c: Authentication failed.
2025-06-19 22:12:28 - INFO - Found credentials in shared credentials file: ~/.aws/credentials
2025-06-19 22:12:28 - INFO - Connected (version 2.0, client OpenSSH_7.4)
2025-06-19 22:12:28 - INFO - Found credentials in shared credentials file: ~/.aws/credentials
2025-06-19 22:12:29 - INFO - Authentication (publickey) failed.
2025-06-19 22:12:29 - WARNING - Attempt 1/5 failed for i-0d413c09094180bdb: Authentication failed.
2025-06-19 22:12:29 - INFO - Found credentials in shared credentials file: ~/.aws/credentials
2025-06-19 22:12:29 - INFO - Found credentials in shared credentials file: ~/.aws/credentials
2025-06-19 22:12:29 - INFO - Connected (version 2.0, client OpenSSH_7.4)
2025-06-19 22:12:29 - INFO - Found credentials in shared credentials file: ~/.aws/credentials
2025-06-19 22:12:29 - INFO - Authentication (publickey) failed.
2025-06-19 22:12:29 - WARNING - Attempt 1/5 failed for i-0b469ac28ba2bb304: Authentication failed.
2025-06-19 22:12:29 - INFO - Connected (version 2.0, client OpenSSH_7.4)
2025-06-19 22:12:30 - INFO - Found credentials in shared credentials file: ~/.aws/credentials
2025-06-19 22:12:30 - INFO - Authentication (publickey) failed.
2025-06-19 22:12:30 - WARNING - Attempt 1/5 failed for i-009d8aac293cda396: Authentication failed.
2025-06-19 22:12:30 - INFO - Connected (version 2.0, client OpenSSH_7.4)
2025-06-19 22:12:30 - INFO - Found credentials in shared credentials file: ~/.aws/credentials
2025-06-19 22:12:30 - INFO - Authentication (publickey) failed.
2025-06-19 22:12:30 - WARNING - Attempt 1/5 failed for i-0157b6a6930318fa2: Authentication failed.
2025-06-19 22:12:30 - INFO - Connected (version 2.0, client OpenSSH_7.4)
2025-06-19 22:12:30 - INFO - Authentication (publickey) failed.
2025-06-19 22:12:30 - WARNING - Attempt 1/5 failed for i-051e83cdcb5d655c8: Authentication failed.
2025-06-19 22:12:30 - INFO - Connected (version 2.0, client OpenSSH_7.4)
2025-06-19 22:12:31 - INFO - Authentication (publickey) failed.
2025-06-19 22:12:31 - WARNING - Attempt 1/5 failed for i-0b6e7a1ddcd903e4b: Authentication failed.
2025-06-19 22:12:31 - INFO - Connected (version 2.0, client OpenSSH_7.4)
2025-06-19 22:12:31 - INFO - Authentication (publickey) failed.
2025-06-19 22:12:31 - WARNING - Attempt 1/5 failed for i-076a832406ac90ea2: Authentication failed.
2025-06-19 22:12:31 - INFO - Connected (version 2.0, client OpenSSH_7.4)
2025-06-19 22:12:31 - INFO - Authentication (publickey) failed.
2025-06-19 22:12:31 - WARNING - Attempt 1/5 failed for i-06b484a06dafe2774: Authentication failed.
2025-06-19 22:12:31 - INFO - Connected (version 2.0, client OpenSSH_7.4)
2025-06-19 22:12:31 - INFO - Authentication (publickey) failed.
2025-06-19 22:12:31 - WARNING - Attempt 1/5 failed for i-00657613cf594d20e: Authentication failed.
2025-06-19 22:12:31 - INFO - Connected (version 2.0, client OpenSSH_7.4)
2025-06-19 22:12:32 - INFO - Found credentials in shared credentials file: ~/.aws/credentials
2025-06-19 22:12:32 - INFO - Authentication (publickey) failed.
2025-06-19 22:12:32 - WARNING - Attempt 1/5 failed for i-000ede3828748a1c6: Authentication failed.
2025-06-19 22:12:32 - INFO - Connected (version 2.0, client OpenSSH_7.4)
2025-06-19 22:12:33 - INFO - Found credentials in shared credentials file: ~/.aws/credentials
2025-06-19 22:12:33 - INFO - Authentication (publickey) failed.
2025-06-19 22:12:33 - INFO - Found credentials in shared credentials file: ~/.aws/credentials
2025-06-19 22:12:33 - INFO - Found credentials in shared credentials file: ~/.aws/credentials
2025-06-19 22:12:33 - WARNING - Attempt 1/5 failed for i-03aa7cc832dfc2caf: Authentication failed.
2025-06-19 22:12:33 - INFO - Connected (version 2.0, client OpenSSH_7.4)
2025-06-19 22:12:33 - INFO - Authentication (publickey) failed.
2025-06-19 22:12:33 - WARNING - Attempt 1/5 failed for i-0b4409b34d8954bd4: Authentication failed.
2025-06-19 22:12:33 - INFO - Connected (version 2.0, client OpenSSH_7.4)
2025-06-19 22:12:33 - INFO - Found credentials in shared credentials file: ~/.aws/credentials
2025-06-19 22:12:33 - INFO - Authentication (publickey) failed.
2025-06-19 22:12:33 - WARNING - Attempt 1/5 failed for i-0960c41177e9b72aa: Authentication failed.
2025-06-19 22:12:33 - INFO - Connected (version 2.0, client OpenSSH_7.4)
2025-06-19 22:12:34 - INFO - Found credentials in shared credentials file: ~/.aws/credentials
2025-06-19 22:12:34 - INFO - Authentication (publickey) failed.
2025-06-19 22:12:34 - WARNING - Attempt 1/5 failed for i-0416bb4781b5b747e: Authentication failed.
2025-06-19 22:12:34 - INFO - Connected (version 2.0, client OpenSSH_7.4)
2025-06-19 22:12:34 - INFO - Found credentials in shared credentials file: ~/.aws/credentials
2025-06-19 22:12:34 - INFO - Authentication (publickey) failed.
2025-06-19 22:12:34 - WARNING - Attempt 1/5 failed for i-07f2127617ebde9ee: Authentication failed.
2025-06-19 22:12:34 - INFO - Connected (version 2.0, client OpenSSH_7.4)
2025-06-19 22:12:34 - INFO - Authentication (publickey) failed.
2025-06-19 22:12:34 - WARNING - Attempt 1/5 failed for i-0f8d0e3ec3b9d4096: Authentication failed.
2025-06-19 22:12:34 - INFO - Connected (version 2.0, client OpenSSH_7.4)
2025-06-19 22:12:35 - INFO - Found credentials in shared credentials file: ~/.aws/credentials
2025-06-19 22:12:35 - INFO - Authentication (publickey) failed.
2025-06-19 22:12:35 - WARNING - Attempt 1/5 failed for i-0c5e10bb5f7c1a2b2: Authentication failed.
2025-06-19 22:12:36 - INFO - Connected (version 2.0, client OpenSSH_7.4)
2025-06-19 22:12:36 - INFO - Found credentials in shared credentials file: ~/.aws/credentials
2025-06-19 22:12:36 - INFO - Found credentials in shared credentials file: ~/.aws/credentials
2025-06-19 22:12:36 - INFO - Found credentials in shared credentials file: ~/.aws/credentials
2025-06-19 22:12:36 - INFO - Found credentials in shared credentials file: ~/.aws/credentials
2025-06-19 22:12:36 - INFO - Authentication (publickey) failed.
2025-06-19 22:12:36 - WARNING - Attempt 1/5 failed for i-0de50a530fc558c0c: Authentication failed.
2025-06-19 22:12:36 - INFO - Connected (version 2.0, client OpenSSH_7.4)
2025-06-19 22:12:37 - INFO - Authentication (publickey) failed.
2025-06-19 22:12:37 - WARNING - Attempt 1/5 failed for i-00580a3d0f51ccca4: Authentication failed.
2025-06-19 22:12:37 - INFO - Connected (version 2.0, client OpenSSH_7.4)
2025-06-19 22:12:37 - INFO - Found credentials in shared credentials file: ~/.aws/credentials
2025-06-19 22:12:37 - INFO - Authentication (publickey) failed.
2025-06-19 22:12:37 - WARNING - Attempt 1/5 failed for i-0ad9035d1b75178c5: Authentication failed.
2025-06-19 22:12:37 - INFO - Connected (version 2.0, client OpenSSH_7.4)
2025-06-19 22:12:37 - INFO - Authentication (publickey) failed.
2025-06-19 22:12:37 - WARNING - Attempt 1/5 failed for i-03c107d1af5c53c7b: Authentication failed.
2025-06-19 22:12:37 - INFO - Connected (version 2.0, client OpenSSH_7.4)
2025-06-19 22:12:39 - INFO - Found credentials in shared credentials file: ~/.aws/credentials
2025-06-19 22:12:39 - INFO - Found credentials in shared credentials file: ~/.aws/credentials
2025-06-19 22:12:39 - INFO - Authentication (publickey) failed.
2025-06-19 22:12:39 - WARNING - Attempt 1/5 failed for i-0b15966a473630d78: Authentication failed.
2025-06-19 22:12:39 - INFO - Connected (version 2.0, client OpenSSH_7.4)
2025-06-19 22:12:39 - INFO - Found credentials in shared credentials file: ~/.aws/credentials
2025-06-19 22:12:39 - INFO - Authentication (publickey) failed.
2025-06-19 22:12:39 - WARNING - Attempt 1/5 failed for i-07e4d55a5c2db5b6a: Authentication failed.
2025-06-19 22:12:39 - INFO - Connected (version 2.0, client OpenSSH_7.4)
2025-06-19 22:12:39 - INFO - Found credentials in shared credentials file: ~/.aws/credentials
2025-06-19 22:12:40 - INFO - Authentication (publickey) failed.
2025-06-19 22:12:40 - WARNING - Attempt 1/5 failed for i-0f3abaf573e9bd376: Authentication failed.
2025-06-19 22:12:40 - INFO - Connected (version 2.0, client OpenSSH_7.4)
2025-06-19 22:12:40 - INFO - Found credentials in shared credentials file: ~/.aws/credentials
2025-06-19 22:12:40 - INFO - Authentication (publickey) failed.
2025-06-19 22:12:40 - WARNING - Attempt 1/5 failed for i-0fe9525ce2b3597c5: Authentication failed.
2025-06-19 22:12:40 - INFO - Connected (version 2.0, client OpenSSH_7.4)
2025-06-19 22:12:40 - INFO - Found credentials in shared credentials file: ~/.aws/credentials
2025-06-19 22:12:40 - INFO - Authentication (publickey) failed.
2025-06-19 22:12:40 - WARNING - Attempt 1/5 failed for i-08ef94d52da8a0590: Authentication failed.
2025-06-19 22:12:40 - INFO - Connected (version 2.0, client OpenSSH_7.4)
2025-06-19 22:12:40 - INFO - Found credentials in shared credentials file: ~/.aws/credentials
2025-06-19 22:12:40 - INFO - Authentication (publickey) failed.
2025-06-19 22:12:40 - WARNING - Attempt 1/5 failed for i-024e1662848baef81: Authentication failed.
2025-06-19 22:12:40 - INFO - Connected (version 2.0, client OpenSSH_7.4)
2025-06-19 22:12:41 - INFO - Found credentials in shared credentials file: ~/.aws/credentials
2025-06-19 22:12:41 - INFO - Authentication (publickey) failed.
2025-06-19 22:12:41 - WARNING - Attempt 1/5 failed for i-03a54193aa8df3ecd: Authentication failed.
2025-06-19 22:12:41 - INFO - Connected (version 2.0, client OpenSSH_7.4)
2025-06-19 22:12:41 - INFO - Found credentials in shared credentials file: ~/.aws/credentials
2025-06-19 22:12:41 - INFO - Authentication (publickey) failed.
2025-06-19 22:12:41 - WARNING - Attempt 1/5 failed for i-005cec2ce99ab8447: Authentication failed.
2025-06-19 22:12:41 - INFO - Connected (version 2.0, client OpenSSH_7.4)
2025-06-19 22:12:41 - INFO - Found credentials in shared credentials file: ~/.aws/credentials
2025-06-19 22:12:41 - INFO - Authentication (publickey) failed.
2025-06-19 22:12:41 - WARNING - Attempt 1/5 failed for i-0d9a37463810a0b83: Authentication failed.
2025-06-19 22:12:41 - INFO - Connected (version 2.0, client OpenSSH_7.4)
2025-06-19 22:12:41 - INFO - Found credentials in shared credentials file: ~/.aws/credentials
2025-06-19 22:12:42 - INFO - Authentication (publickey) failed.
2025-06-19 22:12:42 - WARNING - Attempt 1/5 failed for i-0363b2cd10aab969d: Authentication failed.
2025-06-19 22:12:42 - INFO - Connected (version 2.0, client OpenSSH_7.4)
2025-06-19 22:12:42 - INFO - Found credentials in shared credentials file: ~/.aws/credentials
2025-06-19 22:12:43 - INFO - Found credentials in shared credentials file: ~/.aws/credentials
2025-06-19 22:12:43 - INFO - Authentication (publickey) failed.
2025-06-19 22:12:43 - WARNING - Attempt 1/5 failed for i-025527cd244c52091: Authentication failed.
2025-06-19 22:12:43 - INFO - Connected (version 2.0, client OpenSSH_7.4)
2025-06-19 22:12:43 - INFO - Found credentials in shared credentials file: ~/.aws/credentials
2025-06-19 22:12:44 - INFO - Found credentials in shared credentials file: ~/.aws/credentials
2025-06-19 22:12:44 - INFO - Found credentials in shared credentials file: ~/.aws/credentials
2025-06-19 22:12:44 - INFO - Found credentials in shared credentials file: ~/.aws/credentials
2025-06-19 22:12:45 - INFO - Found credentials in shared credentials file: ~/.aws/credentials
2025-06-19 22:12:45 - INFO - Found credentials in shared credentials file: ~/.aws/credentials
2025-06-19 22:12:46 - INFO - Found credentials in shared credentials file: ~/.aws/credentials
2025-06-19 22:12:47 - INFO - Found credentials in shared credentials file: ~/.aws/credentials
2025-06-19 22:12:47 - INFO - Found credentials in shared credentials file: ~/.aws/credentials
2025-06-19 22:12:47 - INFO - Found credentials in shared credentials file: ~/.aws/credentials
2025-06-19 22:12:49 - INFO - Found credentials in shared credentials file: ~/.aws/credentials
2025-06-19 22:12:49 - INFO - Found credentials in shared credentials file: ~/.aws/credentials
2025-06-19 22:12:50 - INFO - Found credentials in shared credentials file: ~/.aws/credentials
2025-06-19 22:12:50 - INFO - Found credentials in shared credentials file: ~/.aws/credentials
2025-06-19 22:12:50 - INFO - Found credentials in shared credentials file: ~/.aws/credentials
2025-06-19 22:12:50 - INFO - Found credentials in shared credentials file: ~/.aws/credentials
2025-06-19 22:12:52 - INFO - Found credentials in shared credentials file: ~/.aws/credentials
2025-06-19 22:12:52 - INFO - Found credentials in shared credentials file: ~/.aws/credentials
2025-06-19 22:12:52 - INFO - Found credentials in shared credentials file: ~/.aws/credentials
2025-06-19 22:12:52 - INFO - Found credentials in shared credentials file: ~/.aws/credentials
2025-06-19 22:12:53 - INFO - Found credentials in shared credentials file: ~/.aws/credentials
2025-06-19 22:13:11 - INFO - Authentication (publickey) successful!
2025-06-19 22:13:11 - INFO - Running command in i-0c936239fa9004f74 (sa-east-1, spot): /u/fvbr/bt.A.x
2025-06-19 22:13:11 - INFO - Connected (version 2.0, client OpenSSH_7.4)
2025-06-19 22:13:11 - INFO - Authentication (publickey) failed.
2025-06-19 22:13:11 - WARNING - Attempt 1/5 failed for i-0ddbf4e0f1b975479: Authentication failed.
2025-06-19 22:13:11 - INFO - Connected (version 2.0, client OpenSSH_7.4)
2025-06-19 22:13:11 - INFO - Authentication (publickey) failed.
2025-06-19 22:13:11 - WARNING - Attempt 1/5 failed for i-0e58cde88ee118ad2: Authentication failed.
2025-06-19 22:13:11 - INFO - Connected (version 2.0, client OpenSSH_7.4)
2025-06-19 22:13:12 - INFO - Authentication (publickey) failed.
2025-06-19 22:13:12 - WARNING - Attempt 1/5 failed for i-05c91b7d2f6e28c81: Authentication failed.
2025-06-19 22:13:12 - INFO - Connected (version 2.0, client OpenSSH_7.4)
2025-06-19 22:13:12 - INFO - Authentication (publickey) failed.
2025-06-19 22:13:12 - WARNING - Attempt 1/5 failed for i-049afabf8e84188ec: Authentication failed.
2025-06-19 22:13:12 - INFO - Connected (version 2.0, client OpenSSH_7.4)
2025-06-19 22:13:12 - INFO - Found credentials in shared credentials file: ~/.aws/credentials
2025-06-19 22:13:13 - INFO - m6a.24xlarge - 1.090700 - sa-east-1b
2025-06-19 22:13:13 - INFO - Updating file: results/results_lucas_sa-east-1.csv
2025-06-19 22:13:21 - INFO - Found credentials in shared credentials file: ~/.aws/credentials
2025-06-19 22:13:21 - INFO - Found credentials in shared credentials file: ~/.aws/credentials
2025-06-19 22:13:23 - INFO - Found credentials in shared credentials file: ~/.aws/credentials
2025-06-19 22:13:23 - INFO - Found credentials in shared credentials file: ~/.aws/credentials
2025-06-19 22:13:36 - INFO - Authentication (publickey) successful!
2025-06-19 22:13:36 - INFO - Running command in i-0d9094b5a46ddd2a3 (sa-east-1, spot): /u/fvbr/bt.A.x
2025-06-19 22:13:36 - INFO - Connected (version 2.0, client OpenSSH_7.4)
2025-06-19 22:13:38 - INFO - Found credentials in shared credentials file: ~/.aws/credentials
2025-06-19 22:13:39 - INFO - c5.24xlarge - 1.836800 - sa-east-1a
2025-06-19 22:13:39 - INFO - Updating file: results/results_lucas_sa-east-1.csv
2025-06-19 22:14:01 - INFO - Authentication (publickey) successful!
2025-06-19 22:14:01 - INFO - Running command in i-0240a08037980e523 (sa-east-1, spot): /u/fvbr/bt.A.x
2025-06-19 22:14:01 - INFO - Connected (version 2.0, client OpenSSH_7.4)
2025-06-19 22:14:03 - INFO - Found credentials in shared credentials file: ~/.aws/credentials
2025-06-19 22:14:04 - INFO - m5a.24xlarge - 1.318800 - sa-east-1a
2025-06-19 22:14:04 - INFO - Updating file: results/results_lucas_sa-east-1.csv
2025-06-19 22:14:17 - INFO - Authentication (publickey) successful!
2025-06-19 22:14:17 - INFO - Running command in i-0c9329a84331898b1 (sa-east-1, spot): /u/fvbr/bt.A.x
2025-06-19 22:14:17 - INFO - Connected (version 2.0, client OpenSSH_7.4)
2025-06-19 22:14:20 - INFO - Found credentials in shared credentials file: ~/.aws/credentials
2025-06-19 22:14:20 - INFO - r5ad.24xlarge - 1.677400 - sa-east-1c
2025-06-19 22:14:20 - INFO - Updating file: results/results_lucas_sa-east-1.csv
2025-06-19 22:14:41 - INFO - Authentication (publickey) successful!
2025-06-19 22:14:41 - INFO - Running command in i-0ff32315bc01c7e17 (sa-east-1, spot): /u/fvbr/bt.A.x
2025-06-19 22:14:41 - INFO - Connected (version 2.0, client OpenSSH_7.4)
2025-06-19 22:14:44 - INFO - Found credentials in shared credentials file: ~/.aws/credentials
2025-06-19 22:14:45 - INFO - m5a.24xlarge - 1.318800 - sa-east-1a
2025-06-19 22:14:45 - INFO - Updating file: results/results_lucas_sa-east-1.csv
2025-06-19 22:15:06 - INFO - Authentication (publickey) successful!
2025-06-19 22:15:06 - INFO - Running command in i-0dc8e84cc17ef4adc (sa-east-1, spot): /u/fvbr/bt.A.x
2025-06-19 22:15:06 - INFO - Connected (version 2.0, client OpenSSH_7.4)
2025-06-19 22:15:09 - INFO - Found credentials in shared credentials file: ~/.aws/credentials
2025-06-19 22:15:09 - INFO - m5a.24xlarge - 1.318800 - sa-east-1a
2025-06-19 22:15:09 - INFO - Updating file: results/results_lucas_sa-east-1.csv
2025-06-19 22:15:36 - WARNING - Attempt 2/5 failed for i-0acb18c314507283c: Authentication timeout.
2025-06-19 22:15:36 - INFO - Connected (version 2.0, client OpenSSH_7.4)
2025-06-19 22:15:37 - INFO - Authentication (publickey) successful!
2025-06-19 22:15:51 - INFO - Authentication (publickey) successful!
2025-06-19 22:15:51 - INFO - Running command in i-01ad08fdbeb704c70 (sa-east-1, spot): /u/fvbr/bt.A.x
2025-06-19 22:15:51 - INFO - Connected (version 2.0, client OpenSSH_7.4)
2025-06-19 22:15:53 - INFO - Found credentials in shared credentials file: ~/.aws/credentials
2025-06-19 22:15:54 - INFO - c5.24xlarge - 1.836800 - sa-east-1a
2025-06-19 22:15:54 - INFO - Updating file: results/results_lucas_sa-east-1.csv
2025-06-19 22:15:56 - INFO - Found credentials in shared credentials file: ~/.aws/credentials
2025-06-19 22:16:17 - INFO - Authentication (publickey) successful!
2025-06-19 22:16:17 - INFO - Running command in i-0a49eacdf79c10ba1 (sa-east-1, spot): /u/fvbr/bt.A.x
2025-06-19 22:16:17 - INFO - Connected (version 2.0, client OpenSSH_7.4)
2025-06-19 22:16:19 - INFO - Found credentials in shared credentials file: ~/.aws/credentials
2025-06-19 22:16:19 - INFO - c5.24xlarge - 1.836800 - sa-east-1a
2025-06-19 22:16:19 - INFO - Updating file: results/results_lucas_sa-east-1.csv
2025-06-19 22:16:43 - INFO - Authentication (publickey) successful!
2025-06-19 22:16:43 - INFO - Running command in i-071bd20a699aa477f (sa-east-1, spot): /u/fvbr/bt.A.x
2025-06-19 22:16:43 - INFO - Connected (version 2.0, client OpenSSH_7.4)
2025-06-19 22:16:46 - INFO - Found credentials in shared credentials file: ~/.aws/credentials
2025-06-19 22:16:46 - INFO - r5ad.24xlarge - 1.708200 - sa-east-1c
2025-06-19 22:16:46 - INFO - Updating file: results/results_lucas_sa-east-1.csv
2025-06-19 22:17:08 - INFO - Authentication (publickey) successful!
2025-06-19 22:17:08 - INFO - Running command in i-0da730c80ed6fc034 (sa-east-1, spot): /u/fvbr/bt.A.x
2025-06-19 22:17:08 - INFO - Connected (version 2.0, client OpenSSH_7.4)
2025-06-19 22:17:09 - INFO - Found credentials in shared credentials file: ~/.aws/credentials
2025-06-19 22:17:10 - INFO - c5.24xlarge - 1.836800 - sa-east-1a
2025-06-19 22:17:10 - INFO - Updating file: results/results_lucas_sa-east-1.csv
2025-06-19 22:17:22 - INFO - Authentication (publickey) successful!
2025-06-19 22:17:22 - INFO - Running command in i-07ca728671527c49c (sa-east-1, spot): /u/fvbr/bt.A.x
2025-06-19 22:17:22 - INFO - Connected (version 2.0, client OpenSSH_7.4)
2025-06-19 22:17:25 - INFO - Found credentials in shared credentials file: ~/.aws/credentials
2025-06-19 22:17:25 - INFO - r5ad.24xlarge - 1.708200 - sa-east-1c
2025-06-19 22:17:25 - INFO - Updating file: results/results_lucas_sa-east-1.csv
2025-06-19 22:17:36 - INFO - Authentication (publickey) successful!
2025-06-19 22:17:36 - INFO - Running command in i-084e692d13ba1bf47 (sa-east-1, spot): /u/fvbr/bt.A.x
2025-06-19 22:17:36 - INFO - Connected (version 2.0, client OpenSSH_7.4)
2025-06-19 22:17:40 - INFO - Found credentials in shared credentials file: ~/.aws/credentials
2025-06-19 22:17:40 - INFO - m5a.24xlarge - 1.318800 - sa-east-1a
2025-06-19 22:17:40 - INFO - Updating file: results/results_lucas_sa-east-1.csv
2025-06-19 22:17:50 - INFO - Authentication (publickey) successful!
2025-06-19 22:17:50 - INFO - Running command in i-04fd5c70c7cd3ed1a (sa-east-1, spot): /u/fvbr/bt.A.x
2025-06-19 22:17:50 - INFO - Connected (version 2.0, client OpenSSH_7.4)
2025-06-19 22:17:53 - INFO - Found credentials in shared credentials file: ~/.aws/credentials
2025-06-19 22:17:53 - INFO - m5a.24xlarge - 1.318800 - sa-east-1a
2025-06-19 22:17:53 - INFO - Updating file: results/results_lucas_sa-east-1.csv
2025-06-19 22:18:15 - INFO - Authentication (publickey) successful!
2025-06-19 22:18:15 - INFO - Running command in i-0bcdc236373afeb31 (sa-east-1, spot): /u/fvbr/bt.A.x
2025-06-19 22:18:15 - INFO - Connected (version 2.0, client OpenSSH_7.4)
2025-06-19 22:18:16 - INFO - Found credentials in shared credentials file: ~/.aws/credentials
2025-06-19 22:18:17 - INFO - c5.24xlarge - 1.836800 - sa-east-1a
2025-06-19 22:18:17 - INFO - Updating file: results/results_lucas_sa-east-1.csv
2025-06-19 22:18:39 - INFO - Authentication (publickey) successful!
2025-06-19 22:18:39 - INFO - Running command in i-002d38d6b21b3f515 (sa-east-1, spot): /u/fvbr/bt.A.x
2025-06-19 22:18:39 - INFO - Connected (version 2.0, client OpenSSH_7.4)
2025-06-19 22:18:41 - INFO - Found credentials in shared credentials file: ~/.aws/credentials
2025-06-19 22:18:42 - INFO - m5a.24xlarge - 1.318800 - sa-east-1a
2025-06-19 22:18:42 - INFO - Updating file: results/results_lucas_sa-east-1.csv
2025-06-19 22:19:03 - INFO - Authentication (publickey) successful!
2025-06-19 22:19:03 - INFO - Running command in i-0d07a0c7cda2711c8 (sa-east-1, spot): /u/fvbr/bt.A.x
2025-06-19 22:19:03 - INFO - Connected (version 2.0, client OpenSSH_7.4)
2025-06-19 22:19:05 - INFO - Found credentials in shared credentials file: ~/.aws/credentials
2025-06-19 22:19:05 - INFO - c5.24xlarge - 1.836800 - sa-east-1a
2025-06-19 22:19:05 - INFO - Updating file: results/results_lucas_sa-east-1.csv
2025-06-19 22:19:18 - INFO - Authentication (publickey) successful!
2025-06-19 22:19:18 - INFO - Running command in i-0db693bdb42de56c5 (sa-east-1, spot): /u/fvbr/bt.A.x
2025-06-19 22:19:18 - INFO - Connected (version 2.0, client OpenSSH_7.4)
2025-06-19 22:19:22 - INFO - Found credentials in shared credentials file: ~/.aws/credentials
2025-06-19 22:19:23 - INFO - r5ad.24xlarge - 1.708200 - sa-east-1c
2025-06-19 22:19:23 - INFO - Updating file: results/results_lucas_sa-east-1.csv
2025-06-19 22:19:39 - INFO - Authentication (publickey) successful!
2025-06-19 22:19:39 - INFO - Running command in i-010ed7cbc6f3b8670 (sa-east-1, spot): /u/fvbr/bt.A.x
2025-06-19 22:19:39 - INFO - Connected (version 2.0, client OpenSSH_7.4)
2025-06-19 22:19:40 - INFO - Found credentials in shared credentials file: ~/.aws/credentials
2025-06-19 22:19:41 - INFO - c5.24xlarge - 1.836800 - sa-east-1a
2025-06-19 22:19:41 - INFO - Updating file: results/results_lucas_sa-east-1.csv
2025-06-19 22:20:09 - WARNING - Attempt 2/5 failed for i-0b384a3b52cfdc5d8: Authentication timeout.
2025-06-19 22:20:09 - INFO - Connected (version 2.0, client OpenSSH_7.4)
2025-06-19 22:20:27 - INFO - Authentication (publickey) successful!
2025-06-19 22:20:29 - INFO - Found credentials in shared credentials file: ~/.aws/credentials
2025-06-19 22:20:40 - WARNING - Attempt 2/5 failed for i-030499b503cc6aaf8: Authentication timeout.
2025-06-19 22:20:40 - INFO - Connected (version 2.0, client OpenSSH_7.4)
2025-06-19 22:20:43 - INFO - Authentication (publickey) successful!
2025-06-19 22:21:00 - INFO - Found credentials in shared credentials file: ~/.aws/credentials
2025-06-19 22:21:02 - INFO - Authentication (publickey) successful!
2025-06-19 22:21:02 - INFO - Running command in i-0d894ad5a3567786b (sa-east-1, spot): /u/fvbr/bt.A.x
2025-06-19 22:21:02 - INFO - Connected (version 2.0, client OpenSSH_7.4)
2025-06-19 22:21:03 - INFO - Found credentials in shared credentials file: ~/.aws/credentials
2025-06-19 22:21:04 - INFO - c5.24xlarge - 1.836800 - sa-east-1a
2025-06-19 22:21:04 - INFO - Updating file: results/results_lucas_sa-east-1.csv
2025-06-19 22:21:23 - INFO - Authentication (publickey) successful!
2025-06-19 22:21:23 - INFO - Running command in i-0f9283f637fd06c4e (sa-east-1, spot): /u/fvbr/bt.A.x
2025-06-19 22:21:23 - INFO - Connected (version 2.0, client OpenSSH_7.4)
2025-06-19 22:21:25 - INFO - Found credentials in shared credentials file: ~/.aws/credentials
2025-06-19 22:21:25 - INFO - c5.24xlarge - 1.836800 - sa-east-1a
2025-06-19 22:21:25 - INFO - Updating file: results/results_lucas_sa-east-1.csv
2025-06-19 22:21:53 - WARNING - Attempt 2/5 failed for i-0b1071100718d1191: Authentication timeout.
2025-06-19 22:21:53 - INFO - Connected (version 2.0, client OpenSSH_7.4)
2025-06-19 22:21:55 - INFO - Authentication (publickey) successful!
2025-06-19 22:22:13 - INFO - Found credentials in shared credentials file: ~/.aws/credentials
2025-06-19 22:22:15 - INFO - Authentication (publickey) successful!
2025-06-19 22:22:15 - INFO - Running command in i-094577d11fd3a4f7d (sa-east-1, spot): /u/fvbr/bt.A.x
2025-06-19 22:22:15 - INFO - Connected (version 2.0, client OpenSSH_7.4)
2025-06-19 22:22:17 - INFO - Found credentials in shared credentials file: ~/.aws/credentials
2025-06-19 22:22:17 - INFO - c5.24xlarge - 1.836800 - sa-east-1a
2025-06-19 22:22:17 - INFO - Updating file: results/results_lucas_sa-east-1.csv
2025-06-19 22:22:37 - INFO - Authentication (publickey) successful!
2025-06-19 22:22:37 - INFO - Running command in i-0b7e40a6887c4146c (sa-east-1, spot): /u/fvbr/bt.A.x
2025-06-19 22:22:37 - INFO - Connected (version 2.0, client OpenSSH_7.4)
2025-06-19 22:22:39 - INFO - Found credentials in shared credentials file: ~/.aws/credentials
2025-06-19 22:22:39 - INFO - c5.24xlarge - 1.836800 - sa-east-1a
2025-06-19 22:22:39 - INFO - Updating file: results/results_lucas_sa-east-1.csv
2025-06-19 22:22:59 - INFO - Authentication (publickey) successful!
2025-06-19 22:22:59 - INFO - Running command in i-00937968b0d75942b (sa-east-1, spot): /u/fvbr/bt.A.x
2025-06-19 22:22:59 - INFO - Connected (version 2.0, client OpenSSH_7.4)
2025-06-19 22:23:02 - INFO - Found credentials in shared credentials file: ~/.aws/credentials
2025-06-19 22:23:02 - INFO - m5a.24xlarge - 1.318800 - sa-east-1a
2025-06-19 22:23:02 - INFO - Updating file: results/results_lucas_sa-east-1.csv
2025-06-19 22:23:29 - WARNING - Attempt 2/5 failed for i-0341be0814ad79e2a: Authentication timeout.
2025-06-19 22:23:29 - INFO - Connected (version 2.0, client OpenSSH_7.4)
2025-06-19 22:23:30 - INFO - Authentication (publickey) successful!
2025-06-19 22:23:49 - INFO - Found credentials in shared credentials file: ~/.aws/credentials
2025-06-19 22:24:00 - WARNING - Attempt 2/5 failed for i-098dca8750529dbe5: Authentication timeout.
2025-06-19 22:24:00 - INFO - Connected (version 2.0, client OpenSSH_7.4)
2025-06-19 22:24:00 - INFO - Authentication (publickey) successful!
2025-06-19 22:28:00 - INFO - Start execution in sa-east-1 Nodes=100 Benchmark=bt.A.x Allocation Strategy=lowest-price
2025-06-19 22:28:00 - INFO - Found credentials in shared credentials file: ~/.aws/credentials
2025-06-19 22:28:13 - INFO - Tempo que levou para receber response AWS: 11.703553 segundos
2025-06-19 22:28:13 - INFO - Found credentials in shared credentials file: ~/.aws/credentials
2025-06-19 22:28:13 - INFO - m6a.24xlarge - 1.090700 - sa-east-1b
2025-06-19 22:28:13 - INFO - Updating file: results/results_lucas_sa-east-1.csv
2025-06-19 22:28:13 - INFO - Found credentials in shared credentials file: ~/.aws/credentials
2025-06-19 22:28:13 - INFO - m5a.24xlarge - 1.318800 - sa-east-1a
2025-06-19 22:28:13 - INFO - Updating file: results/results_lucas_sa-east-1.csv
2025-06-19 22:28:13 - INFO - Found credentials in shared credentials file: ~/.aws/credentials
2025-06-19 22:28:14 - INFO - r5ad.24xlarge - 1.708200 - sa-east-1c
2025-06-19 22:28:14 - INFO - Updating file: results/results_lucas_sa-east-1.csv
2025-06-19 22:28:14 - INFO - Fleet created with instances: ['i-0171c7e67772bbdb0', 'i-06c1df32c1b66e3b7', 'i-0e4467dc1bba06f12', 'i-0cfcd479f2f3ccd4c', 'i-02fe1712559387ca9', 'i-0daed3b75875ec202', 'i-04e20c4a21c74741b', 'i-0a29642e99873a2ff', 'i-07164cfe356db991a', 'i-01b2828137ce17366', 'i-0bf31086ae57651cf', 'i-09e0a78eec8cd5811', 'i-0d344168d9ae10afd', 'i-0f2a39845b4b7a0a4', 'i-0714160e780c49dbf', 'i-030f4f2b1ae93578a', 'i-00eb1d26eadbda179', 'i-0475978409446ef80', 'i-0ef6d821105d3f6b4', 'i-0ce1110702d4d3fe7', 'i-0f936ff5f5cd42db9', 'i-02e386dc2ab79bc44', 'i-097bb1b76bf72022d', 'i-08ce7af481ebb8d5c', 'i-0a8beff8e33754e22', 'i-0398ed8669da78949', 'i-0b307d8fc02c8101e', 'i-0f198cb0880bb29fe', 'i-0615fee2c24598966', 'i-0c57e9db4ec3c0876', 'i-0c498a5ae899df2a3', 'i-0f9456190ff7119d2', 'i-0e69c47756b5bec40', 'i-06832f9a68fefb129', 'i-095dee227b14b0564', 'i-012792b3cf7f44987', 'i-0e21c76352cccb447', 'i-04b4e8ec86dcdbd47', 'i-02c47404a0ee9bf4e', 'i-04f8b4dfe1889eaad', 'i-0747b503e8f587021', 'i-041a8ab37df02cdcf', 'i-0d52725d6df25f975', 'i-0274edebeab62969c', 'i-05b02a2600c33e4e3', 'i-03701a6ccd30ea594', 'i-007741a34826bb052', 'i-05004ac43b3f8fe76', 'i-09834b8f553286054', 'i-01557a6af09d74c0f', 'i-0a261b0c6db0d58d1', 'i-06614d32fb391212f', 'i-029a6069ef9a1e31e', 'i-0b3671dba53b435a5', 'i-079c446724f36aec5', 'i-0551e81f6589c0d81', 'i-08d3ef4e7c25257bc', 'i-0471e0bd6ac42b913', 'i-081f8b621e284660b', 'i-02131ad543866ac86', 'i-04c42a9165a4cb49c', 'i-07c7343cbacbf03f0', 'i-0c9df57e94a8bfaee', 'i-03509164fde64be87', 'i-01ced210242df4451', 'i-0e0b249704145c2c7', 'i-0936d4765a4d25652', 'i-020202da4d2bedd45', 'i-090adb4c4896be102', 'i-051badce55422bb28', 'i-01208fcf4a6312de2', 'i-048c863fac7fbef2f', 'i-00754df7bf908fa02', 'i-08ac4ba59446e84e5', 'i-01874d80a1699d87e', 'i-0228627dad34643db', 'i-0051f8d1addbc65d1', 'i-0f31fddd81704ea02', 'i-0d1720a1d425a4e0a', 'i-0b631d78e9b3ff7a1', 'i-0cf5b43eb36a569b2', 'i-09d92c7a2054a5a6a', 'i-0cfefd78d9510d9de', 'i-0887eb9d20e88ef32', 'i-0495c714fc1350675', 'i-0566032559f6083c7', 'i-07691821c08927a52', 'i-06907557fbf5770d8', 'i-00ba24d5117e8f757', 'i-0ff4a602e3384e830', 'i-0d0569d974b0859d9', 'i-0759124cb87cb15e5', 'i-0a14417883871fbb0', 'i-08e3603b451b05ac0', 'i-01139dedd52380fba', 'i-0a4e412a8997cba8f', 'i-01abae572b4d031ea', 'i-0cc92937eef8fe7d3', 'i-0ad3a23bdc6aa11b3', 'i-02e266edba0c07d4d']
2025-06-19 22:28:35 - INFO - Tempo que levou para as máquinas estarem running: 20.186979 segundos
2025-06-19 22:28:35 - INFO - Tempo que levou para criar o Fleet com 100 instâncias: 34.171724 segundos
2025-06-19 22:28:35 - INFO - 100 instâncias no total. Iniciando benchmark em paralelo...
2025-06-19 22:28:35 - INFO - Found credentials in shared credentials file: ~/.aws/credentials
2025-06-19 22:28:35 - INFO - Found credentials in shared credentials file: ~/.aws/credentials
2025-06-19 22:28:35 - INFO - Found credentials in shared credentials file: ~/.aws/credentials
2025-06-19 22:28:35 - INFO - Found credentials in shared credentials file: ~/.aws/credentials
2025-06-19 22:28:35 - INFO - Found credentials in shared credentials file: ~/.aws/credentials
2025-06-19 22:28:35 - INFO - Found credentials in shared credentials file: ~/.aws/credentials
2025-06-19 22:28:35 - INFO - Found credentials in shared credentials file: ~/.aws/credentials
2025-06-19 22:28:35 - INFO - Found credentials in shared credentials file: ~/.aws/credentials
2025-06-19 22:28:35 - INFO - Found credentials in shared credentials file: ~/.aws/credentials
2025-06-19 22:28:35 - INFO - Found credentials in shared credentials file: ~/.aws/credentials
2025-06-19 22:28:35 - INFO - Found credentials in shared credentials file: ~/.aws/credentials
2025-06-19 22:28:35 - INFO - Found credentials in shared credentials file: ~/.aws/credentials
2025-06-19 22:28:35 - INFO - Found credentials in shared credentials file: ~/.aws/credentials
2025-06-19 22:28:35 - INFO - Found credentials in shared credentials file: ~/.aws/credentials
2025-06-19 22:28:36 - INFO - Found credentials in shared credentials file: ~/.aws/credentials
2025-06-19 22:28:36 - INFO - Found credentials in shared credentials file: ~/.aws/credentials
2025-06-19 22:28:36 - INFO - Found credentials in shared credentials file: ~/.aws/credentials
2025-06-19 22:28:36 - INFO - Found credentials in shared credentials file: ~/.aws/credentials
2025-06-19 22:28:36 - INFO - Found credentials in shared credentials file: ~/.aws/credentials
2025-06-19 22:28:36 - INFO - Found credentials in shared credentials file: ~/.aws/credentials
2025-06-19 22:28:36 - INFO - Found credentials in shared credentials file: ~/.aws/credentials
2025-06-19 22:28:36 - INFO - Found credentials in shared credentials file: ~/.aws/credentials
2025-06-19 22:28:36 - INFO - Found credentials in shared credentials file: ~/.aws/credentials
2025-06-19 22:28:36 - INFO - Found credentials in shared credentials file: ~/.aws/credentials
2025-06-19 22:28:36 - INFO - Found credentials in shared credentials file: ~/.aws/credentials
2025-06-19 22:28:36 - INFO - Found credentials in shared credentials file: ~/.aws/credentials
2025-06-19 22:28:36 - INFO - Found credentials in shared credentials file: ~/.aws/credentials
2025-06-19 22:28:36 - INFO - Found credentials in shared credentials file: ~/.aws/credentials
2025-06-19 22:28:36 - INFO - Found credentials in shared credentials file: ~/.aws/credentials
2025-06-19 22:28:37 - INFO - Found credentials in shared credentials file: ~/.aws/credentials
2025-06-19 22:28:37 - INFO - Found credentials in shared credentials file: ~/.aws/credentials
2025-06-19 22:28:37 - INFO - Found credentials in shared credentials file: ~/.aws/credentials
2025-06-19 22:28:37 - INFO - Found credentials in shared credentials file: ~/.aws/credentials
2025-06-19 22:28:37 - INFO - Found credentials in shared credentials file: ~/.aws/credentials
2025-06-19 22:28:38 - INFO - Found credentials in shared credentials file: ~/.aws/credentials
2025-06-19 22:28:38 - INFO - Found credentials in shared credentials file: ~/.aws/credentials
2025-06-19 22:28:38 - INFO - Found credentials in shared credentials file: ~/.aws/credentials
2025-06-19 22:28:38 - INFO - Found credentials in shared credentials file: ~/.aws/credentials
2025-06-19 22:28:38 - INFO - Found credentials in shared credentials file: ~/.aws/credentials
2025-06-19 22:28:38 - INFO - Found credentials in shared credentials file: ~/.aws/credentials
2025-06-19 22:28:38 - INFO - Found credentials in shared credentials file: ~/.aws/credentials
2025-06-19 22:28:38 - INFO - Found credentials in shared credentials file: ~/.aws/credentials
2025-06-19 22:28:38 - INFO - Found credentials in shared credentials file: ~/.aws/credentials
2025-06-19 22:28:38 - INFO - Found credentials in shared credentials file: ~/.aws/credentials
2025-06-19 22:28:38 - INFO - Found credentials in shared credentials file: ~/.aws/credentials
2025-06-19 22:28:38 - INFO - Found credentials in shared credentials file: ~/.aws/credentials
2025-06-19 22:28:38 - INFO - Found credentials in shared credentials file: ~/.aws/credentials
2025-06-19 22:28:38 - INFO - Found credentials in shared credentials file: ~/.aws/credentials
2025-06-19 22:28:38 - INFO - Found credentials in shared credentials file: ~/.aws/credentials
2025-06-19 22:28:39 - INFO - Found credentials in shared credentials file: ~/.aws/credentials
2025-06-19 22:28:39 - INFO - Found credentials in shared credentials file: ~/.aws/credentials
2025-06-19 22:28:39 - INFO - Found credentials in shared credentials file: ~/.aws/credentials
2025-06-19 22:28:39 - INFO - Found credentials in shared credentials file: ~/.aws/credentials
2025-06-19 22:28:39 - INFO - Found credentials in shared credentials file: ~/.aws/credentials
2025-06-19 22:28:39 - INFO - Found credentials in shared credentials file: ~/.aws/credentials
2025-06-19 22:28:39 - INFO - Found credentials in shared credentials file: ~/.aws/credentials
2025-06-19 22:28:39 - INFO - Found credentials in shared credentials file: ~/.aws/credentials
2025-06-19 22:28:39 - INFO - Found credentials in shared credentials file: ~/.aws/credentials
2025-06-19 22:28:39 - INFO - Found credentials in shared credentials file: ~/.aws/credentials
2025-06-19 22:28:39 - INFO - Found credentials in shared credentials file: ~/.aws/credentials
2025-06-19 22:28:39 - INFO - Found credentials in shared credentials file: ~/.aws/credentials
2025-06-19 22:28:39 - INFO - Found credentials in shared credentials file: ~/.aws/credentials
2025-06-19 22:28:39 - INFO - Found credentials in shared credentials file: ~/.aws/credentials
2025-06-19 22:28:39 - INFO - Found credentials in shared credentials file: ~/.aws/credentials
2025-06-19 22:28:40 - INFO - Found credentials in shared credentials file: ~/.aws/credentials
2025-06-19 22:28:40 - INFO - Found credentials in shared credentials file: ~/.aws/credentials
2025-06-19 22:28:40 - INFO - Found credentials in shared credentials file: ~/.aws/credentials
2025-06-19 22:28:40 - INFO - Found credentials in shared credentials file: ~/.aws/credentials
2025-06-19 22:28:40 - INFO - Found credentials in shared credentials file: ~/.aws/credentials
2025-06-19 22:28:40 - INFO - Found credentials in shared credentials file: ~/.aws/credentials
2025-06-19 22:28:40 - INFO - Found credentials in shared credentials file: ~/.aws/credentials
2025-06-19 22:28:40 - INFO - Found credentials in shared credentials file: ~/.aws/credentials
2025-06-19 22:28:40 - INFO - Found credentials in shared credentials file: ~/.aws/credentials
2025-06-19 22:28:40 - INFO - Found credentials in shared credentials file: ~/.aws/credentials
2025-06-19 22:28:40 - INFO - Found credentials in shared credentials file: ~/.aws/credentials
2025-06-19 22:28:40 - INFO - Found credentials in shared credentials file: ~/.aws/credentials
2025-06-19 22:28:40 - INFO - Found credentials in shared credentials file: ~/.aws/credentials
2025-06-19 22:28:40 - INFO - Found credentials in shared credentials file: ~/.aws/credentials
2025-06-19 22:28:40 - INFO - Found credentials in shared credentials file: ~/.aws/credentials
2025-06-19 22:28:40 - INFO - Found credentials in shared credentials file: ~/.aws/credentials
2025-06-19 22:28:40 - INFO - Found credentials in shared credentials file: ~/.aws/credentials
2025-06-19 22:28:40 - INFO - Found credentials in shared credentials file: ~/.aws/credentials
2025-06-19 22:28:41 - INFO - Found credentials in shared credentials file: ~/.aws/credentials
2025-06-19 22:28:41 - INFO - Found credentials in shared credentials file: ~/.aws/credentials
2025-06-19 22:28:41 - INFO - Found credentials in shared credentials file: ~/.aws/credentials
2025-06-19 22:28:41 - INFO - Found credentials in shared credentials file: ~/.aws/credentials
2025-06-19 22:28:41 - INFO - Found credentials in shared credentials file: ~/.aws/credentials
2025-06-19 22:28:41 - INFO - Found credentials in shared credentials file: ~/.aws/credentials
2025-06-19 22:28:41 - INFO - Found credentials in shared credentials file: ~/.aws/credentials
2025-06-19 22:28:42 - INFO - Found credentials in shared credentials file: ~/.aws/credentials
2025-06-19 22:28:42 - INFO - Found credentials in shared credentials file: ~/.aws/credentials
2025-06-19 22:28:42 - INFO - Found credentials in shared credentials file: ~/.aws/credentials
2025-06-19 22:28:42 - INFO - Found credentials in shared credentials file: ~/.aws/credentials
2025-06-19 22:28:42 - INFO - Found credentials in shared credentials file: ~/.aws/credentials
2025-06-19 22:28:42 - INFO - Found credentials in shared credentials file: ~/.aws/credentials
2025-06-19 22:28:42 - INFO - Found credentials in shared credentials file: ~/.aws/credentials
2025-06-19 22:28:42 - INFO - Found credentials in shared credentials file: ~/.aws/credentials
2025-06-19 22:28:42 - INFO - Found credentials in shared credentials file: ~/.aws/credentials
2025-06-19 22:28:42 - INFO - Found credentials in shared credentials file: ~/.aws/credentials
2025-06-19 22:28:42 - INFO - Found credentials in shared credentials file: ~/.aws/credentials
2025-06-19 22:29:02 - INFO - m5a.24xlarge - 1.318800 - sa-east-1a
2025-06-19 22:29:02 - INFO - m5a.24xlarge - 1.318800 - sa-east-1a
2025-06-19 22:29:02 - INFO - Updating file: results/results_lucas_sa-east-1.csv
2025-06-19 22:29:02 - INFO - c5.24xlarge - 1.836800 - sa-east-1a
2025-06-19 22:29:02 - INFO - c5.24xlarge - 1.836800 - sa-east-1a
2025-06-19 22:29:02 - INFO - Updating file: results/results_lucas_sa-east-1.csv
2025-06-19 22:29:02 - INFO - m5a.24xlarge - 1.318800 - sa-east-1a
2025-06-19 22:29:02 - INFO - c5.24xlarge - 1.836800 - sa-east-1a
2025-06-19 22:29:02 - INFO - c5.24xlarge - 1.836800 - sa-east-1a
2025-06-19 22:29:02 - INFO - m5a.24xlarge - 1.318800 - sa-east-1a
2025-06-19 22:29:02 - INFO - c5.24xlarge - 1.836800 - sa-east-1a
2025-06-19 22:29:02 - INFO - m5a.24xlarge - 1.318800 - sa-east-1a
2025-06-19 22:29:02 - INFO - c5.24xlarge - 1.836800 - sa-east-1a
2025-06-19 22:29:02 - INFO - m5a.24xlarge - 1.318800 - sa-east-1a
2025-06-19 22:29:02 - INFO - Updating file: results/results_lucas_sa-east-1.csv
2025-06-19 22:29:02 - INFO - m5a.24xlarge - 1.318800 - sa-east-1a
2025-06-19 22:29:02 - INFO - c5.24xlarge - 1.836800 - sa-east-1a
2025-06-19 22:29:02 - INFO - c5.24xlarge - 1.836800 - sa-east-1a
2025-06-19 22:29:02 - INFO - c5.24xlarge - 1.836800 - sa-east-1a
2025-06-19 22:29:02 - INFO - c5.24xlarge - 1.836800 - sa-east-1a
2025-06-19 22:29:02 - INFO - c5.24xlarge - 1.836800 - sa-east-1a
2025-06-19 22:29:02 - INFO - c5.24xlarge - 1.836800 - sa-east-1a
2025-06-19 22:29:02 - INFO - m5a.24xlarge - 1.318800 - sa-east-1a
2025-06-19 22:29:02 - INFO - m5a.24xlarge - 1.318800 - sa-east-1a
2025-06-19 22:29:02 - INFO - c5.24xlarge - 1.836800 - sa-east-1a
2025-06-19 22:29:02 - INFO - c5.24xlarge - 1.836800 - sa-east-1a
2025-06-19 22:29:02 - INFO - Updating file: results/results_lucas_sa-east-1.csv
2025-06-19 22:29:02 - INFO - m5a.24xlarge - 1.318800 - sa-east-1a
2025-06-19 22:29:02 - INFO - c5.24xlarge - 1.836800 - sa-east-1a
2025-06-19 22:29:02 - INFO - c5.24xlarge - 1.836800 - sa-east-1a
2025-06-19 22:29:02 - INFO - m5a.24xlarge - 1.318800 - sa-east-1a
2025-06-19 22:29:02 - INFO - c5.24xlarge - 1.836800 - sa-east-1a
2025-06-19 22:29:03 - INFO - Updating file: results/results_lucas_sa-east-1.csv
2025-06-19 22:29:03 - INFO - c5.24xlarge - 1.836800 - sa-east-1a
2025-06-19 22:29:03 - INFO - c5.24xlarge - 1.836800 - sa-east-1a
2025-06-19 22:29:03 - INFO - m5a.24xlarge - 1.318800 - sa-east-1a
2025-06-19 22:29:03 - INFO - Updating file: results/results_lucas_sa-east-1.csv
2025-06-19 22:29:03 - INFO - c5.24xlarge - 1.836800 - sa-east-1a
2025-06-19 22:29:03 - INFO - c5.24xlarge - 1.836800 - sa-east-1a
2025-06-19 22:29:03 - INFO - c5.24xlarge - 1.836800 - sa-east-1a
2025-06-19 22:29:03 - INFO - c5.24xlarge - 1.836800 - sa-east-1a
2025-06-19 22:29:03 - INFO - c5.24xlarge - 1.836800 - sa-east-1a
2025-06-19 22:29:03 - INFO - c5.24xlarge - 1.836800 - sa-east-1a
2025-06-19 22:29:03 - INFO - Updating file: results/results_lucas_sa-east-1.csv
2025-06-19 22:29:03 - INFO - c5.24xlarge - 1.836800 - sa-east-1a
2025-06-19 22:29:03 - INFO - m5a.24xlarge - 1.318800 - sa-east-1a
2025-06-19 22:29:03 - INFO - c5.24xlarge - 1.836800 - sa-east-1a
2025-06-19 22:29:03 - INFO - Updating file: results/results_lucas_sa-east-1.csv
2025-06-19 22:29:03 - INFO - c5.24xlarge - 1.836800 - sa-east-1a
2025-06-19 22:29:03 - INFO - c5.24xlarge - 1.836800 - sa-east-1a
2025-06-19 22:29:03 - INFO - Updating file: results/results_lucas_sa-east-1.csv
2025-06-19 22:29:03 - INFO - c5.24xlarge - 1.836800 - sa-east-1a
2025-06-19 22:29:03 - INFO - c5.24xlarge - 1.836800 - sa-east-1a
2025-06-19 22:29:03 - INFO - m6a.24xlarge - 1.090700 - sa-east-1b
2025-06-19 22:29:03 - INFO - m5a.24xlarge - 1.318800 - sa-east-1a
2025-06-19 22:29:03 - INFO - Updating file: results/results_lucas_sa-east-1.csv
2025-06-19 22:29:03 - INFO - c5.24xlarge - 1.836800 - sa-east-1a
2025-06-19 22:29:03 - INFO - c5.24xlarge - 1.836800 - sa-east-1a
2025-06-19 22:29:03 - INFO - c5.24xlarge - 1.836800 - sa-east-1a
2025-06-19 22:29:03 - INFO - Updating file: results/results_lucas_sa-east-1.csv
2025-06-19 22:29:03 - INFO - c5.24xlarge - 1.836800 - sa-east-1a
2025-06-19 22:29:03 - INFO - c5.24xlarge - 1.836800 - sa-east-1a
2025-06-19 22:29:03 - INFO - Updating file: results/results_lucas_sa-east-1.csv
2025-06-19 22:29:03 - INFO - c5.24xlarge - 1.836800 - sa-east-1a
2025-06-19 22:29:03 - INFO - c5.24xlarge - 1.836800 - sa-east-1a
2025-06-19 22:29:03 - INFO - c5.24xlarge - 1.836800 - sa-east-1a
2025-06-19 22:29:03 - INFO - c5.24xlarge - 1.836800 - sa-east-1a
2025-06-19 22:29:03 - INFO - c5.24xlarge - 1.836800 - sa-east-1a
2025-06-19 22:29:03 - INFO - Updating file: results/results_lucas_sa-east-1.csv
2025-06-19 22:29:03 - INFO - c5.24xlarge - 1.836800 - sa-east-1a
2025-06-19 22:29:03 - INFO - c5.24xlarge - 1.836800 - sa-east-1a
2025-06-19 22:29:03 - INFO - c5.24xlarge - 1.836800 - sa-east-1a
2025-06-19 22:29:03 - INFO - m6a.24xlarge - 1.090700 - sa-east-1b
2025-06-19 22:29:03 - INFO - Updating file: results/results_lucas_sa-east-1.csv
2025-06-19 22:29:03 - INFO - c5.24xlarge - 1.836800 - sa-east-1a
2025-06-19 22:29:03 - INFO - c5.24xlarge - 1.836800 - sa-east-1a
2025-06-19 22:29:03 - INFO - r5ad.24xlarge - 1.708200 - sa-east-1c
2025-06-19 22:29:03 - INFO - m6a.24xlarge - 1.090700 - sa-east-1b
2025-06-19 22:29:03 - INFO - Updating file: results/results_lucas_sa-east-1.csv
2025-06-19 22:29:03 - INFO - c5.24xlarge - 1.836800 - sa-east-1a
2025-06-19 22:29:03 - INFO - c5.24xlarge - 1.836800 - sa-east-1a
2025-06-19 22:29:03 - INFO - c5.24xlarge - 1.836800 - sa-east-1a
2025-06-19 22:29:03 - INFO - c5.24xlarge - 1.836800 - sa-east-1a
2025-06-19 22:29:03 - INFO - c5.24xlarge - 1.836800 - sa-east-1a
2025-06-19 22:29:03 - INFO - Updating file: results/results_lucas_sa-east-1.csv
2025-06-19 22:29:03 - INFO - r5ad.24xlarge - 1.708200 - sa-east-1c
2025-06-19 22:29:03 - INFO - c5.24xlarge - 1.836800 - sa-east-1a
2025-06-19 22:29:03 - INFO - c5.24xlarge - 1.836800 - sa-east-1a
2025-06-19 22:29:03 - INFO - r5ad.24xlarge - 1.708200 - sa-east-1c
2025-06-19 22:29:03 - INFO - r5ad.24xlarge - 1.708200 - sa-east-1c
2025-06-19 22:29:04 - INFO - Updating file: results/results_lucas_sa-east-1.csv
2025-06-19 22:29:04 - INFO - c5.24xlarge - 1.836800 - sa-east-1a
2025-06-19 22:29:04 - INFO - c5.24xlarge - 1.836800 - sa-east-1a
2025-06-19 22:29:04 - INFO - c5.24xlarge - 1.836800 - sa-east-1a
2025-06-19 22:29:04 - INFO - c5.24xlarge - 1.836800 - sa-east-1a
2025-06-19 22:29:04 - INFO - c5.24xlarge - 1.836800 - sa-east-1a
2025-06-19 22:29:04 - INFO - Updating file: results/results_lucas_sa-east-1.csv
2025-06-19 22:29:04 - INFO - c5.24xlarge - 1.836800 - sa-east-1a
2025-06-19 22:29:04 - INFO - Updating file: results/results_lucas_sa-east-1.csv
2025-06-19 22:29:04 - INFO - c5.24xlarge - 1.836800 - sa-east-1a
2025-06-19 22:29:04 - INFO - c5.24xlarge - 1.836800 - sa-east-1a
2025-06-19 22:29:04 - INFO - Updating file: results/results_lucas_sa-east-1.csv
2025-06-19 22:29:04 - INFO - c5.24xlarge - 1.836800 - sa-east-1a
2025-06-19 22:29:04 - INFO - c5.24xlarge - 1.836800 - sa-east-1a
2025-06-19 22:29:04 - INFO - c5.24xlarge - 1.836800 - sa-east-1a
2025-06-19 22:29:04 - INFO - Updating file: results/results_lucas_sa-east-1.csv
2025-06-19 22:29:04 - INFO - c5.24xlarge - 1.836800 - sa-east-1a
2025-06-19 22:29:04 - INFO - c5.24xlarge - 1.836800 - sa-east-1a
2025-06-19 22:29:04 - INFO - Updating file: results/results_lucas_sa-east-1.csv
2025-06-19 22:29:04 - INFO - Updating file: results/results_lucas_sa-east-1.csv
2025-06-19 22:29:04 - INFO - c5.24xlarge - 1.836800 - sa-east-1a
2025-06-19 22:29:04 - INFO - r5ad.24xlarge - 1.708200 - sa-east-1c
2025-06-19 22:29:04 - INFO - Updating file: results/results_lucas_sa-east-1.csv
2025-06-19 22:29:04 - INFO - Updating file: results/results_lucas_sa-east-1.csv
2025-06-19 22:29:04 - INFO - c5.24xlarge - 1.836800 - sa-east-1a
2025-06-19 22:29:04 - INFO - m6a.24xlarge - 1.090700 - sa-east-1b
2025-06-19 22:29:04 - INFO - c5.24xlarge - 1.836800 - sa-east-1a
2025-06-19 22:29:04 - INFO - Updating file: results/results_lucas_sa-east-1.csv
2025-06-19 22:29:04 - INFO - c5.24xlarge - 1.836800 - sa-east-1a
2025-06-19 22:29:04 - INFO - Updating file: results/results_lucas_sa-east-1.csv
2025-06-19 22:29:08 - INFO - c5.24xlarge - 1.836800 - sa-east-1a
2025-06-19 22:29:08 - INFO - c5.24xlarge - 1.836800 - sa-east-1a
2025-06-19 22:29:08 - INFO - Updating file: results/results_lucas_sa-east-1.csv
2025-06-19 22:29:09 - INFO - Updating file: results/results_lucas_sa-east-1.csv
2025-06-19 22:29:09 - INFO - Updating file: results/results_lucas_sa-east-1.csv
2025-06-19 22:29:09 - INFO - Updating file: results/results_lucas_sa-east-1.csv
2025-06-19 22:29:09 - INFO - m6a.24xlarge - 1.090700 - sa-east-1b
2025-06-19 22:29:09 - INFO - Updating file: results/results_lucas_sa-east-1.csv
2025-06-19 22:29:09 - INFO - Updating file: results/results_lucas_sa-east-1.csv
2025-06-19 22:29:09 - INFO - Updating file: results/results_lucas_sa-east-1.csv
2025-06-19 22:29:09 - INFO - Updating file: results/results_lucas_sa-east-1.csv
2025-06-19 22:29:09 - INFO - Updating file: results/results_lucas_sa-east-1.csv
2025-06-19 22:29:09 - INFO - c5.24xlarge - 1.836800 - sa-east-1a
2025-06-19 22:29:09 - INFO - Updating file: results/results_lucas_sa-east-1.csv
2025-06-19 22:29:09 - INFO - m6a.24xlarge - 1.090700 - sa-east-1b
2025-06-19 22:29:09 - INFO - c5.24xlarge - 1.836800 - sa-east-1a
2025-06-19 22:29:09 - INFO - Updating file: results/results_lucas_sa-east-1.csv
2025-06-19 22:29:09 - INFO - Updating file: results/results_lucas_sa-east-1.csv
2025-06-19 22:29:09 - INFO - Updating file: results/results_lucas_sa-east-1.csv
2025-06-19 22:29:09 - INFO - Updating file: results/results_lucas_sa-east-1.csv
2025-06-19 22:29:09 - INFO - Updating file: results/results_lucas_sa-east-1.csv
2025-06-19 22:29:09 - INFO - Updating file: results/results_lucas_sa-east-1.csv
2025-06-19 22:29:09 - INFO - Updating file: results/results_lucas_sa-east-1.csv
2025-06-19 22:29:09 - INFO - Updating file: results/results_lucas_sa-east-1.csv
2025-06-19 22:29:09 - INFO - Updating file: results/results_lucas_sa-east-1.csv
2025-06-19 22:29:09 - INFO - Updating file: results/results_lucas_sa-east-1.csv
2025-06-19 22:29:09 - INFO - Updating file: results/results_lucas_sa-east-1.csv
2025-06-19 22:29:09 - INFO - c5.24xlarge - 1.836800 - sa-east-1a
2025-06-19 22:29:09 - INFO - Updating file: results/results_lucas_sa-east-1.csv
2025-06-19 22:29:09 - INFO - Updating file: results/results_lucas_sa-east-1.csv
2025-06-19 22:29:09 - INFO - Updating file: results/results_lucas_sa-east-1.csv
2025-06-19 22:29:09 - INFO - Updating file: results/results_lucas_sa-east-1.csv
2025-06-19 22:29:09 - INFO - Updating file: results/results_lucas_sa-east-1.csv
2025-06-19 22:29:09 - INFO - Updating file: results/results_lucas_sa-east-1.csv
2025-06-19 22:29:09 - INFO - Updating file: results/results_lucas_sa-east-1.csv
2025-06-19 22:29:09 - INFO - Updating file: results/results_lucas_sa-east-1.csv
2025-06-19 22:29:09 - INFO - Updating file: results/results_lucas_sa-east-1.csv
2025-06-19 22:29:09 - INFO - Updating file: results/results_lucas_sa-east-1.csv
2025-06-19 22:29:09 - INFO - Updating file: results/results_lucas_sa-east-1.csv
2025-06-19 22:29:09 - INFO - Updating file: results/results_lucas_sa-east-1.csv
2025-06-19 22:29:09 - INFO - Updating file: results/results_lucas_sa-east-1.csv
2025-06-19 22:29:09 - INFO - Updating file: results/results_lucas_sa-east-1.csv
2025-06-19 22:29:09 - INFO - Updating file: results/results_lucas_sa-east-1.csv
2025-06-19 22:29:09 - INFO - Updating file: results/results_lucas_sa-east-1.csv
2025-06-19 22:29:09 - INFO - Updating file: results/results_lucas_sa-east-1.csv
2025-06-19 22:29:09 - INFO - Updating file: results/results_lucas_sa-east-1.csv
2025-06-19 22:29:09 - INFO - Updating file: results/results_lucas_sa-east-1.csv
2025-06-19 22:29:09 - INFO - Updating file: results/results_lucas_sa-east-1.csv
2025-06-19 22:29:09 - INFO - Updating file: results/results_lucas_sa-east-1.csv
2025-06-19 22:29:09 - INFO - Updating file: results/results_lucas_sa-east-1.csv
2025-06-19 22:29:09 - INFO - Updating file: results/results_lucas_sa-east-1.csv
2025-06-19 22:29:09 - INFO - Updating file: results/results_lucas_sa-east-1.csv
2025-06-19 22:29:09 - INFO - Updating file: results/results_lucas_sa-east-1.csv
2025-06-19 22:29:09 - INFO - Updating file: results/results_lucas_sa-east-1.csv
2025-06-19 22:29:09 - INFO - Updating file: results/results_lucas_sa-east-1.csv
2025-06-19 22:29:09 - INFO - Updating file: results/results_lucas_sa-east-1.csv
2025-06-19 22:29:09 - INFO - Updating file: results/results_lucas_sa-east-1.csv
2025-06-19 22:29:09 - INFO - Updating file: results/results_lucas_sa-east-1.csv
2025-06-19 22:29:09 - INFO - Updating file: results/results_lucas_sa-east-1.csv
2025-06-19 22:29:09 - INFO - Updating file: results/results_lucas_sa-east-1.csv
2025-06-19 22:29:09 - INFO - Updating file: results/results_lucas_sa-east-1.csv
2025-06-19 22:29:09 - INFO - Updating file: results/results_lucas_sa-east-1.csv
2025-06-19 22:29:09 - INFO - Updating file: results/results_lucas_sa-east-1.csv
2025-06-19 22:29:09 - INFO - Updating file: results/results_lucas_sa-east-1.csv
2025-06-19 22:29:09 - INFO - Updating file: results/results_lucas_sa-east-1.csv
2025-06-19 22:29:09 - INFO - Updating file: results/results_lucas_sa-east-1.csv
2025-06-19 22:29:09 - INFO - Updating file: results/results_lucas_sa-east-1.csv
2025-06-19 22:29:09 - INFO - Updating file: results/results_lucas_sa-east-1.csv
2025-06-19 22:29:09 - INFO - Updating file: results/results_lucas_sa-east-1.csv
2025-06-19 22:29:09 - INFO - Updating file: results/results_lucas_sa-east-1.csv
2025-06-19 22:29:09 - INFO - Updating file: results/results_lucas_sa-east-1.csv
2025-06-19 22:29:09 - INFO - Updating file: results/results_lucas_sa-east-1.csv
2025-06-19 22:29:09 - INFO - Updating file: results/results_lucas_sa-east-1.csv
2025-06-19 22:29:09 - INFO - Updating file: results/results_lucas_sa-east-1.csv
2025-06-19 22:29:09 - INFO - Updating file: results/results_lucas_sa-east-1.csv
2025-06-19 22:29:09 - INFO - Updating file: results/results_lucas_sa-east-1.csv
2025-06-19 22:29:09 - INFO - Updating file: results/results_lucas_sa-east-1.csv
2025-06-19 22:29:09 - INFO - Updating file: results/results_lucas_sa-east-1.csv
2025-06-19 22:29:09 - INFO - Updating file: results/results_lucas_sa-east-1.csv
2025-06-19 22:29:09 - INFO - Updating file: results/results_lucas_sa-east-1.csv
2025-06-19 22:29:18 - INFO - All instances have been terminated.
2025-06-20 19:34:13 - INFO - Start execution in sa-east-1 Nodes=200 Benchmark=bt.A.x Allocation Strategy=lowest-price
2025-06-20 19:34:13 - INFO - Found credentials in shared credentials file: ~/.aws/credentials
2025-06-20 19:34:50 - INFO - Tempo que levou para receber response AWS: 36.295046 segundos
2025-06-20 19:34:50 - INFO - Found credentials in shared credentials file: ~/.aws/credentials
2025-06-20 19:34:51 - INFO - m6a.24xlarge - 1.121100 - sa-east-1b
2025-06-20 19:34:51 - INFO - Updating file: results/results_lucas_sa-east-1.csv
2025-06-20 19:34:51 - INFO - Found credentials in shared credentials file: ~/.aws/credentials
2025-06-20 19:34:51 - INFO - m5a.24xlarge - 1.362300 - sa-east-1a
2025-06-20 19:34:51 - INFO - Updating file: results/results_lucas_sa-east-1.csv
2025-06-20 19:34:51 - INFO - Found credentials in shared credentials file: ~/.aws/credentials
2025-06-20 19:34:51 - INFO - r5ad.24xlarge - 1.757900 - sa-east-1c
2025-06-20 19:34:51 - INFO - Updating file: results/results_lucas_sa-east-1.csv
2025-06-20 19:34:51 - INFO - Found credentials in shared credentials file: ~/.aws/credentials
2025-06-20 19:34:52 - INFO - c5.24xlarge - 1.856300 - sa-east-1a
2025-06-20 19:34:52 - INFO - Updating file: results/results_lucas_sa-east-1.csv
2025-06-20 19:34:52 - INFO - Found credentials in shared credentials file: ~/.aws/credentials
2025-06-20 19:34:52 - INFO - m5a.24xlarge - 1.866900 - sa-east-1c
2025-06-20 19:34:52 - INFO - Updating file: results/results_lucas_sa-east-1.csv
2025-06-20 19:34:52 - INFO - Found credentials in shared credentials file: ~/.aws/credentials
2025-06-20 19:34:53 - INFO - m6a.24xlarge - 1.950700 - sa-east-1c
2025-06-20 19:34:53 - INFO - Updating file: results/results_lucas_sa-east-1.csv
2025-06-20 19:34:53 - INFO - Found credentials in shared credentials file: ~/.aws/credentials
2025-06-20 19:34:53 - INFO - r5a.24xlarge - 2.105000 - sa-east-1c
2025-06-20 19:34:53 - INFO - Updating file: results/results_lucas_sa-east-1.csv
2025-06-20 19:34:53 - INFO - Found credentials in shared credentials file: ~/.aws/credentials
2025-06-20 19:34:54 - INFO - c6a.24xlarge - 2.227800 - sa-east-1b
2025-06-20 19:34:54 - INFO - Updating file: results/results_lucas_sa-east-1.csv
2025-06-20 19:34:54 - INFO - Found credentials in shared credentials file: ~/.aws/credentials
2025-06-20 19:34:54 - INFO - c5.24xlarge - 2.239300 - sa-east-1b
2025-06-20 19:34:54 - INFO - Updating file: results/results_lucas_sa-east-1.csv
2025-06-20 19:34:54 - INFO - Found credentials in shared credentials file: ~/.aws/credentials
2025-06-20 19:34:54 - INFO - r5n.24xlarge - 2.271900 - sa-east-1b
2025-06-20 19:34:55 - INFO - Updating file: results/results_lucas_sa-east-1.csv
2025-06-20 19:34:55 - INFO - Found credentials in shared credentials file: ~/.aws/credentials
2025-06-20 19:34:55 - INFO - c5.24xlarge - 2.291800 - sa-east-1c
2025-06-20 19:34:55 - INFO - Updating file: results/results_lucas_sa-east-1.csv
2025-06-20 19:34:55 - INFO - Found credentials in shared credentials file: ~/.aws/credentials
2025-06-20 19:34:55 - INFO - m5ad.24xlarge - 2.296400 - sa-east-1c
2025-06-20 19:34:55 - INFO - Updating file: results/results_lucas_sa-east-1.csv
2025-06-20 19:34:55 - INFO - Fleet created with instances: ['i-03543f3a9f7369d29', 'i-0b57df0f0b8dd8ae0', 'i-0e6b8b6099c74ba32', 'i-0b14d7a39bc63a3cd', 'i-0acdc2e3c2e13a588', 'i-082f2e7159fe26250', 'i-0519c4b3137c7fa3b', 'i-0481062bb4b08df76', 'i-07dbb93a7cc3a8f5e', 'i-05c95294b369ba1d9', 'i-0ac2f988015c6cc67', 'i-08519d250f2afad23', 'i-0c6c7f50f4e28a7af', 'i-0f5fa83863fb1dcbc', 'i-0b43ec2195d39fd5c', 'i-02d7cfa862f55e925', 'i-0049f925838131a6e', 'i-03d9a6e55fd9d7704', 'i-0ef34d61d7736cb0e', 'i-0b5df5428d4092075', 'i-0d2aab4fa39c6263c', 'i-02657bdf2c574fe15', 'i-051f393f5b5027cd2', 'i-0638d272be7ceba2b', 'i-0ed33e7eba3b20dfb', 'i-0afffa7d14a4aeaff', 'i-0415e0bec107a5069', 'i-031ab62e6d92efceb', 'i-0fe5228b10ac64191', 'i-0fac949c686322a13', 'i-0ac3cb8b01473bfd5', 'i-0f7713caa5f1c98ac', 'i-0eeadbc8030368b8f', 'i-001237a647af19802', 'i-0e720dbadf0fd287b', 'i-02edf14541fff3432', 'i-0a387e85223980d3f', 'i-019b4486d3485eb1c', 'i-06a178351590761da', 'i-0471dc569e3b6733f', 'i-00e976afc758871cb', 'i-04d934ac93f9c9489', 'i-0edc94f76346539a9', 'i-06f2948317cddb8c0', 'i-0c78a265233569097', 'i-0187a1adeb62e5778', 'i-0aaa678fe46280bba', 'i-0ea9de8212dbe2b50', 'i-0f276572b10f952c8', 'i-09a565556573ff5a1', 'i-0d78c3128a0e0f2f4', 'i-0171f54ca8dbe0f09', 'i-0f97212f57656656d', 'i-06ef0c5b3e4d2e8bd', 'i-0b010083690f5ac75', 'i-0d6d5c0b497a7970b', 'i-0aca303352a077a7e', 'i-08259a4315d0ffcc8', 'i-09a3becbf419b2301', 'i-03a67df848517dd27', 'i-03d4a65584a380624', 'i-09960aeab593d4157', 'i-0935a79254898438d', 'i-040234a7dadc5c005', 'i-0dad16df00ed04e94', 'i-03c46e130f7cb89b8', 'i-07171b3b920581595', 'i-0424f1e589877a3d2', 'i-0deb432d2ca74b002', 'i-0604334192d235a0a', 'i-0aa60cb942f95c684', 'i-03f64ee87f5704c73', 'i-041651bc92bb64ddf', 'i-041bdb1f15f03cae1', 'i-0f0447cdd70252932', 'i-07e7b2a7c20816859', 'i-09f07b7e76a035162', 'i-008e286ebcb15e8aa', 'i-08ddc9decf1b3842d', 'i-05b88c508e5a73d5d', 'i-06d0ec1a994b37123', 'i-0120114d55bb7a7a1', 'i-075e2ec225e6ecb8d', 'i-03b2ddde2bfde25f1', 'i-00dab9fef1345d04a', 'i-0b70c5d6e96cbcf5d', 'i-099e648b19d03d4c6', 'i-0b985b8b1d1e447c7', 'i-04aadb018335bd90d', 'i-081360504e3783dbc', 'i-0f5ac55c6c95c19e8', 'i-0b521d27795ad492f', 'i-0dac5127274d4647a', 'i-034c33cdb74b059c6', 'i-0b245bf5c25d839a7', 'i-0631c2481207e12ce', 'i-05c4960822789c177', 'i-06b2048ab27f579b2', 'i-0293da3b4562ee517', 'i-02c0315d0f84b782c', 'i-0a2e377ce875ca033', 'i-0858742651898825c', 'i-05385fe030f1d9f6b', 'i-00f75c829754208da', 'i-04cd831d679de464c', 'i-076aa05a92fbbca0e', 'i-085cf404dfee42320', 'i-0657e4ea8e206d2d4', 'i-0ad7d79821d7a28c5', 'i-0c68ade461e541912', 'i-0ee7d0d706243df77', 'i-08cc78f217c970503', 'i-0b671b7435f5bf363', 'i-02d7cb3781b56abad', 'i-028ae4de00ef41a5d', 'i-085bcc5faeee6e6de', 'i-08eee3f705c0ca995', 'i-06a4528ee6b9e604b', 'i-01a8bd689916bb20e', 'i-0fba4c931cc5eac9d', 'i-0697ec3995e32c380', 'i-08915cf4e2ae05be0', 'i-0c0d1d5667f81c53a', 'i-095c42802475e65f5', 'i-02cb278a5f8750400', 'i-0452d865d1ea7c173', 'i-0a650f934ff671a0b', 'i-026cf490cad2b4d92', 'i-032a1dce7ce1a6be6', 'i-080a1351e989efe64', 'i-099cbc387e09f16c9', 'i-0eb8b64d748386002', 'i-0ea1b160e9ca1bf71', 'i-0696483bc2e9b1f3a', 'i-01826a212985d6c84', 'i-0cae695f01029ea20', 'i-044feab4dab7b1542', 'i-07486754eefc33330', 'i-0055406a7a2996df6', 'i-0fcd6515fcc0ce6c3', 'i-004afbdd93736a1c5', 'i-05693eefbafa2248b', 'i-050d215c984eb1e8d', 'i-0086f587e3030b67b', 'i-065e4f578646ce443', 'i-04c0df20a203a6075', 'i-0640cccbcb55e0264', 'i-0ba78d38babd49306', 'i-03420999cf25e159e', 'i-0c196f1d74ce90726', 'i-07da59c84cb75d46d', 'i-00587d24222849443', 'i-021d7ebbcebe7e7e5', 'i-0f5baf250629036f7', 'i-0a403e409d16c1e3f', 'i-0d8f7c18852a6201f', 'i-0c56931970c90ede0', 'i-00da401400b7b5940', 'i-001bcf1592a376a8e', 'i-05c77b8f188eb8d8e', 'i-09a2936933f769177', 'i-081720d0f4dc4a361', 'i-04fdf0184b387c89b', 'i-0e61da534f3873501', 'i-04af7d57fbacb725c', 'i-0088249d88a7fe4f3', 'i-0360a49a6fc256473', 'i-008f061030281ffd7', 'i-059830cb483ce9a5a', 'i-0ebd21a018ec780b9', 'i-0e1d21cf3b5895479', 'i-0ee1ee845d3002ebe', 'i-0da860ec097a347e7', 'i-0d65bf2bae98195a2', 'i-06c4fc7deb1a25e90', 'i-07666a8a970330c42', 'i-041e32f99df8561e5', 'i-0e13166554a01a8be', 'i-0054381e77052a200', 'i-03305a430ffef9c15', 'i-0f13b42ad7dca4c75', 'i-0c6ae8e213a12e933', 'i-0cb830c9eebdf37f4', 'i-0a548f22949cd89a6', 'i-06031fcafbeb3fed5', 'i-0d08c5cb5b63fb23f', 'i-0e20d4c28288db754', 'i-0dc884aa79f9c20e2', 'i-0d685637625c80af9', 'i-0fff855031942c4e2', 'i-0db78add8bb8ad6a7', 'i-0a230c10dd1b1eabc', 'i-0b01f174da26ebf5c', 'i-0bbfd04ffba5a6194', 'i-0075589ea2250082a', 'i-0906d93a83014cbe0', 'i-0d9f434c55b5ed7aa', 'i-0760cd14ca7e02987', 'i-03dccdb6c215a429f', 'i-0336e03feb746a953']
2025-06-20 19:35:36 - INFO - Tempo que levou para as máquinas estarem running: 39.746862 segundos
2025-06-20 19:35:36 - INFO - Tempo que levou para criar o Fleet com 200 instâncias: 82.634242 segundos
2025-06-20 19:35:36 - INFO - 200 instâncias no total. Iniciando benchmark em paralelo...
2025-06-20 19:35:36 - INFO - Found credentials in shared credentials file: ~/.aws/credentials
2025-06-20 19:35:36 - INFO - Found credentials in shared credentials file: ~/.aws/credentials
2025-06-20 19:35:36 - INFO - Found credentials in shared credentials file: ~/.aws/credentials
2025-06-20 19:35:36 - INFO - Found credentials in shared credentials file: ~/.aws/credentials
2025-06-20 19:35:36 - INFO - Found credentials in shared credentials file: ~/.aws/credentials
2025-06-20 19:35:36 - INFO - Found credentials in shared credentials file: ~/.aws/credentials
2025-06-20 19:35:36 - INFO - Found credentials in shared credentials file: ~/.aws/credentials
2025-06-20 19:35:36 - INFO - Found credentials in shared credentials file: ~/.aws/credentials
2025-06-20 19:35:36 - INFO - Found credentials in shared credentials file: ~/.aws/credentials
2025-06-20 19:35:37 - INFO - Found credentials in shared credentials file: ~/.aws/credentials
2025-06-20 19:35:37 - INFO - Found credentials in shared credentials file: ~/.aws/credentials
2025-06-20 19:35:37 - INFO - Found credentials in shared credentials file: ~/.aws/credentials
2025-06-20 19:35:37 - INFO - Found credentials in shared credentials file: ~/.aws/credentials
2025-06-20 19:35:37 - INFO - Found credentials in shared credentials file: ~/.aws/credentials
2025-06-20 19:35:37 - INFO - Found credentials in shared credentials file: ~/.aws/credentials
2025-06-20 19:35:37 - INFO - Found credentials in shared credentials file: ~/.aws/credentials
2025-06-20 19:35:37 - INFO - Found credentials in shared credentials file: ~/.aws/credentials
2025-06-20 19:35:37 - INFO - Found credentials in shared credentials file: ~/.aws/credentials
2025-06-20 19:35:37 - INFO - Found credentials in shared credentials file: ~/.aws/credentials
2025-06-20 19:35:37 - INFO - Found credentials in shared credentials file: ~/.aws/credentials
2025-06-20 19:35:37 - INFO - Found credentials in shared credentials file: ~/.aws/credentials
2025-06-20 19:35:38 - INFO - Found credentials in shared credentials file: ~/.aws/credentials
2025-06-20 19:35:38 - INFO - Found credentials in shared credentials file: ~/.aws/credentials
2025-06-20 19:35:38 - INFO - Found credentials in shared credentials file: ~/.aws/credentials
2025-06-20 19:35:38 - INFO - Found credentials in shared credentials file: ~/.aws/credentials
2025-06-20 19:35:38 - INFO - Found credentials in shared credentials file: ~/.aws/credentials
2025-06-20 19:35:38 - INFO - Found credentials in shared credentials file: ~/.aws/credentials
2025-06-20 19:35:38 - INFO - Found credentials in shared credentials file: ~/.aws/credentials
2025-06-20 19:35:38 - INFO - Found credentials in shared credentials file: ~/.aws/credentials
2025-06-20 19:35:38 - INFO - Found credentials in shared credentials file: ~/.aws/credentials
2025-06-20 19:35:38 - INFO - Found credentials in shared credentials file: ~/.aws/credentials
2025-06-20 19:35:38 - INFO - Found credentials in shared credentials file: ~/.aws/credentials
2025-06-20 19:35:38 - INFO - Found credentials in shared credentials file: ~/.aws/credentials
2025-06-20 19:35:38 - INFO - Found credentials in shared credentials file: ~/.aws/credentials
2025-06-20 19:35:38 - INFO - Found credentials in shared credentials file: ~/.aws/credentials
2025-06-20 19:35:38 - INFO - Found credentials in shared credentials file: ~/.aws/credentials
2025-06-20 19:35:38 - INFO - Found credentials in shared credentials file: ~/.aws/credentials
2025-06-20 19:35:38 - INFO - Found credentials in shared credentials file: ~/.aws/credentials
2025-06-20 19:35:39 - INFO - Found credentials in shared credentials file: ~/.aws/credentials
2025-06-20 19:35:39 - INFO - Found credentials in shared credentials file: ~/.aws/credentials
2025-06-20 19:35:39 - INFO - Found credentials in shared credentials file: ~/.aws/credentials
2025-06-20 19:35:39 - INFO - Found credentials in shared credentials file: ~/.aws/credentials
2025-06-20 19:35:39 - INFO - Found credentials in shared credentials file: ~/.aws/credentials
2025-06-20 19:35:40 - INFO - Found credentials in shared credentials file: ~/.aws/credentials
2025-06-20 19:35:40 - INFO - Found credentials in shared credentials file: ~/.aws/credentials
2025-06-20 19:35:40 - INFO - Found credentials in shared credentials file: ~/.aws/credentials
2025-06-20 19:35:40 - INFO - Found credentials in shared credentials file: ~/.aws/credentials
2025-06-20 19:35:40 - INFO - Found credentials in shared credentials file: ~/.aws/credentials
2025-06-20 19:35:40 - INFO - Found credentials in shared credentials file: ~/.aws/credentials
2025-06-20 19:35:40 - INFO - Found credentials in shared credentials file: ~/.aws/credentials
2025-06-20 19:35:40 - INFO - Found credentials in shared credentials file: ~/.aws/credentials
2025-06-20 19:35:40 - INFO - Found credentials in shared credentials file: ~/.aws/credentials
2025-06-20 19:35:40 - INFO - Found credentials in shared credentials file: ~/.aws/credentials
2025-06-20 19:35:40 - INFO - Found credentials in shared credentials file: ~/.aws/credentials
2025-06-20 19:35:40 - INFO - Found credentials in shared credentials file: ~/.aws/credentials
2025-06-20 19:35:40 - INFO - Found credentials in shared credentials file: ~/.aws/credentials
2025-06-20 19:35:40 - INFO - Found credentials in shared credentials file: ~/.aws/credentials
2025-06-20 19:35:40 - INFO - Found credentials in shared credentials file: ~/.aws/credentials
2025-06-20 19:35:40 - INFO - Found credentials in shared credentials file: ~/.aws/credentials
2025-06-20 19:35:40 - INFO - Found credentials in shared credentials file: ~/.aws/credentials
2025-06-20 19:35:41 - INFO - Found credentials in shared credentials file: ~/.aws/credentials
2025-06-20 19:35:41 - INFO - Found credentials in shared credentials file: ~/.aws/credentials
2025-06-20 19:35:41 - INFO - Found credentials in shared credentials file: ~/.aws/credentials
2025-06-20 19:35:41 - INFO - Found credentials in shared credentials file: ~/.aws/credentials
2025-06-20 19:35:41 - INFO - Found credentials in shared credentials file: ~/.aws/credentials
2025-06-20 19:35:41 - INFO - Found credentials in shared credentials file: ~/.aws/credentials
2025-06-20 19:35:41 - INFO - Found credentials in shared credentials file: ~/.aws/credentials
2025-06-20 19:35:41 - INFO - Found credentials in shared credentials file: ~/.aws/credentials
2025-06-20 19:35:41 - INFO - Found credentials in shared credentials file: ~/.aws/credentials
2025-06-20 19:35:41 - INFO - Found credentials in shared credentials file: ~/.aws/credentials
2025-06-20 19:35:41 - INFO - Found credentials in shared credentials file: ~/.aws/credentials
2025-06-20 19:35:41 - INFO - Found credentials in shared credentials file: ~/.aws/credentials
2025-06-20 19:35:41 - INFO - Found credentials in shared credentials file: ~/.aws/credentials
2025-06-20 19:35:41 - INFO - Found credentials in shared credentials file: ~/.aws/credentials
2025-06-20 19:35:41 - INFO - Found credentials in shared credentials file: ~/.aws/credentials
2025-06-20 19:35:41 - INFO - Found credentials in shared credentials file: ~/.aws/credentials
2025-06-20 19:35:41 - INFO - Found credentials in shared credentials file: ~/.aws/credentials
2025-06-20 19:35:41 - INFO - Found credentials in shared credentials file: ~/.aws/credentials
2025-06-20 19:35:41 - INFO - Found credentials in shared credentials file: ~/.aws/credentials
2025-06-20 19:35:42 - INFO - Found credentials in shared credentials file: ~/.aws/credentials
2025-06-20 19:35:42 - INFO - Found credentials in shared credentials file: ~/.aws/credentials
2025-06-20 19:35:42 - INFO - Found credentials in shared credentials file: ~/.aws/credentials
2025-06-20 19:35:42 - INFO - Found credentials in shared credentials file: ~/.aws/credentials
2025-06-20 19:35:42 - INFO - Found credentials in shared credentials file: ~/.aws/credentials
2025-06-20 19:35:42 - INFO - Found credentials in shared credentials file: ~/.aws/credentials
2025-06-20 19:35:42 - INFO - Found credentials in shared credentials file: ~/.aws/credentials
2025-06-20 19:35:42 - INFO - Found credentials in shared credentials file: ~/.aws/credentials
2025-06-20 19:35:43 - INFO - Found credentials in shared credentials file: ~/.aws/credentials
2025-06-20 19:35:43 - INFO - Found credentials in shared credentials file: ~/.aws/credentials
2025-06-20 19:35:43 - INFO - Found credentials in shared credentials file: ~/.aws/credentials
2025-06-20 19:35:43 - INFO - Found credentials in shared credentials file: ~/.aws/credentials
2025-06-20 19:35:43 - INFO - Found credentials in shared credentials file: ~/.aws/credentials
2025-06-20 19:35:43 - INFO - Found credentials in shared credentials file: ~/.aws/credentials
2025-06-20 19:35:43 - INFO - Found credentials in shared credentials file: ~/.aws/credentials
2025-06-20 19:35:43 - INFO - Found credentials in shared credentials file: ~/.aws/credentials
2025-06-20 19:35:43 - INFO - Found credentials in shared credentials file: ~/.aws/credentials
2025-06-20 19:35:43 - INFO - Found credentials in shared credentials file: ~/.aws/credentials
2025-06-20 19:35:43 - INFO - Found credentials in shared credentials file: ~/.aws/credentials
2025-06-20 19:35:43 - INFO - Found credentials in shared credentials file: ~/.aws/credentials
2025-06-20 19:35:44 - INFO - Found credentials in shared credentials file: ~/.aws/credentials
2025-06-20 19:35:44 - INFO - Found credentials in shared credentials file: ~/.aws/credentials
2025-06-20 19:35:44 - INFO - Found credentials in shared credentials file: ~/.aws/credentials
2025-06-20 19:35:44 - INFO - Found credentials in shared credentials file: ~/.aws/credentials
2025-06-20 19:35:44 - INFO - Found credentials in shared credentials file: ~/.aws/credentials
2025-06-20 19:35:44 - INFO - Found credentials in shared credentials file: ~/.aws/credentials
2025-06-20 19:35:44 - INFO - Found credentials in shared credentials file: ~/.aws/credentials
2025-06-20 19:35:44 - INFO - Found credentials in shared credentials file: ~/.aws/credentials
2025-06-20 19:35:44 - INFO - Found credentials in shared credentials file: ~/.aws/credentials
2025-06-20 19:35:44 - INFO - Found credentials in shared credentials file: ~/.aws/credentials
2025-06-20 19:35:44 - INFO - Found credentials in shared credentials file: ~/.aws/credentials
2025-06-20 19:35:44 - INFO - Found credentials in shared credentials file: ~/.aws/credentials
2025-06-20 19:35:44 - INFO - Found credentials in shared credentials file: ~/.aws/credentials
2025-06-20 19:35:44 - INFO - Found credentials in shared credentials file: ~/.aws/credentials
2025-06-20 19:35:44 - INFO - Found credentials in shared credentials file: ~/.aws/credentials
2025-06-20 19:35:44 - INFO - Found credentials in shared credentials file: ~/.aws/credentials
2025-06-20 19:35:44 - INFO - Found credentials in shared credentials file: ~/.aws/credentials
2025-06-20 19:35:44 - INFO - Found credentials in shared credentials file: ~/.aws/credentials
2025-06-20 19:35:45 - INFO - Found credentials in shared credentials file: ~/.aws/credentials
2025-06-20 19:35:45 - INFO - Found credentials in shared credentials file: ~/.aws/credentials
2025-06-20 19:35:45 - INFO - Found credentials in shared credentials file: ~/.aws/credentials
2025-06-20 19:35:45 - INFO - Found credentials in shared credentials file: ~/.aws/credentials
2025-06-20 19:35:45 - INFO - Found credentials in shared credentials file: ~/.aws/credentials
2025-06-20 19:35:45 - INFO - Found credentials in shared credentials file: ~/.aws/credentials
2025-06-20 19:35:45 - INFO - Found credentials in shared credentials file: ~/.aws/credentials
2025-06-20 19:35:45 - INFO - Found credentials in shared credentials file: ~/.aws/credentials
2025-06-20 19:35:45 - INFO - Found credentials in shared credentials file: ~/.aws/credentials
2025-06-20 19:35:46 - INFO - Found credentials in shared credentials file: ~/.aws/credentials
2025-06-20 19:35:46 - INFO - Found credentials in shared credentials file: ~/.aws/credentials
2025-06-20 19:35:46 - INFO - Found credentials in shared credentials file: ~/.aws/credentials
2025-06-20 19:35:46 - INFO - Found credentials in shared credentials file: ~/.aws/credentials
2025-06-20 19:35:46 - INFO - Found credentials in shared credentials file: ~/.aws/credentials
2025-06-20 19:35:46 - INFO - Found credentials in shared credentials file: ~/.aws/credentials
2025-06-20 19:35:46 - INFO - Found credentials in shared credentials file: ~/.aws/credentials
2025-06-20 19:35:46 - INFO - Found credentials in shared credentials file: ~/.aws/credentials
2025-06-20 19:35:47 - INFO - Found credentials in shared credentials file: ~/.aws/credentials
2025-06-20 19:35:47 - INFO - Found credentials in shared credentials file: ~/.aws/credentials
2025-06-20 19:35:47 - INFO - Found credentials in shared credentials file: ~/.aws/credentials
2025-06-20 19:35:47 - INFO - Found credentials in shared credentials file: ~/.aws/credentials
2025-06-20 19:35:47 - INFO - Found credentials in shared credentials file: ~/.aws/credentials
2025-06-20 19:35:47 - INFO - Found credentials in shared credentials file: ~/.aws/credentials
2025-06-20 19:35:47 - INFO - Found credentials in shared credentials file: ~/.aws/credentials
2025-06-20 19:35:47 - INFO - Found credentials in shared credentials file: ~/.aws/credentials
2025-06-20 19:35:47 - INFO - Found credentials in shared credentials file: ~/.aws/credentials
2025-06-20 19:35:47 - INFO - Found credentials in shared credentials file: ~/.aws/credentials
2025-06-20 19:35:47 - INFO - Found credentials in shared credentials file: ~/.aws/credentials
2025-06-20 19:35:47 - INFO - Found credentials in shared credentials file: ~/.aws/credentials
2025-06-20 19:35:47 - INFO - Found credentials in shared credentials file: ~/.aws/credentials
2025-06-20 19:35:47 - INFO - Found credentials in shared credentials file: ~/.aws/credentials
2025-06-20 19:35:47 - INFO - Found credentials in shared credentials file: ~/.aws/credentials
2025-06-20 19:35:47 - INFO - Found credentials in shared credentials file: ~/.aws/credentials
2025-06-20 19:35:47 - INFO - Found credentials in shared credentials file: ~/.aws/credentials
2025-06-20 19:35:47 - INFO - Found credentials in shared credentials file: ~/.aws/credentials
2025-06-20 19:35:47 - INFO - Found credentials in shared credentials file: ~/.aws/credentials
2025-06-20 19:35:47 - INFO - Found credentials in shared credentials file: ~/.aws/credentials
2025-06-20 19:35:47 - INFO - Found credentials in shared credentials file: ~/.aws/credentials
2025-06-20 19:35:47 - INFO - Found credentials in shared credentials file: ~/.aws/credentials
2025-06-20 19:35:47 - INFO - Found credentials in shared credentials file: ~/.aws/credentials
2025-06-20 19:35:47 - INFO - Found credentials in shared credentials file: ~/.aws/credentials
2025-06-20 19:35:47 - INFO - Found credentials in shared credentials file: ~/.aws/credentials
2025-06-20 19:35:47 - INFO - Found credentials in shared credentials file: ~/.aws/credentials
2025-06-20 19:35:47 - INFO - Found credentials in shared credentials file: ~/.aws/credentials
2025-06-20 19:35:48 - INFO - Found credentials in shared credentials file: ~/.aws/credentials
2025-06-20 19:35:49 - INFO - Found credentials in shared credentials file: ~/.aws/credentials
2025-06-20 19:35:49 - INFO - Found credentials in shared credentials file: ~/.aws/credentials
2025-06-20 19:35:49 - INFO - Found credentials in shared credentials file: ~/.aws/credentials
2025-06-20 19:35:49 - INFO - Found credentials in shared credentials file: ~/.aws/credentials
2025-06-20 19:35:49 - INFO - Found credentials in shared credentials file: ~/.aws/credentials
2025-06-20 19:35:49 - INFO - Found credentials in shared credentials file: ~/.aws/credentials
2025-06-20 19:35:49 - INFO - Found credentials in shared credentials file: ~/.aws/credentials
2025-06-20 19:35:49 - INFO - Found credentials in shared credentials file: ~/.aws/credentials
2025-06-20 19:35:49 - INFO - Found credentials in shared credentials file: ~/.aws/credentials
2025-06-20 19:35:49 - INFO - Found credentials in shared credentials file: ~/.aws/credentials
2025-06-20 19:35:49 - INFO - Found credentials in shared credentials file: ~/.aws/credentials
2025-06-20 19:35:50 - INFO - Found credentials in shared credentials file: ~/.aws/credentials
2025-06-20 19:35:50 - INFO - Found credentials in shared credentials file: ~/.aws/credentials
2025-06-20 19:35:50 - INFO - Found credentials in shared credentials file: ~/.aws/credentials
2025-06-20 19:35:50 - INFO - Found credentials in shared credentials file: ~/.aws/credentials
2025-06-20 19:35:50 - INFO - Found credentials in shared credentials file: ~/.aws/credentials
2025-06-20 19:35:50 - INFO - Found credentials in shared credentials file: ~/.aws/credentials
2025-06-20 19:35:50 - INFO - Found credentials in shared credentials file: ~/.aws/credentials
2025-06-20 19:35:50 - INFO - Found credentials in shared credentials file: ~/.aws/credentials
2025-06-20 19:35:50 - INFO - Found credentials in shared credentials file: ~/.aws/credentials
2025-06-20 19:35:50 - INFO - Found credentials in shared credentials file: ~/.aws/credentials
2025-06-20 19:35:50 - INFO - Found credentials in shared credentials file: ~/.aws/credentials
2025-06-20 19:35:50 - INFO - Found credentials in shared credentials file: ~/.aws/credentials
2025-06-20 19:35:50 - INFO - Found credentials in shared credentials file: ~/.aws/credentials
2025-06-20 19:35:50 - INFO - Found credentials in shared credentials file: ~/.aws/credentials
2025-06-20 19:35:50 - INFO - Found credentials in shared credentials file: ~/.aws/credentials
2025-06-20 19:35:50 - INFO - Found credentials in shared credentials file: ~/.aws/credentials
2025-06-20 19:35:50 - INFO - Found credentials in shared credentials file: ~/.aws/credentials
2025-06-20 19:35:50 - INFO - Found credentials in shared credentials file: ~/.aws/credentials
2025-06-20 19:35:50 - INFO - Found credentials in shared credentials file: ~/.aws/credentials
2025-06-20 19:35:50 - INFO - Found credentials in shared credentials file: ~/.aws/credentials
2025-06-20 19:35:50 - INFO - Found credentials in shared credentials file: ~/.aws/credentials
2025-06-20 19:35:50 - INFO - Found credentials in shared credentials file: ~/.aws/credentials
2025-06-20 19:35:50 - INFO - Found credentials in shared credentials file: ~/.aws/credentials
2025-06-20 19:35:50 - INFO - Found credentials in shared credentials file: ~/.aws/credentials
2025-06-20 19:35:50 - INFO - Found credentials in shared credentials file: ~/.aws/credentials
2025-06-20 19:35:50 - INFO - Found credentials in shared credentials file: ~/.aws/credentials
2025-06-20 19:35:50 - INFO - Found credentials in shared credentials file: ~/.aws/credentials
2025-06-20 19:36:30 - INFO - m5.24xlarge - 2.405200 - sa-east-1c
2025-06-20 19:36:30 - INFO - m6a.24xlarge - 1.950700 - sa-east-1c
2025-06-20 19:36:30 - INFO - m5.24xlarge - 2.405200 - sa-east-1c
2025-06-20 19:36:30 - INFO - Updating file: results/results_lucas_sa-east-1.csv
2025-06-20 19:36:30 - INFO - m5ad.24xlarge - 2.296400 - sa-east-1c
2025-06-20 19:36:30 - INFO - m5.24xlarge - 2.405200 - sa-east-1c
2025-06-20 19:36:30 - INFO - c5.24xlarge - 2.291800 - sa-east-1c
2025-06-20 19:36:30 - INFO - m5.24xlarge - 2.405200 - sa-east-1c
2025-06-20 19:36:30 - INFO - m5.24xlarge - 2.405200 - sa-east-1c
2025-06-20 19:36:30 - INFO - m5a.24xlarge - 1.866900 - sa-east-1c
2025-06-20 19:36:30 - INFO - Updating file: results/results_lucas_sa-east-1.csv
2025-06-20 19:36:30 - INFO - m5.24xlarge - 2.405200 - sa-east-1c
2025-06-20 19:36:30 - INFO - m5a.24xlarge - 1.362300 - sa-east-1a
2025-06-20 19:36:30 - INFO - c5.24xlarge - 2.291800 - sa-east-1c
2025-06-20 19:36:30 - INFO - r5a.24xlarge - 2.105000 - sa-east-1c
2025-06-20 19:36:30 - INFO - m5ad.24xlarge - 2.296400 - sa-east-1c
2025-06-20 19:36:30 - INFO - r5a.24xlarge - 2.105000 - sa-east-1c
2025-06-20 19:36:30 - INFO - c5.24xlarge - 1.856300 - sa-east-1a
2025-06-20 19:36:30 - INFO - m5.24xlarge - 2.405200 - sa-east-1c
2025-06-20 19:36:30 - INFO - Updating file: results/results_lucas_sa-east-1.csv
2025-06-20 19:36:30 - INFO - m5.24xlarge - 2.405200 - sa-east-1c
2025-06-20 19:36:30 - INFO - m5.24xlarge - 2.405200 - sa-east-1c
2025-06-20 19:36:31 - INFO - m5.24xlarge - 2.405200 - sa-east-1c
2025-06-20 19:36:31 - INFO - m5.24xlarge - 2.405200 - sa-east-1c
2025-06-20 19:36:31 - INFO - Updating file: results/results_lucas_sa-east-1.csv
2025-06-20 19:36:31 - INFO - m5.24xlarge - 2.405200 - sa-east-1c
2025-06-20 19:36:31 - INFO - c5.24xlarge - 1.856300 - sa-east-1a
2025-06-20 19:36:31 - INFO - m6a.24xlarge - 1.950700 - sa-east-1c
2025-06-20 19:36:31 - INFO - m5a.24xlarge - 1.362300 - sa-east-1a
2025-06-20 19:36:31 - INFO - r5a.24xlarge - 2.105000 - sa-east-1c
2025-06-20 19:36:31 - INFO - r5a.24xlarge - 2.105000 - sa-east-1c
2025-06-20 19:36:31 - INFO - m5a.24xlarge - 1.866900 - sa-east-1c
2025-06-20 19:36:31 - INFO - m5a.24xlarge - 1.866900 - sa-east-1c
2025-06-20 19:36:31 - INFO - Updating file: results/results_lucas_sa-east-1.csv
2025-06-20 19:36:31 - INFO - m5.24xlarge - 2.405200 - sa-east-1c
2025-06-20 19:36:31 - INFO - r5a.24xlarge - 2.105000 - sa-east-1c
2025-06-20 19:36:31 - INFO - m6a.24xlarge - 1.950700 - sa-east-1c
2025-06-20 19:36:31 - INFO - m5.24xlarge - 2.405200 - sa-east-1c
2025-06-20 19:36:31 - INFO - Updating file: results/results_lucas_sa-east-1.csv
2025-06-20 19:36:31 - INFO - m5.24xlarge - 2.405200 - sa-east-1c
2025-06-20 19:36:31 - INFO - m5a.24xlarge - 1.362300 - sa-east-1a
2025-06-20 19:36:31 - INFO - m5.24xlarge - 2.405200 - sa-east-1c
2025-06-20 19:36:31 - INFO - m5.24xlarge - 2.405200 - sa-east-1c
2025-06-20 19:36:31 - INFO - Updating file: results/results_lucas_sa-east-1.csv
2025-06-20 19:36:31 - INFO - r5a.24xlarge - 2.105000 - sa-east-1c
2025-06-20 19:36:31 - INFO - r5ad.24xlarge - 1.757900 - sa-east-1c
2025-06-20 19:36:31 - INFO - c5.24xlarge - 1.856300 - sa-east-1a
2025-06-20 19:36:31 - INFO - c5.24xlarge - 2.291800 - sa-east-1c
2025-06-20 19:36:31 - INFO - m5a.24xlarge - 1.866900 - sa-east-1c
2025-06-20 19:36:31 - INFO - Updating file: results/results_lucas_sa-east-1.csv
2025-06-20 19:36:31 - INFO - r5a.24xlarge - 2.105000 - sa-east-1c
2025-06-20 19:36:31 - INFO - r5ad.24xlarge - 1.757900 - sa-east-1c
2025-06-20 19:36:31 - INFO - r5a.24xlarge - 2.105000 - sa-east-1c
2025-06-20 19:36:31 - INFO - m5a.24xlarge - 1.866900 - sa-east-1c
2025-06-20 19:36:31 - INFO - m5.24xlarge - 2.405200 - sa-east-1c
2025-06-20 19:36:31 - INFO - Updating file: results/results_lucas_sa-east-1.csv
2025-06-20 19:36:31 - INFO - m5ad.24xlarge - 2.296400 - sa-east-1c
2025-06-20 19:36:31 - INFO - m5.24xlarge - 2.405200 - sa-east-1c
2025-06-20 19:36:31 - INFO - c5.24xlarge - 1.856300 - sa-east-1a
2025-06-20 19:36:31 - INFO - c5.24xlarge - 1.856300 - sa-east-1a
2025-06-20 19:36:31 - INFO - c5.24xlarge - 1.856300 - sa-east-1a
2025-06-20 19:36:31 - INFO - c5.24xlarge - 1.856300 - sa-east-1a
2025-06-20 19:36:32 - INFO - r5a.24xlarge - 2.105000 - sa-east-1c
2025-06-20 19:36:32 - INFO - c5.24xlarge - 1.856300 - sa-east-1a
2025-06-20 19:36:32 - INFO - m5a.24xlarge - 1.362300 - sa-east-1a
2025-06-20 19:36:32 - INFO - Updating file: results/results_lucas_sa-east-1.csv
2025-06-20 19:36:32 - INFO - c5.24xlarge - 1.856300 - sa-east-1a
2025-06-20 19:36:32 - INFO - c5.24xlarge - 1.856300 - sa-east-1a
2025-06-20 19:36:32 - INFO - r5ad.24xlarge - 1.757900 - sa-east-1c
2025-06-20 19:36:32 - INFO - c5.24xlarge - 1.856300 - sa-east-1a
2025-06-20 19:36:32 - INFO - r5a.24xlarge - 2.105000 - sa-east-1c
2025-06-20 19:36:32 - INFO - m6a.24xlarge - 1.950700 - sa-east-1c
2025-06-20 19:36:32 - INFO - m5a.24xlarge - 1.362300 - sa-east-1a
2025-06-20 19:36:32 - INFO - m5a.24xlarge - 1.362300 - sa-east-1a
2025-06-20 19:36:32 - INFO - m5.24xlarge - 2.405200 - sa-east-1c
2025-06-20 19:36:32 - INFO - c5.24xlarge - 1.856300 - sa-east-1a
2025-06-20 19:36:32 - INFO - c5.24xlarge - 1.856300 - sa-east-1a
2025-06-20 19:36:32 - INFO - c5.24xlarge - 1.856300 - sa-east-1a
2025-06-20 19:36:32 - INFO - c5.24xlarge - 1.856300 - sa-east-1a
2025-06-20 19:36:32 - INFO - Updating file: results/results_lucas_sa-east-1.csv
2025-06-20 19:36:32 - INFO - c5.24xlarge - 1.856300 - sa-east-1a
2025-06-20 19:36:32 - INFO - m5a.24xlarge - 1.362300 - sa-east-1a
2025-06-20 19:36:32 - INFO - c5.24xlarge - 1.856300 - sa-east-1a
2025-06-20 19:36:32 - INFO - r5a.24xlarge - 2.105000 - sa-east-1c
2025-06-20 19:36:32 - INFO - m5.24xlarge - 2.405200 - sa-east-1c
2025-06-20 19:36:32 - INFO - c5.24xlarge - 1.856300 - sa-east-1a
2025-06-20 19:36:32 - INFO - c5.24xlarge - 1.856300 - sa-east-1a
2025-06-20 19:36:32 - INFO - c5.24xlarge - 1.856300 - sa-east-1a
2025-06-20 19:36:32 - INFO - c5.24xlarge - 1.856300 - sa-east-1a
2025-06-20 19:36:32 - INFO - r5ad.24xlarge - 1.757900 - sa-east-1c
2025-06-20 19:36:32 - INFO - r5a.24xlarge - 2.105000 - sa-east-1c
2025-06-20 19:36:32 - INFO - c5.24xlarge - 1.856300 - sa-east-1a
2025-06-20 19:36:32 - INFO - Updating file: results/results_lucas_sa-east-1.csv
2025-06-20 19:36:32 - INFO - m5a.24xlarge - 1.866900 - sa-east-1c
2025-06-20 19:36:32 - INFO - r5a.24xlarge - 2.105000 - sa-east-1c
2025-06-20 19:36:32 - INFO - c5.24xlarge - 1.856300 - sa-east-1a
2025-06-20 19:36:32 - INFO - m5a.24xlarge - 1.362300 - sa-east-1a
2025-06-20 19:36:32 - INFO - m5a.24xlarge - 1.866900 - sa-east-1c
2025-06-20 19:36:32 - INFO - r5a.24xlarge - 2.105000 - sa-east-1c
2025-06-20 19:36:32 - INFO - c5.24xlarge - 1.856300 - sa-east-1a
2025-06-20 19:36:32 - INFO - c5.24xlarge - 1.856300 - sa-east-1a
2025-06-20 19:36:32 - INFO - m5a.24xlarge - 1.866900 - sa-east-1c
2025-06-20 19:36:32 - INFO - c5.24xlarge - 1.856300 - sa-east-1a
2025-06-20 19:36:32 - INFO - c5.24xlarge - 1.856300 - sa-east-1a
2025-06-20 19:36:32 - INFO - c5.24xlarge - 1.856300 - sa-east-1a
2025-06-20 19:36:32 - INFO - r5a.24xlarge - 2.105000 - sa-east-1c
2025-06-20 19:36:32 - INFO - m5ad.24xlarge - 2.296400 - sa-east-1c
2025-06-20 19:36:32 - INFO - m5.24xlarge - 2.405200 - sa-east-1c
2025-06-20 19:36:32 - INFO - c5.24xlarge - 1.856300 - sa-east-1a
2025-06-20 19:36:32 - INFO - c5.24xlarge - 1.856300 - sa-east-1a
2025-06-20 19:36:32 - INFO - Updating file: results/results_lucas_sa-east-1.csv
2025-06-20 19:36:32 - INFO - m5a.24xlarge - 1.362300 - sa-east-1a
2025-06-20 19:36:32 - INFO - r5ad.24xlarge - 1.757900 - sa-east-1c
2025-06-20 19:36:33 - INFO - m5.24xlarge - 2.023300 - sa-east-1a
2025-06-20 19:36:33 - INFO - c5.24xlarge - 1.856300 - sa-east-1a
2025-06-20 19:36:39 - INFO - c5.24xlarge - 1.856300 - sa-east-1a
2025-06-20 19:36:39 - INFO - c5.24xlarge - 1.856300 - sa-east-1a
2025-06-20 19:36:39 - INFO - m5a.24xlarge - 1.866900 - sa-east-1c
2025-06-20 19:36:39 - INFO - c5.24xlarge - 1.856300 - sa-east-1a
2025-06-20 19:36:39 - INFO - c5.24xlarge - 1.856300 - sa-east-1a
2025-06-20 19:36:39 - INFO - c5.24xlarge - 1.856300 - sa-east-1a
2025-06-20 19:36:39 - INFO - m5a.24xlarge - 1.362300 - sa-east-1a
2025-06-20 19:36:39 - INFO - Updating file: results/results_lucas_sa-east-1.csv
2025-06-20 19:36:39 - INFO - c5.24xlarge - 1.856300 - sa-east-1a
2025-06-20 19:36:39 - INFO - c5.24xlarge - 1.856300 - sa-east-1a
2025-06-20 19:36:39 - INFO - r5a.24xlarge - 2.105000 - sa-east-1c
2025-06-20 19:36:40 - INFO - c6a.24xlarge - 2.227800 - sa-east-1b
2025-06-20 19:36:40 - INFO - m5ad.24xlarge - 2.296400 - sa-east-1c
2025-06-20 19:36:40 - INFO - c5.24xlarge - 1.856300 - sa-east-1a
2025-06-20 19:36:40 - INFO - c5.24xlarge - 1.856300 - sa-east-1a
2025-06-20 19:36:40 - INFO - c5.24xlarge - 1.856300 - sa-east-1a
2025-06-20 19:36:40 - INFO - Updating file: results/results_lucas_sa-east-1.csv
2025-06-20 19:36:40 - INFO - c5.24xlarge - 1.856300 - sa-east-1a
2025-06-20 19:36:40 - INFO - c5.24xlarge - 1.856300 - sa-east-1a
2025-06-20 19:36:40 - INFO - c5.24xlarge - 1.856300 - sa-east-1a
2025-06-20 19:36:40 - INFO - c5.24xlarge - 1.856300 - sa-east-1a
2025-06-20 19:36:40 - INFO - c5.24xlarge - 1.856300 - sa-east-1a
2025-06-20 19:36:40 - INFO - Updating file: results/results_lucas_sa-east-1.csv
2025-06-20 19:36:40 - INFO - c5.24xlarge - 1.856300 - sa-east-1a
2025-06-20 19:36:40 - INFO - c5.24xlarge - 1.856300 - sa-east-1a
2025-06-20 19:36:40 - INFO - c5.24xlarge - 1.856300 - sa-east-1a
2025-06-20 19:36:40 - INFO - m5.24xlarge - 2.023300 - sa-east-1a
2025-06-20 19:36:40 - INFO - c5.24xlarge - 1.856300 - sa-east-1a
2025-06-20 19:36:40 - INFO - c5.24xlarge - 2.239300 - sa-east-1b
2025-06-20 19:36:40 - INFO - m5ad.24xlarge - 2.296400 - sa-east-1c
2025-06-20 19:36:40 - INFO - m5.24xlarge - 2.023300 - sa-east-1a
2025-06-20 19:36:40 - INFO - c5.24xlarge - 1.856300 - sa-east-1a
2025-06-20 19:36:40 - INFO - Updating file: results/results_lucas_sa-east-1.csv
2025-06-20 19:36:40 - INFO - c5.24xlarge - 1.856300 - sa-east-1a
2025-06-20 19:36:40 - INFO - c5.24xlarge - 1.856300 - sa-east-1a
2025-06-20 19:36:40 - INFO - c5.24xlarge - 1.856300 - sa-east-1a
2025-06-20 19:36:40 - INFO - c5.24xlarge - 1.856300 - sa-east-1a
2025-06-20 19:36:40 - INFO - c5.24xlarge - 1.856300 - sa-east-1a
2025-06-20 19:36:40 - INFO - Updating file: results/results_lucas_sa-east-1.csv
2025-06-20 19:36:40 - INFO - c5.24xlarge - 1.856300 - sa-east-1a
2025-06-20 19:36:40 - INFO - r5a.24xlarge - 2.105000 - sa-east-1c
2025-06-20 19:36:40 - INFO - c5.24xlarge - 1.856300 - sa-east-1a
2025-06-20 19:36:40 - INFO - m6a.24xlarge - 1.121100 - sa-east-1b
2025-06-20 19:36:40 - INFO - m5.24xlarge - 2.023300 - sa-east-1a
2025-06-20 19:36:40 - INFO - c5.24xlarge - 1.856300 - sa-east-1a
2025-06-20 19:36:40 - INFO - c5.24xlarge - 2.239300 - sa-east-1b
2025-06-20 19:36:40 - INFO - m5.24xlarge - 2.023300 - sa-east-1a
2025-06-20 19:36:40 - INFO - Updating file: results/results_lucas_sa-east-1.csv
2025-06-20 19:36:40 - INFO - m5.24xlarge - 2.023300 - sa-east-1a
2025-06-20 19:36:40 - INFO - c5.24xlarge - 1.856300 - sa-east-1a
2025-06-20 19:36:40 - INFO - Updating file: results/results_lucas_sa-east-1.csv
2025-06-20 19:36:40 - INFO - m5.24xlarge - 2.023300 - sa-east-1a
2025-06-20 19:36:40 - INFO - Updating file: results/results_lucas_sa-east-1.csv
2025-06-20 19:36:40 - INFO - c5.24xlarge - 1.856300 - sa-east-1a
2025-06-20 19:36:40 - INFO - c5.24xlarge - 1.856300 - sa-east-1a
2025-06-20 19:36:40 - INFO - c5.24xlarge - 1.856300 - sa-east-1a
2025-06-20 19:36:40 - INFO - c5.24xlarge - 1.856300 - sa-east-1a
2025-06-20 19:36:40 - INFO - m5.24xlarge - 2.023300 - sa-east-1a
2025-06-20 19:36:40 - INFO - c5.24xlarge - 1.856300 - sa-east-1a
2025-06-20 19:36:40 - INFO - Updating file: results/results_lucas_sa-east-1.csv
2025-06-20 19:36:40 - INFO - c5.24xlarge - 1.856300 - sa-east-1a
2025-06-20 19:36:40 - INFO - c5.24xlarge - 1.856300 - sa-east-1a
2025-06-20 19:36:40 - INFO - Updating file: results/results_lucas_sa-east-1.csv
2025-06-20 19:36:40 - INFO - c5.24xlarge - 1.856300 - sa-east-1a
2025-06-20 19:36:40 - INFO - c5.24xlarge - 1.856300 - sa-east-1a
2025-06-20 19:36:40 - INFO - c5.24xlarge - 1.856300 - sa-east-1a
2025-06-20 19:36:40 - INFO - Updating file: results/results_lucas_sa-east-1.csv
2025-06-20 19:36:41 - INFO - m5.24xlarge - 2.023300 - sa-east-1a
2025-06-20 19:36:41 - INFO - c5.24xlarge - 1.856300 - sa-east-1a
2025-06-20 19:36:41 - INFO - c5.24xlarge - 1.856300 - sa-east-1a
2025-06-20 19:36:41 - INFO - m5.24xlarge - 2.023300 - sa-east-1a
2025-06-20 19:36:41 - INFO - Updating file: results/results_lucas_sa-east-1.csv
2025-06-20 19:36:41 - INFO - c5.24xlarge - 1.856300 - sa-east-1a
2025-06-20 19:36:41 - INFO - Updating file: results/results_lucas_sa-east-1.csv
2025-06-20 19:36:41 - INFO - m5.24xlarge - 2.023300 - sa-east-1a
2025-06-20 19:36:41 - INFO - Updating file: results/results_lucas_sa-east-1.csv
2025-06-20 19:36:41 - INFO - c5.24xlarge - 1.856300 - sa-east-1a
2025-06-20 19:36:41 - INFO - c5.24xlarge - 1.856300 - sa-east-1a
2025-06-20 19:36:41 - INFO - c5.24xlarge - 1.856300 - sa-east-1a
2025-06-20 19:36:41 - INFO - Updating file: results/results_lucas_sa-east-1.csv
2025-06-20 19:36:41 - INFO - c5.24xlarge - 1.856300 - sa-east-1a
2025-06-20 19:36:41 - INFO - c5.24xlarge - 1.856300 - sa-east-1a
2025-06-20 19:36:41 - INFO - c5.24xlarge - 1.856300 - sa-east-1a
2025-06-20 19:36:41 - INFO - Updating file: results/results_lucas_sa-east-1.csv
2025-06-20 19:36:41 - INFO - c5.24xlarge - 1.856300 - sa-east-1a
2025-06-20 19:36:41 - INFO - m6a.24xlarge - 1.121100 - sa-east-1b
2025-06-20 19:36:41 - INFO - c5.24xlarge - 2.239300 - sa-east-1b
2025-06-20 19:36:41 - INFO - c5.24xlarge - 1.856300 - sa-east-1a
2025-06-20 19:36:41 - INFO - m5.24xlarge - 2.023300 - sa-east-1a
2025-06-20 19:36:41 - INFO - m5.24xlarge - 2.023300 - sa-east-1a
2025-06-20 19:36:41 - INFO - Updating file: results/results_lucas_sa-east-1.csv
2025-06-20 19:36:41 - INFO - m5.24xlarge - 2.023300 - sa-east-1a
2025-06-20 19:36:41 - INFO - c5.24xlarge - 1.856300 - sa-east-1a
2025-06-20 19:36:41 - INFO - m5.24xlarge - 2.023300 - sa-east-1a
2025-06-20 19:36:41 - INFO - Updating file: results/results_lucas_sa-east-1.csv
2025-06-20 19:36:41 - INFO - m5.24xlarge - 2.023300 - sa-east-1a
2025-06-20 19:36:41 - INFO - Updating file: results/results_lucas_sa-east-1.csv
2025-06-20 19:36:41 - INFO - c5.24xlarge - 1.856300 - sa-east-1a
2025-06-20 19:36:41 - INFO - Updating file: results/results_lucas_sa-east-1.csv
2025-06-20 19:36:41 - INFO - m5.24xlarge - 2.023300 - sa-east-1a
2025-06-20 19:36:41 - INFO - c5.24xlarge - 1.856300 - sa-east-1a
2025-06-20 19:36:41 - INFO - Updating file: results/results_lucas_sa-east-1.csv
2025-06-20 19:36:41 - INFO - Updating file: results/results_lucas_sa-east-1.csv
2025-06-20 19:36:41 - INFO - Updating file: results/results_lucas_sa-east-1.csv
2025-06-20 19:36:41 - INFO - Updating file: results/results_lucas_sa-east-1.csv
2025-06-20 19:36:41 - INFO - m6a.24xlarge - 1.121100 - sa-east-1b
2025-06-20 19:36:41 - INFO - Updating file: results/results_lucas_sa-east-1.csv
2025-06-20 19:36:41 - INFO - m5.24xlarge - 2.023300 - sa-east-1a
2025-06-20 19:36:41 - INFO - m5.24xlarge - 2.023300 - sa-east-1a
2025-06-20 19:36:41 - INFO - Updating file: results/results_lucas_sa-east-1.csv
2025-06-20 19:36:41 - INFO - Updating file: results/results_lucas_sa-east-1.csv
2025-06-20 19:36:41 - INFO - Updating file: results/results_lucas_sa-east-1.csv
2025-06-20 19:36:41 - INFO - Updating file: results/results_lucas_sa-east-1.csv
2025-06-20 19:36:41 - INFO - Updating file: results/results_lucas_sa-east-1.csv
2025-06-20 19:36:41 - INFO - c5.24xlarge - 1.856300 - sa-east-1a
2025-06-20 19:36:41 - INFO - Updating file: results/results_lucas_sa-east-1.csv
2025-06-20 19:36:41 - INFO - c5.24xlarge - 1.856300 - sa-east-1a
2025-06-20 19:36:41 - INFO - Updating file: results/results_lucas_sa-east-1.csv
2025-06-20 19:36:41 - INFO - m5.24xlarge - 2.023300 - sa-east-1a
2025-06-20 19:36:41 - INFO - Updating file: results/results_lucas_sa-east-1.csv
2025-06-20 19:36:41 - INFO - Updating file: results/results_lucas_sa-east-1.csv
2025-06-20 19:36:41 - INFO - c5.24xlarge - 1.856300 - sa-east-1a
2025-06-20 19:36:41 - INFO - Updating file: results/results_lucas_sa-east-1.csv
2025-06-20 19:36:41 - INFO - m5.24xlarge - 2.023300 - sa-east-1a
2025-06-20 19:36:41 - INFO - c5.24xlarge - 1.856300 - sa-east-1a
2025-06-20 19:36:41 - INFO - Updating file: results/results_lucas_sa-east-1.csv
2025-06-20 19:36:41 - INFO - Updating file: results/results_lucas_sa-east-1.csv
2025-06-20 19:36:41 - INFO - Updating file: results/results_lucas_sa-east-1.csv
2025-06-20 19:36:41 - INFO - Updating file: results/results_lucas_sa-east-1.csv
2025-06-20 19:36:41 - INFO - c5.24xlarge - 2.239300 - sa-east-1b
2025-06-20 19:36:41 - INFO - m5.24xlarge - 2.023300 - sa-east-1a
2025-06-20 19:36:41 - INFO - Updating file: results/results_lucas_sa-east-1.csv
2025-06-20 19:36:41 - INFO - Updating file: results/results_lucas_sa-east-1.csv
2025-06-20 19:36:41 - INFO - Updating file: results/results_lucas_sa-east-1.csv
2025-06-20 19:36:41 - INFO - Updating file: results/results_lucas_sa-east-1.csv
2025-06-20 19:36:41 - INFO - Updating file: results/results_lucas_sa-east-1.csv
2025-06-20 19:36:41 - INFO - Updating file: results/results_lucas_sa-east-1.csv
2025-06-20 19:36:41 - INFO - Updating file: results/results_lucas_sa-east-1.csv
2025-06-20 19:36:41 - INFO - Updating file: results/results_lucas_sa-east-1.csv
2025-06-20 19:36:41 - INFO - m5.24xlarge - 2.023300 - sa-east-1a
2025-06-20 19:36:41 - INFO - Updating file: results/results_lucas_sa-east-1.csv
2025-06-20 19:36:42 - INFO - m6a.24xlarge - 1.121100 - sa-east-1b
2025-06-20 19:36:42 - INFO - Updating file: results/results_lucas_sa-east-1.csv
2025-06-20 19:36:42 - INFO - Updating file: results/results_lucas_sa-east-1.csv
2025-06-20 19:36:42 - INFO - Updating file: results/results_lucas_sa-east-1.csv
2025-06-20 19:36:42 - INFO - Updating file: results/results_lucas_sa-east-1.csv
2025-06-20 19:36:42 - INFO - Updating file: results/results_lucas_sa-east-1.csv
2025-06-20 19:36:42 - INFO - Updating file: results/results_lucas_sa-east-1.csv
2025-06-20 19:36:42 - INFO - Updating file: results/results_lucas_sa-east-1.csv
2025-06-20 19:36:42 - INFO - c5.24xlarge - 1.856300 - sa-east-1a
2025-06-20 19:36:42 - INFO - Updating file: results/results_lucas_sa-east-1.csv
2025-06-20 19:36:42 - INFO - Updating file: results/results_lucas_sa-east-1.csv
2025-06-20 19:36:42 - INFO - c5.24xlarge - 1.856300 - sa-east-1a
2025-06-20 19:36:42 - INFO - Updating file: results/results_lucas_sa-east-1.csv
2025-06-20 19:36:42 - INFO - Updating file: results/results_lucas_sa-east-1.csv
2025-06-20 19:36:42 - INFO - Updating file: results/results_lucas_sa-east-1.csv
2025-06-20 19:36:42 - INFO - Updating file: results/results_lucas_sa-east-1.csv
2025-06-20 19:36:42 - INFO - Updating file: results/results_lucas_sa-east-1.csv
2025-06-20 19:36:42 - INFO - Updating file: results/results_lucas_sa-east-1.csv
2025-06-20 19:36:42 - INFO - Updating file: results/results_lucas_sa-east-1.csv
2025-06-20 19:36:42 - INFO - Updating file: results/results_lucas_sa-east-1.csv
2025-06-20 19:36:42 - INFO - c6a.24xlarge - 2.227800 - sa-east-1b
2025-06-20 19:36:42 - INFO - Updating file: results/results_lucas_sa-east-1.csv
2025-06-20 19:36:42 - INFO - Updating file: results/results_lucas_sa-east-1.csv
2025-06-20 19:36:42 - INFO - Updating file: results/results_lucas_sa-east-1.csv
2025-06-20 19:36:42 - INFO - Updating file: results/results_lucas_sa-east-1.csv
2025-06-20 19:36:42 - INFO - Updating file: results/results_lucas_sa-east-1.csv
2025-06-20 19:36:42 - INFO - Updating file: results/results_lucas_sa-east-1.csv
2025-06-20 19:36:42 - INFO - Updating file: results/results_lucas_sa-east-1.csv
2025-06-20 19:36:42 - INFO - Updating file: results/results_lucas_sa-east-1.csv
2025-06-20 19:36:42 - INFO - Updating file: results/results_lucas_sa-east-1.csv
2025-06-20 19:36:42 - INFO - Updating file: results/results_lucas_sa-east-1.csv
2025-06-20 19:36:42 - INFO - Updating file: results/results_lucas_sa-east-1.csv
2025-06-20 19:36:42 - INFO - Updating file: results/results_lucas_sa-east-1.csv
2025-06-20 19:36:42 - INFO - Updating file: results/results_lucas_sa-east-1.csv
2025-06-20 19:36:42 - INFO - Updating file: results/results_lucas_sa-east-1.csv
2025-06-20 19:36:42 - INFO - Updating file: results/results_lucas_sa-east-1.csv
2025-06-20 19:36:42 - INFO - Updating file: results/results_lucas_sa-east-1.csv
2025-06-20 19:36:42 - INFO - Updating file: results/results_lucas_sa-east-1.csv
2025-06-20 19:36:42 - INFO - Updating file: results/results_lucas_sa-east-1.csv
2025-06-20 19:36:42 - INFO - Updating file: results/results_lucas_sa-east-1.csv
2025-06-20 19:36:42 - INFO - Updating file: results/results_lucas_sa-east-1.csv
2025-06-20 19:36:42 - INFO - Updating file: results/results_lucas_sa-east-1.csv
2025-06-20 19:36:42 - INFO - Updating file: results/results_lucas_sa-east-1.csv
2025-06-20 19:36:42 - INFO - Updating file: results/results_lucas_sa-east-1.csv
2025-06-20 19:36:42 - INFO - Updating file: results/results_lucas_sa-east-1.csv
2025-06-20 19:36:42 - INFO - Updating file: results/results_lucas_sa-east-1.csv
2025-06-20 19:36:42 - INFO - Updating file: results/results_lucas_sa-east-1.csv
2025-06-20 19:36:42 - INFO - Updating file: results/results_lucas_sa-east-1.csv
2025-06-20 19:36:42 - INFO - Updating file: results/results_lucas_sa-east-1.csv
2025-06-20 19:36:42 - INFO - Updating file: results/results_lucas_sa-east-1.csv
2025-06-20 19:36:42 - INFO - Updating file: results/results_lucas_sa-east-1.csv
2025-06-20 19:36:42 - INFO - Updating file: results/results_lucas_sa-east-1.csv
2025-06-20 19:36:42 - INFO - Updating file: results/results_lucas_sa-east-1.csv
2025-06-20 19:36:42 - INFO - m6a.24xlarge - 1.121100 - sa-east-1b
2025-06-20 19:36:42 - INFO - Updating file: results/results_lucas_sa-east-1.csv
2025-06-20 19:36:42 - INFO - Updating file: results/results_lucas_sa-east-1.csv
2025-06-20 19:36:42 - INFO - Updating file: results/results_lucas_sa-east-1.csv
2025-06-20 19:36:42 - INFO - Updating file: results/results_lucas_sa-east-1.csv
2025-06-20 19:36:42 - INFO - Updating file: results/results_lucas_sa-east-1.csv
2025-06-20 19:36:42 - INFO - Updating file: results/results_lucas_sa-east-1.csv
2025-06-20 19:36:42 - INFO - Updating file: results/results_lucas_sa-east-1.csv
2025-06-20 19:36:42 - INFO - Updating file: results/results_lucas_sa-east-1.csv
2025-06-20 19:36:42 - INFO - Updating file: results/results_lucas_sa-east-1.csv
2025-06-20 19:36:42 - INFO - Updating file: results/results_lucas_sa-east-1.csv
2025-06-20 19:36:42 - INFO - Updating file: results/results_lucas_sa-east-1.csv
2025-06-20 19:36:42 - INFO - Updating file: results/results_lucas_sa-east-1.csv
2025-06-20 19:36:42 - INFO - Updating file: results/results_lucas_sa-east-1.csv
2025-06-20 19:36:42 - INFO - Updating file: results/results_lucas_sa-east-1.csv
2025-06-20 19:36:42 - INFO - Updating file: results/results_lucas_sa-east-1.csv
2025-06-20 19:36:42 - INFO - Updating file: results/results_lucas_sa-east-1.csv
2025-06-20 19:36:42 - INFO - Updating file: results/results_lucas_sa-east-1.csv
2025-06-20 19:36:42 - INFO - Updating file: results/results_lucas_sa-east-1.csv
2025-06-20 19:36:42 - INFO - Updating file: results/results_lucas_sa-east-1.csv
2025-06-20 19:36:42 - INFO - Updating file: results/results_lucas_sa-east-1.csv
2025-06-20 19:36:42 - INFO - Updating file: results/results_lucas_sa-east-1.csv
2025-06-20 19:36:42 - INFO - Updating file: results/results_lucas_sa-east-1.csv
2025-06-20 19:36:42 - INFO - Updating file: results/results_lucas_sa-east-1.csv
2025-06-20 19:36:42 - INFO - Updating file: results/results_lucas_sa-east-1.csv
2025-06-20 19:36:42 - INFO - Updating file: results/results_lucas_sa-east-1.csv
2025-06-20 19:36:42 - INFO - Updating file: results/results_lucas_sa-east-1.csv
2025-06-20 19:36:42 - INFO - Updating file: results/results_lucas_sa-east-1.csv
2025-06-20 19:36:42 - INFO - Updating file: results/results_lucas_sa-east-1.csv
2025-06-20 19:36:42 - INFO - Updating file: results/results_lucas_sa-east-1.csv
2025-06-20 19:36:42 - INFO - Updating file: results/results_lucas_sa-east-1.csv
2025-06-20 19:36:42 - INFO - Updating file: results/results_lucas_sa-east-1.csv
2025-06-20 19:36:42 - INFO - Updating file: results/results_lucas_sa-east-1.csv
2025-06-20 19:36:42 - INFO - Updating file: results/results_lucas_sa-east-1.csv
2025-06-20 19:36:42 - INFO - Updating file: results/results_lucas_sa-east-1.csv
2025-06-20 19:36:42 - INFO - Updating file: results/results_lucas_sa-east-1.csv
2025-06-20 19:36:42 - INFO - Updating file: results/results_lucas_sa-east-1.csv
2025-06-20 19:36:42 - INFO - Updating file: results/results_lucas_sa-east-1.csv
2025-06-20 19:36:42 - INFO - Updating file: results/results_lucas_sa-east-1.csv
2025-06-20 19:36:42 - INFO - Updating file: results/results_lucas_sa-east-1.csv
2025-06-20 19:36:42 - INFO - Updating file: results/results_lucas_sa-east-1.csv
2025-06-20 19:36:42 - INFO - Updating file: results/results_lucas_sa-east-1.csv
2025-06-20 19:36:42 - INFO - Updating file: results/results_lucas_sa-east-1.csv
2025-06-20 19:36:42 - INFO - Updating file: results/results_lucas_sa-east-1.csv
2025-06-20 19:36:43 - INFO - Updating file: results/results_lucas_sa-east-1.csv
2025-06-20 19:36:43 - INFO - Updating file: results/results_lucas_sa-east-1.csv
2025-06-20 19:36:43 - INFO - Updating file: results/results_lucas_sa-east-1.csv
2025-06-20 19:36:43 - INFO - Updating file: results/results_lucas_sa-east-1.csv
2025-06-20 19:36:43 - INFO - Updating file: results/results_lucas_sa-east-1.csv
2025-06-20 19:36:43 - INFO - Updating file: results/results_lucas_sa-east-1.csv
2025-06-20 19:36:43 - INFO - Updating file: results/results_lucas_sa-east-1.csv
2025-06-20 19:36:43 - INFO - Updating file: results/results_lucas_sa-east-1.csv
2025-06-20 19:36:43 - INFO - Updating file: results/results_lucas_sa-east-1.csv
2025-06-20 19:36:43 - INFO - Updating file: results/results_lucas_sa-east-1.csv
2025-06-20 19:36:43 - INFO - Updating file: results/results_lucas_sa-east-1.csv
2025-06-20 19:36:43 - INFO - Updating file: results/results_lucas_sa-east-1.csv
2025-06-20 19:36:43 - INFO - Updating file: results/results_lucas_sa-east-1.csv
2025-06-20 19:36:43 - INFO - Updating file: results/results_lucas_sa-east-1.csv
2025-06-20 19:36:43 - INFO - Updating file: results/results_lucas_sa-east-1.csv
2025-06-20 19:36:43 - INFO - Updating file: results/results_lucas_sa-east-1.csv
2025-06-20 19:36:43 - INFO - Updating file: results/results_lucas_sa-east-1.csv
2025-06-20 19:36:43 - INFO - Updating file: results/results_lucas_sa-east-1.csv
2025-06-20 19:36:43 - INFO - Updating file: results/results_lucas_sa-east-1.csv
2025-06-20 19:36:43 - INFO - Updating file: results/results_lucas_sa-east-1.csv
2025-06-20 19:36:43 - INFO - Updating file: results/results_lucas_sa-east-1.csv
2025-06-20 19:36:43 - INFO - Updating file: results/results_lucas_sa-east-1.csv
2025-06-20 19:36:43 - INFO - Updating file: results/results_lucas_sa-east-1.csv
2025-06-20 19:36:43 - INFO - Updating file: results/results_lucas_sa-east-1.csv
2025-06-20 19:36:43 - INFO - Updating file: results/results_lucas_sa-east-1.csv
2025-06-20 19:36:43 - INFO - Updating file: results/results_lucas_sa-east-1.csv
2025-06-20 19:36:43 - INFO - Updating file: results/results_lucas_sa-east-1.csv
2025-06-20 19:36:43 - INFO - Updating file: results/results_lucas_sa-east-1.csv
2025-06-20 19:36:43 - INFO - Updating file: results/results_lucas_sa-east-1.csv
2025-06-20 19:36:43 - INFO - Updating file: results/results_lucas_sa-east-1.csv
2025-06-20 19:36:43 - INFO - Updating file: results/results_lucas_sa-east-1.csv
2025-06-20 19:36:43 - INFO - Updating file: results/results_lucas_sa-east-1.csv
2025-06-20 19:36:43 - INFO - Updating file: results/results_lucas_sa-east-1.csv
2025-06-20 19:36:43 - INFO - Updating file: results/results_lucas_sa-east-1.csv
2025-06-20 19:36:43 - INFO - Updating file: results/results_lucas_sa-east-1.csv
2025-06-20 19:36:43 - INFO - Updating file: results/results_lucas_sa-east-1.csv
2025-06-20 19:36:43 - INFO - Updating file: results/results_lucas_sa-east-1.csv
2025-06-20 19:36:43 - INFO - Updating file: results/results_lucas_sa-east-1.csv
2025-06-20 19:36:43 - INFO - Updating file: results/results_lucas_sa-east-1.csv
2025-06-20 19:36:43 - INFO - Updating file: results/results_lucas_sa-east-1.csv
2025-06-20 19:36:43 - INFO - Updating file: results/results_lucas_sa-east-1.csv
2025-06-20 19:36:43 - INFO - Updating file: results/results_lucas_sa-east-1.csv
2025-06-20 19:36:43 - INFO - Updating file: results/results_lucas_sa-east-1.csv
2025-06-20 19:36:43 - INFO - Updating file: results/results_lucas_sa-east-1.csv
2025-06-20 19:36:43 - INFO - Updating file: results/results_lucas_sa-east-1.csv
2025-06-20 19:36:43 - INFO - Updating file: results/results_lucas_sa-east-1.csv
2025-06-20 19:36:43 - INFO - Updating file: results/results_lucas_sa-east-1.csv
2025-06-20 19:36:54 - INFO - All instances have been terminated.
2025-06-20 19:53:44 - INFO - Start execution in sa-east-1 Nodes=200 Benchmark=bt.A.x Allocation Strategy=lowest-price
2025-06-20 19:53:56 - INFO - Start execution in sa-east-1 Nodes=200 Benchmark=bt.A.x Allocation Strategy=lowest-price
2025-06-20 19:54:35 - INFO - Start execution in sa-east-1 Nodes=200 Benchmark=bt.A.x Allocation Strategy=lowest-price
2025-06-20 19:55:00 - INFO - Start execution in sa-east-1 Nodes=200 Benchmark=bt.A.x Allocation Strategy=lowest-price
2025-06-20 19:55:00 - INFO - Found credentials in shared credentials file: ~/.aws/credentials
2025-06-20 19:55:36 - INFO - Tempo que levou para receber response AWS: 35.551442 segundos
2025-06-20 19:55:36 - INFO - Found credentials in shared credentials file: ~/.aws/credentials
2025-06-20 19:55:36 - INFO - m6a.24xlarge - 1.121100 - sa-east-1b
2025-06-20 19:55:36 - INFO - Updating file: results/results_lucas_sa-east-1.csv
2025-06-20 19:55:36 - INFO - Found credentials in shared credentials file: ~/.aws/credentials
2025-06-20 19:55:36 - INFO - m5a.24xlarge - 1.362300 - sa-east-1a
2025-06-20 19:55:36 - INFO - Updating file: results/results_lucas_sa-east-1.csv
2025-06-20 19:55:36 - INFO - Found credentials in shared credentials file: ~/.aws/credentials
2025-06-20 19:55:37 - INFO - r5ad.24xlarge - 1.757900 - sa-east-1c
2025-06-20 19:55:37 - INFO - Updating file: results/results_lucas_sa-east-1.csv
2025-06-20 19:55:37 - INFO - Found credentials in shared credentials file: ~/.aws/credentials
2025-06-20 19:55:37 - INFO - c5.24xlarge - 1.856300 - sa-east-1a
2025-06-20 19:55:37 - INFO - Updating file: results/results_lucas_sa-east-1.csv
2025-06-20 19:55:37 - INFO - Found credentials in shared credentials file: ~/.aws/credentials
2025-06-20 19:55:38 - INFO - m5a.24xlarge - 1.866900 - sa-east-1c
2025-06-20 19:55:38 - INFO - Updating file: results/results_lucas_sa-east-1.csv
2025-06-20 19:55:38 - INFO - Found credentials in shared credentials file: ~/.aws/credentials
2025-06-20 19:55:38 - INFO - m6a.24xlarge - 1.950700 - sa-east-1c
2025-06-20 19:55:38 - INFO - Updating file: results/results_lucas_sa-east-1.csv
2025-06-20 19:55:38 - INFO - Found credentials in shared credentials file: ~/.aws/credentials
2025-06-20 19:55:39 - INFO - r5a.24xlarge - 2.105000 - sa-east-1c
2025-06-20 19:55:39 - INFO - Updating file: results/results_lucas_sa-east-1.csv
2025-06-20 19:55:39 - INFO - Found credentials in shared credentials file: ~/.aws/credentials
2025-06-20 19:55:39 - INFO - c5.24xlarge - 2.239300 - sa-east-1b
2025-06-20 19:55:39 - INFO - Updating file: results/results_lucas_sa-east-1.csv
2025-06-20 19:55:39 - INFO - Found credentials in shared credentials file: ~/.aws/credentials
2025-06-20 19:55:39 - INFO - c6a.24xlarge - 2.240700 - sa-east-1b
2025-06-20 19:55:39 - INFO - Updating file: results/results_lucas_sa-east-1.csv
2025-06-20 19:55:39 - INFO - Found credentials in shared credentials file: ~/.aws/credentials
2025-06-20 19:55:40 - INFO - r5n.24xlarge - 2.271900 - sa-east-1b
2025-06-20 19:55:40 - INFO - Updating file: results/results_lucas_sa-east-1.csv
2025-06-20 19:55:40 - INFO - Found credentials in shared credentials file: ~/.aws/credentials
2025-06-20 19:55:40 - INFO - c5.24xlarge - 2.291800 - sa-east-1c
2025-06-20 19:55:40 - INFO - Updating file: results/results_lucas_sa-east-1.csv
2025-06-20 19:55:40 - INFO - Found credentials in shared credentials file: ~/.aws/credentials
2025-06-20 19:55:41 - INFO - m5ad.24xlarge - 2.296400 - sa-east-1c
2025-06-20 19:55:41 - INFO - Updating file: results/results_lucas_sa-east-1.csv
2025-06-20 19:55:41 - INFO - Fleet created with instances: ['i-08c9013ccff0b3775', 'i-0b349723575a47653', 'i-061e91178dc961404', 'i-06b8adebea1e34b89', 'i-00ecb09d11a3b08e3', 'i-06916328e334b38e3', 'i-0890c288271bac379', 'i-0f4558991bbda1313', 'i-0b4473872e55e0bad', 'i-070f82852a41f02ff', 'i-0b8220433ea60689b', 'i-0148f3ec52d311fbf', 'i-02dd8060abc02531a', 'i-08d1bf312d74dc7ef', 'i-0f969f0e41693fe8f', 'i-024c49f56c6a7a291', 'i-01db4014023a1b6bc', 'i-08d57541a01944e37', 'i-07414337fe76c0368', 'i-03b44c58c288c53dd', 'i-0c9b4fbfe2260e673', 'i-092a38c09166f92d5', 'i-0e1127b5acf40732c', 'i-04bafb9214137c12d', 'i-0e3ec95c9c2998741', 'i-0d9ca7bc9275d1ff6', 'i-088366d7321de7e5b', 'i-0ff9df9bbf9fe21d1', 'i-064484206cbed29f3', 'i-01105339a418e8c99', 'i-0fc55a49fe25df856', 'i-07e411c880ac4a6f2', 'i-0018025a7f1d94fa8', 'i-0c8971e968097df64', 'i-07bb6657499dd2b35', 'i-06826373f053b2345', 'i-0a794e7cc85e65b23', 'i-016dd52af8d788082', 'i-0abc1f428183e89ff', 'i-0e9a36ef1a2bce7f7', 'i-031469b07f1768f4d', 'i-079746f9a514c5cd9', 'i-0168b8624adab3737', 'i-01f6e72c2792233ab', 'i-0db0116e95e776ed9', 'i-07dc54e733f377fb4', 'i-063c1f2ebcd4702a0', 'i-0277ad6beec65bfdf', 'i-096c7ab0858f7f1de', 'i-0914fc874396860a1', 'i-09709b2befe5e3090', 'i-02feb2c501522bfdd', 'i-0394855fa6162e2e9', 'i-0420284b64ea6810c', 'i-0b6e4fe1ec23006d5', 'i-028dbfa17cb51f7d7', 'i-0dc0bcaa1f07b93f9', 'i-0fb7020ba4f9c7a95', 'i-0b54149cfadd60ece', 'i-06f6711486ebaa7d4', 'i-04d4b75eb76f8189a', 'i-0f3891badcaffffbe', 'i-03e9f1ed380b7167e', 'i-0b8fab00ab8310fd5', 'i-034d5305fcb41e178', 'i-0a3f77112509d1540', 'i-07df315fb20be090b', 'i-0addb37b7f958c79e', 'i-045579a4fab6bfdb3', 'i-0675b048100eb4a2c', 'i-09f064049b37ca04e', 'i-064e4bd58550200bd', 'i-0be5efe6b52ec10d8', 'i-0dc259c0ed2426dda', 'i-03d4f0770fdbdca60', 'i-0a8796d0edbfd4561', 'i-07b953fc1e4a48a4c', 'i-0ec9b0d7ffae26edd', 'i-03f05c189c0bb5f2d', 'i-00bb7e1be115d2ef0', 'i-065d43549fb8d1cdc', 'i-047d69857c7ff9951', 'i-0292bac2740976bff', 'i-0680a4448f8365dcc', 'i-0d88b79d5bc05fa32', 'i-07ba271ee371733a1', 'i-036665706e25dcf39', 'i-0ee1b0d166a07a23b', 'i-00167c1a32fc241b8', 'i-0480c0b4d620eefc2', 'i-08bbdd21bbcc3ea55', 'i-068abf2ad96555bca', 'i-0876815a42ecbff0a', 'i-07435b0ca2a58807a', 'i-07d5a56c9b23b8f1b', 'i-01afadaed7db5dec8', 'i-0224c18cc4022787f', 'i-0def0cc597ffc6f02', 'i-03a50fb12f3ebfb7b', 'i-0f3f2e41e740fc9af', 'i-0e93bf1642a9f602a', 'i-0a31d4ce46121cccf', 'i-0f4d0027825eb06c2', 'i-0cbab8b10d5968781', 'i-051f4f165113bd28b', 'i-00df18be01e7c8006', 'i-05f569caf3d45ff4a', 'i-0f3bc152e26c3995c', 'i-0c498f7def3fe5b51', 'i-035b04ec6b077bac7', 'i-0994984c5108fc930', 'i-0dc7a7bae4274901c', 'i-034028a310d22e15c', 'i-03b4348e931ff42f6', 'i-0e5f1a211c52925b8', 'i-033996fe055af8731', 'i-09f0cc759b9fdebd2', 'i-0c4fa24adb40d690c', 'i-0f5abe55c0a1ae0b7', 'i-0025d4e01bdc61885', 'i-05babf2958e080f8e', 'i-017b4bbc45546fe55', 'i-021134315173bde83', 'i-0160568e2119bd74a', 'i-0097096eeece3a3e9', 'i-0374a258b236d7f8f', 'i-04a3afd2b2053a10c', 'i-08af0af3ccdc235e9', 'i-090a800f469701091', 'i-04b63390f239f60c7', 'i-043cb44b95615d09a', 'i-0bf4d217baf14b548', 'i-0f0269132507d4d35', 'i-0be0c55358dc8d3b2', 'i-08752b21657dc876d', 'i-009b4b179d71005be', 'i-02de44806aff9521b', 'i-09a5486eb6556caec', 'i-09b3db74ed3005b35', 'i-039aa80d3b86b2a18', 'i-0ae8e52b648fe72f2', 'i-0fc10df80fb2d23d1', 'i-088357d0d1b69ed93', 'i-0f99dacb0c50aae72', 'i-016eebcb0aef9c458', 'i-0d83e36ba66d98c74', 'i-096583876b8ebd4c8', 'i-035179542db8e6f41', 'i-01079ae4f69aae785', 'i-032004e5b8c07390f', 'i-08157a92041bf83d7', 'i-0a7d26ab24fbd2ea5', 'i-07430c6ea4aa1ab9b', 'i-09b4b0c8ab2cbde63', 'i-010c8494e4f3ed8d7', 'i-066474aeb3e8e3e2b', 'i-0c8c311399eb640f0', 'i-05abd1edf18f83a45', 'i-03326dc1375108ccc', 'i-03dc65debe331c7d8', 'i-00c3b49ca3abb8bbe', 'i-0e4218a22d8e35b86', 'i-01897f5b9681eef77', 'i-0aa27e07358e0210d', 'i-0858d716cc0f95f64', 'i-05aaf7a4d5b25d1bc', 'i-054c142f47e9f6e7b', 'i-0e1753b5c5ec81d81', 'i-06f4a9f738e8f1746', 'i-0fcc01845703e67a5', 'i-02ef0e87dffd972d6', 'i-0cc4782250046e603', 'i-0021a5fa55fecfe9a', 'i-0af4995f7851b6497', 'i-028dbed9e1ef8f7ee', 'i-06124d97a9cc3f047', 'i-08cdbb2ca5d170704', 'i-0beba28a0fbce9bb6', 'i-052896812be18c08d', 'i-0372de0b320730d99', 'i-0d2bfa3125a954b9e', 'i-05040ba46cc908ff7', 'i-0ac5218da1101da51', 'i-000a9e73c4b56353e', 'i-0ff4ed1f72206bc08', 'i-0f44734403adb1d37', 'i-0de8082c6f79ae0fc', 'i-09ec1854250918338', 'i-086d6714bf4e8e960', 'i-04120289819137434', 'i-0c5192e68166720f9', 'i-0c5e21ba1bdc47fcc', 'i-0c5638100d7a26d1d', 'i-0c5db16688f77b5ad', 'i-0a6aca11a6cc5cc29', 'i-09850e64403d369f5', 'i-03e13995b6f6031f7', 'i-04488f9d3602f72d7', 'i-07f5947082e91f4f0', 'i-0072fe2381d603d68']
2025-06-20 19:56:22 - INFO - Tempo que levou para as máquinas estarem running: 40.14127 segundos
2025-06-20 19:56:22 - INFO - Tempo que levou para criar o Fleet com 200 instâncias: 82.270747 segundos
2025-06-20 19:56:22 - INFO - 200 instâncias no total. Iniciando benchmark em paralelo...
2025-06-20 19:56:22 - INFO - Found credentials in shared credentials file: ~/.aws/credentials
2025-06-20 19:56:22 - INFO - Found credentials in shared credentials file: ~/.aws/credentials
2025-06-20 19:56:22 - INFO - Found credentials in shared credentials file: ~/.aws/credentials
2025-06-20 19:56:22 - INFO - Found credentials in shared credentials file: ~/.aws/credentials
2025-06-20 19:56:22 - INFO - Found credentials in shared credentials file: ~/.aws/credentials
2025-06-20 19:56:22 - INFO - Found credentials in shared credentials file: ~/.aws/credentials
2025-06-20 19:56:22 - INFO - Found credentials in shared credentials file: ~/.aws/credentials
2025-06-20 19:56:22 - INFO - Found credentials in shared credentials file: ~/.aws/credentials
2025-06-20 19:56:22 - INFO - Found credentials in shared credentials file: ~/.aws/credentials
2025-06-20 19:56:22 - INFO - Found credentials in shared credentials file: ~/.aws/credentials
2025-06-20 19:56:22 - INFO - Found credentials in shared credentials file: ~/.aws/credentials
2025-06-20 19:56:23 - INFO - Found credentials in shared credentials file: ~/.aws/credentials
2025-06-20 19:56:23 - INFO - Found credentials in shared credentials file: ~/.aws/credentials
2025-06-20 19:56:23 - INFO - Found credentials in shared credentials file: ~/.aws/credentials
2025-06-20 19:56:23 - INFO - Found credentials in shared credentials file: ~/.aws/credentials
2025-06-20 19:56:23 - INFO - Found credentials in shared credentials file: ~/.aws/credentials
2025-06-20 19:56:23 - INFO - Found credentials in shared credentials file: ~/.aws/credentials
2025-06-20 19:56:23 - INFO - Found credentials in shared credentials file: ~/.aws/credentials
2025-06-20 19:56:23 - INFO - Found credentials in shared credentials file: ~/.aws/credentials
2025-06-20 19:56:23 - INFO - Found credentials in shared credentials file: ~/.aws/credentials
2025-06-20 19:56:23 - INFO - Found credentials in shared credentials file: ~/.aws/credentials
2025-06-20 19:56:23 - INFO - Found credentials in shared credentials file: ~/.aws/credentials
2025-06-20 19:56:23 - INFO - Found credentials in shared credentials file: ~/.aws/credentials
2025-06-20 19:56:23 - INFO - Found credentials in shared credentials file: ~/.aws/credentials
2025-06-20 19:56:24 - INFO - Found credentials in shared credentials file: ~/.aws/credentials
2025-06-20 19:56:24 - INFO - Found credentials in shared credentials file: ~/.aws/credentials
2025-06-20 19:56:24 - INFO - Found credentials in shared credentials file: ~/.aws/credentials
2025-06-20 19:56:24 - INFO - Found credentials in shared credentials file: ~/.aws/credentials
2025-06-20 19:56:24 - INFO - Found credentials in shared credentials file: ~/.aws/credentials
2025-06-20 19:56:24 - INFO - Found credentials in shared credentials file: ~/.aws/credentials
2025-06-20 19:56:24 - INFO - Found credentials in shared credentials file: ~/.aws/credentials
2025-06-20 19:56:24 - INFO - Found credentials in shared credentials file: ~/.aws/credentials
2025-06-20 19:56:24 - INFO - Found credentials in shared credentials file: ~/.aws/credentials
2025-06-20 19:56:24 - INFO - Found credentials in shared credentials file: ~/.aws/credentials
2025-06-20 19:56:24 - INFO - Found credentials in shared credentials file: ~/.aws/credentials
2025-06-20 19:56:24 - INFO - Found credentials in shared credentials file: ~/.aws/credentials
2025-06-20 19:56:24 - INFO - Found credentials in shared credentials file: ~/.aws/credentials
2025-06-20 19:56:25 - INFO - Found credentials in shared credentials file: ~/.aws/credentials
2025-06-20 19:56:25 - INFO - Found credentials in shared credentials file: ~/.aws/credentials
2025-06-20 19:56:25 - INFO - Found credentials in shared credentials file: ~/.aws/credentials
2025-06-20 19:56:25 - INFO - Found credentials in shared credentials file: ~/.aws/credentials
2025-06-20 19:56:25 - INFO - Found credentials in shared credentials file: ~/.aws/credentials
2025-06-20 19:56:25 - INFO - Found credentials in shared credentials file: ~/.aws/credentials
2025-06-20 19:56:25 - INFO - Found credentials in shared credentials file: ~/.aws/credentials
2025-06-20 19:56:25 - INFO - Found credentials in shared credentials file: ~/.aws/credentials
2025-06-20 19:56:25 - INFO - Found credentials in shared credentials file: ~/.aws/credentials
2025-06-20 19:56:26 - INFO - Found credentials in shared credentials file: ~/.aws/credentials
2025-06-20 19:56:26 - INFO - Found credentials in shared credentials file: ~/.aws/credentials
2025-06-20 19:56:26 - INFO - Found credentials in shared credentials file: ~/.aws/credentials
2025-06-20 19:56:26 - INFO - Found credentials in shared credentials file: ~/.aws/credentials
2025-06-20 19:56:26 - INFO - Found credentials in shared credentials file: ~/.aws/credentials
2025-06-20 19:56:26 - INFO - Found credentials in shared credentials file: ~/.aws/credentials
2025-06-20 19:56:26 - INFO - Found credentials in shared credentials file: ~/.aws/credentials
2025-06-20 19:56:26 - INFO - Found credentials in shared credentials file: ~/.aws/credentials
2025-06-20 19:56:26 - INFO - Found credentials in shared credentials file: ~/.aws/credentials
2025-06-20 19:56:26 - INFO - Found credentials in shared credentials file: ~/.aws/credentials
2025-06-20 19:56:26 - INFO - Found credentials in shared credentials file: ~/.aws/credentials
2025-06-20 19:56:26 - INFO - Found credentials in shared credentials file: ~/.aws/credentials
2025-06-20 19:56:26 - INFO - Found credentials in shared credentials file: ~/.aws/credentials
2025-06-20 19:56:26 - INFO - Found credentials in shared credentials file: ~/.aws/credentials
2025-06-20 19:56:27 - INFO - Found credentials in shared credentials file: ~/.aws/credentials
2025-06-20 19:56:27 - INFO - Found credentials in shared credentials file: ~/.aws/credentials
2025-06-20 19:56:27 - INFO - Found credentials in shared credentials file: ~/.aws/credentials
2025-06-20 19:56:27 - INFO - Found credentials in shared credentials file: ~/.aws/credentials
2025-06-20 19:56:27 - INFO - Found credentials in shared credentials file: ~/.aws/credentials
2025-06-20 19:56:27 - INFO - Found credentials in shared credentials file: ~/.aws/credentials
2025-06-20 19:56:27 - INFO - Found credentials in shared credentials file: ~/.aws/credentials
2025-06-20 19:56:27 - INFO - Found credentials in shared credentials file: ~/.aws/credentials
2025-06-20 19:56:27 - INFO - Found credentials in shared credentials file: ~/.aws/credentials
2025-06-20 19:56:27 - INFO - Found credentials in shared credentials file: ~/.aws/credentials
2025-06-20 19:56:27 - INFO - Found credentials in shared credentials file: ~/.aws/credentials
2025-06-20 19:56:27 - INFO - Found credentials in shared credentials file: ~/.aws/credentials
2025-06-20 19:56:27 - INFO - Found credentials in shared credentials file: ~/.aws/credentials
2025-06-20 19:56:28 - INFO - Found credentials in shared credentials file: ~/.aws/credentials
2025-06-20 19:56:28 - INFO - Found credentials in shared credentials file: ~/.aws/credentials
2025-06-20 19:56:28 - INFO - Found credentials in shared credentials file: ~/.aws/credentials
2025-06-20 19:56:28 - INFO - Found credentials in shared credentials file: ~/.aws/credentials
2025-06-20 19:56:28 - INFO - Found credentials in shared credentials file: ~/.aws/credentials
2025-06-20 19:56:28 - INFO - Found credentials in shared credentials file: ~/.aws/credentials
2025-06-20 19:56:28 - INFO - Found credentials in shared credentials file: ~/.aws/credentials
2025-06-20 19:56:28 - INFO - Found credentials in shared credentials file: ~/.aws/credentials
2025-06-20 19:56:28 - INFO - Found credentials in shared credentials file: ~/.aws/credentials
2025-06-20 19:56:28 - INFO - Found credentials in shared credentials file: ~/.aws/credentials
2025-06-20 19:56:28 - INFO - Found credentials in shared credentials file: ~/.aws/credentials
2025-06-20 19:56:28 - INFO - Found credentials in shared credentials file: ~/.aws/credentials
2025-06-20 19:56:28 - INFO - Found credentials in shared credentials file: ~/.aws/credentials
2025-06-20 19:56:28 - INFO - Found credentials in shared credentials file: ~/.aws/credentials
2025-06-20 19:56:29 - INFO - Found credentials in shared credentials file: ~/.aws/credentials
2025-06-20 19:56:29 - INFO - Found credentials in shared credentials file: ~/.aws/credentials
2025-06-20 19:56:29 - INFO - Found credentials in shared credentials file: ~/.aws/credentials
2025-06-20 19:56:29 - INFO - Found credentials in shared credentials file: ~/.aws/credentials
2025-06-20 19:56:29 - INFO - Found credentials in shared credentials file: ~/.aws/credentials
2025-06-20 19:56:30 - INFO - Found credentials in shared credentials file: ~/.aws/credentials
2025-06-20 19:56:30 - INFO - Found credentials in shared credentials file: ~/.aws/credentials
2025-06-20 19:56:30 - INFO - Found credentials in shared credentials file: ~/.aws/credentials
2025-06-20 19:56:30 - INFO - Found credentials in shared credentials file: ~/.aws/credentials
2025-06-20 19:56:30 - INFO - Found credentials in shared credentials file: ~/.aws/credentials
2025-06-20 19:56:30 - INFO - Found credentials in shared credentials file: ~/.aws/credentials
2025-06-20 19:56:30 - INFO - Found credentials in shared credentials file: ~/.aws/credentials
2025-06-20 19:56:30 - INFO - Found credentials in shared credentials file: ~/.aws/credentials
2025-06-20 19:56:30 - INFO - Found credentials in shared credentials file: ~/.aws/credentials
2025-06-20 19:56:30 - INFO - Found credentials in shared credentials file: ~/.aws/credentials
2025-06-20 19:56:30 - INFO - Found credentials in shared credentials file: ~/.aws/credentials
2025-06-20 19:56:30 - INFO - Found credentials in shared credentials file: ~/.aws/credentials
2025-06-20 19:56:30 - INFO - Found credentials in shared credentials file: ~/.aws/credentials
2025-06-20 19:56:30 - INFO - Found credentials in shared credentials file: ~/.aws/credentials
2025-06-20 19:56:30 - INFO - Found credentials in shared credentials file: ~/.aws/credentials
2025-06-20 19:56:30 - INFO - Found credentials in shared credentials file: ~/.aws/credentials
2025-06-20 19:56:30 - INFO - Found credentials in shared credentials file: ~/.aws/credentials
2025-06-20 19:56:30 - INFO - Found credentials in shared credentials file: ~/.aws/credentials
2025-06-20 19:56:30 - INFO - Found credentials in shared credentials file: ~/.aws/credentials
2025-06-20 19:56:30 - INFO - Found credentials in shared credentials file: ~/.aws/credentials
2025-06-20 19:56:31 - INFO - Found credentials in shared credentials file: ~/.aws/credentials
2025-06-20 19:56:31 - INFO - Found credentials in shared credentials file: ~/.aws/credentials
2025-06-20 19:56:32 - INFO - Found credentials in shared credentials file: ~/.aws/credentials
2025-06-20 19:56:32 - INFO - Found credentials in shared credentials file: ~/.aws/credentials
2025-06-20 19:56:32 - INFO - Found credentials in shared credentials file: ~/.aws/credentials
2025-06-20 19:56:32 - INFO - Found credentials in shared credentials file: ~/.aws/credentials
2025-06-20 19:56:32 - INFO - Found credentials in shared credentials file: ~/.aws/credentials
2025-06-20 19:56:32 - INFO - Found credentials in shared credentials file: ~/.aws/credentials
2025-06-20 19:56:32 - INFO - Found credentials in shared credentials file: ~/.aws/credentials
2025-06-20 19:56:32 - INFO - Found credentials in shared credentials file: ~/.aws/credentials
2025-06-20 19:56:32 - INFO - Found credentials in shared credentials file: ~/.aws/credentials
2025-06-20 19:56:32 - INFO - Found credentials in shared credentials file: ~/.aws/credentials
2025-06-20 19:56:32 - INFO - Found credentials in shared credentials file: ~/.aws/credentials
2025-06-20 19:56:32 - INFO - Found credentials in shared credentials file: ~/.aws/credentials
2025-06-20 19:56:32 - INFO - Found credentials in shared credentials file: ~/.aws/credentials
2025-06-20 19:56:32 - INFO - Found credentials in shared credentials file: ~/.aws/credentials
2025-06-20 19:56:32 - INFO - Found credentials in shared credentials file: ~/.aws/credentials
2025-06-20 19:56:32 - INFO - Found credentials in shared credentials file: ~/.aws/credentials
2025-06-20 19:56:33 - INFO - Found credentials in shared credentials file: ~/.aws/credentials
2025-06-20 19:56:33 - INFO - Found credentials in shared credentials file: ~/.aws/credentials
2025-06-20 19:56:33 - INFO - Found credentials in shared credentials file: ~/.aws/credentials
2025-06-20 19:56:33 - INFO - Found credentials in shared credentials file: ~/.aws/credentials
2025-06-20 19:56:33 - INFO - Found credentials in shared credentials file: ~/.aws/credentials
2025-06-20 19:56:33 - INFO - Found credentials in shared credentials file: ~/.aws/credentials
2025-06-20 19:56:33 - INFO - Found credentials in shared credentials file: ~/.aws/credentials
2025-06-20 19:56:33 - INFO - Found credentials in shared credentials file: ~/.aws/credentials
2025-06-20 19:56:33 - INFO - Found credentials in shared credentials file: ~/.aws/credentials
2025-06-20 19:56:33 - INFO - Found credentials in shared credentials file: ~/.aws/credentials
2025-06-20 19:56:35 - INFO - Found credentials in shared credentials file: ~/.aws/credentials
2025-06-20 19:56:35 - INFO - Found credentials in shared credentials file: ~/.aws/credentials
2025-06-20 19:56:35 - INFO - Found credentials in shared credentials file: ~/.aws/credentials
2025-06-20 19:56:35 - INFO - Found credentials in shared credentials file: ~/.aws/credentials
2025-06-20 19:56:35 - INFO - Found credentials in shared credentials file: ~/.aws/credentials
2025-06-20 19:56:35 - INFO - Found credentials in shared credentials file: ~/.aws/credentials
2025-06-20 19:56:35 - INFO - Found credentials in shared credentials file: ~/.aws/credentials
2025-06-20 19:56:35 - INFO - Found credentials in shared credentials file: ~/.aws/credentials
2025-06-20 19:56:35 - INFO - Found credentials in shared credentials file: ~/.aws/credentials
2025-06-20 19:56:35 - INFO - Found credentials in shared credentials file: ~/.aws/credentials
2025-06-20 19:56:35 - INFO - Found credentials in shared credentials file: ~/.aws/credentials
2025-06-20 19:56:35 - INFO - Found credentials in shared credentials file: ~/.aws/credentials
2025-06-20 19:56:35 - INFO - Found credentials in shared credentials file: ~/.aws/credentials
2025-06-20 19:56:35 - INFO - Found credentials in shared credentials file: ~/.aws/credentials
2025-06-20 19:56:35 - INFO - Found credentials in shared credentials file: ~/.aws/credentials
2025-06-20 19:56:35 - INFO - Found credentials in shared credentials file: ~/.aws/credentials
2025-06-20 19:56:35 - INFO - Found credentials in shared credentials file: ~/.aws/credentials
2025-06-20 19:56:35 - INFO - Found credentials in shared credentials file: ~/.aws/credentials
2025-06-20 19:56:35 - INFO - Found credentials in shared credentials file: ~/.aws/credentials
2025-06-20 19:56:35 - INFO - Found credentials in shared credentials file: ~/.aws/credentials
2025-06-20 19:56:35 - INFO - Found credentials in shared credentials file: ~/.aws/credentials
2025-06-20 19:56:35 - INFO - Found credentials in shared credentials file: ~/.aws/credentials
2025-06-20 19:56:35 - INFO - Found credentials in shared credentials file: ~/.aws/credentials
2025-06-20 19:56:35 - INFO - Found credentials in shared credentials file: ~/.aws/credentials
2025-06-20 19:56:35 - INFO - Found credentials in shared credentials file: ~/.aws/credentials
2025-06-20 19:56:35 - INFO - Found credentials in shared credentials file: ~/.aws/credentials
2025-06-20 19:56:36 - INFO - Found credentials in shared credentials file: ~/.aws/credentials
2025-06-20 19:56:36 - INFO - Found credentials in shared credentials file: ~/.aws/credentials
2025-06-20 19:56:36 - INFO - Found credentials in shared credentials file: ~/.aws/credentials
2025-06-20 19:56:36 - INFO - Found credentials in shared credentials file: ~/.aws/credentials
2025-06-20 19:56:36 - INFO - Found credentials in shared credentials file: ~/.aws/credentials
2025-06-20 19:56:36 - INFO - Found credentials in shared credentials file: ~/.aws/credentials
2025-06-20 19:56:36 - INFO - Found credentials in shared credentials file: ~/.aws/credentials
2025-06-20 19:56:36 - INFO - Found credentials in shared credentials file: ~/.aws/credentials
2025-06-20 19:56:36 - INFO - Found credentials in shared credentials file: ~/.aws/credentials
2025-06-20 19:56:36 - INFO - Found credentials in shared credentials file: ~/.aws/credentials
2025-06-20 19:56:36 - INFO - Found credentials in shared credentials file: ~/.aws/credentials
2025-06-20 19:56:36 - INFO - Found credentials in shared credentials file: ~/.aws/credentials
2025-06-20 19:56:36 - INFO - Found credentials in shared credentials file: ~/.aws/credentials
2025-06-20 19:56:36 - INFO - Found credentials in shared credentials file: ~/.aws/credentials
2025-06-20 19:56:36 - INFO - Found credentials in shared credentials file: ~/.aws/credentials
2025-06-20 19:56:36 - INFO - Found credentials in shared credentials file: ~/.aws/credentials
2025-06-20 19:56:36 - INFO - Found credentials in shared credentials file: ~/.aws/credentials
2025-06-20 19:56:36 - INFO - Found credentials in shared credentials file: ~/.aws/credentials
2025-06-20 19:56:36 - INFO - Found credentials in shared credentials file: ~/.aws/credentials
2025-06-20 19:56:38 - INFO - Found credentials in shared credentials file: ~/.aws/credentials
2025-06-20 19:56:38 - INFO - Found credentials in shared credentials file: ~/.aws/credentials
2025-06-20 19:56:38 - INFO - Found credentials in shared credentials file: ~/.aws/credentials
2025-06-20 19:56:38 - INFO - Found credentials in shared credentials file: ~/.aws/credentials
2025-06-20 19:56:38 - INFO - Found credentials in shared credentials file: ~/.aws/credentials
2025-06-20 19:56:38 - INFO - Found credentials in shared credentials file: ~/.aws/credentials
2025-06-20 19:56:39 - INFO - Found credentials in shared credentials file: ~/.aws/credentials
2025-06-20 19:56:39 - INFO - Found credentials in shared credentials file: ~/.aws/credentials
2025-06-20 19:56:39 - INFO - Found credentials in shared credentials file: ~/.aws/credentials
2025-06-20 19:56:39 - INFO - Found credentials in shared credentials file: ~/.aws/credentials
2025-06-20 19:56:39 - INFO - Found credentials in shared credentials file: ~/.aws/credentials
2025-06-20 19:56:39 - INFO - Found credentials in shared credentials file: ~/.aws/credentials
2025-06-20 19:56:39 - INFO - Found credentials in shared credentials file: ~/.aws/credentials
2025-06-20 19:56:39 - INFO - Found credentials in shared credentials file: ~/.aws/credentials
2025-06-20 19:56:39 - INFO - Found credentials in shared credentials file: ~/.aws/credentials
2025-06-20 19:57:16 - INFO - r5ad.24xlarge - 1.757900 - sa-east-1c
2025-06-20 19:57:16 - INFO - c5.24xlarge - 1.856300 - sa-east-1a
2025-06-20 19:57:16 - INFO - m5.24xlarge - 2.405200 - sa-east-1c
2025-06-20 19:57:16 - INFO - Updating file: results/results_lucas_sa-east-1.csv
2025-06-20 19:57:16 - INFO - m6a.24xlarge - 1.950700 - sa-east-1c
2025-06-20 19:57:16 - INFO - Updating file: results/results_lucas_sa-east-1.csv
2025-06-20 19:57:17 - INFO - m6a.24xlarge - 1.950700 - sa-east-1c
2025-06-20 19:57:17 - INFO - Updating file: results/results_lucas_sa-east-1.csv
2025-06-20 19:57:17 - INFO - m5.24xlarge - 2.405200 - sa-east-1c
2025-06-20 19:57:17 - INFO - r5ad.24xlarge - 1.757900 - sa-east-1c
2025-06-20 19:57:17 - INFO - c5.24xlarge - 1.856300 - sa-east-1a
2025-06-20 19:57:17 - INFO - c5.24xlarge - 1.856300 - sa-east-1a
2025-06-20 19:57:17 - INFO - m5a.24xlarge - 1.362300 - sa-east-1a
2025-06-20 19:57:17 - INFO - m5.24xlarge - 2.405200 - sa-east-1c
2025-06-20 19:57:17 - INFO - m6a.24xlarge - 1.950700 - sa-east-1c
2025-06-20 19:57:17 - INFO - r5a.24xlarge - 2.105000 - sa-east-1c
2025-06-20 19:57:17 - INFO - m5.24xlarge - 2.405200 - sa-east-1c
2025-06-20 19:57:17 - INFO - m5a.24xlarge - 1.362300 - sa-east-1a
2025-06-20 19:57:17 - INFO - Updating file: results/results_lucas_sa-east-1.csv
2025-06-20 19:57:17 - INFO - r5a.24xlarge - 2.105000 - sa-east-1c
2025-06-20 19:57:17 - INFO - m5.24xlarge - 2.405200 - sa-east-1c
2025-06-20 19:57:17 - INFO - m5.24xlarge - 2.023300 - sa-east-1a
2025-06-20 19:57:17 - INFO - r5a.24xlarge - 2.105000 - sa-east-1c
2025-06-20 19:57:17 - INFO - Updating file: results/results_lucas_sa-east-1.csv
2025-06-20 19:57:17 - INFO - m5.24xlarge - 2.405200 - sa-east-1c
2025-06-20 19:57:17 - INFO - r5a.24xlarge - 2.105000 - sa-east-1c
2025-06-20 19:57:17 - INFO - c5.24xlarge - 1.856300 - sa-east-1a
2025-06-20 19:57:17 - INFO - r5a.24xlarge - 2.105000 - sa-east-1c
2025-06-20 19:57:17 - INFO - m5a.24xlarge - 1.866900 - sa-east-1c
2025-06-20 19:57:17 - INFO - m5.24xlarge - 2.405200 - sa-east-1c
2025-06-20 19:57:17 - INFO - m5a.24xlarge - 1.362300 - sa-east-1a
2025-06-20 19:57:17 - INFO - Updating file: results/results_lucas_sa-east-1.csv
2025-06-20 19:57:17 - INFO - c5.24xlarge - 1.856300 - sa-east-1a
2025-06-20 19:57:17 - INFO - c5.24xlarge - 2.291800 - sa-east-1c
2025-06-20 19:57:17 - INFO - m5.24xlarge - 2.405200 - sa-east-1c
2025-06-20 19:57:17 - INFO - r5ad.24xlarge - 1.757900 - sa-east-1c
2025-06-20 19:57:17 - INFO - c5.24xlarge - 1.856300 - sa-east-1a
2025-06-20 19:57:17 - INFO - m5.24xlarge - 2.405200 - sa-east-1c
2025-06-20 19:57:17 - INFO - m5a.24xlarge - 1.362300 - sa-east-1a
2025-06-20 19:57:17 - INFO - m6a.24xlarge - 1.950700 - sa-east-1c
2025-06-20 19:57:17 - INFO - m5.24xlarge - 2.405200 - sa-east-1c
2025-06-20 19:57:17 - INFO - Updating file: results/results_lucas_sa-east-1.csv
2025-06-20 19:57:17 - INFO - m5a.24xlarge - 1.362300 - sa-east-1a
2025-06-20 19:57:17 - INFO - m5a.24xlarge - 1.362300 - sa-east-1a
2025-06-20 19:57:17 - INFO - m5.24xlarge - 2.405200 - sa-east-1c
2025-06-20 19:57:17 - INFO - r5a.24xlarge - 2.105000 - sa-east-1c
2025-06-20 19:57:17 - INFO - r5a.24xlarge - 2.105000 - sa-east-1c
2025-06-20 19:57:17 - INFO - m5a.24xlarge - 1.866900 - sa-east-1c
2025-06-20 19:57:17 - INFO - c5.24xlarge - 1.856300 - sa-east-1a
2025-06-20 19:57:18 - INFO - c5.24xlarge - 1.856300 - sa-east-1a
2025-06-20 19:57:18 - INFO - r5a.24xlarge - 2.105000 - sa-east-1c
2025-06-20 19:57:18 - INFO - m5a.24xlarge - 1.362300 - sa-east-1a
2025-06-20 19:57:18 - INFO - Updating file: results/results_lucas_sa-east-1.csv
2025-06-20 19:57:18 - INFO - r5a.24xlarge - 2.105000 - sa-east-1c
2025-06-20 19:57:18 - INFO - m5a.24xlarge - 1.866900 - sa-east-1c
2025-06-20 19:57:18 - INFO - c5.24xlarge - 1.856300 - sa-east-1a
2025-06-20 19:57:18 - INFO - m5a.24xlarge - 1.362300 - sa-east-1a
2025-06-20 19:57:18 - INFO - m5a.24xlarge - 1.362300 - sa-east-1a
2025-06-20 19:57:18 - INFO - r5a.24xlarge - 2.105000 - sa-east-1c
2025-06-20 19:57:18 - INFO - r5ad.24xlarge - 1.757900 - sa-east-1c
2025-06-20 19:57:18 - INFO - c5.24xlarge - 1.856300 - sa-east-1a
2025-06-20 19:57:18 - INFO - c5.24xlarge - 2.291800 - sa-east-1c
2025-06-20 19:57:18 - INFO - c5.24xlarge - 1.856300 - sa-east-1a
2025-06-20 19:57:18 - INFO - c5.24xlarge - 1.856300 - sa-east-1a
2025-06-20 19:57:18 - INFO - m5.24xlarge - 2.405200 - sa-east-1c
2025-06-20 19:57:18 - INFO - r5a.24xlarge - 2.105000 - sa-east-1c
2025-06-20 19:57:18 - INFO - c5.24xlarge - 1.856300 - sa-east-1a
2025-06-20 19:57:18 - INFO - Updating file: results/results_lucas_sa-east-1.csv
2025-06-20 19:57:18 - INFO - r5a.24xlarge - 2.105000 - sa-east-1c
2025-06-20 19:57:18 - INFO - m5a.24xlarge - 1.362300 - sa-east-1a
2025-06-20 19:57:18 - INFO - c5.24xlarge - 1.856300 - sa-east-1a
2025-06-20 19:57:18 - INFO - m5.24xlarge - 2.405200 - sa-east-1c
2025-06-20 19:57:18 - INFO - r5a.24xlarge - 2.105000 - sa-east-1c
2025-06-20 19:57:18 - INFO - c5.24xlarge - 1.856300 - sa-east-1a
2025-06-20 19:57:18 - INFO - r5a.24xlarge - 2.105000 - sa-east-1c
2025-06-20 19:57:18 - INFO - c5.24xlarge - 1.856300 - sa-east-1a
2025-06-20 19:57:18 - INFO - m5.24xlarge - 2.023300 - sa-east-1a
2025-06-20 19:57:18 - INFO - c5.24xlarge - 1.856300 - sa-east-1a
2025-06-20 19:57:18 - INFO - r5a.24xlarge - 2.105000 - sa-east-1c
2025-06-20 19:57:18 - INFO - m5a.24xlarge - 1.866900 - sa-east-1c
2025-06-20 19:57:18 - INFO - c5.24xlarge - 1.856300 - sa-east-1a
2025-06-20 19:57:18 - INFO - c5.24xlarge - 1.856300 - sa-east-1a
2025-06-20 19:57:18 - INFO - m5.24xlarge - 2.405200 - sa-east-1c
2025-06-20 19:57:18 - INFO - Updating file: results/results_lucas_sa-east-1.csv
2025-06-20 19:57:18 - INFO - m5.24xlarge - 2.405200 - sa-east-1c
2025-06-20 19:57:18 - INFO - m5a.24xlarge - 1.866900 - sa-east-1c
2025-06-20 19:57:18 - INFO - m5a.24xlarge - 1.866900 - sa-east-1c
2025-06-20 19:57:18 - INFO - m5a.24xlarge - 1.866900 - sa-east-1c
2025-06-20 19:57:18 - INFO - m5ad.24xlarge - 2.296400 - sa-east-1c
2025-06-20 19:57:18 - INFO - m5.24xlarge - 2.405200 - sa-east-1c
2025-06-20 19:57:18 - INFO - m5ad.24xlarge - 2.296400 - sa-east-1c
2025-06-20 19:57:18 - INFO - r5a.24xlarge - 2.105000 - sa-east-1c
2025-06-20 19:57:19 - INFO - c5.24xlarge - 1.856300 - sa-east-1a
2025-06-20 19:57:19 - INFO - r5ad.24xlarge - 1.757900 - sa-east-1c
2025-06-20 19:57:19 - INFO - c5.24xlarge - 1.856300 - sa-east-1a
2025-06-20 19:57:19 - INFO - m5.24xlarge - 2.405200 - sa-east-1c
2025-06-20 19:57:19 - INFO - m5.24xlarge - 2.405200 - sa-east-1c
2025-06-20 19:57:19 - INFO - m5.24xlarge - 2.405200 - sa-east-1c
2025-06-20 19:57:19 - INFO - Updating file: results/results_lucas_sa-east-1.csv
2025-06-20 19:57:19 - INFO - r5a.24xlarge - 2.105000 - sa-east-1c
2025-06-20 19:57:19 - INFO - m5.24xlarge - 2.405200 - sa-east-1c
2025-06-20 19:57:19 - INFO - m5a.24xlarge - 1.866900 - sa-east-1c
2025-06-20 19:57:19 - INFO - c5.24xlarge - 1.856300 - sa-east-1a
2025-06-20 19:57:19 - INFO - m5.24xlarge - 2.023300 - sa-east-1a
2025-06-20 19:57:19 - INFO - m5ad.24xlarge - 2.296400 - sa-east-1c
2025-06-20 19:57:19 - INFO - c5.24xlarge - 1.856300 - sa-east-1a
2025-06-20 19:57:19 - INFO - m5ad.24xlarge - 2.296400 - sa-east-1c
2025-06-20 19:57:19 - INFO - c5.24xlarge - 1.856300 - sa-east-1a
2025-06-20 19:57:19 - INFO - m5.24xlarge - 2.405200 - sa-east-1c
2025-06-20 19:57:19 - INFO - r5a.24xlarge - 2.105000 - sa-east-1c
2025-06-20 19:57:19 - INFO - c5.24xlarge - 1.856300 - sa-east-1a
2025-06-20 19:57:19 - INFO - c5.24xlarge - 1.856300 - sa-east-1a
2025-06-20 19:57:19 - INFO - c5.24xlarge - 1.856300 - sa-east-1a
2025-06-20 19:57:19 - INFO - r5a.24xlarge - 2.105000 - sa-east-1c
2025-06-20 19:57:19 - INFO - c5.24xlarge - 1.856300 - sa-east-1a
2025-06-20 19:57:19 - INFO - c5.24xlarge - 1.856300 - sa-east-1a
2025-06-20 19:57:26 - INFO - c5.24xlarge - 1.856300 - sa-east-1a
2025-06-20 19:57:26 - INFO - m5.24xlarge - 2.023300 - sa-east-1a
2025-06-20 19:57:26 - INFO - c5.24xlarge - 1.856300 - sa-east-1a
2025-06-20 19:57:26 - INFO - c5.24xlarge - 1.856300 - sa-east-1a
2025-06-20 19:57:26 - INFO - c5.24xlarge - 1.856300 - sa-east-1a
2025-06-20 19:57:26 - INFO - m5ad.24xlarge - 2.296400 - sa-east-1c
2025-06-20 19:57:26 - INFO - c5.24xlarge - 1.856300 - sa-east-1a
2025-06-20 19:57:26 - INFO - c5.24xlarge - 1.856300 - sa-east-1a
2025-06-20 19:57:26 - INFO - c5.24xlarge - 1.856300 - sa-east-1a
2025-06-20 19:57:26 - INFO - Updating file: results/results_lucas_sa-east-1.csv
2025-06-20 19:57:26 - INFO - r5a.24xlarge - 2.105000 - sa-east-1c
2025-06-20 19:57:26 - INFO - c5.24xlarge - 2.291800 - sa-east-1c
2025-06-20 19:57:26 - INFO - c5.24xlarge - 1.856300 - sa-east-1a
2025-06-20 19:57:26 - INFO - c5.24xlarge - 1.856300 - sa-east-1a
2025-06-20 19:57:26 - INFO - c5.24xlarge - 1.856300 - sa-east-1a
2025-06-20 19:57:26 - INFO - c5.24xlarge - 1.856300 - sa-east-1a
2025-06-20 19:57:26 - INFO - m5.24xlarge - 2.023300 - sa-east-1a
2025-06-20 19:57:26 - INFO - c5.24xlarge - 1.856300 - sa-east-1a
2025-06-20 19:57:26 - INFO - r5a.24xlarge - 2.105000 - sa-east-1c
2025-06-20 19:57:26 - INFO - c5.24xlarge - 1.856300 - sa-east-1a
2025-06-20 19:57:26 - INFO - c5.24xlarge - 1.856300 - sa-east-1a
2025-06-20 19:57:26 - INFO - m5.24xlarge - 2.023300 - sa-east-1a
2025-06-20 19:57:26 - INFO - c5.24xlarge - 1.856300 - sa-east-1a
2025-06-20 19:57:26 - INFO - c5.24xlarge - 1.856300 - sa-east-1a
2025-06-20 19:57:26 - INFO - m5.24xlarge - 2.023300 - sa-east-1a
2025-06-20 19:57:26 - INFO - c5.24xlarge - 1.856300 - sa-east-1a
2025-06-20 19:57:26 - INFO - c5.24xlarge - 1.856300 - sa-east-1a
2025-06-20 19:57:26 - INFO - m5.24xlarge - 2.023300 - sa-east-1a
2025-06-20 19:57:26 - INFO - c5.24xlarge - 2.239300 - sa-east-1b
2025-06-20 19:57:26 - INFO - m5.24xlarge - 2.023300 - sa-east-1a
2025-06-20 19:57:26 - INFO - c5.24xlarge - 1.856300 - sa-east-1a
2025-06-20 19:57:26 - INFO - m5.24xlarge - 2.023300 - sa-east-1a
2025-06-20 19:57:26 - INFO - c5.24xlarge - 1.856300 - sa-east-1a
2025-06-20 19:57:26 - INFO - m5.24xlarge - 2.023300 - sa-east-1a
2025-06-20 19:57:26 - INFO - m5.24xlarge - 2.023300 - sa-east-1a
2025-06-20 19:57:26 - INFO - c5.24xlarge - 1.856300 - sa-east-1a
2025-06-20 19:57:26 - INFO - c5.24xlarge - 1.856300 - sa-east-1a
2025-06-20 19:57:26 - INFO - c6a.24xlarge - 2.240700 - sa-east-1b
2025-06-20 19:57:26 - INFO - Updating file: results/results_lucas_sa-east-1.csv
2025-06-20 19:57:27 - INFO - c5.24xlarge - 1.856300 - sa-east-1a
2025-06-20 19:57:27 - INFO - m5.24xlarge - 2.023300 - sa-east-1a
2025-06-20 19:57:27 - INFO - c5.24xlarge - 1.856300 - sa-east-1a
2025-06-20 19:57:27 - INFO - m5.24xlarge - 2.023300 - sa-east-1a
2025-06-20 19:57:27 - INFO - m5.24xlarge - 2.023300 - sa-east-1a
2025-06-20 19:57:27 - INFO - c5.24xlarge - 1.856300 - sa-east-1a
2025-06-20 19:57:27 - INFO - m5.24xlarge - 2.023300 - sa-east-1a
2025-06-20 19:57:27 - INFO - c5.24xlarge - 1.856300 - sa-east-1a
2025-06-20 19:57:27 - INFO - m5.24xlarge - 2.023300 - sa-east-1a
2025-06-20 19:57:27 - INFO - c5.24xlarge - 1.856300 - sa-east-1a
2025-06-20 19:57:27 - INFO - m5.24xlarge - 2.023300 - sa-east-1a
2025-06-20 19:57:27 - INFO - m5.24xlarge - 2.023300 - sa-east-1a
2025-06-20 19:57:27 - INFO - c5.24xlarge - 2.239300 - sa-east-1b
2025-06-20 19:57:27 - INFO - m5a.24xlarge - 1.866900 - sa-east-1c
2025-06-20 19:57:27 - INFO - m5.24xlarge - 2.023300 - sa-east-1a
2025-06-20 19:57:27 - INFO - c5.24xlarge - 1.856300 - sa-east-1a
2025-06-20 19:57:27 - INFO - c5.24xlarge - 1.856300 - sa-east-1a
2025-06-20 19:57:27 - INFO - c5.24xlarge - 1.856300 - sa-east-1a
2025-06-20 19:57:27 - INFO - c5.24xlarge - 2.239300 - sa-east-1b
2025-06-20 19:57:27 - INFO - m5.24xlarge - 2.023300 - sa-east-1a
2025-06-20 19:57:27 - INFO - m5.24xlarge - 2.023300 - sa-east-1a
2025-06-20 19:57:27 - INFO - m6a.24xlarge - 1.121100 - sa-east-1b
2025-06-20 19:57:27 - INFO - m5.24xlarge - 2.023300 - sa-east-1a
2025-06-20 19:57:27 - INFO - m5.24xlarge - 2.023300 - sa-east-1a
2025-06-20 19:57:27 - INFO - c5.24xlarge - 1.856300 - sa-east-1a
2025-06-20 19:57:27 - INFO - Updating file: results/results_lucas_sa-east-1.csv
2025-06-20 19:57:27 - INFO - m5.24xlarge - 2.023300 - sa-east-1a
2025-06-20 19:57:27 - INFO - c5.24xlarge - 1.856300 - sa-east-1a
2025-06-20 19:57:27 - INFO - c5.24xlarge - 1.856300 - sa-east-1a
2025-06-20 19:57:27 - INFO - m5.24xlarge - 2.023300 - sa-east-1a
2025-06-20 19:57:27 - INFO - c5.24xlarge - 1.856300 - sa-east-1a
2025-06-20 19:57:27 - INFO - c5.24xlarge - 1.856300 - sa-east-1a
2025-06-20 19:57:27 - INFO - c5.24xlarge - 1.856300 - sa-east-1a
2025-06-20 19:57:27 - INFO - m5.24xlarge - 2.023300 - sa-east-1a
2025-06-20 19:57:27 - INFO - m5.24xlarge - 2.023300 - sa-east-1a
2025-06-20 19:57:27 - INFO - Updating file: results/results_lucas_sa-east-1.csv
2025-06-20 19:57:27 - INFO - m6a.24xlarge - 1.121100 - sa-east-1b
2025-06-20 19:57:27 - INFO - m5.24xlarge - 2.023300 - sa-east-1a
2025-06-20 19:57:27 - INFO - m5.24xlarge - 2.023300 - sa-east-1a
2025-06-20 19:57:27 - INFO - m5.24xlarge - 2.023300 - sa-east-1a
2025-06-20 19:57:27 - INFO - Updating file: results/results_lucas_sa-east-1.csv
2025-06-20 19:57:27 - INFO - Updating file: results/results_lucas_sa-east-1.csv
2025-06-20 19:57:27 - INFO - m5.24xlarge - 2.023300 - sa-east-1a
2025-06-20 19:57:27 - INFO - Updating file: results/results_lucas_sa-east-1.csv
2025-06-20 19:57:27 - INFO - m5.24xlarge - 2.023300 - sa-east-1a
2025-06-20 19:57:27 - INFO - m5.24xlarge - 2.023300 - sa-east-1a
2025-06-20 19:57:27 - INFO - Updating file: results/results_lucas_sa-east-1.csv
2025-06-20 19:57:27 - INFO - m5.24xlarge - 2.023300 - sa-east-1a
2025-06-20 19:57:27 - INFO - Updating file: results/results_lucas_sa-east-1.csv
2025-06-20 19:57:27 - INFO - Updating file: results/results_lucas_sa-east-1.csv
2025-06-20 19:57:27 - INFO - c5.24xlarge - 1.856300 - sa-east-1a
2025-06-20 19:57:27 - INFO - Updating file: results/results_lucas_sa-east-1.csv
2025-06-20 19:57:27 - INFO - m5.24xlarge - 2.023300 - sa-east-1a
2025-06-20 19:57:27 - INFO - m5.24xlarge - 2.023300 - sa-east-1a
2025-06-20 19:57:27 - INFO - Updating file: results/results_lucas_sa-east-1.csv
2025-06-20 19:57:27 - INFO - Updating file: results/results_lucas_sa-east-1.csv
2025-06-20 19:57:27 - INFO - m5.24xlarge - 2.023300 - sa-east-1a
2025-06-20 19:57:27 - INFO - Updating file: results/results_lucas_sa-east-1.csv
2025-06-20 19:57:27 - INFO - Updating file: results/results_lucas_sa-east-1.csv
2025-06-20 19:57:27 - INFO - Updating file: results/results_lucas_sa-east-1.csv
2025-06-20 19:57:27 - INFO - m6a.24xlarge - 1.121100 - sa-east-1b
2025-06-20 19:57:27 - INFO - c5.24xlarge - 1.856300 - sa-east-1a
2025-06-20 19:57:27 - INFO - c5.24xlarge - 1.856300 - sa-east-1a
2025-06-20 19:57:27 - INFO - Updating file: results/results_lucas_sa-east-1.csv
2025-06-20 19:57:27 - INFO - c6a.24xlarge - 2.240700 - sa-east-1b
2025-06-20 19:57:28 - INFO - Updating file: results/results_lucas_sa-east-1.csv
2025-06-20 19:57:28 - INFO - m5.24xlarge - 2.023300 - sa-east-1a
2025-06-20 19:57:28 - INFO - Updating file: results/results_lucas_sa-east-1.csv
2025-06-20 19:57:28 - INFO - Updating file: results/results_lucas_sa-east-1.csv
2025-06-20 19:57:28 - INFO - m5.24xlarge - 2.023300 - sa-east-1a
2025-06-20 19:57:28 - INFO - Updating file: results/results_lucas_sa-east-1.csv
2025-06-20 19:57:28 - INFO - Updating file: results/results_lucas_sa-east-1.csv
2025-06-20 19:57:28 - INFO - m5.24xlarge - 2.023300 - sa-east-1a
2025-06-20 19:57:28 - INFO - Updating file: results/results_lucas_sa-east-1.csv
2025-06-20 19:57:28 - INFO - m6a.24xlarge - 1.121100 - sa-east-1b
2025-06-20 19:57:28 - INFO - Updating file: results/results_lucas_sa-east-1.csv
2025-06-20 19:57:28 - INFO - Updating file: results/results_lucas_sa-east-1.csv
2025-06-20 19:57:28 - INFO - Updating file: results/results_lucas_sa-east-1.csv
2025-06-20 19:57:28 - INFO - Updating file: results/results_lucas_sa-east-1.csv
2025-06-20 19:57:28 - INFO - c5.24xlarge - 1.856300 - sa-east-1a
2025-06-20 19:57:28 - INFO - m5.24xlarge - 2.023300 - sa-east-1a
2025-06-20 19:57:28 - INFO - m5.24xlarge - 2.023300 - sa-east-1a
2025-06-20 19:57:28 - INFO - Updating file: results/results_lucas_sa-east-1.csv
2025-06-20 19:57:28 - INFO - Updating file: results/results_lucas_sa-east-1.csv
2025-06-20 19:57:28 - INFO - Updating file: results/results_lucas_sa-east-1.csv
2025-06-20 19:57:28 - INFO - Updating file: results/results_lucas_sa-east-1.csv
2025-06-20 19:57:28 - INFO - Updating file: results/results_lucas_sa-east-1.csv
2025-06-20 19:57:28 - INFO - Updating file: results/results_lucas_sa-east-1.csv
2025-06-20 19:57:28 - INFO - m5.24xlarge - 2.023300 - sa-east-1a
2025-06-20 19:57:28 - INFO - Updating file: results/results_lucas_sa-east-1.csv
2025-06-20 19:57:28 - INFO - Updating file: results/results_lucas_sa-east-1.csv
2025-06-20 19:57:28 - INFO - Updating file: results/results_lucas_sa-east-1.csv
2025-06-20 19:57:28 - INFO - Updating file: results/results_lucas_sa-east-1.csv
2025-06-20 19:57:28 - INFO - Updating file: results/results_lucas_sa-east-1.csv
2025-06-20 19:57:28 - INFO - Updating file: results/results_lucas_sa-east-1.csv
2025-06-20 19:57:28 - INFO - Updating file: results/results_lucas_sa-east-1.csv
2025-06-20 19:57:28 - INFO - Updating file: results/results_lucas_sa-east-1.csv
2025-06-20 19:57:28 - INFO - Updating file: results/results_lucas_sa-east-1.csv
2025-06-20 19:57:28 - INFO - Updating file: results/results_lucas_sa-east-1.csv
2025-06-20 19:57:28 - INFO - Updating file: results/results_lucas_sa-east-1.csv
2025-06-20 19:57:28 - INFO - Updating file: results/results_lucas_sa-east-1.csv
2025-06-20 19:57:28 - INFO - Updating file: results/results_lucas_sa-east-1.csv
2025-06-20 19:57:28 - INFO - Updating file: results/results_lucas_sa-east-1.csv
2025-06-20 19:57:28 - INFO - Updating file: results/results_lucas_sa-east-1.csv
2025-06-20 19:57:28 - INFO - Updating file: results/results_lucas_sa-east-1.csv
2025-06-20 19:57:28 - INFO - Updating file: results/results_lucas_sa-east-1.csv
2025-06-20 19:57:28 - INFO - Updating file: results/results_lucas_sa-east-1.csv
2025-06-20 19:57:28 - INFO - Updating file: results/results_lucas_sa-east-1.csv
2025-06-20 19:57:28 - INFO - Updating file: results/results_lucas_sa-east-1.csv
2025-06-20 19:57:28 - INFO - Updating file: results/results_lucas_sa-east-1.csv
2025-06-20 19:57:28 - INFO - Updating file: results/results_lucas_sa-east-1.csv
2025-06-20 19:57:28 - INFO - Updating file: results/results_lucas_sa-east-1.csv
2025-06-20 19:57:28 - INFO - Updating file: results/results_lucas_sa-east-1.csv
2025-06-20 19:57:28 - INFO - Updating file: results/results_lucas_sa-east-1.csv
2025-06-20 19:57:28 - INFO - Updating file: results/results_lucas_sa-east-1.csv
2025-06-20 19:57:28 - INFO - Updating file: results/results_lucas_sa-east-1.csv
2025-06-20 19:57:28 - INFO - Updating file: results/results_lucas_sa-east-1.csv
2025-06-20 19:57:28 - INFO - Updating file: results/results_lucas_sa-east-1.csv
2025-06-20 19:57:28 - INFO - Updating file: results/results_lucas_sa-east-1.csv
2025-06-20 19:57:28 - INFO - Updating file: results/results_lucas_sa-east-1.csv
2025-06-20 19:57:28 - INFO - Updating file: results/results_lucas_sa-east-1.csv
2025-06-20 19:57:28 - INFO - Updating file: results/results_lucas_sa-east-1.csv
2025-06-20 19:57:28 - INFO - Updating file: results/results_lucas_sa-east-1.csv
2025-06-20 19:57:28 - INFO - Updating file: results/results_lucas_sa-east-1.csv
2025-06-20 19:57:28 - INFO - Updating file: results/results_lucas_sa-east-1.csv
2025-06-20 19:57:28 - INFO - Updating file: results/results_lucas_sa-east-1.csv
2025-06-20 19:57:28 - INFO - Updating file: results/results_lucas_sa-east-1.csv
2025-06-20 19:57:28 - INFO - Updating file: results/results_lucas_sa-east-1.csv
2025-06-20 19:57:28 - INFO - Updating file: results/results_lucas_sa-east-1.csv
2025-06-20 19:57:28 - INFO - Updating file: results/results_lucas_sa-east-1.csv
2025-06-20 19:57:28 - INFO - Updating file: results/results_lucas_sa-east-1.csv
2025-06-20 19:57:28 - INFO - Updating file: results/results_lucas_sa-east-1.csv
2025-06-20 19:57:28 - INFO - Updating file: results/results_lucas_sa-east-1.csv
2025-06-20 19:57:28 - INFO - Updating file: results/results_lucas_sa-east-1.csv
2025-06-20 19:57:28 - INFO - Updating file: results/results_lucas_sa-east-1.csv
2025-06-20 19:57:28 - INFO - Updating file: results/results_lucas_sa-east-1.csv
2025-06-20 19:57:28 - INFO - Updating file: results/results_lucas_sa-east-1.csv
2025-06-20 19:57:28 - INFO - Updating file: results/results_lucas_sa-east-1.csv
2025-06-20 19:57:28 - INFO - Updating file: results/results_lucas_sa-east-1.csv
2025-06-20 19:57:28 - INFO - Updating file: results/results_lucas_sa-east-1.csv
2025-06-20 19:57:28 - INFO - Updating file: results/results_lucas_sa-east-1.csv
2025-06-20 19:57:28 - INFO - Updating file: results/results_lucas_sa-east-1.csv
2025-06-20 19:57:28 - INFO - Updating file: results/results_lucas_sa-east-1.csv
2025-06-20 19:57:28 - INFO - Updating file: results/results_lucas_sa-east-1.csv
2025-06-20 19:57:28 - INFO - Updating file: results/results_lucas_sa-east-1.csv
2025-06-20 19:57:28 - INFO - Updating file: results/results_lucas_sa-east-1.csv
2025-06-20 19:57:28 - INFO - Updating file: results/results_lucas_sa-east-1.csv
2025-06-20 19:57:28 - INFO - Updating file: results/results_lucas_sa-east-1.csv
2025-06-20 19:57:28 - INFO - Updating file: results/results_lucas_sa-east-1.csv
2025-06-20 19:57:28 - INFO - Updating file: results/results_lucas_sa-east-1.csv
2025-06-20 19:57:28 - INFO - Updating file: results/results_lucas_sa-east-1.csv
2025-06-20 19:57:28 - INFO - Updating file: results/results_lucas_sa-east-1.csv
2025-06-20 19:57:28 - INFO - Updating file: results/results_lucas_sa-east-1.csv
2025-06-20 19:57:28 - INFO - Updating file: results/results_lucas_sa-east-1.csv
2025-06-20 19:57:28 - INFO - Updating file: results/results_lucas_sa-east-1.csv
2025-06-20 19:57:28 - INFO - Updating file: results/results_lucas_sa-east-1.csv
2025-06-20 19:57:28 - INFO - Updating file: results/results_lucas_sa-east-1.csv
2025-06-20 19:57:28 - INFO - Updating file: results/results_lucas_sa-east-1.csv
2025-06-20 19:57:28 - INFO - Updating file: results/results_lucas_sa-east-1.csv
2025-06-20 19:57:28 - INFO - Updating file: results/results_lucas_sa-east-1.csv
2025-06-20 19:57:28 - INFO - Updating file: results/results_lucas_sa-east-1.csv
2025-06-20 19:57:29 - INFO - Updating file: results/results_lucas_sa-east-1.csv
2025-06-20 19:57:29 - INFO - Updating file: results/results_lucas_sa-east-1.csv
2025-06-20 19:57:29 - INFO - Updating file: results/results_lucas_sa-east-1.csv
2025-06-20 19:57:29 - INFO - Updating file: results/results_lucas_sa-east-1.csv
2025-06-20 19:57:29 - INFO - Updating file: results/results_lucas_sa-east-1.csv
2025-06-20 19:57:29 - INFO - Updating file: results/results_lucas_sa-east-1.csv
2025-06-20 19:57:29 - INFO - Updating file: results/results_lucas_sa-east-1.csv
2025-06-20 19:57:29 - INFO - Updating file: results/results_lucas_sa-east-1.csv
2025-06-20 19:57:29 - INFO - Updating file: results/results_lucas_sa-east-1.csv
2025-06-20 19:57:29 - INFO - Updating file: results/results_lucas_sa-east-1.csv
2025-06-20 19:57:29 - INFO - Updating file: results/results_lucas_sa-east-1.csv
2025-06-20 19:57:29 - INFO - Updating file: results/results_lucas_sa-east-1.csv
2025-06-20 19:57:29 - INFO - Updating file: results/results_lucas_sa-east-1.csv
2025-06-20 19:57:29 - INFO - Updating file: results/results_lucas_sa-east-1.csv
2025-06-20 19:57:29 - INFO - Updating file: results/results_lucas_sa-east-1.csv
2025-06-20 19:57:29 - INFO - Updating file: results/results_lucas_sa-east-1.csv
2025-06-20 19:57:29 - INFO - Updating file: results/results_lucas_sa-east-1.csv
2025-06-20 19:57:29 - INFO - Updating file: results/results_lucas_sa-east-1.csv
2025-06-20 19:57:29 - INFO - Updating file: results/results_lucas_sa-east-1.csv
2025-06-20 19:57:29 - INFO - Updating file: results/results_lucas_sa-east-1.csv
2025-06-20 19:57:29 - INFO - Updating file: results/results_lucas_sa-east-1.csv
2025-06-20 19:57:29 - INFO - Updating file: results/results_lucas_sa-east-1.csv
2025-06-20 19:57:29 - INFO - Updating file: results/results_lucas_sa-east-1.csv
2025-06-20 19:57:29 - INFO - Updating file: results/results_lucas_sa-east-1.csv
2025-06-20 19:57:29 - INFO - Updating file: results/results_lucas_sa-east-1.csv
2025-06-20 19:57:29 - INFO - Updating file: results/results_lucas_sa-east-1.csv
2025-06-20 19:57:29 - INFO - Updating file: results/results_lucas_sa-east-1.csv
2025-06-20 19:57:29 - INFO - Updating file: results/results_lucas_sa-east-1.csv
2025-06-20 19:57:29 - INFO - Updating file: results/results_lucas_sa-east-1.csv
2025-06-20 19:57:29 - INFO - Updating file: results/results_lucas_sa-east-1.csv
2025-06-20 19:57:29 - INFO - Updating file: results/results_lucas_sa-east-1.csv
2025-06-20 19:57:29 - INFO - Updating file: results/results_lucas_sa-east-1.csv
2025-06-20 19:57:29 - INFO - Updating file: results/results_lucas_sa-east-1.csv
2025-06-20 19:57:29 - INFO - Updating file: results/results_lucas_sa-east-1.csv
2025-06-20 19:57:29 - INFO - Updating file: results/results_lucas_sa-east-1.csv
2025-06-20 19:57:29 - INFO - Updating file: results/results_lucas_sa-east-1.csv
2025-06-20 19:57:29 - INFO - Updating file: results/results_lucas_sa-east-1.csv
2025-06-20 19:57:29 - INFO - Updating file: results/results_lucas_sa-east-1.csv
2025-06-20 19:57:29 - INFO - Updating file: results/results_lucas_sa-east-1.csv
2025-06-20 19:57:29 - INFO - Updating file: results/results_lucas_sa-east-1.csv
2025-06-20 19:57:29 - INFO - Updating file: results/results_lucas_sa-east-1.csv
2025-06-20 19:57:29 - INFO - Updating file: results/results_lucas_sa-east-1.csv
2025-06-20 19:57:29 - INFO - Updating file: results/results_lucas_sa-east-1.csv
2025-06-20 19:57:29 - INFO - Updating file: results/results_lucas_sa-east-1.csv
2025-06-20 19:57:29 - INFO - Updating file: results/results_lucas_sa-east-1.csv
2025-06-20 19:57:29 - INFO - Updating file: results/results_lucas_sa-east-1.csv
2025-06-20 19:57:29 - INFO - Updating file: results/results_lucas_sa-east-1.csv
2025-06-20 19:57:29 - INFO - Updating file: results/results_lucas_sa-east-1.csv
2025-06-20 19:57:29 - INFO - Updating file: results/results_lucas_sa-east-1.csv
2025-06-20 19:57:29 - INFO - Updating file: results/results_lucas_sa-east-1.csv
2025-06-20 19:57:29 - INFO - Updating file: results/results_lucas_sa-east-1.csv
2025-06-20 19:57:29 - INFO - Updating file: results/results_lucas_sa-east-1.csv
2025-06-20 19:57:29 - INFO - Updating file: results/results_lucas_sa-east-1.csv
2025-06-20 19:57:29 - INFO - Updating file: results/results_lucas_sa-east-1.csv
2025-06-20 19:57:29 - INFO - Updating file: results/results_lucas_sa-east-1.csv
2025-06-20 19:57:29 - INFO - Updating file: results/results_lucas_sa-east-1.csv
2025-06-20 19:57:29 - INFO - Updating file: results/results_lucas_sa-east-1.csv
2025-06-20 19:57:29 - INFO - Updating file: results/results_lucas_sa-east-1.csv
2025-06-20 19:57:29 - INFO - Updating file: results/results_lucas_sa-east-1.csv
2025-06-20 19:57:29 - INFO - Updating file: results/results_lucas_sa-east-1.csv
2025-06-20 19:57:29 - INFO - Updating file: results/results_lucas_sa-east-1.csv
2025-06-20 19:57:29 - INFO - Updating file: results/results_lucas_sa-east-1.csv
2025-06-20 19:57:29 - INFO - Updating file: results/results_lucas_sa-east-1.csv
2025-06-20 19:57:29 - INFO - Updating file: results/results_lucas_sa-east-1.csv
2025-06-20 19:57:29 - INFO - Updating file: results/results_lucas_sa-east-1.csv
2025-06-20 19:57:29 - INFO - Updating file: results/results_lucas_sa-east-1.csv
2025-06-20 19:57:29 - INFO - Updating file: results/results_lucas_sa-east-1.csv
2025-06-20 19:57:29 - INFO - Updating file: results/results_lucas_sa-east-1.csv
2025-06-20 19:57:29 - INFO - Updating file: results/results_lucas_sa-east-1.csv
2025-06-20 19:57:29 - INFO - Updating file: results/results_lucas_sa-east-1.csv
2025-06-20 19:57:29 - INFO - Updating file: results/results_lucas_sa-east-1.csv
2025-06-20 19:57:29 - INFO - Updating file: results/results_lucas_sa-east-1.csv
2025-06-20 19:57:29 - INFO - Updating file: results/results_lucas_sa-east-1.csv
2025-06-20 19:57:29 - INFO - Updating file: results/results_lucas_sa-east-1.csv
2025-06-20 19:57:29 - INFO - Updating file: results/results_lucas_sa-east-1.csv
2025-06-20 19:57:29 - INFO - Updating file: results/results_lucas_sa-east-1.csv
2025-06-20 19:57:29 - INFO - Updating file: results/results_lucas_sa-east-1.csv
2025-06-20 19:57:29 - INFO - Updating file: results/results_lucas_sa-east-1.csv
2025-06-20 19:57:29 - INFO - Updating file: results/results_lucas_sa-east-1.csv
2025-06-20 19:57:29 - INFO - Updating file: results/results_lucas_sa-east-1.csv
2025-06-20 19:57:29 - INFO - Updating file: results/results_lucas_sa-east-1.csv
2025-06-20 19:57:29 - INFO - Updating file: results/results_lucas_sa-east-1.csv
2025-06-20 19:57:29 - INFO - Updating file: results/results_lucas_sa-east-1.csv
2025-06-20 19:57:29 - INFO - Updating file: results/results_lucas_sa-east-1.csv
2025-06-20 19:57:40 - INFO - All instances have been terminated.
2025-06-24 18:31:16 - INFO - Start execution in sa-east-1 Nodes=200 Benchmark=bt.A.x Allocation Strategy=lowest-price
2025-06-24 18:31:16 - INFO - Found credentials in shared credentials file: ~/.aws/credentials
2025-06-24 18:31:48 - INFO - Tempo que levou para receber response AWS: 31.788449 segundos
2025-06-24 18:31:48 - INFO - Found credentials in shared credentials file: ~/.aws/credentials
2025-06-24 18:31:49 - INFO - m6a.24xlarge - 1.382500 - sa-east-1b
2025-06-24 18:31:49 - INFO - Updating file: results/results_lucas_sa-east-1_200.csv
2025-06-24 18:31:49 - INFO - Found credentials in shared credentials file: ~/.aws/credentials
2025-06-24 18:31:49 - INFO - m5a.24xlarge - 1.618600 - sa-east-1a
2025-06-24 18:31:49 - INFO - Updating file: results/results_lucas_sa-east-1_200.csv
2025-06-24 18:31:49 - INFO - Found credentials in shared credentials file: ~/.aws/credentials
2025-06-24 18:31:50 - INFO - c5.24xlarge - 1.879900 - sa-east-1a
2025-06-24 18:31:50 - INFO - Updating file: results/results_lucas_sa-east-1_200.csv
2025-06-24 18:31:50 - INFO - Found credentials in shared credentials file: ~/.aws/credentials
2025-06-24 18:31:50 - INFO - m5a.24xlarge - 1.922100 - sa-east-1c
2025-06-24 18:31:50 - INFO - Updating file: results/results_lucas_sa-east-1_200.csv
2025-06-24 18:31:50 - INFO - Found credentials in shared credentials file: ~/.aws/credentials
2025-06-24 18:31:51 - INFO - r5ad.24xlarge - 1.940600 - sa-east-1c
2025-06-24 18:31:51 - INFO - Updating file: results/results_lucas_sa-east-1_200.csv
2025-06-24 18:31:51 - INFO - Found credentials in shared credentials file: ~/.aws/credentials
2025-06-24 18:31:51 - INFO - m6a.24xlarge - 2.043600 - sa-east-1c
2025-06-24 18:31:51 - INFO - Updating file: results/results_lucas_sa-east-1_200.csv
2025-06-24 18:31:51 - INFO - Found credentials in shared credentials file: ~/.aws/credentials
2025-06-24 18:31:51 - INFO - c6a.24xlarge - 2.117900 - sa-east-1b
2025-06-24 18:31:51 - INFO - Updating file: results/results_lucas_sa-east-1_200.csv
2025-06-24 18:31:51 - INFO - Found credentials in shared credentials file: ~/.aws/credentials
2025-06-24 18:31:52 - INFO - c5.24xlarge - 2.126200 - sa-east-1b
2025-06-24 18:31:52 - INFO - Updating file: results/results_lucas_sa-east-1_200.csv
2025-06-24 18:31:52 - INFO - Found credentials in shared credentials file: ~/.aws/credentials
2025-06-24 18:31:52 - INFO - r5a.24xlarge - 2.228600 - sa-east-1c
2025-06-24 18:31:52 - INFO - Updating file: results/results_lucas_sa-east-1_200.csv
2025-06-24 18:31:52 - INFO - Found credentials in shared credentials file: ~/.aws/credentials
2025-06-24 18:31:53 - INFO - m5ad.24xlarge - 2.349500 - sa-east-1c
2025-06-24 18:31:53 - INFO - Updating file: results/results_lucas_sa-east-1_200.csv
2025-06-24 18:31:53 - INFO - Fleet created with instances: ['i-008968a35ad55c829', 'i-0af5c08ee12537646', 'i-04518f646340ca55d', 'i-047a70c621b60ee62', 'i-085082938d75b97f4', 'i-04c6c03cf54a44d73', 'i-0f31c62a658787b6e', 'i-06927c8c59557c3b8', 'i-08ae42395dd981b98', 'i-0feaa69b06799bce1', 'i-0c91f43fac2b1fcb5', 'i-091475450fbfcb879', 'i-0500434c444130499', 'i-08d6e716d70a72101', 'i-02ceee8a55d9f53a2', 'i-053021b15ce254824', 'i-06855c40658bf5fcc', 'i-09048d23a3ca035f6', 'i-073ec38997a5e5767', 'i-0996a810cb5b1bf52', 'i-0c4951063774799e8', 'i-02f6ff84d2c757219', 'i-0373e0b04603bff6d', 'i-0579a991fb22e4856', 'i-048c23d34f78e0e43', 'i-036de259fbd8b3f8c', 'i-09c291c3f6e70b6ba', 'i-0ea06bf637de55812', 'i-01fe4667f6362314f', 'i-00147e6a00cca2b68', 'i-095c020810b69a5a1', 'i-0710c4efaf40ead43', 'i-0798acdc129ac9987', 'i-0eee154bae34e3ef2', 'i-06fbb8af0f9e8ebc8', 'i-0a8a1eaa833cb2770', 'i-047caaef565626dc1', 'i-024403dfd9df01836', 'i-06b6dc440a99d670b', 'i-05f6af551685bc58f', 'i-0b9888908c2473256', 'i-04039ea843bf03a2c', 'i-071729ed228ed5fe9', 'i-0dda57e74b79afde6', 'i-021352638dedd3bad', 'i-0803c8ef88cb1f8e2', 'i-090f9e9fe31b7e8df', 'i-05a7032f2c2eb0285', 'i-07af7c0a78da0cb83', 'i-02a770273aa1a7f29', 'i-016e10c3f7317fe12', 'i-00a31e74d66dda1ae', 'i-0551a84b1ed7a0565', 'i-094a9d74849846fd2', 'i-09b8cdca0ba9c18c1', 'i-052d1c61b54e52249', 'i-0a7b386425f0cc884', 'i-001309c0ed16bdfd7', 'i-0107c6be16a8739b8', 'i-0c4c542ea43b124ad', 'i-03c3a0466a2565977', 'i-03568579ab101ab22', 'i-0668cdc9506f68b70', 'i-056d6ac30541f7e4e', 'i-0fca6e689e17012f2', 'i-0d85ba5f36d2ecf49', 'i-0bd768714f5b063ab', 'i-0d134c090758c84d6', 'i-0f680dfbd5e019594', 'i-0896f801c1ad3c179', 'i-0819b893f60947249', 'i-04afc6cef1d2ed11a', 'i-0d57daf44b0bce006', 'i-0810213031259a2b4', 'i-0240600067e4e9b41', 'i-0afee76bc2bde4c50', 'i-003af5c635a89c41e', 'i-0d56219ee8845cd4e', 'i-05c32c0b370528965', 'i-00a76bd2c52f28f03', 'i-05bd0f400803ddaf8', 'i-0efc975330b515e26', 'i-0a555f639df0b64a8', 'i-013c442b7b37a9f68', 'i-052563ec77f4712d9', 'i-025e53c361778ba3f', 'i-0f05d20326c339c55', 'i-081f90321a1ee14e3', 'i-0e9929c4092188238', 'i-0b6181e6afd6b1d80', 'i-054fd3de6ae63f585', 'i-0a346f7c44c5b7217', 'i-07cc52990b3c31256', 'i-009efb5e6dfdea4a0', 'i-0d0d0dbb2c220a0f8', 'i-0d7cc58ff75e9ed74', 'i-0bd2606767fc13a71', 'i-0214027d223e583dd', 'i-0ad4ee0eef31a2b84', 'i-0ecdecc10e896180f', 'i-0ac9a5d0fd353963b', 'i-099fd4e358eccdb00', 'i-05ae089093bf30ec0', 'i-0e95b6d377b0b6de2', 'i-09d2100df0b0e5754', 'i-04eb0ef7242731c50', 'i-0721357b6b9798eeb', 'i-03c718c6bd88de7f3', 'i-04c70c09e0e18340e', 'i-0613fb17969fc0951', 'i-0fc217431575b57e0', 'i-0506010748672aa3a', 'i-055c2491f90600fca', 'i-0b482047b42c10a36', 'i-08318ea1d882db79b', 'i-0b14498e8a23f2f4a', 'i-0d07ebb5d342a9fea', 'i-05c15b8f832341d0c', 'i-0ec04e7f9685831e2', 'i-0407b5c35ad172f30', 'i-0ec2b3178317389cd', 'i-0b76f46dd1a1eeb1a', 'i-0242142c644885d04', 'i-03796818892a44ca6', 'i-0f3dd27aafdbc80ec', 'i-0f8a82968ff9c44de', 'i-0090a719f67dd28c8', 'i-0f117cd409152da4b', 'i-07f9e2aaf98bf7df6', 'i-0f0fd6610483feb97', 'i-02385bad513aa02f9', 'i-09ee69666905dbc09', 'i-024038e2ae8650be2', 'i-0f91b3f3a50aa3fae', 'i-0a1ccded10aafb536', 'i-0d38aa06cf5779ccf', 'i-02dde7e5770dbe74d', 'i-08d207de48c3bb13f', 'i-014394b3d0ac323dc', 'i-0201491edb9779347', 'i-0f90ec8b5880f1863', 'i-00cc78b45afef7bcd', 'i-006ad1a2447bfd5da', 'i-09000423aa6d0a2be', 'i-08bca25447be87951', 'i-0b67cdc07bede1492', 'i-032e73b88c5ab1ae9', 'i-0db7cb65481372109', 'i-01f7413886772582d', 'i-0f2ff3a43e19be0c3', 'i-0ad64ce069d0a6ba0', 'i-02a556bc3784fc39d', 'i-0900f13c892212a18', 'i-05e07d051c23b3715', 'i-08eb634c277b8172c', 'i-0cf682494c1e24599', 'i-07abda8bee54e93d8', 'i-027f6481a97da116b', 'i-079e9d8fed0ac5f5c', 'i-0b443fd143c7d01ff', 'i-0a90960babb0cf22a', 'i-0d0411aa3b132ac6b', 'i-029b14f9ab08a898e', 'i-0603554bfdaa43d09', 'i-03dfa937fd9bb4a8d', 'i-0b47a77765193c430', 'i-09a3967a20538c613', 'i-0b26e0f36e575ce11', 'i-0cb3cd09f1e51f78e', 'i-0f8ab4625cc5e6185', 'i-0a506f89a25c4b0a3', 'i-0514e95bfff97ff91', 'i-06c44d3cc7a41bf12', 'i-06a24421b090b06df', 'i-0d55a6987360cd20c', 'i-009df181c35094ccb', 'i-005513983eb50f94c', 'i-074507bbbba99166a', 'i-004cd75bf50a567c4', 'i-07b63e8f0f1a3dad1', 'i-08af0c29260fa789e', 'i-0b63f413eb3e36a04', 'i-01c4af5775152a1bd', 'i-071d3e9e1d7a8d4a8', 'i-0e62d518347fb96dd', 'i-0e43ff6b8f77745b7', 'i-0c980a925e0d83eda', 'i-0f750a7f10c8c6ede', 'i-028e93f37ccc3f295', 'i-0b8c8c48011d5c329', 'i-055534f28e26d39fa', 'i-073e150c127da483a', 'i-0016f3441bce3ed0a', 'i-079fbcffba35d02ad', 'i-085683bf5cdcee0cf', 'i-0f9583cfe9aba310f', 'i-09e714c763b52eef5', 'i-02bc71274e345d3fd', 'i-003f0b641984a7863', 'i-06c2b6c49662833aa']
2025-06-24 18:32:33 - INFO - Tempo que levou para as máquinas estarem running: 39.703639 segundos
2025-06-24 18:32:33 - INFO - Tempo que levou para criar o Fleet com 200 instâncias: 77.462292 segundos
2025-06-24 18:32:33 - INFO - 200 instâncias no total. Iniciando benchmark em paralelo...
2025-06-24 18:32:34 - INFO - Found credentials in shared credentials file: ~/.aws/credentials
2025-06-24 18:32:34 - INFO - Found credentials in shared credentials file: ~/.aws/credentials
2025-06-24 18:32:34 - INFO - Found credentials in shared credentials file: ~/.aws/credentials
2025-06-24 18:32:34 - INFO - Found credentials in shared credentials file: ~/.aws/credentials
2025-06-24 18:32:34 - INFO - Found credentials in shared credentials file: ~/.aws/credentials
2025-06-24 18:32:34 - INFO - Found credentials in shared credentials file: ~/.aws/credentials
2025-06-24 18:32:34 - INFO - Found credentials in shared credentials file: ~/.aws/credentials
2025-06-24 18:32:34 - INFO - Found credentials in shared credentials file: ~/.aws/credentials
2025-06-24 18:32:34 - INFO - Found credentials in shared credentials file: ~/.aws/credentials
2025-06-24 18:32:34 - INFO - Found credentials in shared credentials file: ~/.aws/credentials
2025-06-24 18:32:34 - INFO - Found credentials in shared credentials file: ~/.aws/credentials
2025-06-24 18:32:34 - INFO - Found credentials in shared credentials file: ~/.aws/credentials
2025-06-24 18:32:34 - INFO - Found credentials in shared credentials file: ~/.aws/credentials
2025-06-24 18:32:34 - INFO - Found credentials in shared credentials file: ~/.aws/credentials
2025-06-24 18:32:34 - INFO - Found credentials in shared credentials file: ~/.aws/credentials
2025-06-24 18:32:34 - INFO - Found credentials in shared credentials file: ~/.aws/credentials
2025-06-24 18:32:34 - INFO - Found credentials in shared credentials file: ~/.aws/credentials
2025-06-24 18:32:35 - INFO - Found credentials in shared credentials file: ~/.aws/credentials
2025-06-24 18:32:35 - INFO - Found credentials in shared credentials file: ~/.aws/credentials
2025-06-24 18:32:35 - INFO - Found credentials in shared credentials file: ~/.aws/credentials
2025-06-24 18:32:35 - INFO - Found credentials in shared credentials file: ~/.aws/credentials
2025-06-24 18:32:35 - INFO - Found credentials in shared credentials file: ~/.aws/credentials
2025-06-24 18:32:35 - INFO - Found credentials in shared credentials file: ~/.aws/credentials
2025-06-24 18:32:35 - INFO - Found credentials in shared credentials file: ~/.aws/credentials
2025-06-24 18:32:35 - INFO - Found credentials in shared credentials file: ~/.aws/credentials
2025-06-24 18:32:35 - INFO - Found credentials in shared credentials file: ~/.aws/credentials
2025-06-24 18:32:36 - INFO - Found credentials in shared credentials file: ~/.aws/credentials
2025-06-24 18:32:36 - INFO - Found credentials in shared credentials file: ~/.aws/credentials
2025-06-24 18:32:36 - INFO - Found credentials in shared credentials file: ~/.aws/credentials
2025-06-24 18:32:36 - INFO - Found credentials in shared credentials file: ~/.aws/credentials
2025-06-24 18:32:36 - INFO - Found credentials in shared credentials file: ~/.aws/credentials
2025-06-24 18:32:36 - INFO - Found credentials in shared credentials file: ~/.aws/credentials
2025-06-24 18:32:36 - INFO - Found credentials in shared credentials file: ~/.aws/credentials
2025-06-24 18:32:36 - INFO - Found credentials in shared credentials file: ~/.aws/credentials
2025-06-24 18:32:36 - INFO - Found credentials in shared credentials file: ~/.aws/credentials
2025-06-24 18:32:36 - INFO - Found credentials in shared credentials file: ~/.aws/credentials
2025-06-24 18:32:36 - INFO - Found credentials in shared credentials file: ~/.aws/credentials
2025-06-24 18:32:36 - INFO - Found credentials in shared credentials file: ~/.aws/credentials
2025-06-24 18:32:36 - INFO - Found credentials in shared credentials file: ~/.aws/credentials
2025-06-24 18:32:36 - INFO - Found credentials in shared credentials file: ~/.aws/credentials
2025-06-24 18:32:36 - INFO - Found credentials in shared credentials file: ~/.aws/credentials
2025-06-24 18:32:36 - INFO - Found credentials in shared credentials file: ~/.aws/credentials
2025-06-24 18:32:36 - INFO - Found credentials in shared credentials file: ~/.aws/credentials
2025-06-24 18:32:36 - INFO - Found credentials in shared credentials file: ~/.aws/credentials
2025-06-24 18:32:37 - INFO - Found credentials in shared credentials file: ~/.aws/credentials
2025-06-24 18:32:37 - INFO - Found credentials in shared credentials file: ~/.aws/credentials
2025-06-24 18:32:37 - INFO - Found credentials in shared credentials file: ~/.aws/credentials
2025-06-24 18:32:37 - INFO - Found credentials in shared credentials file: ~/.aws/credentials
2025-06-24 18:32:37 - INFO - Found credentials in shared credentials file: ~/.aws/credentials
2025-06-24 18:32:37 - INFO - Found credentials in shared credentials file: ~/.aws/credentials
2025-06-24 18:32:37 - INFO - Found credentials in shared credentials file: ~/.aws/credentials
2025-06-24 18:32:37 - INFO - Found credentials in shared credentials file: ~/.aws/credentials
2025-06-24 18:32:37 - INFO - Found credentials in shared credentials file: ~/.aws/credentials
2025-06-24 18:32:37 - INFO - Found credentials in shared credentials file: ~/.aws/credentials
2025-06-24 18:32:37 - INFO - Found credentials in shared credentials file: ~/.aws/credentials
2025-06-24 18:32:37 - INFO - Found credentials in shared credentials file: ~/.aws/credentials
2025-06-24 18:32:37 - INFO - Found credentials in shared credentials file: ~/.aws/credentials
2025-06-24 18:32:37 - INFO - Found credentials in shared credentials file: ~/.aws/credentials
2025-06-24 18:32:37 - INFO - Found credentials in shared credentials file: ~/.aws/credentials
2025-06-24 18:32:38 - INFO - Found credentials in shared credentials file: ~/.aws/credentials
2025-06-24 18:32:38 - INFO - Found credentials in shared credentials file: ~/.aws/credentials
2025-06-24 18:32:38 - INFO - Found credentials in shared credentials file: ~/.aws/credentials
2025-06-24 18:32:38 - INFO - Found credentials in shared credentials file: ~/.aws/credentials
2025-06-24 18:32:38 - INFO - Found credentials in shared credentials file: ~/.aws/credentials
2025-06-24 18:32:38 - INFO - Found credentials in shared credentials file: ~/.aws/credentials
2025-06-24 18:32:38 - INFO - Found credentials in shared credentials file: ~/.aws/credentials
2025-06-24 18:32:38 - INFO - Found credentials in shared credentials file: ~/.aws/credentials
2025-06-24 18:32:39 - INFO - Found credentials in shared credentials file: ~/.aws/credentials
2025-06-24 18:32:39 - INFO - Found credentials in shared credentials file: ~/.aws/credentials
2025-06-24 18:32:39 - INFO - Found credentials in shared credentials file: ~/.aws/credentials
2025-06-24 18:32:39 - INFO - Found credentials in shared credentials file: ~/.aws/credentials
2025-06-24 18:32:39 - INFO - Found credentials in shared credentials file: ~/.aws/credentials
2025-06-24 18:32:39 - INFO - Found credentials in shared credentials file: ~/.aws/credentials
2025-06-24 18:32:39 - INFO - Found credentials in shared credentials file: ~/.aws/credentials
2025-06-24 18:32:40 - INFO - Found credentials in shared credentials file: ~/.aws/credentials
2025-06-24 18:32:40 - INFO - Found credentials in shared credentials file: ~/.aws/credentials
2025-06-24 18:32:40 - INFO - Found credentials in shared credentials file: ~/.aws/credentials
2025-06-24 18:32:40 - INFO - Found credentials in shared credentials file: ~/.aws/credentials
2025-06-24 18:32:40 - INFO - Found credentials in shared credentials file: ~/.aws/credentials
2025-06-24 18:32:40 - INFO - Found credentials in shared credentials file: ~/.aws/credentials
2025-06-24 18:32:40 - INFO - Found credentials in shared credentials file: ~/.aws/credentials
2025-06-24 18:32:40 - INFO - Found credentials in shared credentials file: ~/.aws/credentials
2025-06-24 18:32:40 - INFO - Found credentials in shared credentials file: ~/.aws/credentials
2025-06-24 18:32:40 - INFO - Found credentials in shared credentials file: ~/.aws/credentials
2025-06-24 18:32:40 - INFO - Found credentials in shared credentials file: ~/.aws/credentials
2025-06-24 18:32:40 - INFO - Found credentials in shared credentials file: ~/.aws/credentials
2025-06-24 18:32:40 - INFO - Found credentials in shared credentials file: ~/.aws/credentials
2025-06-24 18:32:40 - INFO - Found credentials in shared credentials file: ~/.aws/credentials
2025-06-24 18:32:40 - INFO - Found credentials in shared credentials file: ~/.aws/credentials
2025-06-24 18:32:40 - INFO - Found credentials in shared credentials file: ~/.aws/credentials
2025-06-24 18:32:40 - INFO - Found credentials in shared credentials file: ~/.aws/credentials
2025-06-24 18:32:40 - INFO - Found credentials in shared credentials file: ~/.aws/credentials
2025-06-24 18:32:40 - INFO - Found credentials in shared credentials file: ~/.aws/credentials
2025-06-24 18:32:40 - INFO - Found credentials in shared credentials file: ~/.aws/credentials
2025-06-24 18:32:41 - INFO - Found credentials in shared credentials file: ~/.aws/credentials
2025-06-24 18:32:42 - INFO - Found credentials in shared credentials file: ~/.aws/credentials
2025-06-24 18:32:42 - INFO - Found credentials in shared credentials file: ~/.aws/credentials
2025-06-24 18:32:42 - INFO - Found credentials in shared credentials file: ~/.aws/credentials
2025-06-24 18:32:42 - INFO - Found credentials in shared credentials file: ~/.aws/credentials
2025-06-24 18:32:42 - INFO - Found credentials in shared credentials file: ~/.aws/credentials
2025-06-24 18:32:42 - INFO - Found credentials in shared credentials file: ~/.aws/credentials
2025-06-24 18:32:42 - INFO - Found credentials in shared credentials file: ~/.aws/credentials
2025-06-24 18:32:42 - INFO - Found credentials in shared credentials file: ~/.aws/credentials
2025-06-24 18:32:42 - INFO - Found credentials in shared credentials file: ~/.aws/credentials
2025-06-24 18:32:42 - INFO - Found credentials in shared credentials file: ~/.aws/credentials
2025-06-24 18:32:42 - INFO - Found credentials in shared credentials file: ~/.aws/credentials
2025-06-24 18:32:42 - INFO - Found credentials in shared credentials file: ~/.aws/credentials
2025-06-24 18:32:42 - INFO - Found credentials in shared credentials file: ~/.aws/credentials
2025-06-24 18:32:42 - INFO - Found credentials in shared credentials file: ~/.aws/credentials
2025-06-24 18:32:42 - INFO - Found credentials in shared credentials file: ~/.aws/credentials
2025-06-24 18:32:42 - INFO - Found credentials in shared credentials file: ~/.aws/credentials
2025-06-24 18:32:42 - INFO - Found credentials in shared credentials file: ~/.aws/credentials
2025-06-24 18:32:42 - INFO - Found credentials in shared credentials file: ~/.aws/credentials
2025-06-24 18:32:42 - INFO - Found credentials in shared credentials file: ~/.aws/credentials
2025-06-24 18:32:42 - INFO - Found credentials in shared credentials file: ~/.aws/credentials
2025-06-24 18:32:42 - INFO - Found credentials in shared credentials file: ~/.aws/credentials
2025-06-24 18:32:42 - INFO - Found credentials in shared credentials file: ~/.aws/credentials
2025-06-24 18:32:44 - INFO - Found credentials in shared credentials file: ~/.aws/credentials
2025-06-24 18:32:44 - INFO - Found credentials in shared credentials file: ~/.aws/credentials
2025-06-24 18:32:44 - INFO - Found credentials in shared credentials file: ~/.aws/credentials
2025-06-24 18:32:44 - INFO - Found credentials in shared credentials file: ~/.aws/credentials
2025-06-24 18:32:44 - INFO - Found credentials in shared credentials file: ~/.aws/credentials
2025-06-24 18:32:44 - INFO - Found credentials in shared credentials file: ~/.aws/credentials
2025-06-24 18:32:44 - INFO - Found credentials in shared credentials file: ~/.aws/credentials
2025-06-24 18:32:44 - INFO - Found credentials in shared credentials file: ~/.aws/credentials
2025-06-24 18:32:44 - INFO - Found credentials in shared credentials file: ~/.aws/credentials
2025-06-24 18:32:44 - INFO - Found credentials in shared credentials file: ~/.aws/credentials
2025-06-24 18:32:44 - INFO - Found credentials in shared credentials file: ~/.aws/credentials
2025-06-24 18:32:44 - INFO - Found credentials in shared credentials file: ~/.aws/credentials
2025-06-24 18:32:44 - INFO - Found credentials in shared credentials file: ~/.aws/credentials
2025-06-24 18:32:44 - INFO - Found credentials in shared credentials file: ~/.aws/credentials
2025-06-24 18:32:44 - INFO - Found credentials in shared credentials file: ~/.aws/credentials
2025-06-24 18:32:44 - INFO - Found credentials in shared credentials file: ~/.aws/credentials
2025-06-24 18:32:44 - INFO - Found credentials in shared credentials file: ~/.aws/credentials
2025-06-24 18:32:44 - INFO - Found credentials in shared credentials file: ~/.aws/credentials
2025-06-24 18:32:44 - INFO - Found credentials in shared credentials file: ~/.aws/credentials
2025-06-24 18:32:44 - INFO - Found credentials in shared credentials file: ~/.aws/credentials
2025-06-24 18:32:44 - INFO - Found credentials in shared credentials file: ~/.aws/credentials
2025-06-24 18:32:44 - INFO - Found credentials in shared credentials file: ~/.aws/credentials
2025-06-24 18:32:44 - INFO - Found credentials in shared credentials file: ~/.aws/credentials
2025-06-24 18:32:44 - INFO - Found credentials in shared credentials file: ~/.aws/credentials
2025-06-24 18:32:44 - INFO - Found credentials in shared credentials file: ~/.aws/credentials
2025-06-24 18:32:45 - INFO - Found credentials in shared credentials file: ~/.aws/credentials
2025-06-24 18:32:45 - INFO - Found credentials in shared credentials file: ~/.aws/credentials
2025-06-24 18:32:45 - INFO - Found credentials in shared credentials file: ~/.aws/credentials
2025-06-24 18:32:45 - INFO - Found credentials in shared credentials file: ~/.aws/credentials
2025-06-24 18:32:45 - INFO - Found credentials in shared credentials file: ~/.aws/credentials
2025-06-24 18:32:45 - INFO - Found credentials in shared credentials file: ~/.aws/credentials
2025-06-24 18:32:45 - INFO - Found credentials in shared credentials file: ~/.aws/credentials
2025-06-24 18:32:45 - INFO - Found credentials in shared credentials file: ~/.aws/credentials
2025-06-24 18:32:45 - INFO - Found credentials in shared credentials file: ~/.aws/credentials
2025-06-24 18:32:45 - INFO - Found credentials in shared credentials file: ~/.aws/credentials
2025-06-24 18:32:45 - INFO - Found credentials in shared credentials file: ~/.aws/credentials
2025-06-24 18:32:47 - INFO - Found credentials in shared credentials file: ~/.aws/credentials
2025-06-24 18:32:47 - INFO - Found credentials in shared credentials file: ~/.aws/credentials
2025-06-24 18:32:47 - INFO - Found credentials in shared credentials file: ~/.aws/credentials
2025-06-24 18:32:47 - INFO - Found credentials in shared credentials file: ~/.aws/credentials
2025-06-24 18:32:47 - INFO - Found credentials in shared credentials file: ~/.aws/credentials
2025-06-24 18:32:47 - INFO - Found credentials in shared credentials file: ~/.aws/credentials
2025-06-24 18:32:47 - INFO - Found credentials in shared credentials file: ~/.aws/credentials
2025-06-24 18:32:47 - INFO - Found credentials in shared credentials file: ~/.aws/credentials
2025-06-24 18:32:47 - INFO - Found credentials in shared credentials file: ~/.aws/credentials
2025-06-24 18:32:47 - INFO - Found credentials in shared credentials file: ~/.aws/credentials
2025-06-24 18:32:47 - INFO - Found credentials in shared credentials file: ~/.aws/credentials
2025-06-24 18:32:47 - INFO - Found credentials in shared credentials file: ~/.aws/credentials
2025-06-24 18:32:47 - INFO - Found credentials in shared credentials file: ~/.aws/credentials
2025-06-24 18:32:47 - INFO - Found credentials in shared credentials file: ~/.aws/credentials
2025-06-24 18:32:47 - INFO - Found credentials in shared credentials file: ~/.aws/credentials
2025-06-24 18:32:47 - INFO - Found credentials in shared credentials file: ~/.aws/credentials
2025-06-24 18:32:47 - INFO - Found credentials in shared credentials file: ~/.aws/credentials
2025-06-24 18:32:47 - INFO - Found credentials in shared credentials file: ~/.aws/credentials
2025-06-24 18:32:47 - INFO - Found credentials in shared credentials file: ~/.aws/credentials
2025-06-24 18:32:47 - INFO - Found credentials in shared credentials file: ~/.aws/credentials
2025-06-24 18:32:47 - INFO - Found credentials in shared credentials file: ~/.aws/credentials
2025-06-24 18:32:47 - INFO - Found credentials in shared credentials file: ~/.aws/credentials
2025-06-24 18:32:47 - INFO - Found credentials in shared credentials file: ~/.aws/credentials
2025-06-24 18:32:47 - INFO - Found credentials in shared credentials file: ~/.aws/credentials
2025-06-24 18:32:48 - INFO - Found credentials in shared credentials file: ~/.aws/credentials
2025-06-24 18:32:48 - INFO - Found credentials in shared credentials file: ~/.aws/credentials
2025-06-24 18:32:48 - INFO - Found credentials in shared credentials file: ~/.aws/credentials
2025-06-24 18:32:48 - INFO - Found credentials in shared credentials file: ~/.aws/credentials
2025-06-24 18:32:48 - INFO - Found credentials in shared credentials file: ~/.aws/credentials
2025-06-24 18:32:48 - INFO - Found credentials in shared credentials file: ~/.aws/credentials
2025-06-24 18:32:48 - INFO - Found credentials in shared credentials file: ~/.aws/credentials
2025-06-24 18:32:48 - INFO - Found credentials in shared credentials file: ~/.aws/credentials
2025-06-24 18:32:48 - INFO - Found credentials in shared credentials file: ~/.aws/credentials
2025-06-24 18:32:48 - INFO - Found credentials in shared credentials file: ~/.aws/credentials
2025-06-24 18:32:48 - INFO - Found credentials in shared credentials file: ~/.aws/credentials
2025-06-24 18:32:48 - INFO - Found credentials in shared credentials file: ~/.aws/credentials
2025-06-24 18:32:48 - INFO - Found credentials in shared credentials file: ~/.aws/credentials
2025-06-24 18:32:48 - INFO - Found credentials in shared credentials file: ~/.aws/credentials
2025-06-24 18:32:48 - INFO - Found credentials in shared credentials file: ~/.aws/credentials
2025-06-24 18:32:50 - INFO - Found credentials in shared credentials file: ~/.aws/credentials
2025-06-24 18:32:50 - INFO - Found credentials in shared credentials file: ~/.aws/credentials
2025-06-24 18:32:50 - INFO - Found credentials in shared credentials file: ~/.aws/credentials
2025-06-24 18:32:50 - INFO - Found credentials in shared credentials file: ~/.aws/credentials
2025-06-24 18:32:50 - INFO - Found credentials in shared credentials file: ~/.aws/credentials
2025-06-24 18:32:51 - INFO - Found credentials in shared credentials file: ~/.aws/credentials
2025-06-24 18:32:51 - INFO - Found credentials in shared credentials file: ~/.aws/credentials
2025-06-24 18:32:51 - INFO - Found credentials in shared credentials file: ~/.aws/credentials
2025-06-24 18:33:28 - INFO - m5.24xlarge - 2.059700 - sa-east-1a
2025-06-24 18:33:28 - INFO - m5.24xlarge - 2.059700 - sa-east-1a
2025-06-24 18:33:28 - INFO - m5.24xlarge - 2.059700 - sa-east-1a
2025-06-24 18:33:28 - INFO - m5.24xlarge - 2.390000 - sa-east-1c
2025-06-24 18:33:28 - INFO - Updating file: results/results_lucas_sa-east-1_200.csv
2025-06-24 18:33:28 - INFO - m5.24xlarge - 2.390000 - sa-east-1c
2025-06-24 18:33:28 - INFO - r5a.24xlarge - 2.228600 - sa-east-1c
2025-06-24 18:33:28 - INFO - m5.24xlarge - 2.059700 - sa-east-1a
2025-06-24 18:33:28 - INFO - m5.24xlarge - 2.059700 - sa-east-1a
2025-06-24 18:33:28 - INFO - Updating file: results/results_lucas_sa-east-1_200.csv
2025-06-24 18:33:28 - INFO - m5a.24xlarge - 1.922100 - sa-east-1c
2025-06-24 18:33:28 - INFO - m5.24xlarge - 2.059700 - sa-east-1a
2025-06-24 18:33:28 - INFO - m5.24xlarge - 2.059700 - sa-east-1a
2025-06-24 18:33:29 - INFO - m5.24xlarge - 2.059700 - sa-east-1a
2025-06-24 18:33:29 - INFO - Updating file: results/results_lucas_sa-east-1_200.csv
2025-06-24 18:33:29 - INFO - m5.24xlarge - 2.059700 - sa-east-1a
2025-06-24 18:33:29 - INFO - m5.24xlarge - 2.059700 - sa-east-1a
2025-06-24 18:33:29 - INFO - m5.24xlarge - 2.059700 - sa-east-1a
2025-06-24 18:33:29 - INFO - m5.24xlarge - 2.059700 - sa-east-1a
2025-06-24 18:33:29 - INFO - Updating file: results/results_lucas_sa-east-1_200.csv
2025-06-24 18:33:29 - INFO - m5.24xlarge - 2.059700 - sa-east-1a
2025-06-24 18:33:29 - INFO - m5a.24xlarge - 1.618600 - sa-east-1a
2025-06-24 18:33:29 - INFO - m6a.24xlarge - 2.043600 - sa-east-1c
2025-06-24 18:33:29 - INFO - r5a.24xlarge - 2.228600 - sa-east-1c
2025-06-24 18:33:29 - INFO - m5.24xlarge - 2.059700 - sa-east-1a
2025-06-24 18:33:29 - INFO - Updating file: results/results_lucas_sa-east-1_200.csv
2025-06-24 18:33:29 - INFO - r5a.24xlarge - 2.228600 - sa-east-1c
2025-06-24 18:33:29 - INFO - m5a.24xlarge - 1.922100 - sa-east-1c
2025-06-24 18:33:29 - INFO - m5.24xlarge - 2.059700 - sa-east-1a
2025-06-24 18:33:29 - INFO - m5.24xlarge - 2.059700 - sa-east-1a
2025-06-24 18:33:29 - INFO - Updating file: results/results_lucas_sa-east-1_200.csv
2025-06-24 18:33:29 - INFO - m5.24xlarge - 2.059700 - sa-east-1a
2025-06-24 18:33:29 - INFO - m5.24xlarge - 2.059700 - sa-east-1a
2025-06-24 18:33:29 - INFO - m5a.24xlarge - 1.922100 - sa-east-1c
2025-06-24 18:33:29 - INFO - m5.24xlarge - 2.059700 - sa-east-1a
2025-06-24 18:33:29 - INFO - m5.24xlarge - 2.059700 - sa-east-1a
2025-06-24 18:33:29 - INFO - m5.24xlarge - 2.059700 - sa-east-1a
2025-06-24 18:33:29 - INFO - r5ad.24xlarge - 1.940600 - sa-east-1c
2025-06-24 18:33:29 - INFO - r5a.24xlarge - 2.228600 - sa-east-1c
2025-06-24 18:33:29 - INFO - Updating file: results/results_lucas_sa-east-1_200.csv
2025-06-24 18:33:29 - INFO - m5.24xlarge - 2.059700 - sa-east-1a
2025-06-24 18:33:29 - INFO - r5a.24xlarge - 2.228600 - sa-east-1c
2025-06-24 18:33:29 - INFO - m5a.24xlarge - 1.618600 - sa-east-1a
2025-06-24 18:33:29 - INFO - m5.24xlarge - 2.059700 - sa-east-1a
2025-06-24 18:33:29 - INFO - m5.24xlarge - 2.059700 - sa-east-1a
2025-06-24 18:33:29 - INFO - m5.24xlarge - 2.059700 - sa-east-1a
2025-06-24 18:33:29 - INFO - r5a.24xlarge - 2.228600 - sa-east-1c
2025-06-24 18:33:29 - INFO - m5a.24xlarge - 1.922100 - sa-east-1c
2025-06-24 18:33:29 - INFO - m5a.24xlarge - 1.618600 - sa-east-1a
2025-06-24 18:33:29 - INFO - m5.24xlarge - 2.390000 - sa-east-1c
2025-06-24 18:33:29 - INFO - r5a.24xlarge - 2.228600 - sa-east-1c
2025-06-24 18:33:29 - INFO - r5ad.24xlarge - 1.940600 - sa-east-1c
2025-06-24 18:33:29 - INFO - m5.24xlarge - 2.059700 - sa-east-1a
2025-06-24 18:33:29 - INFO - r5a.24xlarge - 2.228600 - sa-east-1c
2025-06-24 18:33:29 - INFO - m5a.24xlarge - 1.922100 - sa-east-1c
2025-06-24 18:33:29 - INFO - Updating file: results/results_lucas_sa-east-1_200.csv
2025-06-24 18:33:29 - INFO - r5ad.24xlarge - 1.940600 - sa-east-1c
2025-06-24 18:33:29 - INFO - m5.24xlarge - 2.059700 - sa-east-1a
2025-06-24 18:33:29 - INFO - m5a.24xlarge - 1.922100 - sa-east-1c
2025-06-24 18:33:30 - INFO - m5.24xlarge - 2.059700 - sa-east-1a
2025-06-24 18:33:30 - INFO - r5a.24xlarge - 2.228600 - sa-east-1c
2025-06-24 18:33:30 - INFO - m5.24xlarge - 2.059700 - sa-east-1a
2025-06-24 18:33:30 - INFO - r5a.24xlarge - 2.228600 - sa-east-1c
2025-06-24 18:33:30 - INFO - m5.24xlarge - 2.059700 - sa-east-1a
2025-06-24 18:33:30 - INFO - m5.24xlarge - 2.059700 - sa-east-1a
2025-06-24 18:33:30 - INFO - m5.24xlarge - 2.059700 - sa-east-1a
2025-06-24 18:33:30 - INFO - m5a.24xlarge - 1.922100 - sa-east-1c
2025-06-24 18:33:30 - INFO - m5.24xlarge - 2.059700 - sa-east-1a
2025-06-24 18:33:30 - INFO - m5.24xlarge - 2.059700 - sa-east-1a
2025-06-24 18:33:30 - INFO - m5a.24xlarge - 1.618600 - sa-east-1a
2025-06-24 18:33:30 - INFO - r5a.24xlarge - 2.228600 - sa-east-1c
2025-06-24 18:33:30 - INFO - Updating file: results/results_lucas_sa-east-1_200.csv
2025-06-24 18:33:30 - INFO - m5a.24xlarge - 1.922100 - sa-east-1c
2025-06-24 18:33:30 - INFO - m5a.24xlarge - 1.618600 - sa-east-1a
2025-06-24 18:33:30 - INFO - m5.24xlarge - 2.059700 - sa-east-1a
2025-06-24 18:33:30 - INFO - m6a.24xlarge - 2.043600 - sa-east-1c
2025-06-24 18:33:30 - INFO - c5.24xlarge - 1.879900 - sa-east-1a
2025-06-24 18:33:30 - INFO - c5.24xlarge - 1.879900 - sa-east-1a
2025-06-24 18:33:30 - INFO - m5a.24xlarge - 1.922100 - sa-east-1c
2025-06-24 18:33:30 - INFO - m5ad.24xlarge - 2.349500 - sa-east-1c
2025-06-24 18:33:30 - INFO - c5.24xlarge - 1.879900 - sa-east-1a
2025-06-24 18:33:30 - INFO - m5.24xlarge - 2.059700 - sa-east-1a
2025-06-24 18:33:30 - INFO - m5.24xlarge - 2.390000 - sa-east-1c
2025-06-24 18:33:30 - INFO - r5a.24xlarge - 2.228600 - sa-east-1c
2025-06-24 18:33:30 - INFO - m5.24xlarge - 2.059700 - sa-east-1a
2025-06-24 18:33:30 - INFO - Updating file: results/results_lucas_sa-east-1_200.csv
2025-06-24 18:33:30 - INFO - c5.24xlarge - 1.879900 - sa-east-1a
2025-06-24 18:33:30 - INFO - m5a.24xlarge - 1.618600 - sa-east-1a
2025-06-24 18:33:30 - INFO - m5ad.24xlarge - 2.349500 - sa-east-1c
2025-06-24 18:33:30 - INFO - m5.24xlarge - 2.059700 - sa-east-1a
2025-06-24 18:33:30 - INFO - r5a.24xlarge - 2.228600 - sa-east-1c
2025-06-24 18:33:30 - INFO - m5.24xlarge - 2.390000 - sa-east-1c
2025-06-24 18:33:30 - INFO - r5a.24xlarge - 2.228600 - sa-east-1c
2025-06-24 18:33:30 - INFO - m5a.24xlarge - 1.922100 - sa-east-1c
2025-06-24 18:33:30 - INFO - r5a.24xlarge - 2.228600 - sa-east-1c
2025-06-24 18:33:30 - INFO - m5.24xlarge - 2.390000 - sa-east-1c
2025-06-24 18:33:30 - INFO - m5.24xlarge - 2.390000 - sa-east-1c
2025-06-24 18:33:30 - INFO - m5.24xlarge - 2.390000 - sa-east-1c
2025-06-24 18:33:30 - INFO - c6a.24xlarge - 2.117900 - sa-east-1b
2025-06-24 18:33:30 - INFO - r5a.24xlarge - 2.228600 - sa-east-1c
2025-06-24 18:33:30 - INFO - m5.24xlarge - 2.390000 - sa-east-1c
2025-06-24 18:33:31 - INFO - m5a.24xlarge - 1.922100 - sa-east-1c
2025-06-24 18:33:31 - INFO - Updating file: results/results_lucas_sa-east-1_200.csv
2025-06-24 18:33:31 - INFO - m5.24xlarge - 2.390000 - sa-east-1c
2025-06-24 18:33:31 - INFO - c5.24xlarge - 1.879900 - sa-east-1a
2025-06-24 18:33:31 - INFO - m5.24xlarge - 2.059700 - sa-east-1a
2025-06-24 18:33:31 - INFO - c5.24xlarge - 1.879900 - sa-east-1a
2025-06-24 18:33:31 - INFO - m5.24xlarge - 2.059700 - sa-east-1a
2025-06-24 18:33:31 - INFO - m5a.24xlarge - 1.618600 - sa-east-1a
2025-06-24 18:33:31 - INFO - c5.24xlarge - 1.879900 - sa-east-1a
2025-06-24 18:33:31 - INFO - r5a.24xlarge - 2.228600 - sa-east-1c
2025-06-24 18:33:31 - INFO - c5.24xlarge - 1.879900 - sa-east-1a
2025-06-24 18:33:31 - INFO - c5.24xlarge - 1.879900 - sa-east-1a
2025-06-24 18:33:31 - INFO - c5.24xlarge - 1.879900 - sa-east-1a
2025-06-24 18:33:31 - INFO - r5a.24xlarge - 2.228600 - sa-east-1c
2025-06-24 18:33:31 - INFO - r5ad.24xlarge - 1.940600 - sa-east-1c
2025-06-24 18:33:31 - INFO - r5a.24xlarge - 2.228600 - sa-east-1c
2025-06-24 18:33:31 - INFO - c5.24xlarge - 1.879900 - sa-east-1a
2025-06-24 18:33:31 - INFO - m5.24xlarge - 2.390000 - sa-east-1c
2025-06-24 18:33:31 - INFO - m5.24xlarge - 2.390000 - sa-east-1c
2025-06-24 18:33:31 - INFO - r5a.24xlarge - 2.228600 - sa-east-1c
2025-06-24 18:33:31 - INFO - c5.24xlarge - 1.879900 - sa-east-1a
2025-06-24 18:33:31 - INFO - m5.24xlarge - 2.059700 - sa-east-1a
2025-06-24 18:33:31 - INFO - c5.24xlarge - 1.879900 - sa-east-1a
2025-06-24 18:33:31 - INFO - c5.24xlarge - 1.879900 - sa-east-1a
2025-06-24 18:33:31 - INFO - r5a.24xlarge - 2.228600 - sa-east-1c
2025-06-24 18:33:31 - INFO - c5.24xlarge - 1.879900 - sa-east-1a
2025-06-24 18:33:31 - INFO - r5ad.24xlarge - 1.940600 - sa-east-1c
2025-06-24 18:33:31 - INFO - c5.24xlarge - 1.879900 - sa-east-1a
2025-06-24 18:33:31 - INFO - m5.24xlarge - 2.390000 - sa-east-1c
2025-06-24 18:33:31 - INFO - r5a.24xlarge - 2.228600 - sa-east-1c
2025-06-24 18:33:31 - INFO - c5.24xlarge - 1.879900 - sa-east-1a
2025-06-24 18:33:31 - INFO - Updating file: results/results_lucas_sa-east-1_200.csv
2025-06-24 18:33:31 - INFO - c5.24xlarge - 1.879900 - sa-east-1a
2025-06-24 18:33:31 - INFO - r5a.24xlarge - 2.228600 - sa-east-1c
2025-06-24 18:33:31 - INFO - c6a.24xlarge - 2.117900 - sa-east-1b
2025-06-24 18:33:31 - INFO - c5.24xlarge - 1.879900 - sa-east-1a
2025-06-24 18:33:31 - INFO - m5a.24xlarge - 1.618600 - sa-east-1a
2025-06-24 18:33:31 - INFO - c5.24xlarge - 1.879900 - sa-east-1a
2025-06-24 18:33:31 - INFO - r5a.24xlarge - 2.228600 - sa-east-1c
2025-06-24 18:33:31 - INFO - c5.24xlarge - 1.879900 - sa-east-1a
2025-06-24 18:33:31 - INFO - c5.24xlarge - 1.879900 - sa-east-1a
2025-06-24 18:33:31 - INFO - m5.24xlarge - 2.390000 - sa-east-1c
2025-06-24 18:33:31 - INFO - c5.24xlarge - 1.879900 - sa-east-1a
2025-06-24 18:33:31 - INFO - c5.24xlarge - 1.879900 - sa-east-1a
2025-06-24 18:33:31 - INFO - c5.24xlarge - 1.879900 - sa-east-1a
2025-06-24 18:33:31 - INFO - m5a.24xlarge - 1.922100 - sa-east-1c
2025-06-24 18:33:31 - INFO - c5.24xlarge - 1.879900 - sa-east-1a
2025-06-24 18:33:31 - INFO - c5.24xlarge - 1.879900 - sa-east-1a
2025-06-24 18:33:31 - INFO - c5.24xlarge - 2.126200 - sa-east-1b
2025-06-24 18:33:39 - INFO - c5.24xlarge - 1.879900 - sa-east-1a
2025-06-24 18:33:39 - INFO - c5.24xlarge - 2.126200 - sa-east-1b
2025-06-24 18:33:39 - INFO - c5.24xlarge - 1.879900 - sa-east-1a
2025-06-24 18:33:39 - INFO - c5.24xlarge - 1.879900 - sa-east-1a
2025-06-24 18:33:39 - INFO - c5.24xlarge - 1.879900 - sa-east-1a
2025-06-24 18:33:39 - INFO - c5.24xlarge - 2.126200 - sa-east-1b
2025-06-24 18:33:39 - INFO - m6a.24xlarge - 1.382500 - sa-east-1b
2025-06-24 18:33:39 - INFO - c5.24xlarge - 1.879900 - sa-east-1a
2025-06-24 18:33:39 - INFO - c5.24xlarge - 1.879900 - sa-east-1a
2025-06-24 18:33:39 - INFO - Updating file: results/results_lucas_sa-east-1_200.csv
2025-06-24 18:33:39 - INFO - c5.24xlarge - 1.879900 - sa-east-1a
2025-06-24 18:33:39 - INFO - c5.24xlarge - 1.879900 - sa-east-1a
2025-06-24 18:33:39 - INFO - c5.24xlarge - 1.879900 - sa-east-1a
2025-06-24 18:33:39 - INFO - c5.24xlarge - 1.879900 - sa-east-1a
2025-06-24 18:33:39 - INFO - c5.24xlarge - 1.879900 - sa-east-1a
2025-06-24 18:33:39 - INFO - c5.24xlarge - 1.879900 - sa-east-1a
2025-06-24 18:33:39 - INFO - c5.24xlarge - 2.126200 - sa-east-1b
2025-06-24 18:33:39 - INFO - m5ad.24xlarge - 2.349500 - sa-east-1c
2025-06-24 18:33:39 - INFO - c5.24xlarge - 1.879900 - sa-east-1a
2025-06-24 18:33:39 - INFO - c5.24xlarge - 1.879900 - sa-east-1a
2025-06-24 18:33:39 - INFO - c5.24xlarge - 1.879900 - sa-east-1a
2025-06-24 18:33:39 - INFO - c5.24xlarge - 1.879900 - sa-east-1a
2025-06-24 18:33:39 - INFO - c5.24xlarge - 1.879900 - sa-east-1a
2025-06-24 18:33:39 - INFO - c5.24xlarge - 1.879900 - sa-east-1a
2025-06-24 18:33:39 - INFO - m6a.24xlarge - 1.382500 - sa-east-1b
2025-06-24 18:33:39 - INFO - c5.24xlarge - 1.879900 - sa-east-1a
2025-06-24 18:33:39 - INFO - c5.24xlarge - 1.879900 - sa-east-1a
2025-06-24 18:33:39 - INFO - c5.24xlarge - 1.879900 - sa-east-1a
2025-06-24 18:33:39 - INFO - c5.24xlarge - 1.879900 - sa-east-1a
2025-06-24 18:33:39 - INFO - Updating file: results/results_lucas_sa-east-1_200.csv
2025-06-24 18:33:39 - INFO - c5.24xlarge - 1.879900 - sa-east-1a
2025-06-24 18:33:39 - INFO - m5.24xlarge - 2.390000 - sa-east-1c
2025-06-24 18:33:39 - INFO - c5.24xlarge - 1.879900 - sa-east-1a
2025-06-24 18:33:39 - INFO - c5.24xlarge - 1.879900 - sa-east-1a
2025-06-24 18:33:39 - INFO - m5.24xlarge - 2.390000 - sa-east-1c
2025-06-24 18:33:39 - INFO - c5.24xlarge - 1.879900 - sa-east-1a
2025-06-24 18:33:39 - INFO - m5.24xlarge - 2.390000 - sa-east-1c
2025-06-24 18:33:39 - INFO - r5a.24xlarge - 2.228600 - sa-east-1c
2025-06-24 18:33:39 - INFO - c5.24xlarge - 1.879900 - sa-east-1a
2025-06-24 18:33:39 - INFO - c5.24xlarge - 1.879900 - sa-east-1a
2025-06-24 18:33:39 - INFO - c5.24xlarge - 1.879900 - sa-east-1a
2025-06-24 18:33:39 - INFO - c5.24xlarge - 1.879900 - sa-east-1a
2025-06-24 18:33:39 - INFO - c5.24xlarge - 1.879900 - sa-east-1a
2025-06-24 18:33:39 - INFO - Updating file: results/results_lucas_sa-east-1_200.csv
2025-06-24 18:33:39 - INFO - c5.24xlarge - 1.879900 - sa-east-1a
2025-06-24 18:33:39 - INFO - m5.24xlarge - 2.390000 - sa-east-1c
2025-06-24 18:33:39 - INFO - c5.24xlarge - 1.879900 - sa-east-1a
2025-06-24 18:33:39 - INFO - Updating file: results/results_lucas_sa-east-1_200.csv
2025-06-24 18:33:39 - INFO - c5.24xlarge - 1.879900 - sa-east-1a
2025-06-24 18:33:39 - INFO - c5.24xlarge - 1.879900 - sa-east-1a
2025-06-24 18:33:39 - INFO - Updating file: results/results_lucas_sa-east-1_200.csv
2025-06-24 18:33:39 - INFO - Updating file: results/results_lucas_sa-east-1_200.csv
2025-06-24 18:33:39 - INFO - Updating file: results/results_lucas_sa-east-1_200.csv
2025-06-24 18:33:39 - INFO - c5.24xlarge - 1.879900 - sa-east-1a
2025-06-24 18:33:39 - INFO - Updating file: results/results_lucas_sa-east-1_200.csv
2025-06-24 18:33:40 - INFO - Updating file: results/results_lucas_sa-east-1_200.csv
2025-06-24 18:33:40 - INFO - c5.24xlarge - 1.879900 - sa-east-1a
2025-06-24 18:33:40 - INFO - c5.24xlarge - 1.879900 - sa-east-1a
2025-06-24 18:33:40 - INFO - Updating file: results/results_lucas_sa-east-1_200.csv
2025-06-24 18:33:40 - INFO - Updating file: results/results_lucas_sa-east-1_200.csv
2025-06-24 18:33:40 - INFO - c5.24xlarge - 1.879900 - sa-east-1a
2025-06-24 18:33:40 - INFO - Updating file: results/results_lucas_sa-east-1_200.csv
2025-06-24 18:33:40 - INFO - m5ad.24xlarge - 2.349500 - sa-east-1c
2025-06-24 18:33:40 - INFO - c5.24xlarge - 1.879900 - sa-east-1a
2025-06-24 18:33:40 - INFO - Updating file: results/results_lucas_sa-east-1_200.csv
2025-06-24 18:33:40 - INFO - Updating file: results/results_lucas_sa-east-1_200.csv
2025-06-24 18:33:40 - INFO - Updating file: results/results_lucas_sa-east-1_200.csv
2025-06-24 18:33:40 - INFO - c5.24xlarge - 1.879900 - sa-east-1a
2025-06-24 18:33:40 - INFO - Updating file: results/results_lucas_sa-east-1_200.csv
2025-06-24 18:33:40 - INFO - c5.24xlarge - 2.126200 - sa-east-1b
2025-06-24 18:33:40 - INFO - Updating file: results/results_lucas_sa-east-1_200.csv
2025-06-24 18:33:40 - INFO - Updating file: results/results_lucas_sa-east-1_200.csv
2025-06-24 18:33:40 - INFO - c5.24xlarge - 1.879900 - sa-east-1a
2025-06-24 18:33:40 - INFO - Updating file: results/results_lucas_sa-east-1_200.csv
2025-06-24 18:33:40 - INFO - c5.24xlarge - 1.879900 - sa-east-1a
2025-06-24 18:33:40 - INFO - Updating file: results/results_lucas_sa-east-1_200.csv
2025-06-24 18:33:40 - INFO - Updating file: results/results_lucas_sa-east-1_200.csv
2025-06-24 18:33:40 - INFO - c5.24xlarge - 1.879900 - sa-east-1a
2025-06-24 18:33:40 - INFO - c5.24xlarge - 2.126200 - sa-east-1b
2025-06-24 18:33:40 - INFO - Updating file: results/results_lucas_sa-east-1_200.csv
2025-06-24 18:33:40 - INFO - Updating file: results/results_lucas_sa-east-1_200.csv
2025-06-24 18:33:40 - INFO - Updating file: results/results_lucas_sa-east-1_200.csv
2025-06-24 18:33:40 - INFO - Updating file: results/results_lucas_sa-east-1_200.csv
2025-06-24 18:33:40 - INFO - Updating file: results/results_lucas_sa-east-1_200.csv
2025-06-24 18:33:40 - INFO - c5.24xlarge - 1.879900 - sa-east-1a
2025-06-24 18:33:40 - INFO - Updating file: results/results_lucas_sa-east-1_200.csv
2025-06-24 18:33:40 - INFO - Updating file: results/results_lucas_sa-east-1_200.csv
2025-06-24 18:33:40 - INFO - c5.24xlarge - 1.879900 - sa-east-1a
2025-06-24 18:33:40 - INFO - Updating file: results/results_lucas_sa-east-1_200.csv
2025-06-24 18:33:40 - INFO - Updating file: results/results_lucas_sa-east-1_200.csv
2025-06-24 18:33:40 - INFO - Updating file: results/results_lucas_sa-east-1_200.csv
2025-06-24 18:33:40 - INFO - Updating file: results/results_lucas_sa-east-1_200.csv
2025-06-24 18:33:40 - INFO - m6a.24xlarge - 1.382500 - sa-east-1b
2025-06-24 18:33:40 - INFO - Updating file: results/results_lucas_sa-east-1_200.csv
2025-06-24 18:33:40 - INFO - Updating file: results/results_lucas_sa-east-1_200.csv
2025-06-24 18:33:40 - INFO - Updating file: results/results_lucas_sa-east-1_200.csv
2025-06-24 18:33:40 - INFO - Updating file: results/results_lucas_sa-east-1_200.csv
2025-06-24 18:33:40 - INFO - Updating file: results/results_lucas_sa-east-1_200.csv
2025-06-24 18:33:40 - INFO - Updating file: results/results_lucas_sa-east-1_200.csv
2025-06-24 18:33:40 - INFO - Updating file: results/results_lucas_sa-east-1_200.csv
2025-06-24 18:33:40 - INFO - Updating file: results/results_lucas_sa-east-1_200.csv
2025-06-24 18:33:40 - INFO - Updating file: results/results_lucas_sa-east-1_200.csv
2025-06-24 18:33:40 - INFO - Updating file: results/results_lucas_sa-east-1_200.csv
2025-06-24 18:33:40 - INFO - c5.24xlarge - 1.879900 - sa-east-1a
2025-06-24 18:33:40 - INFO - Updating file: results/results_lucas_sa-east-1_200.csv
2025-06-24 18:33:40 - INFO - Updating file: results/results_lucas_sa-east-1_200.csv
2025-06-24 18:33:40 - INFO - Updating file: results/results_lucas_sa-east-1_200.csv
2025-06-24 18:33:40 - INFO - Updating file: results/results_lucas_sa-east-1_200.csv
2025-06-24 18:33:40 - INFO - Updating file: results/results_lucas_sa-east-1_200.csv
2025-06-24 18:33:40 - INFO - Updating file: results/results_lucas_sa-east-1_200.csv
2025-06-24 18:33:40 - INFO - Updating file: results/results_lucas_sa-east-1_200.csv
2025-06-24 18:33:40 - INFO - Updating file: results/results_lucas_sa-east-1_200.csv
2025-06-24 18:33:40 - INFO - Updating file: results/results_lucas_sa-east-1_200.csv
2025-06-24 18:33:40 - INFO - Updating file: results/results_lucas_sa-east-1_200.csv
2025-06-24 18:33:40 - INFO - Updating file: results/results_lucas_sa-east-1_200.csv
2025-06-24 18:33:40 - INFO - Updating file: results/results_lucas_sa-east-1_200.csv
2025-06-24 18:33:40 - INFO - Updating file: results/results_lucas_sa-east-1_200.csv
2025-06-24 18:33:40 - INFO - Updating file: results/results_lucas_sa-east-1_200.csv
2025-06-24 18:33:40 - INFO - Updating file: results/results_lucas_sa-east-1_200.csv
2025-06-24 18:33:40 - INFO - Updating file: results/results_lucas_sa-east-1_200.csv
2025-06-24 18:33:40 - INFO - Updating file: results/results_lucas_sa-east-1_200.csv
2025-06-24 18:33:40 - INFO - Updating file: results/results_lucas_sa-east-1_200.csv
2025-06-24 18:33:40 - INFO - Updating file: results/results_lucas_sa-east-1_200.csv
2025-06-24 18:33:40 - INFO - Updating file: results/results_lucas_sa-east-1_200.csv
2025-06-24 18:33:40 - INFO - Updating file: results/results_lucas_sa-east-1_200.csv
2025-06-24 18:33:40 - INFO - Updating file: results/results_lucas_sa-east-1_200.csv
2025-06-24 18:33:40 - INFO - Updating file: results/results_lucas_sa-east-1_200.csv
2025-06-24 18:33:40 - INFO - Updating file: results/results_lucas_sa-east-1_200.csv
2025-06-24 18:33:40 - INFO - Updating file: results/results_lucas_sa-east-1_200.csv
2025-06-24 18:33:40 - INFO - Updating file: results/results_lucas_sa-east-1_200.csv
2025-06-24 18:33:40 - INFO - Updating file: results/results_lucas_sa-east-1_200.csv
2025-06-24 18:33:40 - INFO - Updating file: results/results_lucas_sa-east-1_200.csv
2025-06-24 18:33:40 - INFO - Updating file: results/results_lucas_sa-east-1_200.csv
2025-06-24 18:33:40 - INFO - Updating file: results/results_lucas_sa-east-1_200.csv
2025-06-24 18:33:40 - INFO - Updating file: results/results_lucas_sa-east-1_200.csv
2025-06-24 18:33:40 - INFO - Updating file: results/results_lucas_sa-east-1_200.csv
2025-06-24 18:33:40 - INFO - Updating file: results/results_lucas_sa-east-1_200.csv
2025-06-24 18:33:40 - INFO - Updating file: results/results_lucas_sa-east-1_200.csv
2025-06-24 18:33:40 - INFO - Updating file: results/results_lucas_sa-east-1_200.csv
2025-06-24 18:33:40 - INFO - Updating file: results/results_lucas_sa-east-1_200.csv
2025-06-24 18:33:40 - INFO - Updating file: results/results_lucas_sa-east-1_200.csv
2025-06-24 18:33:40 - INFO - Updating file: results/results_lucas_sa-east-1_200.csv
2025-06-24 18:33:40 - INFO - Updating file: results/results_lucas_sa-east-1_200.csv
2025-06-24 18:33:40 - INFO - Updating file: results/results_lucas_sa-east-1_200.csv
2025-06-24 18:33:40 - INFO - Updating file: results/results_lucas_sa-east-1_200.csv
2025-06-24 18:33:40 - INFO - Updating file: results/results_lucas_sa-east-1_200.csv
2025-06-24 18:33:40 - INFO - Updating file: results/results_lucas_sa-east-1_200.csv
2025-06-24 18:33:40 - INFO - Updating file: results/results_lucas_sa-east-1_200.csv
2025-06-24 18:33:40 - INFO - Updating file: results/results_lucas_sa-east-1_200.csv
2025-06-24 18:33:40 - INFO - Updating file: results/results_lucas_sa-east-1_200.csv
2025-06-24 18:33:40 - INFO - Updating file: results/results_lucas_sa-east-1_200.csv
2025-06-24 18:33:40 - INFO - Updating file: results/results_lucas_sa-east-1_200.csv
2025-06-24 18:33:40 - INFO - Updating file: results/results_lucas_sa-east-1_200.csv
2025-06-24 18:33:40 - INFO - Updating file: results/results_lucas_sa-east-1_200.csv
2025-06-24 18:33:40 - INFO - Updating file: results/results_lucas_sa-east-1_200.csv
2025-06-24 18:33:40 - INFO - Updating file: results/results_lucas_sa-east-1_200.csv
2025-06-24 18:33:40 - INFO - Updating file: results/results_lucas_sa-east-1_200.csv
2025-06-24 18:33:40 - INFO - Updating file: results/results_lucas_sa-east-1_200.csv
2025-06-24 18:33:40 - INFO - Updating file: results/results_lucas_sa-east-1_200.csv
2025-06-24 18:33:40 - INFO - Updating file: results/results_lucas_sa-east-1_200.csv
2025-06-24 18:33:40 - INFO - Updating file: results/results_lucas_sa-east-1_200.csv
2025-06-24 18:33:40 - INFO - Updating file: results/results_lucas_sa-east-1_200.csv
2025-06-24 18:33:40 - INFO - Updating file: results/results_lucas_sa-east-1_200.csv
2025-06-24 18:33:40 - INFO - Updating file: results/results_lucas_sa-east-1_200.csv
2025-06-24 18:33:40 - INFO - Updating file: results/results_lucas_sa-east-1_200.csv
2025-06-24 18:33:40 - INFO - Updating file: results/results_lucas_sa-east-1_200.csv
2025-06-24 18:33:40 - INFO - Updating file: results/results_lucas_sa-east-1_200.csv
2025-06-24 18:33:40 - INFO - Updating file: results/results_lucas_sa-east-1_200.csv
2025-06-24 18:33:40 - INFO - Updating file: results/results_lucas_sa-east-1_200.csv
2025-06-24 18:33:40 - INFO - Updating file: results/results_lucas_sa-east-1_200.csv
2025-06-24 18:33:40 - INFO - Updating file: results/results_lucas_sa-east-1_200.csv
2025-06-24 18:33:40 - INFO - Updating file: results/results_lucas_sa-east-1_200.csv
2025-06-24 18:33:40 - INFO - Updating file: results/results_lucas_sa-east-1_200.csv
2025-06-24 18:33:40 - INFO - Updating file: results/results_lucas_sa-east-1_200.csv
2025-06-24 18:33:40 - INFO - Updating file: results/results_lucas_sa-east-1_200.csv
2025-06-24 18:33:40 - INFO - Updating file: results/results_lucas_sa-east-1_200.csv
2025-06-24 18:33:40 - INFO - Updating file: results/results_lucas_sa-east-1_200.csv
2025-06-24 18:33:40 - INFO - Updating file: results/results_lucas_sa-east-1_200.csv
2025-06-24 18:33:40 - INFO - Updating file: results/results_lucas_sa-east-1_200.csv
2025-06-24 18:33:40 - INFO - Updating file: results/results_lucas_sa-east-1_200.csv
2025-06-24 18:33:40 - INFO - Updating file: results/results_lucas_sa-east-1_200.csv
2025-06-24 18:33:40 - INFO - Updating file: results/results_lucas_sa-east-1_200.csv
2025-06-24 18:33:40 - INFO - Updating file: results/results_lucas_sa-east-1_200.csv
2025-06-24 18:33:40 - INFO - Updating file: results/results_lucas_sa-east-1_200.csv
2025-06-24 18:33:40 - INFO - Updating file: results/results_lucas_sa-east-1_200.csv
2025-06-24 18:33:41 - INFO - Updating file: results/results_lucas_sa-east-1_200.csv
2025-06-24 18:33:41 - INFO - Updating file: results/results_lucas_sa-east-1_200.csv
2025-06-24 18:33:41 - INFO - Updating file: results/results_lucas_sa-east-1_200.csv
2025-06-24 18:33:41 - INFO - Updating file: results/results_lucas_sa-east-1_200.csv
2025-06-24 18:33:41 - INFO - Updating file: results/results_lucas_sa-east-1_200.csv
2025-06-24 18:33:41 - INFO - Updating file: results/results_lucas_sa-east-1_200.csv
2025-06-24 18:33:41 - INFO - Updating file: results/results_lucas_sa-east-1_200.csv
2025-06-24 18:33:41 - INFO - Updating file: results/results_lucas_sa-east-1_200.csv
2025-06-24 18:33:41 - INFO - Updating file: results/results_lucas_sa-east-1_200.csv
2025-06-24 18:33:41 - INFO - Updating file: results/results_lucas_sa-east-1_200.csv
2025-06-24 18:33:41 - INFO - Updating file: results/results_lucas_sa-east-1_200.csv
2025-06-24 18:33:41 - INFO - Updating file: results/results_lucas_sa-east-1_200.csv
2025-06-24 18:33:41 - INFO - Updating file: results/results_lucas_sa-east-1_200.csv
2025-06-24 18:33:41 - INFO - Updating file: results/results_lucas_sa-east-1_200.csv
2025-06-24 18:33:41 - INFO - Updating file: results/results_lucas_sa-east-1_200.csv
2025-06-24 18:33:41 - INFO - Updating file: results/results_lucas_sa-east-1_200.csv
2025-06-24 18:33:41 - INFO - Updating file: results/results_lucas_sa-east-1_200.csv
2025-06-24 18:33:41 - INFO - Updating file: results/results_lucas_sa-east-1_200.csv
2025-06-24 18:33:41 - INFO - Updating file: results/results_lucas_sa-east-1_200.csv
2025-06-24 18:33:41 - INFO - Updating file: results/results_lucas_sa-east-1_200.csv
2025-06-24 18:33:41 - INFO - Updating file: results/results_lucas_sa-east-1_200.csv
2025-06-24 18:33:41 - INFO - Updating file: results/results_lucas_sa-east-1_200.csv
2025-06-24 18:33:41 - INFO - Updating file: results/results_lucas_sa-east-1_200.csv
2025-06-24 18:33:41 - INFO - Updating file: results/results_lucas_sa-east-1_200.csv
2025-06-24 18:33:41 - INFO - Updating file: results/results_lucas_sa-east-1_200.csv
2025-06-24 18:33:41 - INFO - Updating file: results/results_lucas_sa-east-1_200.csv
2025-06-24 18:33:41 - INFO - Updating file: results/results_lucas_sa-east-1_200.csv
2025-06-24 18:33:41 - INFO - Updating file: results/results_lucas_sa-east-1_200.csv
2025-06-24 18:33:41 - INFO - Updating file: results/results_lucas_sa-east-1_200.csv
2025-06-24 18:33:41 - INFO - Updating file: results/results_lucas_sa-east-1_200.csv
2025-06-24 18:33:41 - INFO - Updating file: results/results_lucas_sa-east-1_200.csv
2025-06-24 18:33:41 - INFO - Updating file: results/results_lucas_sa-east-1_200.csv
2025-06-24 18:33:41 - INFO - Updating file: results/results_lucas_sa-east-1_200.csv
2025-06-24 18:33:41 - INFO - Updating file: results/results_lucas_sa-east-1_200.csv
2025-06-24 18:33:41 - INFO - Updating file: results/results_lucas_sa-east-1_200.csv
2025-06-24 18:33:41 - INFO - Updating file: results/results_lucas_sa-east-1_200.csv
2025-06-24 18:33:41 - INFO - Updating file: results/results_lucas_sa-east-1_200.csv
2025-06-24 18:33:41 - INFO - Updating file: results/results_lucas_sa-east-1_200.csv
2025-06-24 18:33:41 - INFO - Updating file: results/results_lucas_sa-east-1_200.csv
2025-06-24 18:33:41 - INFO - Updating file: results/results_lucas_sa-east-1_200.csv
2025-06-24 18:33:41 - INFO - Updating file: results/results_lucas_sa-east-1_200.csv
2025-06-24 18:33:41 - INFO - Updating file: results/results_lucas_sa-east-1_200.csv
2025-06-24 18:33:41 - INFO - Updating file: results/results_lucas_sa-east-1_200.csv
2025-06-24 18:33:41 - INFO - Updating file: results/results_lucas_sa-east-1_200.csv
2025-06-24 18:33:41 - INFO - Updating file: results/results_lucas_sa-east-1_200.csv
2025-06-24 18:33:41 - INFO - Updating file: results/results_lucas_sa-east-1_200.csv
2025-06-24 18:33:41 - INFO - Updating file: results/results_lucas_sa-east-1_200.csv
2025-06-24 18:33:41 - INFO - Updating file: results/results_lucas_sa-east-1_200.csv
2025-06-24 18:33:41 - INFO - Updating file: results/results_lucas_sa-east-1_200.csv
2025-06-24 18:33:41 - INFO - Updating file: results/results_lucas_sa-east-1_200.csv
2025-06-24 18:33:41 - INFO - Updating file: results/results_lucas_sa-east-1_200.csv
2025-06-24 18:33:41 - INFO - Updating file: results/results_lucas_sa-east-1_200.csv
2025-06-24 18:33:41 - INFO - Updating file: results/results_lucas_sa-east-1_200.csv
2025-06-24 18:33:41 - INFO - Updating file: results/results_lucas_sa-east-1_200.csv
2025-06-24 18:33:41 - INFO - Updating file: results/results_lucas_sa-east-1_200.csv
2025-06-24 18:33:41 - INFO - Updating file: results/results_lucas_sa-east-1_200.csv
2025-06-24 18:33:41 - INFO - Updating file: results/results_lucas_sa-east-1_200.csv
2025-06-24 18:33:41 - INFO - Updating file: results/results_lucas_sa-east-1_200.csv
2025-06-24 18:33:41 - INFO - Updating file: results/results_lucas_sa-east-1_200.csv
2025-06-24 18:33:41 - INFO - Updating file: results/results_lucas_sa-east-1_200.csv
2025-06-24 18:33:41 - INFO - Updating file: results/results_lucas_sa-east-1_200.csv
2025-06-24 18:33:41 - INFO - Updating file: results/results_lucas_sa-east-1_200.csv
2025-06-24 18:33:41 - INFO - Updating file: results/results_lucas_sa-east-1_200.csv
2025-06-24 18:33:41 - INFO - Updating file: results/results_lucas_sa-east-1_200.csv
2025-06-24 18:33:41 - INFO - Updating file: results/results_lucas_sa-east-1_200.csv
2025-06-24 18:33:51 - INFO - All instances have been terminated.
2025-06-24 18:58:11 - INFO - Start execution in sa-east-1 Nodes=400 Benchmark=bt.A.x Allocation Strategy=lowest-price
2025-06-24 18:58:12 - INFO - Found credentials in shared credentials file: ~/.aws/credentials
2025-06-24 18:58:53 - INFO - Tempo que levou para receber response AWS: 40.844823 segundos
2025-06-24 18:58:53 - INFO - Found credentials in shared credentials file: ~/.aws/credentials
2025-06-24 18:58:53 - INFO - m6a.24xlarge - 1.382500 - sa-east-1b
2025-06-24 18:58:53 - INFO - Updating file: results/results_lucas_sa-east-1_400.csv
2025-06-24 18:58:53 - INFO - Found credentials in shared credentials file: ~/.aws/credentials
2025-06-24 18:58:54 - INFO - m5a.24xlarge - 1.618600 - sa-east-1a
2025-06-24 18:58:54 - INFO - Updating file: results/results_lucas_sa-east-1_400.csv
2025-06-24 18:58:54 - INFO - Found credentials in shared credentials file: ~/.aws/credentials
2025-06-24 18:58:54 - INFO - c5.24xlarge - 1.879900 - sa-east-1a
2025-06-24 18:58:54 - INFO - Updating file: results/results_lucas_sa-east-1_400.csv
2025-06-24 18:58:54 - INFO - Found credentials in shared credentials file: ~/.aws/credentials
2025-06-24 18:58:54 - INFO - m5a.24xlarge - 1.922100 - sa-east-1c
2025-06-24 18:58:54 - INFO - Updating file: results/results_lucas_sa-east-1_400.csv
2025-06-24 18:58:55 - INFO - Found credentials in shared credentials file: ~/.aws/credentials
2025-06-24 18:58:55 - INFO - r5ad.24xlarge - 1.940600 - sa-east-1c
2025-06-24 18:58:55 - INFO - Updating file: results/results_lucas_sa-east-1_400.csv
2025-06-24 18:58:55 - INFO - Found credentials in shared credentials file: ~/.aws/credentials
2025-06-24 18:58:55 - INFO - m6a.24xlarge - 2.043600 - sa-east-1c
2025-06-24 18:58:55 - INFO - Updating file: results/results_lucas_sa-east-1_400.csv
2025-06-24 18:58:55 - INFO - Found credentials in shared credentials file: ~/.aws/credentials
2025-06-24 18:58:56 - INFO - c6a.24xlarge - 2.117900 - sa-east-1b
2025-06-24 18:58:56 - INFO - Updating file: results/results_lucas_sa-east-1_400.csv
2025-06-24 18:58:56 - INFO - Found credentials in shared credentials file: ~/.aws/credentials
2025-06-24 18:58:56 - INFO - c5.24xlarge - 2.126200 - sa-east-1b
2025-06-24 18:58:56 - INFO - Updating file: results/results_lucas_sa-east-1_400.csv
2025-06-24 18:58:56 - INFO - Found credentials in shared credentials file: ~/.aws/credentials
2025-06-24 18:58:57 - INFO - r5a.24xlarge - 2.228600 - sa-east-1c
2025-06-24 18:58:57 - INFO - Updating file: results/results_lucas_sa-east-1_400.csv
2025-06-24 18:58:57 - INFO - Found credentials in shared credentials file: ~/.aws/credentials
2025-06-24 18:58:57 - INFO - m5ad.24xlarge - 2.349500 - sa-east-1c
2025-06-24 18:58:57 - INFO - Updating file: results/results_lucas_sa-east-1_400.csv
2025-06-24 18:58:57 - INFO - Found credentials in shared credentials file: ~/.aws/credentials
2025-06-24 18:58:57 - INFO - m5.24xlarge - 2.373800 - sa-east-1c
2025-06-24 18:58:57 - INFO - Updating file: results/results_lucas_sa-east-1_400.csv
2025-06-24 18:58:57 - INFO - Found credentials in shared credentials file: ~/.aws/credentials
2025-06-24 18:58:58 - INFO - c5.24xlarge - 2.521400 - sa-east-1c
2025-06-24 18:58:58 - INFO - Updating file: results/results_lucas_sa-east-1_400.csv
2025-06-24 18:58:58 - INFO - Found credentials in shared credentials file: ~/.aws/credentials
2025-06-24 18:58:58 - INFO - r5n.24xlarge - 2.798500 - sa-east-1b
2025-06-24 18:58:58 - INFO - Updating file: results/results_lucas_sa-east-1_400.csv
2025-06-24 18:58:58 - INFO - Found credentials in shared credentials file: ~/.aws/credentials
2025-06-24 18:58:59 - INFO - c6i.32xlarge - 2.877500 - sa-east-1c
2025-06-24 18:58:59 - INFO - Updating file: results/results_lucas_sa-east-1_400.csv
2025-06-24 18:58:59 - INFO - Fleet created with instances: ['i-01b3fc2f7308aaa5a', 'i-0082b28c3024e455b', 'i-0b20c2af4cc061d75', 'i-00920f33dd73b3856', 'i-0627ab04e95a5b838', 'i-06dcc3d016eccc848', 'i-0137d5c192f691d41', 'i-0593a03171258e24b', 'i-062bf22228b316d45', 'i-0b9077c1269418844', 'i-0a4fe5bacbb190b96', 'i-002bd719d63f3fc01', 'i-021e38ac974b6726f', 'i-0e3782f191be67c62', 'i-040dcc7639033a31a', 'i-05bacfcb4c9c21aff', 'i-06a89ab9b548c1d78', 'i-0e5d3e27d6442f427', 'i-03b149ed4701e623a', 'i-074c078f226c5d3ae', 'i-04d8df5de42b493bc', 'i-00e0acf7653c63c2a', 'i-0630a74883bc07b74', 'i-06d053460df8701a6', 'i-038fc9b76a9aa10df', 'i-01b904f1e7ab60cdb', 'i-0c3b5f7c3d4e16001', 'i-089a6d200f0d8b69b', 'i-02b55a215079d2383', 'i-09d207c23b6a5cfbc', 'i-082d40bcd34c32246', 'i-086b06ef165ec531f', 'i-0b07aab1a8fb0a78c', 'i-0a54461d61648d91a', 'i-0474dd03bf2634177', 'i-08be6c54d11e68dd5', 'i-0d8b5f7cf4ad107ad', 'i-050b6cf2bbfa17f7c', 'i-047a82eb75d36e5c5', 'i-05fa2c3c2ed3cf5c7', 'i-00d3b456222e75647', 'i-029695b4b9d3342e7', 'i-0616a2ab64248c695', 'i-073e9ec7952c17d05', 'i-0e32ea6a883136cf7', 'i-0adbfd6ef91760b39', 'i-08c84be4ba02a1aad', 'i-066f826abcc49af43', 'i-093f004ffc54fe4c4', 'i-0d7b28e08de16817e', 'i-0089f8965d65c271f', 'i-0098e2b08c7b43964', 'i-0ff3a410c1be24229', 'i-07641de14c951e62b', 'i-0136315b8c31df3d8', 'i-053f4d298d7b5399f', 'i-0a4d6fc96669eedf5', 'i-04f194ee54f5b92ae', 'i-0a06571eff4e5b0c1', 'i-04c5495849daed59a', 'i-06b613220ad5e7fb8', 'i-03927833d32467bd4', 'i-075625eff8bc082d4', 'i-0dd60026de44503dc', 'i-0aa0938e3b3da85d2', 'i-0f652343b86e3a95f', 'i-03e623a76b9ea4598', 'i-08b26a2e2b1a12842', 'i-05251852aa79f49f3', 'i-07d39989f6423e224', 'i-0f4aad99c4fedd435', 'i-0af34e6088fcf04e3', 'i-0ac1897e66688217b', 'i-0a28ff7e541b5a9fb', 'i-03540185c9e5e07f2', 'i-03c41450cef13e8b6', 'i-0d80b5acf5af2926e', 'i-06bb7762485f49beb', 'i-0f9c82faf0ec97fbf', 'i-08f80259e0bec5377', 'i-041a368b3fda52a5f', 'i-010d460780157c054', 'i-0fe8abaa3c8d73f0f', 'i-0007b6c53099a2bd7', 'i-08b5d584e8b585ae0', 'i-07da4c36c3bbbee9b', 'i-0ca5b729412b79476', 'i-0447ec90282051906', 'i-098111826118d74d5', 'i-039a4a8d1f009510c', 'i-08bf8ef8305e96243', 'i-0e0dcf30f353fb6a2', 'i-00ef74abfedfe8f92', 'i-0137e69c8786bcec3', 'i-049ed035aef4dc2c5', 'i-0b7d31fb9bf508666', 'i-017d54fc77608b46b', 'i-095246a0722ca3e1c', 'i-084450d4a3f9b74d4', 'i-0eb201a0485e8374c', 'i-097e0dd944345e74e', 'i-07b1baeafd4cd84dd', 'i-02655ab7f62572df9', 'i-0bdfabcde94309d6f', 'i-0a1ddaf266034db53', 'i-047bbf6f579f8bbff', 'i-0e854f82b5a673a1f', 'i-0d1eae7fdfa0e224d', 'i-06a3e3b206f7bd724', 'i-021b5f0e492b806f3', 'i-0be557479cd7658a8', 'i-001e6a84baeee4a29', 'i-01e2488c53531c994', 'i-0ee87f413c67f8853', 'i-0c17288fa4b689ebf', 'i-05e880b2eefcb4c4d', 'i-0fa999823f9bfe09d', 'i-06c48a17aa2c33cb5', 'i-05020355736c0ba03', 'i-009f3b07f99885756', 'i-023ff1bf47ef956da', 'i-022e8912392cc619d', 'i-0d97ec334f6e71735', 'i-09bd21df8c109b90d', 'i-03ab1bd09eb334490', 'i-0fdec17261dd6198e', 'i-07f511dd996058c82', 'i-0d448c0b1cab62180', 'i-02e870e1cb1f98799', 'i-081556b4194fcb029', 'i-07144e786f83592ad', 'i-00e5b02b2e58a517d', 'i-0f974bdf0e78f6ec5', 'i-02d006a49cd5e7663', 'i-01e82a4a94469f836', 'i-07b10823cb0a59295', 'i-0607f4094b2f63ed5', 'i-0f2a8a9ee8c6779a7', 'i-0ef4fb308ab98e8b2', 'i-0ca5c367cf6c8972b', 'i-095ccb7cab2138074', 'i-0a7800365e82cf93a', 'i-092f66433659b1dab', 'i-0d87695747d8953b9', 'i-0f122c5033485d4dc', 'i-051292bd1ddaccf7a', 'i-05accc30c445508f7', 'i-0550391793b93e2c0', 'i-01b06d1b3a7bbff43', 'i-0e8cd7f85e72671c6', 'i-024fc46dc48b099c0', 'i-003103307c90a999c', 'i-0688df8199e55c515', 'i-0a462303d90245c2a', 'i-09421581e33fe57e6', 'i-047fa82e7025da4a5', 'i-02e60a42963bc3dbf', 'i-0d10324484fb5e1d8', 'i-024f24efc3b4ba404', 'i-0cf1b71aaf1ec7822', 'i-099e5c20c9cd271fb', 'i-069a2d777922eef61', 'i-0cab9e81ce392a0cd', 'i-02772869b97199ea8', 'i-0777b8e6c5037847d', 'i-0b336e2cfad32489d', 'i-0305b4f5bba189cea', 'i-033ed4a8f490adfdc', 'i-0640929e68046258f', 'i-02843aeab1ccda743', 'i-03344891879d55e88', 'i-0e3f05aeaf118ed04', 'i-04da8aaba654b67b0', 'i-09eeb27c204a7d83c', 'i-0d83363dedeb63e39', 'i-047d092830039837c', 'i-0b4806e27e5c2e6ee', 'i-0bdfe61d99d83ba75', 'i-03ae58f3281a5b643', 'i-03746df5e6e338971', 'i-031276caa601367a0', 'i-059e0f3b260e8a67a', 'i-0b7afaa17a319fba7', 'i-07edc64e458fdf7ad', 'i-01e489f4aa8eb7585', 'i-096857e9e2db622c1', 'i-0357aac4a83389c8d', 'i-0571da1899afbd378', 'i-09a18cbca58cbeb9f', 'i-032ced12e947ab52d', 'i-026297332a162dcf6', 'i-0864dc09d29632a7f', 'i-0f8ec220b9eca743b', 'i-0462fa60a0ddb02a1', 'i-089290467095bff5e', 'i-0bac6b7ad1b2cab1d', 'i-0f6904aaae9891804', 'i-010374d06fbba74de', 'i-09593ceaa33c7e8fc', 'i-05798bf827aeb074b', 'i-0bf23111ffd90bc67', 'i-086e83c6a3f681f10', 'i-095a04e7b562f9823', 'i-088d70554da8f030e', 'i-0bf7f81237165c34a', 'i-0c3b9734d059a7c12', 'i-0bf9bd8c6bcc23307', 'i-0e47281d18b41495e', 'i-0670391bd50b3d19c', 'i-0c20d47c2a150f090', 'i-04c65716011ed90b8', 'i-028f517eeaa3d2d7a', 'i-072bccdc8a2664874', 'i-01ef4ba9f1f3580ae', 'i-0c46ebb636c12f7bf', 'i-0908026ea88e3a588', 'i-03d24fe800901c4fb', 'i-022a60c253e20bc55', 'i-03113fb78a1d2a1c8', 'i-0fb7bd985b8048e96', 'i-0ab692ffa41349b7a', 'i-07df91fd6999356a1', 'i-03dbaa346ebf6cd26', 'i-03ecd1612e29a666b', 'i-08af3aecbae3c75db', 'i-0f5f0da137a349235', 'i-00e3e4767669d1e96', 'i-0c7c923dd2b8cc4ab', 'i-095d8f9bd0c38540f', 'i-00799f52a9408ebb5', 'i-0bdbc0faac211d8e7', 'i-0b6bcfdfee405fa7b', 'i-0d5ab047ada0d2c4e', 'i-03414d24ccbd6aa5e', 'i-0a2363cb41655af43', 'i-02555c8cc47c93795', 'i-0f7a5a00eaf2459d9', 'i-007ea066a7fe1e077']
2025-06-24 18:59:48 - INFO - Tempo que levou para as máquinas estarem running: 48.45069 segundos
2025-06-24 18:59:48 - INFO - Tempo que levou para criar o Fleet com 238 instâncias: 96.561991 segundos
2025-06-24 18:59:48 - INFO - 238 instâncias no total. Iniciando benchmark em paralelo...
2025-06-24 18:59:48 - INFO - Found credentials in shared credentials file: ~/.aws/credentials
2025-06-24 18:59:48 - INFO - Found credentials in shared credentials file: ~/.aws/credentials
2025-06-24 18:59:48 - INFO - Found credentials in shared credentials file: ~/.aws/credentials
2025-06-24 18:59:48 - INFO - Found credentials in shared credentials file: ~/.aws/credentials
2025-06-24 18:59:48 - INFO - Found credentials in shared credentials file: ~/.aws/credentials
2025-06-24 18:59:48 - INFO - Found credentials in shared credentials file: ~/.aws/credentials
2025-06-24 18:59:48 - INFO - Found credentials in shared credentials file: ~/.aws/credentials
2025-06-24 18:59:48 - INFO - Found credentials in shared credentials file: ~/.aws/credentials
2025-06-24 18:59:48 - INFO - Found credentials in shared credentials file: ~/.aws/credentials
2025-06-24 18:59:48 - INFO - Found credentials in shared credentials file: ~/.aws/credentials
2025-06-24 18:59:48 - INFO - Found credentials in shared credentials file: ~/.aws/credentials
2025-06-24 18:59:48 - INFO - Found credentials in shared credentials file: ~/.aws/credentials
2025-06-24 18:59:49 - INFO - Found credentials in shared credentials file: ~/.aws/credentials
2025-06-24 18:59:49 - INFO - Found credentials in shared credentials file: ~/.aws/credentials
2025-06-24 18:59:49 - INFO - Found credentials in shared credentials file: ~/.aws/credentials
2025-06-24 18:59:49 - INFO - Found credentials in shared credentials file: ~/.aws/credentials
2025-06-24 18:59:49 - INFO - Found credentials in shared credentials file: ~/.aws/credentials
2025-06-24 18:59:49 - INFO - Found credentials in shared credentials file: ~/.aws/credentials
2025-06-24 18:59:49 - INFO - Found credentials in shared credentials file: ~/.aws/credentials
2025-06-24 18:59:49 - INFO - Found credentials in shared credentials file: ~/.aws/credentials
2025-06-24 18:59:49 - INFO - Found credentials in shared credentials file: ~/.aws/credentials
2025-06-24 18:59:49 - INFO - Found credentials in shared credentials file: ~/.aws/credentials
2025-06-24 18:59:49 - INFO - Found credentials in shared credentials file: ~/.aws/credentials
2025-06-24 18:59:49 - INFO - Found credentials in shared credentials file: ~/.aws/credentials
2025-06-24 18:59:49 - INFO - Found credentials in shared credentials file: ~/.aws/credentials
2025-06-24 18:59:50 - INFO - Found credentials in shared credentials file: ~/.aws/credentials
2025-06-24 18:59:50 - INFO - Found credentials in shared credentials file: ~/.aws/credentials
2025-06-24 18:59:50 - INFO - Found credentials in shared credentials file: ~/.aws/credentials
2025-06-24 18:59:50 - INFO - Found credentials in shared credentials file: ~/.aws/credentials
2025-06-24 18:59:50 - INFO - Found credentials in shared credentials file: ~/.aws/credentials
2025-06-24 18:59:50 - INFO - Found credentials in shared credentials file: ~/.aws/credentials
2025-06-24 18:59:50 - INFO - Found credentials in shared credentials file: ~/.aws/credentials
2025-06-24 18:59:50 - INFO - Found credentials in shared credentials file: ~/.aws/credentials
2025-06-24 18:59:50 - INFO - Found credentials in shared credentials file: ~/.aws/credentials
2025-06-24 18:59:51 - INFO - Found credentials in shared credentials file: ~/.aws/credentials
2025-06-24 18:59:51 - INFO - Found credentials in shared credentials file: ~/.aws/credentials
2025-06-24 18:59:51 - INFO - Found credentials in shared credentials file: ~/.aws/credentials
2025-06-24 18:59:51 - INFO - Found credentials in shared credentials file: ~/.aws/credentials
2025-06-24 18:59:51 - INFO - Found credentials in shared credentials file: ~/.aws/credentials
2025-06-24 18:59:51 - INFO - Found credentials in shared credentials file: ~/.aws/credentials
2025-06-24 18:59:51 - INFO - Found credentials in shared credentials file: ~/.aws/credentials
2025-06-24 18:59:51 - INFO - Found credentials in shared credentials file: ~/.aws/credentials
2025-06-24 18:59:51 - INFO - Found credentials in shared credentials file: ~/.aws/credentials
2025-06-24 18:59:51 - INFO - Found credentials in shared credentials file: ~/.aws/credentials
2025-06-24 18:59:51 - INFO - Found credentials in shared credentials file: ~/.aws/credentials
2025-06-24 18:59:52 - INFO - Found credentials in shared credentials file: ~/.aws/credentials
2025-06-24 18:59:52 - INFO - Found credentials in shared credentials file: ~/.aws/credentials
2025-06-24 18:59:52 - INFO - Found credentials in shared credentials file: ~/.aws/credentials
2025-06-24 18:59:52 - INFO - Found credentials in shared credentials file: ~/.aws/credentials
2025-06-24 18:59:52 - INFO - Found credentials in shared credentials file: ~/.aws/credentials
2025-06-24 18:59:52 - INFO - Found credentials in shared credentials file: ~/.aws/credentials
2025-06-24 18:59:52 - INFO - Found credentials in shared credentials file: ~/.aws/credentials
2025-06-24 18:59:52 - INFO - Found credentials in shared credentials file: ~/.aws/credentials
2025-06-24 18:59:52 - INFO - Found credentials in shared credentials file: ~/.aws/credentials
2025-06-24 18:59:52 - INFO - Found credentials in shared credentials file: ~/.aws/credentials
2025-06-24 18:59:52 - INFO - Found credentials in shared credentials file: ~/.aws/credentials
2025-06-24 18:59:52 - INFO - Found credentials in shared credentials file: ~/.aws/credentials
2025-06-24 18:59:53 - INFO - Found credentials in shared credentials file: ~/.aws/credentials
2025-06-24 18:59:53 - INFO - Found credentials in shared credentials file: ~/.aws/credentials
2025-06-24 18:59:53 - INFO - Found credentials in shared credentials file: ~/.aws/credentials
2025-06-24 18:59:53 - INFO - Found credentials in shared credentials file: ~/.aws/credentials
2025-06-24 18:59:53 - INFO - Found credentials in shared credentials file: ~/.aws/credentials
2025-06-24 18:59:53 - INFO - Found credentials in shared credentials file: ~/.aws/credentials
2025-06-24 18:59:53 - INFO - Found credentials in shared credentials file: ~/.aws/credentials
2025-06-24 18:59:53 - INFO - Found credentials in shared credentials file: ~/.aws/credentials
2025-06-24 18:59:53 - INFO - Found credentials in shared credentials file: ~/.aws/credentials
2025-06-24 18:59:53 - INFO - Found credentials in shared credentials file: ~/.aws/credentials
2025-06-24 18:59:53 - INFO - Found credentials in shared credentials file: ~/.aws/credentials
2025-06-24 18:59:53 - INFO - Found credentials in shared credentials file: ~/.aws/credentials
2025-06-24 18:59:53 - INFO - Found credentials in shared credentials file: ~/.aws/credentials
2025-06-24 18:59:53 - INFO - Found credentials in shared credentials file: ~/.aws/credentials
2025-06-24 18:59:54 - INFO - Found credentials in shared credentials file: ~/.aws/credentials
2025-06-24 18:59:54 - INFO - Found credentials in shared credentials file: ~/.aws/credentials
2025-06-24 18:59:54 - INFO - Found credentials in shared credentials file: ~/.aws/credentials
2025-06-24 18:59:54 - INFO - Found credentials in shared credentials file: ~/.aws/credentials
2025-06-24 18:59:54 - INFO - Found credentials in shared credentials file: ~/.aws/credentials
2025-06-24 18:59:54 - INFO - Found credentials in shared credentials file: ~/.aws/credentials
2025-06-24 18:59:54 - INFO - Found credentials in shared credentials file: ~/.aws/credentials
2025-06-24 18:59:54 - INFO - Found credentials in shared credentials file: ~/.aws/credentials
2025-06-24 18:59:54 - INFO - Found credentials in shared credentials file: ~/.aws/credentials
2025-06-24 18:59:54 - INFO - Found credentials in shared credentials file: ~/.aws/credentials
2025-06-24 18:59:54 - INFO - Found credentials in shared credentials file: ~/.aws/credentials
2025-06-24 18:59:54 - INFO - Found credentials in shared credentials file: ~/.aws/credentials
2025-06-24 18:59:54 - INFO - Found credentials in shared credentials file: ~/.aws/credentials
2025-06-24 18:59:54 - INFO - Found credentials in shared credentials file: ~/.aws/credentials
2025-06-24 18:59:54 - INFO - Found credentials in shared credentials file: ~/.aws/credentials
2025-06-24 18:59:55 - INFO - Found credentials in shared credentials file: ~/.aws/credentials
2025-06-24 18:59:55 - INFO - Found credentials in shared credentials file: ~/.aws/credentials
2025-06-24 18:59:55 - INFO - Found credentials in shared credentials file: ~/.aws/credentials
2025-06-24 18:59:55 - INFO - Found credentials in shared credentials file: ~/.aws/credentials
2025-06-24 18:59:55 - INFO - Found credentials in shared credentials file: ~/.aws/credentials
2025-06-24 18:59:55 - INFO - Found credentials in shared credentials file: ~/.aws/credentials
2025-06-24 18:59:56 - INFO - Found credentials in shared credentials file: ~/.aws/credentials
2025-06-24 18:59:56 - INFO - Found credentials in shared credentials file: ~/.aws/credentials
2025-06-24 18:59:56 - INFO - Found credentials in shared credentials file: ~/.aws/credentials
2025-06-24 18:59:56 - INFO - Found credentials in shared credentials file: ~/.aws/credentials
2025-06-24 18:59:56 - INFO - Found credentials in shared credentials file: ~/.aws/credentials
2025-06-24 18:59:56 - INFO - Found credentials in shared credentials file: ~/.aws/credentials
2025-06-24 18:59:56 - INFO - Found credentials in shared credentials file: ~/.aws/credentials
2025-06-24 18:59:56 - INFO - Found credentials in shared credentials file: ~/.aws/credentials
2025-06-24 18:59:56 - INFO - Found credentials in shared credentials file: ~/.aws/credentials
2025-06-24 18:59:56 - INFO - Found credentials in shared credentials file: ~/.aws/credentials
2025-06-24 18:59:56 - INFO - Found credentials in shared credentials file: ~/.aws/credentials
2025-06-24 18:59:56 - INFO - Found credentials in shared credentials file: ~/.aws/credentials
2025-06-24 18:59:56 - INFO - Found credentials in shared credentials file: ~/.aws/credentials
2025-06-24 18:59:56 - INFO - Found credentials in shared credentials file: ~/.aws/credentials
2025-06-24 18:59:56 - INFO - Found credentials in shared credentials file: ~/.aws/credentials
2025-06-24 18:59:56 - INFO - Found credentials in shared credentials file: ~/.aws/credentials
2025-06-24 18:59:56 - INFO - Found credentials in shared credentials file: ~/.aws/credentials
2025-06-24 18:59:56 - INFO - Found credentials in shared credentials file: ~/.aws/credentials
2025-06-24 18:59:56 - INFO - Found credentials in shared credentials file: ~/.aws/credentials
2025-06-24 18:59:57 - INFO - Found credentials in shared credentials file: ~/.aws/credentials
2025-06-24 18:59:57 - INFO - Found credentials in shared credentials file: ~/.aws/credentials
2025-06-24 18:59:58 - INFO - Found credentials in shared credentials file: ~/.aws/credentials
2025-06-24 18:59:58 - INFO - Found credentials in shared credentials file: ~/.aws/credentials
2025-06-24 18:59:58 - INFO - Found credentials in shared credentials file: ~/.aws/credentials
2025-06-24 18:59:58 - INFO - Found credentials in shared credentials file: ~/.aws/credentials
2025-06-24 18:59:58 - INFO - Found credentials in shared credentials file: ~/.aws/credentials
2025-06-24 18:59:58 - INFO - Found credentials in shared credentials file: ~/.aws/credentials
2025-06-24 18:59:58 - INFO - Found credentials in shared credentials file: ~/.aws/credentials
2025-06-24 18:59:58 - INFO - Found credentials in shared credentials file: ~/.aws/credentials
2025-06-24 18:59:58 - INFO - Found credentials in shared credentials file: ~/.aws/credentials
2025-06-24 18:59:58 - INFO - Found credentials in shared credentials file: ~/.aws/credentials
2025-06-24 18:59:58 - INFO - Found credentials in shared credentials file: ~/.aws/credentials
2025-06-24 18:59:58 - INFO - Found credentials in shared credentials file: ~/.aws/credentials
2025-06-24 18:59:58 - INFO - Found credentials in shared credentials file: ~/.aws/credentials
2025-06-24 18:59:58 - INFO - Found credentials in shared credentials file: ~/.aws/credentials
2025-06-24 18:59:58 - INFO - Found credentials in shared credentials file: ~/.aws/credentials
2025-06-24 18:59:58 - INFO - Found credentials in shared credentials file: ~/.aws/credentials
2025-06-24 18:59:58 - INFO - Found credentials in shared credentials file: ~/.aws/credentials
2025-06-24 18:59:58 - INFO - Found credentials in shared credentials file: ~/.aws/credentials
2025-06-24 18:59:58 - INFO - Found credentials in shared credentials file: ~/.aws/credentials
2025-06-24 18:59:59 - INFO - Found credentials in shared credentials file: ~/.aws/credentials
2025-06-24 18:59:59 - INFO - Found credentials in shared credentials file: ~/.aws/credentials
2025-06-24 19:00:00 - INFO - Found credentials in shared credentials file: ~/.aws/credentials
2025-06-24 19:00:00 - INFO - Found credentials in shared credentials file: ~/.aws/credentials
2025-06-24 19:00:00 - INFO - Found credentials in shared credentials file: ~/.aws/credentials
2025-06-24 19:00:00 - INFO - Found credentials in shared credentials file: ~/.aws/credentials
2025-06-24 19:00:00 - INFO - Found credentials in shared credentials file: ~/.aws/credentials
2025-06-24 19:00:00 - INFO - Found credentials in shared credentials file: ~/.aws/credentials
2025-06-24 19:00:00 - INFO - Found credentials in shared credentials file: ~/.aws/credentials
2025-06-24 19:00:00 - INFO - Found credentials in shared credentials file: ~/.aws/credentials
2025-06-24 19:00:00 - INFO - Found credentials in shared credentials file: ~/.aws/credentials
2025-06-24 19:00:00 - INFO - Found credentials in shared credentials file: ~/.aws/credentials
2025-06-24 19:00:00 - INFO - Found credentials in shared credentials file: ~/.aws/credentials
2025-06-24 19:00:00 - INFO - Found credentials in shared credentials file: ~/.aws/credentials
2025-06-24 19:00:00 - INFO - Found credentials in shared credentials file: ~/.aws/credentials
2025-06-24 19:00:00 - INFO - Found credentials in shared credentials file: ~/.aws/credentials
2025-06-24 19:00:00 - INFO - Found credentials in shared credentials file: ~/.aws/credentials
2025-06-24 19:00:00 - INFO - Found credentials in shared credentials file: ~/.aws/credentials
2025-06-24 19:00:00 - INFO - Found credentials in shared credentials file: ~/.aws/credentials
2025-06-24 19:00:00 - INFO - Found credentials in shared credentials file: ~/.aws/credentials
2025-06-24 19:00:00 - INFO - Found credentials in shared credentials file: ~/.aws/credentials
2025-06-24 19:00:00 - INFO - Found credentials in shared credentials file: ~/.aws/credentials
2025-06-24 19:00:01 - INFO - Found credentials in shared credentials file: ~/.aws/credentials
2025-06-24 19:00:01 - INFO - Found credentials in shared credentials file: ~/.aws/credentials
2025-06-24 19:00:01 - INFO - Found credentials in shared credentials file: ~/.aws/credentials
2025-06-24 19:00:01 - INFO - Found credentials in shared credentials file: ~/.aws/credentials
2025-06-24 19:00:01 - INFO - Found credentials in shared credentials file: ~/.aws/credentials
2025-06-24 19:00:01 - INFO - Found credentials in shared credentials file: ~/.aws/credentials
2025-06-24 19:00:01 - INFO - Found credentials in shared credentials file: ~/.aws/credentials
2025-06-24 19:00:01 - INFO - Found credentials in shared credentials file: ~/.aws/credentials
2025-06-24 19:00:01 - INFO - Found credentials in shared credentials file: ~/.aws/credentials
2025-06-24 19:00:01 - INFO - Found credentials in shared credentials file: ~/.aws/credentials
2025-06-24 19:00:01 - INFO - Found credentials in shared credentials file: ~/.aws/credentials
2025-06-24 19:00:01 - INFO - Found credentials in shared credentials file: ~/.aws/credentials
2025-06-24 19:00:01 - INFO - Found credentials in shared credentials file: ~/.aws/credentials
2025-06-24 19:00:01 - INFO - Found credentials in shared credentials file: ~/.aws/credentials
2025-06-24 19:00:01 - INFO - Found credentials in shared credentials file: ~/.aws/credentials
2025-06-24 19:00:01 - INFO - Found credentials in shared credentials file: ~/.aws/credentials
2025-06-24 19:00:01 - INFO - Found credentials in shared credentials file: ~/.aws/credentials
2025-06-24 19:00:01 - INFO - Found credentials in shared credentials file: ~/.aws/credentials
2025-06-24 19:00:01 - INFO - Found credentials in shared credentials file: ~/.aws/credentials
2025-06-24 19:00:01 - INFO - Found credentials in shared credentials file: ~/.aws/credentials
2025-06-24 19:00:01 - INFO - Found credentials in shared credentials file: ~/.aws/credentials
2025-06-24 19:00:01 - INFO - Found credentials in shared credentials file: ~/.aws/credentials
2025-06-24 19:00:01 - INFO - Found credentials in shared credentials file: ~/.aws/credentials
2025-06-24 19:00:01 - INFO - Found credentials in shared credentials file: ~/.aws/credentials
2025-06-24 19:00:02 - INFO - Found credentials in shared credentials file: ~/.aws/credentials
2025-06-24 19:00:02 - INFO - Found credentials in shared credentials file: ~/.aws/credentials
2025-06-24 19:00:02 - INFO - Found credentials in shared credentials file: ~/.aws/credentials
2025-06-24 19:00:02 - INFO - Found credentials in shared credentials file: ~/.aws/credentials
2025-06-24 19:00:02 - INFO - Found credentials in shared credentials file: ~/.aws/credentials
2025-06-24 19:00:02 - INFO - Found credentials in shared credentials file: ~/.aws/credentials
2025-06-24 19:00:02 - INFO - Found credentials in shared credentials file: ~/.aws/credentials
2025-06-24 19:00:02 - INFO - Found credentials in shared credentials file: ~/.aws/credentials
2025-06-24 19:00:02 - INFO - Found credentials in shared credentials file: ~/.aws/credentials
2025-06-24 19:00:02 - INFO - Found credentials in shared credentials file: ~/.aws/credentials
2025-06-24 19:00:04 - INFO - Found credentials in shared credentials file: ~/.aws/credentials
2025-06-24 19:00:04 - INFO - Found credentials in shared credentials file: ~/.aws/credentials
2025-06-24 19:00:04 - INFO - Found credentials in shared credentials file: ~/.aws/credentials
2025-06-24 19:00:04 - INFO - Found credentials in shared credentials file: ~/.aws/credentials
2025-06-24 19:00:04 - INFO - Found credentials in shared credentials file: ~/.aws/credentials
2025-06-24 19:00:04 - INFO - Found credentials in shared credentials file: ~/.aws/credentials
2025-06-24 19:00:04 - INFO - Found credentials in shared credentials file: ~/.aws/credentials
2025-06-24 19:00:04 - INFO - Found credentials in shared credentials file: ~/.aws/credentials
2025-06-24 19:00:04 - INFO - Found credentials in shared credentials file: ~/.aws/credentials
2025-06-24 19:00:04 - INFO - Found credentials in shared credentials file: ~/.aws/credentials
2025-06-24 19:00:04 - INFO - Found credentials in shared credentials file: ~/.aws/credentials
2025-06-24 19:00:05 - INFO - Found credentials in shared credentials file: ~/.aws/credentials
2025-06-24 19:00:05 - INFO - Found credentials in shared credentials file: ~/.aws/credentials
2025-06-24 19:00:05 - INFO - Found credentials in shared credentials file: ~/.aws/credentials
2025-06-24 19:00:05 - INFO - Found credentials in shared credentials file: ~/.aws/credentials
2025-06-24 19:00:05 - INFO - Found credentials in shared credentials file: ~/.aws/credentials
2025-06-24 19:00:05 - INFO - Found credentials in shared credentials file: ~/.aws/credentials
2025-06-24 19:00:05 - INFO - Found credentials in shared credentials file: ~/.aws/credentials
2025-06-24 19:00:05 - INFO - Found credentials in shared credentials file: ~/.aws/credentials
2025-06-24 19:00:05 - INFO - Found credentials in shared credentials file: ~/.aws/credentials
2025-06-24 19:00:05 - INFO - Found credentials in shared credentials file: ~/.aws/credentials
2025-06-24 19:00:05 - INFO - Found credentials in shared credentials file: ~/.aws/credentials
2025-06-24 19:00:05 - INFO - Found credentials in shared credentials file: ~/.aws/credentials
2025-06-24 19:00:05 - INFO - Found credentials in shared credentials file: ~/.aws/credentials
2025-06-24 19:00:05 - INFO - Found credentials in shared credentials file: ~/.aws/credentials
2025-06-24 19:00:05 - INFO - Found credentials in shared credentials file: ~/.aws/credentials
2025-06-24 19:00:05 - INFO - Found credentials in shared credentials file: ~/.aws/credentials
2025-06-24 19:00:05 - INFO - Found credentials in shared credentials file: ~/.aws/credentials
2025-06-24 19:00:05 - INFO - Found credentials in shared credentials file: ~/.aws/credentials
2025-06-24 19:00:05 - INFO - Found credentials in shared credentials file: ~/.aws/credentials
2025-06-24 19:00:05 - INFO - Found credentials in shared credentials file: ~/.aws/credentials
2025-06-24 19:00:06 - INFO - Found credentials in shared credentials file: ~/.aws/credentials
2025-06-24 19:00:06 - INFO - Found credentials in shared credentials file: ~/.aws/credentials
2025-06-24 19:00:08 - INFO - Found credentials in shared credentials file: ~/.aws/credentials
2025-06-24 19:00:08 - INFO - Found credentials in shared credentials file: ~/.aws/credentials
2025-06-24 19:00:08 - INFO - Found credentials in shared credentials file: ~/.aws/credentials
2025-06-24 19:00:08 - INFO - Found credentials in shared credentials file: ~/.aws/credentials
2025-06-24 19:00:08 - INFO - Found credentials in shared credentials file: ~/.aws/credentials
2025-06-24 19:00:08 - INFO - Found credentials in shared credentials file: ~/.aws/credentials
2025-06-24 19:00:08 - INFO - Found credentials in shared credentials file: ~/.aws/credentials
2025-06-24 19:00:08 - INFO - Found credentials in shared credentials file: ~/.aws/credentials
2025-06-24 19:00:08 - INFO - Found credentials in shared credentials file: ~/.aws/credentials
2025-06-24 19:00:08 - INFO - Found credentials in shared credentials file: ~/.aws/credentials
2025-06-24 19:00:08 - INFO - Found credentials in shared credentials file: ~/.aws/credentials
2025-06-24 19:00:08 - INFO - Found credentials in shared credentials file: ~/.aws/credentials
2025-06-24 19:00:08 - INFO - Found credentials in shared credentials file: ~/.aws/credentials
2025-06-24 19:00:08 - INFO - Found credentials in shared credentials file: ~/.aws/credentials
2025-06-24 19:00:08 - INFO - Found credentials in shared credentials file: ~/.aws/credentials
2025-06-24 19:00:08 - INFO - Found credentials in shared credentials file: ~/.aws/credentials
2025-06-24 19:00:08 - INFO - Found credentials in shared credentials file: ~/.aws/credentials
2025-06-24 19:00:53 - INFO - m5.24xlarge - 2.059700 - sa-east-1a
2025-06-24 19:00:53 - INFO - m5.24xlarge - 2.059700 - sa-east-1a
2025-06-24 19:00:53 - INFO - m5.24xlarge - 2.059700 - sa-east-1a
2025-06-24 19:00:53 - INFO - m5.24xlarge - 2.059700 - sa-east-1a
2025-06-24 19:00:53 - INFO - m5.24xlarge - 2.059700 - sa-east-1a
2025-06-24 19:00:53 - INFO - m5.24xlarge - 2.059700 - sa-east-1a
2025-06-24 19:00:53 - INFO - r5a.24xlarge - 2.228600 - sa-east-1c
2025-06-24 19:00:53 - INFO - m5.24xlarge - 2.059700 - sa-east-1a
2025-06-24 19:00:53 - INFO - m5.24xlarge - 2.059700 - sa-east-1a
2025-06-24 19:00:53 - INFO - Updating file: results/results_lucas_sa-east-1_400.csv
2025-06-24 19:00:53 - INFO - m5.24xlarge - 2.059700 - sa-east-1a
2025-06-24 19:00:53 - INFO - m5.24xlarge - 2.373800 - sa-east-1c
2025-06-24 19:00:53 - INFO - m5.24xlarge - 2.059700 - sa-east-1a
2025-06-24 19:00:53 - INFO - r5a.24xlarge - 2.228600 - sa-east-1c
2025-06-24 19:00:53 - INFO - m5.24xlarge - 2.059700 - sa-east-1a
2025-06-24 19:00:53 - INFO - Updating file: results/results_lucas_sa-east-1_400.csv
2025-06-24 19:00:53 - INFO - m5.24xlarge - 2.059700 - sa-east-1a
2025-06-24 19:00:53 - INFO - m5.24xlarge - 2.059700 - sa-east-1a
2025-06-24 19:00:53 - INFO - m5.24xlarge - 2.059700 - sa-east-1a
2025-06-24 19:00:53 - INFO - m5.24xlarge - 2.059700 - sa-east-1a
2025-06-24 19:00:53 - INFO - r5a.24xlarge - 2.228600 - sa-east-1c
2025-06-24 19:00:53 - INFO - m5.24xlarge - 2.373800 - sa-east-1c
2025-06-24 19:00:53 - INFO - r5a.24xlarge - 2.228600 - sa-east-1c
2025-06-24 19:00:53 - INFO - c5.24xlarge - 2.521400 - sa-east-1c
2025-06-24 19:00:53 - INFO - m5.24xlarge - 2.373800 - sa-east-1c
2025-06-24 19:00:53 - INFO - m5.24xlarge - 2.059700 - sa-east-1a
2025-06-24 19:00:53 - INFO - Updating file: results/results_lucas_sa-east-1_400.csv
2025-06-24 19:00:53 - INFO - m5.24xlarge - 2.373800 - sa-east-1c
2025-06-24 19:00:54 - INFO - m5.24xlarge - 2.059700 - sa-east-1a
2025-06-24 19:00:54 - INFO - m6a.24xlarge - 2.043600 - sa-east-1c
2025-06-24 19:00:54 - INFO - r5a.24xlarge - 2.228600 - sa-east-1c
2025-06-24 19:00:54 - INFO - r5a.24xlarge - 2.228600 - sa-east-1c
2025-06-24 19:00:54 - INFO - m5a.24xlarge - 1.922100 - sa-east-1c
2025-06-24 19:00:54 - INFO - m5.24xlarge - 2.373800 - sa-east-1c
2025-06-24 19:00:54 - INFO - r5a.24xlarge - 2.228600 - sa-east-1c
2025-06-24 19:00:54 - INFO - m5ad.24xlarge - 2.349500 - sa-east-1c
2025-06-24 19:00:54 - INFO - m5.24xlarge - 2.373800 - sa-east-1c
2025-06-24 19:00:54 - INFO - r5ad.24xlarge - 1.940600 - sa-east-1c
2025-06-24 19:00:54 - INFO - m5.24xlarge - 2.059700 - sa-east-1a
2025-06-24 19:00:54 - INFO - m5.24xlarge - 2.059700 - sa-east-1a
2025-06-24 19:00:54 - INFO - m5.24xlarge - 2.059700 - sa-east-1a
2025-06-24 19:00:54 - INFO - m5.24xlarge - 2.373800 - sa-east-1c
2025-06-24 19:00:54 - INFO - Updating file: results/results_lucas_sa-east-1_400.csv
2025-06-24 19:00:54 - INFO - r5a.24xlarge - 2.228600 - sa-east-1c
2025-06-24 19:00:54 - INFO - m5.24xlarge - 2.373800 - sa-east-1c
2025-06-24 19:00:54 - INFO - m5.24xlarge - 2.059700 - sa-east-1a
2025-06-24 19:00:54 - INFO - r5a.24xlarge - 2.228600 - sa-east-1c
2025-06-24 19:00:54 - INFO - m5.24xlarge - 2.059700 - sa-east-1a
2025-06-24 19:00:54 - INFO - m5ad.24xlarge - 2.349500 - sa-east-1c
2025-06-24 19:00:54 - INFO - m5.24xlarge - 2.059700 - sa-east-1a
2025-06-24 19:00:54 - INFO - r5a.24xlarge - 2.228600 - sa-east-1c
2025-06-24 19:00:54 - INFO - m5.24xlarge - 2.373800 - sa-east-1c
2025-06-24 19:00:54 - INFO - m5.24xlarge - 2.373800 - sa-east-1c
2025-06-24 19:00:54 - INFO - m5.24xlarge - 2.059700 - sa-east-1a
2025-06-24 19:00:54 - INFO - m5.24xlarge - 2.373800 - sa-east-1c
2025-06-24 19:00:54 - INFO - m5.24xlarge - 2.059700 - sa-east-1a
2025-06-24 19:00:54 - INFO - Updating file: results/results_lucas_sa-east-1_400.csv
2025-06-24 19:00:54 - INFO - m5.24xlarge - 2.059700 - sa-east-1a
2025-06-24 19:00:54 - INFO - m5.24xlarge - 2.373800 - sa-east-1c
2025-06-24 19:00:54 - INFO - r5ad.24xlarge - 1.940600 - sa-east-1c
2025-06-24 19:00:54 - INFO - r5a.24xlarge - 2.228600 - sa-east-1c
2025-06-24 19:00:54 - INFO - r5a.24xlarge - 2.228600 - sa-east-1c
2025-06-24 19:00:54 - INFO - m5.24xlarge - 2.373800 - sa-east-1c
2025-06-24 19:00:55 - INFO - m5.24xlarge - 2.373800 - sa-east-1c
2025-06-24 19:00:55 - INFO - m5.24xlarge - 2.059700 - sa-east-1a
2025-06-24 19:00:55 - INFO - m5.24xlarge - 2.373800 - sa-east-1c
2025-06-24 19:00:55 - INFO - m5.24xlarge - 2.373800 - sa-east-1c
2025-06-24 19:00:55 - INFO - r5a.24xlarge - 2.228600 - sa-east-1c
2025-06-24 19:00:55 - INFO - m5.24xlarge - 2.059700 - sa-east-1a
2025-06-24 19:00:55 - INFO - m5.24xlarge - 2.059700 - sa-east-1a
2025-06-24 19:00:55 - INFO - m5ad.24xlarge - 2.349500 - sa-east-1c
2025-06-24 19:00:55 - INFO - m5.24xlarge - 2.373800 - sa-east-1c
2025-06-24 19:00:55 - INFO - m5.24xlarge - 2.373800 - sa-east-1c
2025-06-24 19:00:55 - INFO - Updating file: results/results_lucas_sa-east-1_400.csv
2025-06-24 19:00:55 - INFO - r5a.24xlarge - 2.228600 - sa-east-1c
2025-06-24 19:00:55 - INFO - m5.24xlarge - 2.373800 - sa-east-1c
2025-06-24 19:00:55 - INFO - m5a.24xlarge - 1.922100 - sa-east-1c
2025-06-24 19:00:55 - INFO - r5a.24xlarge - 2.228600 - sa-east-1c
2025-06-24 19:00:55 - INFO - m5.24xlarge - 2.373800 - sa-east-1c
2025-06-24 19:00:55 - INFO - m5a.24xlarge - 1.618600 - sa-east-1a
2025-06-24 19:00:55 - INFO - m5.24xlarge - 2.373800 - sa-east-1c
2025-06-24 19:00:55 - INFO - m5.24xlarge - 2.373800 - sa-east-1c
2025-06-24 19:00:55 - INFO - m5.24xlarge - 2.373800 - sa-east-1c
2025-06-24 19:00:55 - INFO - r5ad.24xlarge - 1.940600 - sa-east-1c
2025-06-24 19:00:55 - INFO - m5.24xlarge - 2.059700 - sa-east-1a
2025-06-24 19:00:55 - INFO - m5.24xlarge - 2.373800 - sa-east-1c
2025-06-24 19:00:55 - INFO - m5.24xlarge - 2.373800 - sa-east-1c
2025-06-24 19:00:55 - INFO - m5.24xlarge - 2.373800 - sa-east-1c
2025-06-24 19:00:55 - INFO - r5a.24xlarge - 2.228600 - sa-east-1c
2025-06-24 19:00:55 - INFO - m5.24xlarge - 2.059700 - sa-east-1a
2025-06-24 19:00:55 - INFO - r5a.24xlarge - 2.228600 - sa-east-1c
2025-06-24 19:00:55 - INFO - r5ad.24xlarge - 1.940600 - sa-east-1c
2025-06-24 19:00:55 - INFO - r5a.24xlarge - 2.228600 - sa-east-1c
2025-06-24 19:00:55 - INFO - m5a.24xlarge - 1.922100 - sa-east-1c
2025-06-24 19:00:55 - INFO - m5.24xlarge - 2.373800 - sa-east-1c
2025-06-24 19:00:55 - INFO - c5.24xlarge - 1.879900 - sa-east-1a
2025-06-24 19:00:55 - INFO - m5.24xlarge - 2.373800 - sa-east-1c
2025-06-24 19:00:55 - INFO - m5a.24xlarge - 1.618600 - sa-east-1a
2025-06-24 19:00:55 - INFO - c5.24xlarge - 1.879900 - sa-east-1a
2025-06-24 19:00:55 - INFO - m5.24xlarge - 2.373800 - sa-east-1c
2025-06-24 19:00:55 - INFO - r5a.24xlarge - 2.228600 - sa-east-1c
2025-06-24 19:00:55 - INFO - m5a.24xlarge - 1.618600 - sa-east-1a
2025-06-24 19:00:55 - INFO - m5.24xlarge - 2.373800 - sa-east-1c
2025-06-24 19:00:55 - INFO - m5.24xlarge - 2.373800 - sa-east-1c
2025-06-24 19:00:55 - INFO - m5ad.24xlarge - 2.349500 - sa-east-1c
2025-06-24 19:00:55 - INFO - m5.24xlarge - 2.059700 - sa-east-1a
2025-06-24 19:00:55 - INFO - m5.24xlarge - 2.059700 - sa-east-1a
2025-06-24 19:00:55 - INFO - r5ad.24xlarge - 1.940600 - sa-east-1c
2025-06-24 19:00:55 - INFO - m5.24xlarge - 2.373800 - sa-east-1c
2025-06-24 19:00:55 - INFO - m5.24xlarge - 2.373800 - sa-east-1c
2025-06-24 19:00:55 - INFO - m5.24xlarge - 2.373800 - sa-east-1c
2025-06-24 19:00:55 - INFO - r5a.24xlarge - 2.228600 - sa-east-1c
2025-06-24 19:00:55 - INFO - Updating file: results/results_lucas_sa-east-1_400.csv
2025-06-24 19:00:56 - INFO - r5a.24xlarge - 2.228600 - sa-east-1c
2025-06-24 19:00:56 - INFO - m5.24xlarge - 2.059700 - sa-east-1a
2025-06-24 19:00:56 - INFO - m5.24xlarge - 2.373800 - sa-east-1c
2025-06-24 19:00:56 - INFO - m5a.24xlarge - 1.618600 - sa-east-1a
2025-06-24 19:00:56 - INFO - m5.24xlarge - 2.373800 - sa-east-1c
2025-06-24 19:00:56 - INFO - m5.24xlarge - 2.059700 - sa-east-1a
2025-06-24 19:00:56 - INFO - m5.24xlarge - 2.373800 - sa-east-1c
2025-06-24 19:00:56 - INFO - c5.24xlarge - 1.879900 - sa-east-1a
2025-06-24 19:00:56 - INFO - m5a.24xlarge - 1.922100 - sa-east-1c
2025-06-24 19:00:56 - INFO - m5.24xlarge - 2.373800 - sa-east-1c
2025-06-24 19:00:56 - INFO - r5a.24xlarge - 2.228600 - sa-east-1c
2025-06-24 19:00:56 - INFO - c5.24xlarge - 1.879900 - sa-east-1a
2025-06-24 19:00:56 - INFO - m5a.24xlarge - 1.618600 - sa-east-1a
2025-06-24 19:00:56 - INFO - m5.24xlarge - 2.059700 - sa-east-1a
2025-06-24 19:00:56 - INFO - m5.24xlarge - 2.373800 - sa-east-1c
2025-06-24 19:01:03 - INFO - m5.24xlarge - 2.373800 - sa-east-1c
2025-06-24 19:01:03 - INFO - m5.24xlarge - 2.373800 - sa-east-1c
2025-06-24 19:01:03 - INFO - m5.24xlarge - 2.059700 - sa-east-1a
2025-06-24 19:01:03 - INFO - m5a.24xlarge - 1.618600 - sa-east-1a
2025-06-24 19:01:03 - INFO - m5.24xlarge - 2.373800 - sa-east-1c
2025-06-24 19:01:03 - INFO - c5.24xlarge - 2.126200 - sa-east-1b
2025-06-24 19:01:03 - INFO - r5a.24xlarge - 2.228600 - sa-east-1c
2025-06-24 19:01:03 - INFO - m5.24xlarge - 2.059700 - sa-east-1a
2025-06-24 19:01:03 - INFO - r5a.24xlarge - 2.228600 - sa-east-1c
2025-06-24 19:01:04 - INFO - m5.24xlarge - 2.373800 - sa-east-1c
2025-06-24 19:01:04 - INFO - m5a.24xlarge - 1.922100 - sa-east-1c
2025-06-24 19:01:04 - INFO - c5.24xlarge - 1.879900 - sa-east-1a
2025-06-24 19:01:04 - INFO - c5.24xlarge - 1.879900 - sa-east-1a
2025-06-24 19:01:04 - INFO - m5.24xlarge - 2.373800 - sa-east-1c
2025-06-24 19:01:04 - INFO - m5.24xlarge - 2.059700 - sa-east-1a
2025-06-24 19:01:04 - INFO - m5.24xlarge - 2.373800 - sa-east-1c
2025-06-24 19:01:04 - INFO - m5.24xlarge - 2.373800 - sa-east-1c
2025-06-24 19:01:04 - INFO - c5.24xlarge - 1.879900 - sa-east-1a
2025-06-24 19:01:04 - INFO - c6i.32xlarge - 2.877500 - sa-east-1c
2025-06-24 19:01:04 - INFO - c5.24xlarge - 2.521400 - sa-east-1c
2025-06-24 19:01:04 - INFO - m5.24xlarge - 2.373800 - sa-east-1c
2025-06-24 19:01:04 - INFO - c5.24xlarge - 2.126200 - sa-east-1b
2025-06-24 19:01:04 - INFO - m5.24xlarge - 2.373800 - sa-east-1c
2025-06-24 19:01:04 - INFO - c5.24xlarge - 1.879900 - sa-east-1a
2025-06-24 19:01:04 - INFO - m5a.24xlarge - 1.922100 - sa-east-1c
2025-06-24 19:01:04 - INFO - m5a.24xlarge - 1.922100 - sa-east-1c
2025-06-24 19:01:04 - INFO - m5a.24xlarge - 1.922100 - sa-east-1c
2025-06-24 19:01:04 - INFO - Updating file: results/results_lucas_sa-east-1_400.csv
2025-06-24 19:01:04 - INFO - m5.24xlarge - 2.373800 - sa-east-1c
2025-06-24 19:01:04 - INFO - c5.24xlarge - 1.879900 - sa-east-1a
2025-06-24 19:01:04 - INFO - c5.24xlarge - 1.879900 - sa-east-1a
2025-06-24 19:01:04 - INFO - m5.24xlarge - 2.373800 - sa-east-1c
2025-06-24 19:01:04 - INFO - c5.24xlarge - 1.879900 - sa-east-1a
2025-06-24 19:01:04 - INFO - c5.24xlarge - 1.879900 - sa-east-1a
2025-06-24 19:01:04 - INFO - c5.24xlarge - 1.879900 - sa-east-1a
2025-06-24 19:01:04 - INFO - c5.24xlarge - 1.879900 - sa-east-1a
2025-06-24 19:01:04 - INFO - m6a.24xlarge - 1.382500 - sa-east-1b
2025-06-24 19:01:04 - INFO - c5.24xlarge - 1.879900 - sa-east-1a
2025-06-24 19:01:04 - INFO - c5.24xlarge - 1.879900 - sa-east-1a
2025-06-24 19:01:04 - INFO - c5.24xlarge - 1.879900 - sa-east-1a
2025-06-24 19:01:04 - INFO - c5.24xlarge - 1.879900 - sa-east-1a
2025-06-24 19:01:04 - INFO - m5.24xlarge - 2.373800 - sa-east-1c
2025-06-24 19:01:04 - INFO - c6i.32xlarge - 2.877500 - sa-east-1c
2025-06-24 19:01:04 - INFO - c5.24xlarge - 1.879900 - sa-east-1a
2025-06-24 19:01:04 - INFO - m6a.24xlarge - 1.382500 - sa-east-1b
2025-06-24 19:01:04 - INFO - c5.24xlarge - 1.879900 - sa-east-1a
2025-06-24 19:01:04 - INFO - c5.24xlarge - 1.879900 - sa-east-1a
2025-06-24 19:01:04 - INFO - m5a.24xlarge - 1.922100 - sa-east-1c
2025-06-24 19:01:04 - INFO - c5.24xlarge - 1.879900 - sa-east-1a
2025-06-24 19:01:04 - INFO - c5.24xlarge - 1.879900 - sa-east-1a
2025-06-24 19:01:04 - INFO - c5.24xlarge - 1.879900 - sa-east-1a
2025-06-24 19:01:04 - INFO - c5.24xlarge - 1.879900 - sa-east-1a
2025-06-24 19:01:04 - INFO - m5a.24xlarge - 1.618600 - sa-east-1a
2025-06-24 19:01:04 - INFO - c5.24xlarge - 1.879900 - sa-east-1a
2025-06-24 19:01:04 - INFO - c5.24xlarge - 1.879900 - sa-east-1a
2025-06-24 19:01:04 - INFO - c5.24xlarge - 1.879900 - sa-east-1a
2025-06-24 19:01:04 - INFO - c5.24xlarge - 1.879900 - sa-east-1a
2025-06-24 19:01:04 - INFO - c5.24xlarge - 1.879900 - sa-east-1a
2025-06-24 19:01:04 - INFO - m5a.24xlarge - 1.922100 - sa-east-1c
2025-06-24 19:01:04 - INFO - c5.24xlarge - 1.879900 - sa-east-1a
2025-06-24 19:01:04 - INFO - r5a.24xlarge - 2.228600 - sa-east-1c
2025-06-24 19:01:05 - INFO - Updating file: results/results_lucas_sa-east-1_400.csv
2025-06-24 19:01:05 - INFO - c5.24xlarge - 2.126200 - sa-east-1b
2025-06-24 19:01:05 - INFO - c6i.32xlarge - 2.877500 - sa-east-1c
2025-06-24 19:01:05 - INFO - m5.24xlarge - 2.373800 - sa-east-1c
2025-06-24 19:01:05 - INFO - c5.24xlarge - 1.879900 - sa-east-1a
2025-06-24 19:01:05 - INFO - c5.24xlarge - 1.879900 - sa-east-1a
2025-06-24 19:01:05 - INFO - m5.24xlarge - 2.373800 - sa-east-1c
2025-06-24 19:01:05 - INFO - c5.24xlarge - 1.879900 - sa-east-1a
2025-06-24 19:01:05 - INFO - m5a.24xlarge - 1.618600 - sa-east-1a
2025-06-24 19:01:05 - INFO - c5.24xlarge - 1.879900 - sa-east-1a
2025-06-24 19:01:05 - INFO - c5.24xlarge - 1.879900 - sa-east-1a
2025-06-24 19:01:05 - INFO - c5.24xlarge - 1.879900 - sa-east-1a
2025-06-24 19:01:05 - INFO - c5.24xlarge - 1.879900 - sa-east-1a
2025-06-24 19:01:05 - INFO - c5.24xlarge - 1.879900 - sa-east-1a
2025-06-24 19:01:05 - INFO - c5.24xlarge - 1.879900 - sa-east-1a
2025-06-24 19:01:05 - INFO - c5.24xlarge - 1.879900 - sa-east-1a
2025-06-24 19:01:05 - INFO - c5.24xlarge - 1.879900 - sa-east-1a
2025-06-24 19:01:05 - INFO - m5a.24xlarge - 1.922100 - sa-east-1c
2025-06-24 19:01:05 - INFO - m5.24xlarge - 2.373800 - sa-east-1c
2025-06-24 19:01:05 - INFO - m5a.24xlarge - 1.618600 - sa-east-1a
2025-06-24 19:01:05 - INFO - c5.24xlarge - 1.879900 - sa-east-1a
2025-06-24 19:01:05 - INFO - c5.24xlarge - 1.879900 - sa-east-1a
2025-06-24 19:01:05 - INFO - c5.24xlarge - 1.879900 - sa-east-1a
2025-06-24 19:01:05 - INFO - c6a.24xlarge - 2.117900 - sa-east-1b
2025-06-24 19:01:05 - INFO - Updating file: results/results_lucas_sa-east-1_400.csv
2025-06-24 19:01:05 - INFO - c5.24xlarge - 1.879900 - sa-east-1a
2025-06-24 19:01:05 - INFO - c5.24xlarge - 1.879900 - sa-east-1a
2025-06-24 19:01:05 - INFO - m6a.24xlarge - 1.382500 - sa-east-1b
2025-06-24 19:01:05 - INFO - c5.24xlarge - 1.879900 - sa-east-1a
2025-06-24 19:01:05 - INFO - c5.24xlarge - 1.879900 - sa-east-1a
2025-06-24 19:01:05 - INFO - c5.24xlarge - 1.879900 - sa-east-1a
2025-06-24 19:01:05 - INFO - c5.24xlarge - 1.879900 - sa-east-1a
2025-06-24 19:01:05 - INFO - c5.24xlarge - 1.879900 - sa-east-1a
2025-06-24 19:01:05 - INFO - c5.24xlarge - 1.879900 - sa-east-1a
2025-06-24 19:01:05 - INFO - c5.24xlarge - 1.879900 - sa-east-1a
2025-06-24 19:01:05 - INFO - c5.24xlarge - 1.879900 - sa-east-1a
2025-06-24 19:01:05 - INFO - c5.24xlarge - 1.879900 - sa-east-1a
2025-06-24 19:01:05 - INFO - c5.24xlarge - 1.879900 - sa-east-1a
2025-06-24 19:01:05 - INFO - Updating file: results/results_lucas_sa-east-1_400.csv
2025-06-24 19:01:05 - INFO - c5.24xlarge - 1.879900 - sa-east-1a
2025-06-24 19:01:05 - INFO - c5.24xlarge - 1.879900 - sa-east-1a
2025-06-24 19:01:05 - INFO - c5.24xlarge - 1.879900 - sa-east-1a
2025-06-24 19:01:05 - INFO - Updating file: results/results_lucas_sa-east-1_400.csv
2025-06-24 19:01:05 - INFO - c5.24xlarge - 1.879900 - sa-east-1a
2025-06-24 19:01:05 - INFO - Updating file: results/results_lucas_sa-east-1_400.csv
2025-06-24 19:01:05 - INFO - c5.24xlarge - 2.126200 - sa-east-1b
2025-06-24 19:01:05 - INFO - Updating file: results/results_lucas_sa-east-1_400.csv
2025-06-24 19:01:05 - INFO - Updating file: results/results_lucas_sa-east-1_400.csv
2025-06-24 19:01:05 - INFO - c5.24xlarge - 1.879900 - sa-east-1a
2025-06-24 19:01:05 - INFO - c5.24xlarge - 1.879900 - sa-east-1a
2025-06-24 19:01:05 - INFO - Updating file: results/results_lucas_sa-east-1_400.csv
2025-06-24 19:01:05 - INFO - c5.24xlarge - 1.879900 - sa-east-1a
2025-06-24 19:01:05 - INFO - c5.24xlarge - 1.879900 - sa-east-1a
2025-06-24 19:01:05 - INFO - Updating file: results/results_lucas_sa-east-1_400.csv
2025-06-24 19:01:05 - INFO - Updating file: results/results_lucas_sa-east-1_400.csv
2025-06-24 19:01:05 - INFO - c5.24xlarge - 1.879900 - sa-east-1a
2025-06-24 19:01:05 - INFO - c5.24xlarge - 1.879900 - sa-east-1a
2025-06-24 19:01:05 - INFO - Updating file: results/results_lucas_sa-east-1_400.csv
2025-06-24 19:01:05 - INFO - Updating file: results/results_lucas_sa-east-1_400.csv
2025-06-24 19:01:05 - INFO - Updating file: results/results_lucas_sa-east-1_400.csv
2025-06-24 19:01:05 - INFO - Updating file: results/results_lucas_sa-east-1_400.csv
2025-06-24 19:01:05 - INFO - Updating file: results/results_lucas_sa-east-1_400.csv
2025-06-24 19:01:05 - INFO - Updating file: results/results_lucas_sa-east-1_400.csv
2025-06-24 19:01:05 - INFO - c5.24xlarge - 1.879900 - sa-east-1a
2025-06-24 19:01:05 - INFO - c5.24xlarge - 1.879900 - sa-east-1a
2025-06-24 19:01:05 - INFO - c5.24xlarge - 1.879900 - sa-east-1a
2025-06-24 19:01:05 - INFO - Updating file: results/results_lucas_sa-east-1_400.csv
2025-06-24 19:01:05 - INFO - m5a.24xlarge - 1.922100 - sa-east-1c
2025-06-24 19:01:05 - INFO - Updating file: results/results_lucas_sa-east-1_400.csv
2025-06-24 19:01:06 - INFO - Updating file: results/results_lucas_sa-east-1_400.csv
2025-06-24 19:01:06 - INFO - c5.24xlarge - 1.879900 - sa-east-1a
2025-06-24 19:01:06 - INFO - Updating file: results/results_lucas_sa-east-1_400.csv
2025-06-24 19:01:06 - INFO - Updating file: results/results_lucas_sa-east-1_400.csv
2025-06-24 19:01:06 - INFO - Updating file: results/results_lucas_sa-east-1_400.csv
2025-06-24 19:01:06 - INFO - Updating file: results/results_lucas_sa-east-1_400.csv
2025-06-24 19:01:06 - INFO - Updating file: results/results_lucas_sa-east-1_400.csv
2025-06-24 19:01:06 - INFO - Updating file: results/results_lucas_sa-east-1_400.csv
2025-06-24 19:01:06 - INFO - Updating file: results/results_lucas_sa-east-1_400.csv
2025-06-24 19:01:06 - INFO - Updating file: results/results_lucas_sa-east-1_400.csv
2025-06-24 19:01:06 - INFO - c5.24xlarge - 1.879900 - sa-east-1a
2025-06-24 19:01:06 - INFO - Updating file: results/results_lucas_sa-east-1_400.csv
2025-06-24 19:01:06 - INFO - Updating file: results/results_lucas_sa-east-1_400.csv
2025-06-24 19:01:06 - INFO - Updating file: results/results_lucas_sa-east-1_400.csv
2025-06-24 19:01:06 - INFO - c6a.24xlarge - 2.117900 - sa-east-1b
2025-06-24 19:01:06 - INFO - Updating file: results/results_lucas_sa-east-1_400.csv
2025-06-24 19:01:06 - INFO - Updating file: results/results_lucas_sa-east-1_400.csv
2025-06-24 19:01:06 - INFO - Updating file: results/results_lucas_sa-east-1_400.csv
2025-06-24 19:01:06 - INFO - c5.24xlarge - 1.879900 - sa-east-1a
2025-06-24 19:01:06 - INFO - Updating file: results/results_lucas_sa-east-1_400.csv
2025-06-24 19:01:06 - INFO - Updating file: results/results_lucas_sa-east-1_400.csv
2025-06-24 19:01:06 - INFO - c5.24xlarge - 1.879900 - sa-east-1a
2025-06-24 19:01:06 - INFO - Updating file: results/results_lucas_sa-east-1_400.csv
2025-06-24 19:01:06 - INFO - Updating file: results/results_lucas_sa-east-1_400.csv
2025-06-24 19:01:06 - INFO - Updating file: results/results_lucas_sa-east-1_400.csv
2025-06-24 19:01:06 - INFO - Updating file: results/results_lucas_sa-east-1_400.csv
2025-06-24 19:01:06 - INFO - Updating file: results/results_lucas_sa-east-1_400.csv
2025-06-24 19:01:06 - INFO - Updating file: results/results_lucas_sa-east-1_400.csv
2025-06-24 19:01:06 - INFO - Updating file: results/results_lucas_sa-east-1_400.csv
2025-06-24 19:01:06 - INFO - Updating file: results/results_lucas_sa-east-1_400.csv
2025-06-24 19:01:06 - INFO - Updating file: results/results_lucas_sa-east-1_400.csv
2025-06-24 19:01:06 - INFO - c5.24xlarge - 1.879900 - sa-east-1a
2025-06-24 19:01:06 - INFO - Updating file: results/results_lucas_sa-east-1_400.csv
2025-06-24 19:01:06 - INFO - Updating file: results/results_lucas_sa-east-1_400.csv
2025-06-24 19:01:06 - INFO - Updating file: results/results_lucas_sa-east-1_400.csv
2025-06-24 19:01:06 - INFO - Updating file: results/results_lucas_sa-east-1_400.csv
2025-06-24 19:01:06 - INFO - Updating file: results/results_lucas_sa-east-1_400.csv
2025-06-24 19:01:06 - INFO - Updating file: results/results_lucas_sa-east-1_400.csv
2025-06-24 19:01:06 - INFO - Updating file: results/results_lucas_sa-east-1_400.csv
2025-06-24 19:01:06 - INFO - Updating file: results/results_lucas_sa-east-1_400.csv
2025-06-24 19:01:06 - INFO - Updating file: results/results_lucas_sa-east-1_400.csv
2025-06-24 19:01:06 - INFO - Updating file: results/results_lucas_sa-east-1_400.csv
2025-06-24 19:01:06 - INFO - Updating file: results/results_lucas_sa-east-1_400.csv
2025-06-24 19:01:06 - INFO - Updating file: results/results_lucas_sa-east-1_400.csv
2025-06-24 19:01:06 - INFO - Updating file: results/results_lucas_sa-east-1_400.csv
2025-06-24 19:01:06 - INFO - Updating file: results/results_lucas_sa-east-1_400.csv
2025-06-24 19:01:06 - INFO - Updating file: results/results_lucas_sa-east-1_400.csv
2025-06-24 19:01:06 - INFO - Updating file: results/results_lucas_sa-east-1_400.csv
2025-06-24 19:01:06 - INFO - Updating file: results/results_lucas_sa-east-1_400.csv
2025-06-24 19:01:06 - INFO - Updating file: results/results_lucas_sa-east-1_400.csv
2025-06-24 19:01:06 - INFO - Updating file: results/results_lucas_sa-east-1_400.csv
2025-06-24 19:01:06 - INFO - Updating file: results/results_lucas_sa-east-1_400.csv
2025-06-24 19:01:06 - INFO - Updating file: results/results_lucas_sa-east-1_400.csv
2025-06-24 19:01:06 - INFO - Updating file: results/results_lucas_sa-east-1_400.csv
2025-06-24 19:01:06 - INFO - Updating file: results/results_lucas_sa-east-1_400.csv
2025-06-24 19:01:06 - INFO - Updating file: results/results_lucas_sa-east-1_400.csv
2025-06-24 19:01:06 - INFO - Updating file: results/results_lucas_sa-east-1_400.csv
2025-06-24 19:01:06 - INFO - Updating file: results/results_lucas_sa-east-1_400.csv
2025-06-24 19:01:06 - INFO - Updating file: results/results_lucas_sa-east-1_400.csv
2025-06-24 19:01:06 - INFO - Updating file: results/results_lucas_sa-east-1_400.csv
2025-06-24 19:01:06 - INFO - Updating file: results/results_lucas_sa-east-1_400.csv
2025-06-24 19:01:06 - INFO - Updating file: results/results_lucas_sa-east-1_400.csv
2025-06-24 19:01:06 - INFO - Updating file: results/results_lucas_sa-east-1_400.csv
2025-06-24 19:01:06 - INFO - Updating file: results/results_lucas_sa-east-1_400.csv
2025-06-24 19:01:06 - INFO - Updating file: results/results_lucas_sa-east-1_400.csv
2025-06-24 19:01:06 - INFO - Updating file: results/results_lucas_sa-east-1_400.csv
2025-06-24 19:01:06 - INFO - Updating file: results/results_lucas_sa-east-1_400.csv
2025-06-24 19:01:06 - INFO - Updating file: results/results_lucas_sa-east-1_400.csv
2025-06-24 19:01:06 - INFO - Updating file: results/results_lucas_sa-east-1_400.csv
2025-06-24 19:01:06 - INFO - Updating file: results/results_lucas_sa-east-1_400.csv
2025-06-24 19:01:06 - INFO - Updating file: results/results_lucas_sa-east-1_400.csv
2025-06-24 19:01:06 - INFO - Updating file: results/results_lucas_sa-east-1_400.csv
2025-06-24 19:01:06 - INFO - Updating file: results/results_lucas_sa-east-1_400.csv
2025-06-24 19:01:06 - INFO - Updating file: results/results_lucas_sa-east-1_400.csv
2025-06-24 19:01:06 - INFO - Updating file: results/results_lucas_sa-east-1_400.csv
2025-06-24 19:01:06 - INFO - Updating file: results/results_lucas_sa-east-1_400.csv
2025-06-24 19:01:06 - INFO - Updating file: results/results_lucas_sa-east-1_400.csv
2025-06-24 19:01:06 - INFO - Updating file: results/results_lucas_sa-east-1_400.csv
2025-06-24 19:01:06 - INFO - Updating file: results/results_lucas_sa-east-1_400.csv
2025-06-24 19:01:06 - INFO - Updating file: results/results_lucas_sa-east-1_400.csv
2025-06-24 19:01:06 - INFO - Updating file: results/results_lucas_sa-east-1_400.csv
2025-06-24 19:01:06 - INFO - Updating file: results/results_lucas_sa-east-1_400.csv
2025-06-24 19:01:06 - INFO - Updating file: results/results_lucas_sa-east-1_400.csv
2025-06-24 19:01:06 - INFO - Updating file: results/results_lucas_sa-east-1_400.csv
2025-06-24 19:01:06 - INFO - Updating file: results/results_lucas_sa-east-1_400.csv
2025-06-24 19:01:06 - INFO - Updating file: results/results_lucas_sa-east-1_400.csv
2025-06-24 19:01:06 - INFO - Updating file: results/results_lucas_sa-east-1_400.csv
2025-06-24 19:01:06 - INFO - Updating file: results/results_lucas_sa-east-1_400.csv
2025-06-24 19:01:06 - INFO - Updating file: results/results_lucas_sa-east-1_400.csv
2025-06-24 19:01:06 - INFO - Updating file: results/results_lucas_sa-east-1_400.csv
2025-06-24 19:01:06 - INFO - Updating file: results/results_lucas_sa-east-1_400.csv
2025-06-24 19:01:06 - INFO - Updating file: results/results_lucas_sa-east-1_400.csv
2025-06-24 19:01:06 - INFO - Updating file: results/results_lucas_sa-east-1_400.csv
2025-06-24 19:01:06 - INFO - Updating file: results/results_lucas_sa-east-1_400.csv
2025-06-24 19:01:06 - INFO - Updating file: results/results_lucas_sa-east-1_400.csv
2025-06-24 19:01:06 - INFO - Updating file: results/results_lucas_sa-east-1_400.csv
2025-06-24 19:01:06 - INFO - Updating file: results/results_lucas_sa-east-1_400.csv
2025-06-24 19:01:06 - INFO - Updating file: results/results_lucas_sa-east-1_400.csv
2025-06-24 19:01:06 - INFO - Updating file: results/results_lucas_sa-east-1_400.csv
2025-06-24 19:01:06 - INFO - Updating file: results/results_lucas_sa-east-1_400.csv
2025-06-24 19:01:06 - INFO - Updating file: results/results_lucas_sa-east-1_400.csv
2025-06-24 19:01:06 - INFO - Updating file: results/results_lucas_sa-east-1_400.csv
2025-06-24 19:01:06 - INFO - Updating file: results/results_lucas_sa-east-1_400.csv
2025-06-24 19:01:06 - INFO - Updating file: results/results_lucas_sa-east-1_400.csv
2025-06-24 19:01:06 - INFO - Updating file: results/results_lucas_sa-east-1_400.csv
2025-06-24 19:01:06 - INFO - Updating file: results/results_lucas_sa-east-1_400.csv
2025-06-24 19:01:06 - INFO - Updating file: results/results_lucas_sa-east-1_400.csv
2025-06-24 19:01:06 - INFO - Updating file: results/results_lucas_sa-east-1_400.csv
2025-06-24 19:01:06 - INFO - Updating file: results/results_lucas_sa-east-1_400.csv
2025-06-24 19:01:06 - INFO - Updating file: results/results_lucas_sa-east-1_400.csv
2025-06-24 19:01:06 - INFO - Updating file: results/results_lucas_sa-east-1_400.csv
2025-06-24 19:01:06 - INFO - Updating file: results/results_lucas_sa-east-1_400.csv
2025-06-24 19:01:06 - INFO - Updating file: results/results_lucas_sa-east-1_400.csv
2025-06-24 19:01:06 - INFO - Updating file: results/results_lucas_sa-east-1_400.csv
2025-06-24 19:01:06 - INFO - Updating file: results/results_lucas_sa-east-1_400.csv
2025-06-24 19:01:06 - INFO - Updating file: results/results_lucas_sa-east-1_400.csv
2025-06-24 19:01:06 - INFO - Updating file: results/results_lucas_sa-east-1_400.csv
2025-06-24 19:01:06 - INFO - Updating file: results/results_lucas_sa-east-1_400.csv
2025-06-24 19:01:06 - INFO - Updating file: results/results_lucas_sa-east-1_400.csv
2025-06-24 19:01:06 - INFO - Updating file: results/results_lucas_sa-east-1_400.csv
2025-06-24 19:01:06 - INFO - Updating file: results/results_lucas_sa-east-1_400.csv
2025-06-24 19:01:06 - INFO - Updating file: results/results_lucas_sa-east-1_400.csv
2025-06-24 19:01:06 - INFO - Updating file: results/results_lucas_sa-east-1_400.csv
2025-06-24 19:01:06 - INFO - Updating file: results/results_lucas_sa-east-1_400.csv
2025-06-24 19:01:06 - INFO - Updating file: results/results_lucas_sa-east-1_400.csv
2025-06-24 19:01:06 - INFO - Updating file: results/results_lucas_sa-east-1_400.csv
2025-06-24 19:01:06 - INFO - Updating file: results/results_lucas_sa-east-1_400.csv
2025-06-24 19:01:06 - INFO - Updating file: results/results_lucas_sa-east-1_400.csv
2025-06-24 19:01:06 - INFO - Updating file: results/results_lucas_sa-east-1_400.csv
2025-06-24 19:01:06 - INFO - Updating file: results/results_lucas_sa-east-1_400.csv
2025-06-24 19:01:06 - INFO - Updating file: results/results_lucas_sa-east-1_400.csv
2025-06-24 19:01:06 - INFO - Updating file: results/results_lucas_sa-east-1_400.csv
2025-06-24 19:01:06 - INFO - Updating file: results/results_lucas_sa-east-1_400.csv
2025-06-24 19:01:06 - INFO - Updating file: results/results_lucas_sa-east-1_400.csv
2025-06-24 19:01:06 - INFO - Updating file: results/results_lucas_sa-east-1_400.csv
2025-06-24 19:01:06 - INFO - Updating file: results/results_lucas_sa-east-1_400.csv
2025-06-24 19:01:06 - INFO - Updating file: results/results_lucas_sa-east-1_400.csv
2025-06-24 19:01:07 - INFO - Updating file: results/results_lucas_sa-east-1_400.csv
2025-06-24 19:01:07 - INFO - Updating file: results/results_lucas_sa-east-1_400.csv
2025-06-24 19:01:07 - INFO - Updating file: results/results_lucas_sa-east-1_400.csv
2025-06-24 19:01:07 - INFO - Updating file: results/results_lucas_sa-east-1_400.csv
2025-06-24 19:01:07 - INFO - Updating file: results/results_lucas_sa-east-1_400.csv
2025-06-24 19:01:07 - INFO - Updating file: results/results_lucas_sa-east-1_400.csv
2025-06-24 19:01:07 - INFO - Updating file: results/results_lucas_sa-east-1_400.csv
2025-06-24 19:01:07 - INFO - Updating file: results/results_lucas_sa-east-1_400.csv
2025-06-24 19:01:07 - INFO - Updating file: results/results_lucas_sa-east-1_400.csv
2025-06-24 19:01:07 - INFO - Updating file: results/results_lucas_sa-east-1_400.csv
2025-06-24 19:01:07 - INFO - Updating file: results/results_lucas_sa-east-1_400.csv
2025-06-24 19:01:07 - INFO - Updating file: results/results_lucas_sa-east-1_400.csv
2025-06-24 19:01:07 - INFO - Updating file: results/results_lucas_sa-east-1_400.csv
2025-06-24 19:01:07 - INFO - Updating file: results/results_lucas_sa-east-1_400.csv
2025-06-24 19:01:07 - INFO - Updating file: results/results_lucas_sa-east-1_400.csv
2025-06-24 19:01:07 - INFO - Updating file: results/results_lucas_sa-east-1_400.csv
2025-06-24 19:01:07 - INFO - Updating file: results/results_lucas_sa-east-1_400.csv
2025-06-24 19:01:07 - INFO - Updating file: results/results_lucas_sa-east-1_400.csv
2025-06-24 19:01:07 - INFO - Updating file: results/results_lucas_sa-east-1_400.csv
2025-06-24 19:01:07 - INFO - Updating file: results/results_lucas_sa-east-1_400.csv
2025-06-24 19:01:07 - INFO - Updating file: results/results_lucas_sa-east-1_400.csv
2025-06-24 19:01:07 - INFO - Updating file: results/results_lucas_sa-east-1_400.csv
2025-06-24 19:01:07 - INFO - Updating file: results/results_lucas_sa-east-1_400.csv
2025-06-24 19:01:07 - INFO - Updating file: results/results_lucas_sa-east-1_400.csv
2025-06-24 19:01:07 - INFO - Updating file: results/results_lucas_sa-east-1_400.csv
2025-06-24 19:01:07 - INFO - Updating file: results/results_lucas_sa-east-1_400.csv
2025-06-24 19:01:07 - INFO - Updating file: results/results_lucas_sa-east-1_400.csv
2025-06-24 19:01:07 - INFO - Updating file: results/results_lucas_sa-east-1_400.csv
2025-06-24 19:01:07 - INFO - Updating file: results/results_lucas_sa-east-1_400.csv
2025-06-24 19:01:07 - INFO - Updating file: results/results_lucas_sa-east-1_400.csv
2025-06-24 19:01:07 - INFO - Updating file: results/results_lucas_sa-east-1_400.csv
2025-06-24 19:01:07 - INFO - Updating file: results/results_lucas_sa-east-1_400.csv
2025-06-24 19:01:07 - INFO - Updating file: results/results_lucas_sa-east-1_400.csv
2025-06-24 19:01:07 - INFO - Updating file: results/results_lucas_sa-east-1_400.csv
2025-06-24 19:01:07 - INFO - Updating file: results/results_lucas_sa-east-1_400.csv
2025-06-24 19:01:07 - INFO - Updating file: results/results_lucas_sa-east-1_400.csv
2025-06-24 19:01:07 - INFO - Updating file: results/results_lucas_sa-east-1_400.csv
2025-06-24 19:01:07 - INFO - Updating file: results/results_lucas_sa-east-1_400.csv
2025-06-24 19:01:07 - INFO - Updating file: results/results_lucas_sa-east-1_400.csv
2025-06-24 19:01:07 - INFO - Updating file: results/results_lucas_sa-east-1_400.csv
2025-06-24 19:01:07 - INFO - Updating file: results/results_lucas_sa-east-1_400.csv
2025-06-24 19:01:07 - INFO - Updating file: results/results_lucas_sa-east-1_400.csv
2025-06-24 19:01:07 - INFO - Updating file: results/results_lucas_sa-east-1_400.csv
2025-06-24 19:01:07 - INFO - Updating file: results/results_lucas_sa-east-1_400.csv
2025-06-24 19:01:07 - INFO - Updating file: results/results_lucas_sa-east-1_400.csv
2025-06-24 19:01:07 - INFO - Updating file: results/results_lucas_sa-east-1_400.csv
2025-06-24 19:01:07 - INFO - Updating file: results/results_lucas_sa-east-1_400.csv
2025-06-24 19:01:07 - INFO - Updating file: results/results_lucas_sa-east-1_400.csv
2025-06-24 19:01:07 - INFO - Updating file: results/results_lucas_sa-east-1_400.csv
2025-06-24 19:01:07 - INFO - Updating file: results/results_lucas_sa-east-1_400.csv
2025-06-24 19:01:07 - INFO - Updating file: results/results_lucas_sa-east-1_400.csv
2025-06-24 19:01:07 - INFO - Updating file: results/results_lucas_sa-east-1_400.csv
2025-06-24 19:01:07 - INFO - Updating file: results/results_lucas_sa-east-1_400.csv
2025-06-24 19:01:07 - INFO - Updating file: results/results_lucas_sa-east-1_400.csv
2025-06-24 19:01:07 - INFO - Updating file: results/results_lucas_sa-east-1_400.csv
2025-06-24 19:01:07 - INFO - Updating file: results/results_lucas_sa-east-1_400.csv
2025-06-24 19:01:07 - INFO - Updating file: results/results_lucas_sa-east-1_400.csv
2025-06-24 19:01:07 - INFO - Updating file: results/results_lucas_sa-east-1_400.csv
2025-06-24 19:01:07 - INFO - Updating file: results/results_lucas_sa-east-1_400.csv
2025-06-24 19:01:07 - INFO - Updating file: results/results_lucas_sa-east-1_400.csv
2025-06-24 19:01:07 - INFO - Updating file: results/results_lucas_sa-east-1_400.csv
2025-06-24 19:01:07 - INFO - Updating file: results/results_lucas_sa-east-1_400.csv
2025-06-24 19:01:07 - INFO - Updating file: results/results_lucas_sa-east-1_400.csv
2025-06-24 19:01:07 - INFO - Updating file: results/results_lucas_sa-east-1_400.csv
2025-06-24 19:01:07 - INFO - Updating file: results/results_lucas_sa-east-1_400.csv
2025-06-24 19:01:07 - INFO - Updating file: results/results_lucas_sa-east-1_400.csv
2025-06-24 19:01:07 - INFO - Updating file: results/results_lucas_sa-east-1_400.csv
2025-06-24 19:01:07 - INFO - Updating file: results/results_lucas_sa-east-1_400.csv
2025-06-24 19:01:07 - INFO - Updating file: results/results_lucas_sa-east-1_400.csv
2025-06-24 19:01:07 - INFO - Updating file: results/results_lucas_sa-east-1_400.csv
2025-06-24 19:01:07 - INFO - Updating file: results/results_lucas_sa-east-1_400.csv
2025-06-24 19:01:07 - INFO - Updating file: results/results_lucas_sa-east-1_400.csv
2025-06-24 19:01:07 - INFO - Updating file: results/results_lucas_sa-east-1_400.csv
2025-06-24 19:01:07 - INFO - Updating file: results/results_lucas_sa-east-1_400.csv
2025-06-24 19:01:07 - INFO - Updating file: results/results_lucas_sa-east-1_400.csv
2025-06-24 19:01:07 - INFO - Updating file: results/results_lucas_sa-east-1_400.csv
2025-06-24 19:01:07 - INFO - Updating file: results/results_lucas_sa-east-1_400.csv
2025-06-24 19:01:07 - INFO - Updating file: results/results_lucas_sa-east-1_400.csv
2025-06-24 19:01:07 - INFO - Updating file: results/results_lucas_sa-east-1_400.csv
2025-06-24 19:01:07 - INFO - Updating file: results/results_lucas_sa-east-1_400.csv
2025-06-24 19:01:07 - INFO - Updating file: results/results_lucas_sa-east-1_400.csv
2025-06-24 19:01:18 - INFO - All instances have been terminated.
2025-06-25 22:31:01 - INFO - Start execution in sa-east-1 Nodes=300 Benchmark=bt.A.x Allocation Strategy=lowest-price
2025-06-25 22:31:01 - INFO - Found credentials in shared credentials file: ~/.aws/credentials
2025-06-25 22:32:27 - INFO - Start execution in sa-east-1 Nodes=300 Benchmark=bt.A.x Allocation Strategy=lowest-price
2025-06-25 22:32:27 - INFO - Found credentials in shared credentials file: ~/.aws/credentials
2025-06-25 22:33:08 - INFO - Tempo que levou para receber response AWS: 40.726861 segundos
2025-06-25 22:33:08 - INFO - Found credentials in shared credentials file: ~/.aws/credentials
2025-06-25 22:33:09 - WARNING - No spot price history found.
2025-06-25 22:33:09 - INFO - Updating file: results/results_lucas_sa-east-1_300.csv
2025-06-25 22:33:09 - INFO - Found credentials in shared credentials file: ~/.aws/credentials
2025-06-25 22:33:09 - WARNING - No spot price history found.
2025-06-25 22:33:09 - INFO - Updating file: results/results_lucas_sa-east-1_300.csv
2025-06-25 22:33:09 - INFO - Found credentials in shared credentials file: ~/.aws/credentials
2025-06-25 22:33:10 - WARNING - No spot price history found.
2025-06-25 22:33:10 - INFO - Updating file: results/results_lucas_sa-east-1_300.csv
2025-06-25 22:33:10 - INFO - Found credentials in shared credentials file: ~/.aws/credentials
2025-06-25 22:33:10 - WARNING - No spot price history found.
2025-06-25 22:33:10 - INFO - Updating file: results/results_lucas_sa-east-1_300.csv
2025-06-25 22:33:10 - INFO - Found credentials in shared credentials file: ~/.aws/credentials
2025-06-25 22:33:10 - WARNING - No spot price history found.
2025-06-25 22:33:10 - INFO - Updating file: results/results_lucas_sa-east-1_300.csv
2025-06-25 22:33:11 - INFO - Found credentials in shared credentials file: ~/.aws/credentials
2025-06-25 22:33:11 - INFO - m6a.24xlarge - 1.445300 - sa-east-1b
2025-06-25 22:33:11 - INFO - Updating file: results/results_lucas_sa-east-1_300.csv
2025-06-25 22:33:11 - INFO - Found credentials in shared credentials file: ~/.aws/credentials
2025-06-25 22:33:12 - INFO - m5a.24xlarge - 1.749300 - sa-east-1a
2025-06-25 22:33:12 - INFO - Updating file: results/results_lucas_sa-east-1_300.csv
2025-06-25 22:33:12 - INFO - Found credentials in shared credentials file: ~/.aws/credentials
2025-06-25 22:33:12 - INFO - m5a.24xlarge - 1.865900 - sa-east-1c
2025-06-25 22:33:12 - INFO - Updating file: results/results_lucas_sa-east-1_300.csv
2025-06-25 22:33:12 - INFO - Found credentials in shared credentials file: ~/.aws/credentials
2025-06-25 22:33:12 - INFO - c5.24xlarge - 1.919500 - sa-east-1a
2025-06-25 22:33:12 - INFO - Updating file: results/results_lucas_sa-east-1_300.csv
2025-06-25 22:33:12 - INFO - Found credentials in shared credentials file: ~/.aws/credentials
2025-06-25 22:33:13 - INFO - r5ad.24xlarge - 1.937600 - sa-east-1c
2025-06-25 22:33:13 - INFO - Updating file: results/results_lucas_sa-east-1_300.csv
2025-06-25 22:33:13 - INFO - Found credentials in shared credentials file: ~/.aws/credentials
2025-06-25 22:33:13 - INFO - m6a.24xlarge - 2.011300 - sa-east-1c
2025-06-25 22:33:13 - INFO - Updating file: results/results_lucas_sa-east-1_300.csv
2025-06-25 22:33:13 - INFO - Found credentials in shared credentials file: ~/.aws/credentials
2025-06-25 22:33:14 - INFO - m5.24xlarge - 2.048700 - sa-east-1a
2025-06-25 22:33:14 - INFO - Updating file: results/results_lucas_sa-east-1_300.csv
2025-06-25 22:33:14 - INFO - Found credentials in shared credentials file: ~/.aws/credentials
2025-06-25 22:33:14 - INFO - c6a.24xlarge - 2.136200 - sa-east-1b
2025-06-25 22:33:14 - INFO - Updating file: results/results_lucas_sa-east-1_300.csv
2025-06-25 22:33:14 - INFO - Found credentials in shared credentials file: ~/.aws/credentials
2025-06-25 22:33:15 - INFO - c5.24xlarge - 2.159300 - sa-east-1b
2025-06-25 22:33:15 - INFO - Updating file: results/results_lucas_sa-east-1_300.csv
2025-06-25 22:33:15 - INFO - Found credentials in shared credentials file: ~/.aws/credentials
2025-06-25 22:33:15 - INFO - m6a.24xlarge - 2.190600 - sa-east-1a
2025-06-25 22:33:15 - INFO - Updating file: results/results_lucas_sa-east-1_300.csv
2025-06-25 22:33:15 - INFO - Found credentials in shared credentials file: ~/.aws/credentials
2025-06-25 22:33:15 - INFO - r5a.24xlarge - 2.224500 - sa-east-1c
2025-06-25 22:33:15 - INFO - Updating file: results/results_lucas_sa-east-1_300.csv
2025-06-25 22:33:15 - INFO - Found credentials in shared credentials file: ~/.aws/credentials
2025-06-25 22:33:16 - INFO - m5ad.24xlarge - 2.349300 - sa-east-1c
2025-06-25 22:33:16 - INFO - Updating file: results/results_lucas_sa-east-1_300.csv
2025-06-25 22:33:16 - INFO - Found credentials in shared credentials file: ~/.aws/credentials
2025-06-25 22:33:16 - INFO - m5.24xlarge - 2.354100 - sa-east-1c
2025-06-25 22:33:16 - INFO - Updating file: results/results_lucas_sa-east-1_300.csv
2025-06-25 22:33:16 - INFO - Found credentials in shared credentials file: ~/.aws/credentials
2025-06-25 22:33:17 - INFO - c5.24xlarge - 2.618000 - sa-east-1c
2025-06-25 22:33:17 - INFO - Updating file: results/results_lucas_sa-east-1_300.csv
2025-06-25 22:33:17 - INFO - Found credentials in shared credentials file: ~/.aws/credentials
2025-06-25 22:33:17 - INFO - c6a.24xlarge - 2.637200 - sa-east-1a
2025-06-25 22:33:17 - INFO - Updating file: results/results_lucas_sa-east-1_300.csv
2025-06-25 22:33:17 - INFO - Found credentials in shared credentials file: ~/.aws/credentials
2025-06-25 22:33:18 - INFO - m5.24xlarge - 2.666300 - sa-east-1b
2025-06-25 22:33:18 - INFO - Updating file: results/results_lucas_sa-east-1_300.csv
2025-06-25 22:33:18 - INFO - Found credentials in shared credentials file: ~/.aws/credentials
2025-06-25 22:33:18 - INFO - m5ad.24xlarge - 2.690100 - sa-east-1a
2025-06-25 22:33:18 - INFO - Updating file: results/results_lucas_sa-east-1_300.csv
2025-06-25 22:33:18 - INFO - Found credentials in shared credentials file: ~/.aws/credentials
2025-06-25 22:33:19 - INFO - r5ad.24xlarge - 2.786700 - sa-east-1a
2025-06-25 22:33:19 - INFO - Updating file: results/results_lucas_sa-east-1_300.csv
2025-06-25 22:33:19 - INFO - Found credentials in shared credentials file: ~/.aws/credentials
2025-06-25 22:33:19 - INFO - c6i.32xlarge - 2.837200 - sa-east-1a
2025-06-25 22:33:19 - INFO - Updating file: results/results_lucas_sa-east-1_300.csv
2025-06-25 22:33:19 - INFO - Found credentials in shared credentials file: ~/.aws/credentials
2025-06-25 22:33:19 - INFO - c6i.32xlarge - 2.857600 - sa-east-1c
2025-06-25 22:33:19 - INFO - Updating file: results/results_lucas_sa-east-1_300.csv
2025-06-25 22:33:19 - INFO - Found credentials in shared credentials file: ~/.aws/credentials
2025-06-25 22:33:20 - INFO - r5a.24xlarge - 2.879400 - sa-east-1a
2025-06-25 22:33:20 - INFO - Updating file: results/results_lucas_sa-east-1_300.csv
2025-06-25 22:33:20 - INFO - Found credentials in shared credentials file: ~/.aws/credentials
2025-06-25 22:33:20 - INFO - m5a.24xlarge - 2.912500 - sa-east-1b
2025-06-25 22:33:20 - INFO - Updating file: results/results_lucas_sa-east-1_300.csv
2025-06-25 22:33:20 - INFO - Found credentials in shared credentials file: ~/.aws/credentials
2025-06-25 22:33:21 - INFO - r5n.24xlarge - 2.939900 - sa-east-1b
2025-06-25 22:33:21 - INFO - Updating file: results/results_lucas_sa-east-1_300.csv
2025-06-25 22:33:21 - INFO - Found credentials in shared credentials file: ~/.aws/credentials
2025-06-25 22:33:21 - INFO - c7i.48xlarge - 2.949600 - sa-east-1a
2025-06-25 22:33:21 - INFO - Updating file: results/results_lucas_sa-east-1_300.csv
2025-06-25 22:33:21 - INFO - Found credentials in shared credentials file: ~/.aws/credentials
2025-06-25 22:33:22 - INFO - c5a.24xlarge - 2.982700 - sa-east-1a
2025-06-25 22:33:22 - INFO - Updating file: results/results_lucas_sa-east-1_300.csv
2025-06-25 22:33:22 - INFO - Found credentials in shared credentials file: ~/.aws/credentials
2025-06-25 22:33:22 - INFO - c5a.24xlarge - 2.991800 - sa-east-1c
2025-06-25 22:33:22 - INFO - Updating file: results/results_lucas_sa-east-1_300.csv
2025-06-25 22:33:22 - INFO - Found credentials in shared credentials file: ~/.aws/credentials
2025-06-25 22:33:22 - INFO - c6a.24xlarge - 3.024800 - sa-east-1c
2025-06-25 22:33:22 - INFO - Updating file: results/results_lucas_sa-east-1_300.csv
2025-06-25 22:33:22 - INFO - Found credentials in shared credentials file: ~/.aws/credentials
2025-06-25 22:33:23 - INFO - r5.24xlarge - 3.227900 - sa-east-1b
2025-06-25 22:33:23 - INFO - Updating file: results/results_lucas_sa-east-1_300.csv
2025-06-25 22:33:23 - INFO - Found credentials in shared credentials file: ~/.aws/credentials
2025-06-25 22:33:23 - INFO - c7i.48xlarge - 3.236000 - sa-east-1b
2025-06-25 22:33:23 - INFO - Updating file: results/results_lucas_sa-east-1_300.csv
2025-06-25 22:33:23 - INFO - Found credentials in shared credentials file: ~/.aws/credentials
2025-06-25 22:33:24 - INFO - r5.24xlarge - 3.352400 - sa-east-1a
2025-06-25 22:33:24 - INFO - Updating file: results/results_lucas_sa-east-1_300.csv
2025-06-25 22:33:24 - INFO - Found credentials in shared credentials file: ~/.aws/credentials
2025-06-25 22:33:24 - INFO - c7i.48xlarge - 3.358600 - sa-east-1c
2025-06-25 22:33:24 - INFO - Updating file: results/results_lucas_sa-east-1_300.csv
2025-06-25 22:33:24 - INFO - Found credentials in shared credentials file: ~/.aws/credentials
2025-06-25 22:33:24 - INFO - m7i.24xlarge - 3.375500 - sa-east-1b
2025-06-25 22:33:24 - INFO - Updating file: results/results_lucas_sa-east-1_300.csv
2025-06-25 22:33:24 - INFO - Found credentials in shared credentials file: ~/.aws/credentials
2025-06-25 22:33:25 - INFO - c5a.24xlarge - 3.418700 - sa-east-1b
2025-06-25 22:33:25 - INFO - Updating file: results/results_lucas_sa-east-1_300.csv
2025-06-25 22:33:25 - INFO - Found credentials in shared credentials file: ~/.aws/credentials
2025-06-25 22:33:25 - INFO - m6i.24xlarge - 3.432800 - sa-east-1a
2025-06-25 22:33:25 - INFO - Updating file: results/results_lucas_sa-east-1_300.csv
2025-06-25 22:33:25 - INFO - Found credentials in shared credentials file: ~/.aws/credentials
2025-06-25 22:33:26 - INFO - r5.24xlarge - 3.446100 - sa-east-1c
2025-06-25 22:33:26 - INFO - Updating file: results/results_lucas_sa-east-1_300.csv
2025-06-25 22:33:26 - INFO - Found credentials in shared credentials file: ~/.aws/credentials
2025-06-25 22:33:26 - INFO - c6in.24xlarge - 3.561800 - sa-east-1b
2025-06-25 22:33:26 - INFO - Updating file: results/results_lucas_sa-east-1_300.csv
2025-06-25 22:33:26 - INFO - Found credentials in shared credentials file: ~/.aws/credentials
2025-06-25 22:33:27 - INFO - c6i.32xlarge - 3.613000 - sa-east-1b
2025-06-25 22:33:27 - INFO - Updating file: results/results_lucas_sa-east-1_300.csv
2025-06-25 22:33:27 - INFO - Found credentials in shared credentials file: ~/.aws/credentials
2025-06-25 22:33:27 - INFO - m7i.24xlarge - 3.640000 - sa-east-1c
2025-06-25 22:33:27 - INFO - Updating file: results/results_lucas_sa-east-1_300.csv
2025-06-25 22:33:27 - INFO - Fleet created with instances: ['i-0232ef357deba9425', 'i-02322b41b96baca0b', 'i-078e09eef8a61db27', 'i-06df2a01a2286a99d', 'i-0b0870c9dea07d599', 'i-0e10a7aaf3651d5a3', 'i-038ab2952d1043fcb', 'i-0bb3371b80139d3fb', 'i-026aad8e5bf36ac6b', 'i-0ea19647aa9740fe6', 'i-05190cc1b33de3df8', 'i-0f8c0ce432ec921d7', 'i-0709bbf994895fae6', 'i-0b911b05bf9be369c', 'i-067b1e38ba04c0941', 'i-0f988be2815b0f4fa', 'i-01dc1b836cb5fd357', 'i-0bdfe6909e1031101', 'i-0aac42e5030b0abf6', 'i-063142bc0cce816f0', 'i-05c694da96a1922de', 'i-0a9160bbc4c90a69f', 'i-010b25a9996b57ab9', 'i-056d736c2222df8c3', 'i-042384de855e2f6c4', 'i-01a3e728b40c00efb', 'i-0e1b16af3ad0fec3c', 'i-06258012526cac6b5', 'i-0235df6fa21e7c5ef', 'i-0aa7ffb00821b1d4a', 'i-048ef505e4559b5bf', 'i-093483c7de66bfec7', 'i-05e28bfa8e77933d8', 'i-080ff33e37783b0d4', 'i-07ff21e8b33f31020', 'i-01b8d0bcb3930f892', 'i-0204ca14c84780e0c', 'i-0e218af1ef31125fd', 'i-0dde6f6d275024f95', 'i-02f0b0db4c6645cac', 'i-07125c258f0284a5e', 'i-027e5e454c66e0fdc', 'i-0cebbae0493e2483f', 'i-0877eb0540fa61443', 'i-0850f3d04222dad9b', 'i-0c2fab41d73a83c4f', 'i-057978d5dfbe902d0', 'i-0959b1017d53b72fc', 'i-06ed3a6103f4df8ed', 'i-092ecd7eb294178fe', 'i-0dfbb04798706070b', 'i-08b8930b0c9f38402', 'i-0a903f9f12d8b8619', 'i-0dd950c91f940bc24']
2025-06-25 22:33:41 - INFO - Tempo que levou para as máquinas estarem running: 12.511726 segundos
2025-06-25 22:33:41 - INFO - Tempo que levou para criar o Fleet com 54 instâncias: 73.332552 segundos
2025-06-25 22:33:41 - INFO - 54 instâncias no total. Iniciando benchmark em paralelo...
2025-06-25 22:33:41 - INFO - Found credentials in shared credentials file: ~/.aws/credentials
2025-06-25 22:33:41 - INFO - Found credentials in shared credentials file: ~/.aws/credentials
2025-06-25 22:33:41 - INFO - Found credentials in shared credentials file: ~/.aws/credentials
2025-06-25 22:33:41 - INFO - Found credentials in shared credentials file: ~/.aws/credentials
2025-06-25 22:33:41 - INFO - Found credentials in shared credentials file: ~/.aws/credentials
2025-06-25 22:33:41 - INFO - Found credentials in shared credentials file: ~/.aws/credentials
2025-06-25 22:33:41 - INFO - Found credentials in shared credentials file: ~/.aws/credentials
2025-06-25 22:33:41 - INFO - Found credentials in shared credentials file: ~/.aws/credentials
2025-06-25 22:33:41 - INFO - Found credentials in shared credentials file: ~/.aws/credentials
2025-06-25 22:33:41 - INFO - Found credentials in shared credentials file: ~/.aws/credentials
2025-06-25 22:33:41 - INFO - Found credentials in shared credentials file: ~/.aws/credentials
2025-06-25 22:33:41 - INFO - Found credentials in shared credentials file: ~/.aws/credentials
2025-06-25 22:33:41 - INFO - Found credentials in shared credentials file: ~/.aws/credentials
2025-06-25 22:33:41 - INFO - Found credentials in shared credentials file: ~/.aws/credentials
2025-06-25 22:33:41 - INFO - Found credentials in shared credentials file: ~/.aws/credentials
2025-06-25 22:33:41 - INFO - Found credentials in shared credentials file: ~/.aws/credentials
2025-06-25 22:33:41 - INFO - Found credentials in shared credentials file: ~/.aws/credentials
2025-06-25 22:33:42 - INFO - Found credentials in shared credentials file: ~/.aws/credentials
2025-06-25 22:33:42 - INFO - Found credentials in shared credentials file: ~/.aws/credentials
2025-06-25 22:33:42 - INFO - Found credentials in shared credentials file: ~/.aws/credentials
2025-06-25 22:33:42 - INFO - Found credentials in shared credentials file: ~/.aws/credentials
2025-06-25 22:33:42 - INFO - Found credentials in shared credentials file: ~/.aws/credentials
2025-06-25 22:33:42 - INFO - Found credentials in shared credentials file: ~/.aws/credentials
2025-06-25 22:33:42 - INFO - Found credentials in shared credentials file: ~/.aws/credentials
2025-06-25 22:33:42 - INFO - Found credentials in shared credentials file: ~/.aws/credentials
2025-06-25 22:33:42 - INFO - Found credentials in shared credentials file: ~/.aws/credentials
2025-06-25 22:33:42 - INFO - Found credentials in shared credentials file: ~/.aws/credentials
2025-06-25 22:33:42 - INFO - Found credentials in shared credentials file: ~/.aws/credentials
2025-06-25 22:33:42 - INFO - Found credentials in shared credentials file: ~/.aws/credentials
2025-06-25 22:33:42 - INFO - Found credentials in shared credentials file: ~/.aws/credentials
2025-06-25 22:33:43 - INFO - Found credentials in shared credentials file: ~/.aws/credentials
2025-06-25 22:33:43 - INFO - Found credentials in shared credentials file: ~/.aws/credentials
2025-06-25 22:33:43 - INFO - Found credentials in shared credentials file: ~/.aws/credentials
2025-06-25 22:33:43 - INFO - Found credentials in shared credentials file: ~/.aws/credentials
2025-06-25 22:33:43 - INFO - Found credentials in shared credentials file: ~/.aws/credentials
2025-06-25 22:33:43 - INFO - Found credentials in shared credentials file: ~/.aws/credentials
2025-06-25 22:33:43 - INFO - Found credentials in shared credentials file: ~/.aws/credentials
2025-06-25 22:33:43 - INFO - Found credentials in shared credentials file: ~/.aws/credentials
2025-06-25 22:33:43 - INFO - Found credentials in shared credentials file: ~/.aws/credentials
2025-06-25 22:33:43 - INFO - Found credentials in shared credentials file: ~/.aws/credentials
2025-06-25 22:33:44 - INFO - Found credentials in shared credentials file: ~/.aws/credentials
2025-06-25 22:33:44 - INFO - Found credentials in shared credentials file: ~/.aws/credentials
2025-06-25 22:33:44 - INFO - Found credentials in shared credentials file: ~/.aws/credentials
2025-06-25 22:33:44 - INFO - Found credentials in shared credentials file: ~/.aws/credentials
2025-06-25 22:33:44 - INFO - Found credentials in shared credentials file: ~/.aws/credentials
2025-06-25 22:33:44 - INFO - Found credentials in shared credentials file: ~/.aws/credentials
2025-06-25 22:33:44 - INFO - Found credentials in shared credentials file: ~/.aws/credentials
2025-06-25 22:33:44 - INFO - Found credentials in shared credentials file: ~/.aws/credentials
2025-06-25 22:33:44 - INFO - Found credentials in shared credentials file: ~/.aws/credentials
2025-06-25 22:33:45 - INFO - Found credentials in shared credentials file: ~/.aws/credentials
2025-06-25 22:33:45 - INFO - Found credentials in shared credentials file: ~/.aws/credentials
2025-06-25 22:33:45 - INFO - Found credentials in shared credentials file: ~/.aws/credentials
2025-06-25 22:33:45 - INFO - Found credentials in shared credentials file: ~/.aws/credentials
2025-06-25 22:33:45 - INFO - Found credentials in shared credentials file: ~/.aws/credentials
2025-06-25 22:33:55 - INFO - c6i.32xlarge - 2.857600 - sa-east-1c
2025-06-25 22:33:55 - INFO - m7i.24xlarge - 3.640000 - sa-east-1c
2025-06-25 22:33:55 - INFO - Updating file: results/results_lucas_sa-east-1_300.csv
2025-06-25 22:33:55 - INFO - m5a.24xlarge - 2.912500 - sa-east-1b
2025-06-25 22:33:55 - INFO - r5ad.24xlarge - 2.786700 - sa-east-1a
2025-06-25 22:33:55 - INFO - m5a.24xlarge - 2.912500 - sa-east-1b
2025-06-25 22:33:55 - INFO - Updating file: results/results_lucas_sa-east-1_300.csv
2025-06-25 22:33:55 - INFO - r5ad.24xlarge - 2.786700 - sa-east-1a
2025-06-25 22:33:55 - INFO - m7i.24xlarge - 3.640000 - sa-east-1c
2025-06-25 22:33:55 - INFO - m7i.24xlarge - 3.640000 - sa-east-1c
2025-06-25 22:33:55 - INFO - m7i.24xlarge - 3.375500 - sa-east-1b
2025-06-25 22:33:55 - INFO - Updating file: results/results_lucas_sa-east-1_300.csv
2025-06-25 22:33:55 - INFO - m7i.24xlarge - 3.640000 - sa-east-1c
2025-06-25 22:33:55 - INFO - c5a.24xlarge - 3.418700 - sa-east-1b
2025-06-25 22:33:55 - INFO - m5a.24xlarge - 2.912500 - sa-east-1b
2025-06-25 22:33:55 - INFO - Updating file: results/results_lucas_sa-east-1_300.csv
2025-06-25 22:33:55 - INFO - m5a.24xlarge - 2.912500 - sa-east-1b
2025-06-25 22:33:55 - INFO - Updating file: results/results_lucas_sa-east-1_300.csv
2025-06-25 22:33:55 - INFO - m5a.24xlarge - 2.912500 - sa-east-1b
2025-06-25 22:33:55 - INFO - Updating file: results/results_lucas_sa-east-1_300.csv
2025-06-25 22:33:55 - INFO - m5a.24xlarge - 2.912500 - sa-east-1b
2025-06-25 22:33:55 - INFO - r5ad.24xlarge - 2.786700 - sa-east-1a
2025-06-25 22:33:55 - INFO - c5a.24xlarge - 2.991800 - sa-east-1c
2025-06-25 22:33:55 - INFO - r5ad.24xlarge - 2.786700 - sa-east-1a
2025-06-25 22:33:55 - INFO - m5a.24xlarge - 2.912500 - sa-east-1b
2025-06-25 22:33:55 - INFO - Updating file: results/results_lucas_sa-east-1_300.csv
2025-06-25 22:33:55 - INFO - m5a.24xlarge - 2.912500 - sa-east-1b
2025-06-25 22:33:55 - INFO - m7i.24xlarge - 3.375500 - sa-east-1b
2025-06-25 22:33:55 - INFO - r5ad.24xlarge - 2.786700 - sa-east-1a
2025-06-25 22:33:55 - INFO - r5ad.24xlarge - 2.786700 - sa-east-1a
2025-06-25 22:33:55 - INFO - m7i.24xlarge - 3.640000 - sa-east-1c
2025-06-25 22:33:55 - INFO - Updating file: results/results_lucas_sa-east-1_300.csv
2025-06-25 22:33:56 - INFO - m5a.24xlarge - 2.912500 - sa-east-1b
2025-06-25 22:33:56 - INFO - c5a.24xlarge - 2.991800 - sa-east-1c
2025-06-25 22:33:56 - INFO - m5a.24xlarge - 2.912500 - sa-east-1b
2025-06-25 22:33:56 - INFO - m5a.24xlarge - 2.912500 - sa-east-1b
2025-06-25 22:33:56 - INFO - Updating file: results/results_lucas_sa-east-1_300.csv
2025-06-25 22:33:56 - INFO - c5a.24xlarge - 3.418700 - sa-east-1b
2025-06-25 22:33:56 - INFO - m5a.24xlarge - 2.912500 - sa-east-1b
2025-06-25 22:33:56 - INFO - m5a.24xlarge - 2.912500 - sa-east-1b
2025-06-25 22:33:56 - INFO - Updating file: results/results_lucas_sa-east-1_300.csv
2025-06-25 22:33:56 - INFO - m5a.24xlarge - 2.912500 - sa-east-1b
2025-06-25 22:33:56 - INFO - c5a.24xlarge - 3.418700 - sa-east-1b
2025-06-25 22:33:56 - INFO - Updating file: results/results_lucas_sa-east-1_300.csv
2025-06-25 22:33:56 - INFO - Updating file: results/results_lucas_sa-east-1_300.csv
2025-06-25 22:33:56 - INFO - m5a.24xlarge - 2.912500 - sa-east-1b
2025-06-25 22:33:56 - INFO - m5a.24xlarge - 2.912500 - sa-east-1b
2025-06-25 22:33:56 - INFO - Updating file: results/results_lucas_sa-east-1_300.csv
2025-06-25 22:33:56 - INFO - m5a.24xlarge - 2.912500 - sa-east-1b
2025-06-25 22:33:56 - INFO - c5a.24xlarge - 3.418700 - sa-east-1b
2025-06-25 22:33:56 - INFO - m7i.24xlarge - 3.640000 - sa-east-1c
2025-06-25 22:33:56 - INFO - Updating file: results/results_lucas_sa-east-1_300.csv
2025-06-25 22:33:56 - INFO - c6a.24xlarge - 3.024800 - sa-east-1c
2025-06-25 22:33:56 - INFO - Updating file: results/results_lucas_sa-east-1_300.csv
2025-06-25 22:33:56 - INFO - c6i.32xlarge - 2.857600 - sa-east-1c
2025-06-25 22:33:56 - INFO - m7i.24xlarge - 3.375500 - sa-east-1b
2025-06-25 22:33:56 - INFO - Updating file: results/results_lucas_sa-east-1_300.csv
2025-06-25 22:33:56 - INFO - Updating file: results/results_lucas_sa-east-1_300.csv
2025-06-25 22:33:56 - INFO - m5a.24xlarge - 2.912500 - sa-east-1b
2025-06-25 22:33:56 - INFO - Updating file: results/results_lucas_sa-east-1_300.csv
2025-06-25 22:33:56 - INFO - Updating file: results/results_lucas_sa-east-1_300.csv
2025-06-25 22:33:56 - INFO - m7i.24xlarge - 3.640000 - sa-east-1c
2025-06-25 22:33:56 - INFO - Updating file: results/results_lucas_sa-east-1_300.csv
2025-06-25 22:33:56 - INFO - Updating file: results/results_lucas_sa-east-1_300.csv
2025-06-25 22:33:58 - INFO - m5a.24xlarge - 2.912500 - sa-east-1b
2025-06-25 22:33:58 - INFO - m5a.24xlarge - 2.912500 - sa-east-1b
2025-06-25 22:33:58 - INFO - Updating file: results/results_lucas_sa-east-1_300.csv
2025-06-25 22:33:58 - INFO - m5a.24xlarge - 2.912500 - sa-east-1b
2025-06-25 22:33:58 - INFO - r5a.24xlarge - 2.879400 - sa-east-1a
2025-06-25 22:33:58 - INFO - m5a.24xlarge - 2.912500 - sa-east-1b
2025-06-25 22:33:58 - INFO - c5a.24xlarge - 3.418700 - sa-east-1b
2025-06-25 22:33:58 - INFO - Updating file: results/results_lucas_sa-east-1_300.csv
2025-06-25 22:33:58 - INFO - Updating file: results/results_lucas_sa-east-1_300.csv
2025-06-25 22:33:58 - INFO - Updating file: results/results_lucas_sa-east-1_300.csv
2025-06-25 22:33:58 - INFO - Updating file: results/results_lucas_sa-east-1_300.csv
2025-06-25 22:33:58 - INFO - Updating file: results/results_lucas_sa-east-1_300.csv
2025-06-25 22:33:58 - INFO - Updating file: results/results_lucas_sa-east-1_300.csv
2025-06-25 22:33:58 - INFO - Updating file: results/results_lucas_sa-east-1_300.csv
2025-06-25 22:33:58 - INFO - Updating file: results/results_lucas_sa-east-1_300.csv
2025-06-25 22:33:58 - INFO - m5a.24xlarge - 2.912500 - sa-east-1b
2025-06-25 22:33:58 - INFO - Updating file: results/results_lucas_sa-east-1_300.csv
2025-06-25 22:33:58 - INFO - m7i.24xlarge - 3.640000 - sa-east-1c
2025-06-25 22:33:58 - INFO - m5a.24xlarge - 2.912500 - sa-east-1b
2025-06-25 22:33:58 - INFO - m5a.24xlarge - 2.912500 - sa-east-1b
2025-06-25 22:33:58 - INFO - Updating file: results/results_lucas_sa-east-1_300.csv
2025-06-25 22:33:58 - INFO - Updating file: results/results_lucas_sa-east-1_300.csv
2025-06-25 22:33:58 - INFO - Updating file: results/results_lucas_sa-east-1_300.csv
2025-06-25 22:33:58 - INFO - Updating file: results/results_lucas_sa-east-1_300.csv
2025-06-25 22:33:58 - INFO - Updating file: results/results_lucas_sa-east-1_300.csv
2025-06-25 22:33:58 - INFO - Updating file: results/results_lucas_sa-east-1_300.csv
2025-06-25 22:33:58 - INFO - Updating file: results/results_lucas_sa-east-1_300.csv
2025-06-25 22:33:58 - INFO - Updating file: results/results_lucas_sa-east-1_300.csv
2025-06-25 22:33:58 - INFO - m5a.24xlarge - 2.912500 - sa-east-1b
2025-06-25 22:33:58 - INFO - Updating file: results/results_lucas_sa-east-1_300.csv
2025-06-25 22:33:58 - INFO - Updating file: results/results_lucas_sa-east-1_300.csv
2025-06-25 22:33:58 - INFO - Updating file: results/results_lucas_sa-east-1_300.csv
2025-06-25 22:33:58 - INFO - Updating file: results/results_lucas_sa-east-1_300.csv
2025-06-25 22:33:58 - INFO - Updating file: results/results_lucas_sa-east-1_300.csv
2025-06-25 22:33:58 - INFO - Updating file: results/results_lucas_sa-east-1_300.csv
2025-06-25 22:33:58 - INFO - Updating file: results/results_lucas_sa-east-1_300.csv
2025-06-25 22:33:58 - INFO - Updating file: results/results_lucas_sa-east-1_300.csv
2025-06-25 22:33:58 - INFO - Updating file: results/results_lucas_sa-east-1_300.csv
2025-06-25 22:33:58 - INFO - Updating file: results/results_lucas_sa-east-1_300.csv
2025-06-25 22:33:58 - INFO - Updating file: results/results_lucas_sa-east-1_300.csv
2025-06-25 22:33:58 - INFO - Updating file: results/results_lucas_sa-east-1_300.csv
2025-06-25 22:33:58 - INFO - Updating file: results/results_lucas_sa-east-1_300.csv
2025-06-25 22:33:58 - INFO - Updating file: results/results_lucas_sa-east-1_300.csv
2025-06-25 22:33:58 - INFO - Updating file: results/results_lucas_sa-east-1_300.csv
2025-06-25 22:34:08 - INFO - All instances have been terminated.
2025-06-25 22:44:34 - INFO - Start execution in sa-east-1 Nodes=300 Benchmark=bt.A.x Allocation Strategy=lowest-price
2025-06-25 22:44:34 - INFO - Found credentials in shared credentials file: ~/.aws/credentials
2025-06-25 22:45:15 - INFO - Tempo que levou para receber response AWS: 41.020736 segundos
2025-06-25 22:45:15 - INFO - Found credentials in shared credentials file: ~/.aws/credentials
2025-06-25 22:45:16 - WARNING - No spot price history found.
2025-06-25 22:45:16 - INFO - Updating file: results/results_lucas_sa-east-1_300.csv
2025-06-25 22:45:16 - INFO - Found credentials in shared credentials file: ~/.aws/credentials
2025-06-25 22:45:16 - WARNING - No spot price history found.
2025-06-25 22:45:16 - INFO - Updating file: results/results_lucas_sa-east-1_300.csv
2025-06-25 22:45:16 - INFO - Found credentials in shared credentials file: ~/.aws/credentials
2025-06-25 22:45:17 - WARNING - No spot price history found.
2025-06-25 22:45:17 - INFO - Updating file: results/results_lucas_sa-east-1_300.csv
2025-06-25 22:45:17 - INFO - Found credentials in shared credentials file: ~/.aws/credentials
2025-06-25 22:45:17 - WARNING - No spot price history found.
2025-06-25 22:45:17 - INFO - Updating file: results/results_lucas_sa-east-1_300.csv
2025-06-25 22:45:17 - INFO - Found credentials in shared credentials file: ~/.aws/credentials
2025-06-25 22:45:17 - WARNING - No spot price history found.
2025-06-25 22:45:18 - INFO - Updating file: results/results_lucas_sa-east-1_300.csv
2025-06-25 22:45:18 - INFO - Found credentials in shared credentials file: ~/.aws/credentials
2025-06-25 22:45:18 - INFO - m6a.24xlarge - 1.445300 - sa-east-1b
2025-06-25 22:45:18 - INFO - Updating file: results/results_lucas_sa-east-1_300.csv
2025-06-25 22:45:18 - INFO - Found credentials in shared credentials file: ~/.aws/credentials
2025-06-25 22:45:18 - INFO - m5a.24xlarge - 1.749300 - sa-east-1a
2025-06-25 22:45:18 - INFO - Updating file: results/results_lucas_sa-east-1_300.csv
2025-06-25 22:45:18 - INFO - Found credentials in shared credentials file: ~/.aws/credentials
2025-06-25 22:45:19 - INFO - m5a.24xlarge - 1.865900 - sa-east-1c
2025-06-25 22:45:19 - INFO - Updating file: results/results_lucas_sa-east-1_300.csv
2025-06-25 22:45:19 - INFO - Found credentials in shared credentials file: ~/.aws/credentials
2025-06-25 22:45:19 - INFO - c5.24xlarge - 1.919500 - sa-east-1a
2025-06-25 22:45:19 - INFO - Updating file: results/results_lucas_sa-east-1_300.csv
2025-06-25 22:45:19 - INFO - Found credentials in shared credentials file: ~/.aws/credentials
2025-06-25 22:45:20 - INFO - r5ad.24xlarge - 1.937600 - sa-east-1c
2025-06-25 22:45:20 - INFO - Updating file: results/results_lucas_sa-east-1_300.csv
2025-06-25 22:45:20 - INFO - Found credentials in shared credentials file: ~/.aws/credentials
2025-06-25 22:45:20 - INFO - m6a.24xlarge - 2.011300 - sa-east-1c
2025-06-25 22:45:20 - INFO - Updating file: results/results_lucas_sa-east-1_300.csv
2025-06-25 22:45:20 - INFO - Found credentials in shared credentials file: ~/.aws/credentials
2025-06-25 22:45:21 - INFO - m5.24xlarge - 2.048700 - sa-east-1a
2025-06-25 22:45:21 - INFO - Updating file: results/results_lucas_sa-east-1_300.csv
2025-06-25 22:45:21 - INFO - Found credentials in shared credentials file: ~/.aws/credentials
2025-06-25 22:45:21 - INFO - c6a.24xlarge - 2.136200 - sa-east-1b
2025-06-25 22:45:21 - INFO - Updating file: results/results_lucas_sa-east-1_300.csv
2025-06-25 22:45:21 - INFO - Found credentials in shared credentials file: ~/.aws/credentials
2025-06-25 22:45:22 - INFO - c5.24xlarge - 2.159300 - sa-east-1b
2025-06-25 22:45:22 - INFO - Updating file: results/results_lucas_sa-east-1_300.csv
2025-06-25 22:45:22 - INFO - Found credentials in shared credentials file: ~/.aws/credentials
2025-06-25 22:45:22 - INFO - m6a.24xlarge - 2.190600 - sa-east-1a
2025-06-25 22:45:22 - INFO - Updating file: results/results_lucas_sa-east-1_300.csv
2025-06-25 22:45:22 - INFO - Found credentials in shared credentials file: ~/.aws/credentials
2025-06-25 22:45:22 - INFO - r5a.24xlarge - 2.224500 - sa-east-1c
2025-06-25 22:45:22 - INFO - Updating file: results/results_lucas_sa-east-1_300.csv
2025-06-25 22:45:22 - INFO - Found credentials in shared credentials file: ~/.aws/credentials
2025-06-25 22:45:23 - INFO - m5ad.24xlarge - 2.349300 - sa-east-1c
2025-06-25 22:45:23 - INFO - Updating file: results/results_lucas_sa-east-1_300.csv
2025-06-25 22:45:23 - INFO - Found credentials in shared credentials file: ~/.aws/credentials
2025-06-25 22:45:23 - INFO - m5.24xlarge - 2.354100 - sa-east-1c
2025-06-25 22:45:23 - INFO - Updating file: results/results_lucas_sa-east-1_300.csv
2025-06-25 22:45:23 - INFO - Found credentials in shared credentials file: ~/.aws/credentials
2025-06-25 22:45:24 - INFO - c5.24xlarge - 2.618000 - sa-east-1c
2025-06-25 22:45:24 - INFO - Updating file: results/results_lucas_sa-east-1_300.csv
2025-06-25 22:45:24 - INFO - Found credentials in shared credentials file: ~/.aws/credentials
2025-06-25 22:45:24 - INFO - c6a.24xlarge - 2.637200 - sa-east-1a
2025-06-25 22:45:24 - INFO - Updating file: results/results_lucas_sa-east-1_300.csv
2025-06-25 22:45:24 - INFO - Fleet created with instances: ['i-0e7a5081fd5f7b134', 'i-017818e269d6039c0', 'i-0a9dfb73afdbb1574', 'i-0631aadd8727b9e6e', 'i-004cb94fdd49d6790', 'i-0a4158ced406e3997', 'i-03b68c13a6529de2a', 'i-02a835f6d84324574', 'i-084004df3fbb538f6', 'i-06baaad6f1a224259', 'i-09446e83dbabe1d42', 'i-09f98f02ad84960ec', 'i-048bfcde2edbd3fcf', 'i-0ef8d0fe8584a6274', 'i-07a5409b7f0849a7d', 'i-0528fa0f4c8ea4e96', 'i-0356e45387eb1cf22', 'i-061216b1f2d2a851b', 'i-03aa8e34adb4d1500', 'i-0ea8c7b073bb59025', 'i-04e3faeec577bff80', 'i-072bfc204fe491450', 'i-0b6e2174d71f11b75', 'i-0d92d2c5ad1337f96', 'i-061d50a84a31a296f', 'i-0604f19bbf09c4a6f', 'i-0d4a3ed33e01d95e8', 'i-0d2d1e1715fe8b8de', 'i-0f2f62b6f03c5645e', 'i-02c89ce402e93040b', 'i-0e75784e6bd0e51df', 'i-08beb91d51b93fc8f', 'i-0ae1f89cf2de48f10', 'i-0b986a98622dd2368', 'i-0f476deee57f1c521', 'i-0d568ca7e5b727f46', 'i-0edcf0dfcf221e417', 'i-0d78a004360816885', 'i-024eb7f947cf4e049', 'i-0085154f1c64c5683', 'i-0a7bc846b61c59814', 'i-0685ef2a1cb17cb4a', 'i-0b66afe18366a2672', 'i-0314f396be5a5d837', 'i-08d2ff9f177952820', 'i-04aa2b5f0f00b5987', 'i-0fb9db7522943e470', 'i-06d4dbefac7237343', 'i-0b292c3a97d09c373', 'i-03676a1069448728e', 'i-060908ca0bd17a6e0', 'i-0507928fe5d079c35', 'i-0da3a029674dd1f83', 'i-09c97e736144214a3', 'i-03a5e1aaa2fe0cd99', 'i-0ad8cf07213671bb1', 'i-0fc463db506c5a127', 'i-0536eda7c3384ebeb', 'i-00c39fae8f075a278', 'i-06c8d9b7daf8ad8e2', 'i-0b9bbb9106c1c100d', 'i-01efb6bf42fd2e9a8', 'i-07de2581897dce50e', 'i-0e1ffea0ef10e2f23', 'i-00040b207077577d1', 'i-00722e0972598be10', 'i-0c13d85eff42f8a32', 'i-0c0df611a9630c50e', 'i-05bb7fd1a2146019c', 'i-0e6ec7a9523437c34', 'i-0f2d7b40eccacb556', 'i-07bad2d86c0e45016', 'i-0a406efdff2719c4f', 'i-0512710ea07f1825c', 'i-05103a9b3b73fd712', 'i-042d55cb196adbd06', 'i-00b5ab53da4507335', 'i-03af2b6a6d03d66d3', 'i-0a28c4a51dd6fae2b', 'i-073e3d1dfdbd7f7cc', 'i-0c2d7e5451c854eae', 'i-0b7777f6590e67794', 'i-07e0ae49714429a90', 'i-0534e08962af0271b', 'i-016e101b0fb03d022', 'i-042ce7919e5362628', 'i-059f994ce4de96d4b', 'i-0ec25ea4ace76b6e4', 'i-058c32ae5bc04c0b5', 'i-0e8936a4ecf071fb0', 'i-0395d1b03f75a531a', 'i-0480926aa6a2486b0', 'i-0bc69256f4bdf5728', 'i-055e1220d0c23b387', 'i-049d35925df45623d', 'i-0f66f4af6ee31d043', 'i-010ba5d24487d9085', 'i-0c458d21f636e8784', 'i-07e393fc2003f0bbc', 'i-06b9cda0a6f0dbe4c', 'i-047b7fff0d9e7f6f7', 'i-078e3f5ce98dcf3ab', 'i-043adf89911019926', 'i-0405813dcbf4e712d', 'i-005adabefc3b9ca80', 'i-04291bc1687abdb6c', 'i-047e1d7d4a9b71782', 'i-000d746e0b21792ee', 'i-01738a4d099923e38', 'i-06a8daa68c37bcbe5', 'i-0e4d6d2c5e67b1a70', 'i-03b5b2d1807508d05', 'i-07caea8d93c8079d6', 'i-0d47a77b7a32eb610', 'i-0627a1fd22184b231', 'i-0a12da575cf3504d2', 'i-0dcb35a775f7d10e4', 'i-097e0ef6ee8f57f53', 'i-05ea9a3982fe1eead', 'i-0adbfceb5112513b7', 'i-0bdaee5b2ec0f3fe4', 'i-0a142bce2a1036ce5', 'i-0d495eafb73f6a9cc', 'i-0a25750974928b937', 'i-05fd23661b1febb87', 'i-0efd85774375aa064', 'i-0de9b1c61701ed9b5', 'i-0fa69a48e7f41de1c', 'i-01c657a93b00a4c75', 'i-0e9fd05b7ce3dd956', 'i-093a48d19de11572f', 'i-00d0464bcb3047a45', 'i-0220c2214d0aeaf16', 'i-0898d792c4258f55d', 'i-064c100a9316a6639', 'i-0147d2a2cfa2832c8', 'i-0c005d75f271856e4', 'i-0b5dc1d8c41a53716', 'i-03b1e9054a57df78e', 'i-07605678a595b6082', 'i-0a5717994c3bb3a34', 'i-0dfed748198b0015f', 'i-07ca2ee0b17fbcc56', 'i-050a643199170b685', 'i-0b10c0c3d36de8be5', 'i-0c8f6b515bef0e50d', 'i-0b2279dde6c2c5387', 'i-014092da75a747f35', 'i-0ae785c5da480a7db', 'i-0f3e9f512663e114b', 'i-05dcb9918c888f5fe', 'i-0b85dfa980e6b9b09', 'i-06252946fec99e82b', 'i-051f409a4402fbafe', 'i-0d01e80514e374b85', 'i-0a6aee747226c5be2', 'i-03b5cd04ff5a9c865', 'i-0c18819c02004c49f', 'i-022917b4251c4b23e', 'i-057c824d5093e178f', 'i-00ca822d6e402251b', 'i-0a5e4fce40442eb40', 'i-0590632ed7471aa16', 'i-012d5824c6eaf1139', 'i-07434a3f9077d5155', 'i-00a3152bc99f6ffda', 'i-06b3282e165365446', 'i-0d1ecaf6e4f281100', 'i-0ad02289a658b6466', 'i-06248c23665a31ba4', 'i-0aa294a906bd2a8d4', 'i-0caffa37dc6207fb4', 'i-04280d6c9a6e5dca7', 'i-03f6da3f7a9489607', 'i-05fb173293dfa491b', 'i-040779efb26fc747b', 'i-04b0ddf54336f1bca', 'i-0e74f382c6446512d', 'i-018333ca3a7dbec17', 'i-0f453f40b89b827a3', 'i-0d0cb7860e099561e', 'i-018d1847a52df3d32', 'i-0cc8577348f352ce1', 'i-0e5dd06d45c944482', 'i-03fe1e1e551f37a22', 'i-0bf22cb972f7162ba', 'i-0508432af359d6def', 'i-034132990b77378f4', 'i-08701494c78d12f83', 'i-026903bca7e22f539', 'i-018442afa7c7ca51e', 'i-0e7d77de1b0ed28bf', 'i-05c61e5b2779c55aa', 'i-0b57507d1899e0d0e', 'i-01150f0a56887fa85', 'i-052906d8c90c3a733', 'i-06d7508eb5328e478', 'i-07d8c7a49c0831418', 'i-09a3a6b41f937c952', 'i-02222a9426f2fa118', 'i-05fec7c2beac16116', 'i-09a9811c73e4ed9a1', 'i-084f40717868e3b07', 'i-0627146e864f19df2', 'i-06c3f947a230223c0', 'i-0f1b9f7a8541c5bd2', 'i-08c0500a7e97d071e', 'i-06f6cbeccb691df3c', 'i-045d57cd848c80d7d', 'i-0858f62e49a6c00fb', 'i-006b9706a2e9ff5a3', 'i-004bb072cfa240391', 'i-082258fe302c523bd', 'i-0e2f614e4b74f735a', 'i-096a277fea31663d7', 'i-09d0e7e1481a2667f', 'i-08d7ac05c09ec416e', 'i-031602ccd79ac09f6', 'i-0fe60fdd1cbc80d2c', 'i-0ce1afd3094d774f7', 'i-01a016c300539ec93', 'i-0ee91d5b4bd3200f5', 'i-077655e9bfa11b149', 'i-000d15f6d6455d962', 'i-030ded6de517fe8f2', 'i-00aa351099fa080b2', 'i-032838d9562565ac3', 'i-0a7c754fdd96c673b', 'i-0991fedd5e01793d0', 'i-02857e93b768bbbbd', 'i-0b80069f509ad80a4', 'i-0733361a7cc0b62d0', 'i-0a261aab67f75c122', 'i-071205e05e0ed1b49', 'i-07fb0b2f65e49718c', 'i-0e08b71ba60392dab', 'i-0782dd0a4763c9053', 'i-0f73c2b2794c7e460', 'i-0599d5da1a18d80fe', 'i-0f958f08e58ca988f', 'i-03e5ee11f8ad571f7', 'i-08df79677c71ee147', 'i-0cb8b4713a6163014', 'i-057e723d5801c2d23', 'i-09e9cac66cf3001eb', 'i-03ac7836c15197588', 'i-0b95d72e4a7d87ff2', 'i-0243c7c135ed7b682', 'i-0bc777f5bfaa8d011', 'i-01f5dabb2f81b8ce9', 'i-09a900c6116afbf3c', 'i-0bc2ad05d0f65fa5f', 'i-0956c2a698e903959', 'i-0d20cd299a2995fd4', 'i-0e4748f93a5e9e044', 'i-0017a4f1e7458817d', 'i-09a03904abca4a6b6', 'i-0435b8932ae60ae0a', 'i-0075a0f00c2e58099']
2025-06-25 22:46:18 - INFO - Tempo que levou para as máquinas estarem running: 53.031982 segundos
2025-06-25 22:46:18 - INFO - Tempo que levou para criar o Fleet com 259 instâncias: 104.360644 segundos
2025-06-25 22:46:18 - INFO - 259 instâncias no total. Iniciando benchmark em paralelo...
2025-06-25 22:46:18 - INFO - Found credentials in shared credentials file: ~/.aws/credentials
2025-06-25 22:46:18 - INFO - Found credentials in shared credentials file: ~/.aws/credentials
2025-06-25 22:46:18 - INFO - Found credentials in shared credentials file: ~/.aws/credentials
2025-06-25 22:46:18 - INFO - Found credentials in shared credentials file: ~/.aws/credentials
2025-06-25 22:46:18 - INFO - Found credentials in shared credentials file: ~/.aws/credentials
2025-06-25 22:46:18 - INFO - Found credentials in shared credentials file: ~/.aws/credentials
2025-06-25 22:46:19 - INFO - Found credentials in shared credentials file: ~/.aws/credentials
2025-06-25 22:46:19 - INFO - Found credentials in shared credentials file: ~/.aws/credentials
2025-06-25 22:46:19 - INFO - Found credentials in shared credentials file: ~/.aws/credentials
2025-06-25 22:46:19 - INFO - Found credentials in shared credentials file: ~/.aws/credentials
2025-06-25 22:46:19 - INFO - Found credentials in shared credentials file: ~/.aws/credentials
2025-06-25 22:46:19 - INFO - Found credentials in shared credentials file: ~/.aws/credentials
2025-06-25 22:46:19 - INFO - Found credentials in shared credentials file: ~/.aws/credentials
2025-06-25 22:46:19 - INFO - Found credentials in shared credentials file: ~/.aws/credentials
2025-06-25 22:46:19 - INFO - Found credentials in shared credentials file: ~/.aws/credentials
2025-06-25 22:46:19 - INFO - Found credentials in shared credentials file: ~/.aws/credentials
2025-06-25 22:46:19 - INFO - Found credentials in shared credentials file: ~/.aws/credentials
2025-06-25 22:46:19 - INFO - Found credentials in shared credentials file: ~/.aws/credentials
2025-06-25 22:46:20 - INFO - Found credentials in shared credentials file: ~/.aws/credentials
2025-06-25 22:46:20 - INFO - Found credentials in shared credentials file: ~/.aws/credentials
2025-06-25 22:46:20 - INFO - Found credentials in shared credentials file: ~/.aws/credentials
2025-06-25 22:46:20 - INFO - Found credentials in shared credentials file: ~/.aws/credentials
2025-06-25 22:46:20 - INFO - Found credentials in shared credentials file: ~/.aws/credentials
2025-06-25 22:46:20 - INFO - Found credentials in shared credentials file: ~/.aws/credentials
2025-06-25 22:46:20 - INFO - Found credentials in shared credentials file: ~/.aws/credentials
2025-06-25 22:46:20 - INFO - Found credentials in shared credentials file: ~/.aws/credentials
2025-06-25 22:46:20 - INFO - Found credentials in shared credentials file: ~/.aws/credentials
2025-06-25 22:46:20 - INFO - Found credentials in shared credentials file: ~/.aws/credentials
2025-06-25 22:46:20 - INFO - Found credentials in shared credentials file: ~/.aws/credentials
2025-06-25 22:46:20 - INFO - Found credentials in shared credentials file: ~/.aws/credentials
2025-06-25 22:46:20 - INFO - Found credentials in shared credentials file: ~/.aws/credentials
2025-06-25 22:46:20 - INFO - Found credentials in shared credentials file: ~/.aws/credentials
2025-06-25 22:46:21 - INFO - Found credentials in shared credentials file: ~/.aws/credentials
2025-06-25 22:46:21 - INFO - Found credentials in shared credentials file: ~/.aws/credentials
2025-06-25 22:46:21 - INFO - Found credentials in shared credentials file: ~/.aws/credentials
2025-06-25 22:46:21 - INFO - Found credentials in shared credentials file: ~/.aws/credentials
2025-06-25 22:46:21 - INFO - Found credentials in shared credentials file: ~/.aws/credentials
2025-06-25 22:46:21 - INFO - Found credentials in shared credentials file: ~/.aws/credentials
2025-06-25 22:46:21 - INFO - Found credentials in shared credentials file: ~/.aws/credentials
2025-06-25 22:46:21 - INFO - Found credentials in shared credentials file: ~/.aws/credentials
2025-06-25 22:46:21 - INFO - Found credentials in shared credentials file: ~/.aws/credentials
2025-06-25 22:46:21 - INFO - Found credentials in shared credentials file: ~/.aws/credentials
2025-06-25 22:46:22 - INFO - Found credentials in shared credentials file: ~/.aws/credentials
2025-06-25 22:46:22 - INFO - Found credentials in shared credentials file: ~/.aws/credentials
2025-06-25 22:46:22 - INFO - Found credentials in shared credentials file: ~/.aws/credentials
2025-06-25 22:46:22 - INFO - Found credentials in shared credentials file: ~/.aws/credentials
2025-06-25 22:46:22 - INFO - Found credentials in shared credentials file: ~/.aws/credentials
2025-06-25 22:46:22 - INFO - Found credentials in shared credentials file: ~/.aws/credentials
2025-06-25 22:46:22 - INFO - Found credentials in shared credentials file: ~/.aws/credentials
2025-06-25 22:46:22 - INFO - Found credentials in shared credentials file: ~/.aws/credentials
2025-06-25 22:46:22 - INFO - Found credentials in shared credentials file: ~/.aws/credentials
2025-06-25 22:46:22 - INFO - Found credentials in shared credentials file: ~/.aws/credentials
2025-06-25 22:46:22 - INFO - Found credentials in shared credentials file: ~/.aws/credentials
2025-06-25 22:46:22 - INFO - Found credentials in shared credentials file: ~/.aws/credentials
2025-06-25 22:46:22 - INFO - Found credentials in shared credentials file: ~/.aws/credentials
2025-06-25 22:46:22 - INFO - Found credentials in shared credentials file: ~/.aws/credentials
2025-06-25 22:46:22 - INFO - Found credentials in shared credentials file: ~/.aws/credentials
2025-06-25 22:46:23 - INFO - Found credentials in shared credentials file: ~/.aws/credentials
2025-06-25 22:46:23 - INFO - Found credentials in shared credentials file: ~/.aws/credentials
2025-06-25 22:46:23 - INFO - Found credentials in shared credentials file: ~/.aws/credentials
2025-06-25 22:46:23 - INFO - Found credentials in shared credentials file: ~/.aws/credentials
2025-06-25 22:46:23 - INFO - Found credentials in shared credentials file: ~/.aws/credentials
2025-06-25 22:46:23 - INFO - Found credentials in shared credentials file: ~/.aws/credentials
2025-06-25 22:46:23 - INFO - Found credentials in shared credentials file: ~/.aws/credentials
2025-06-25 22:46:23 - INFO - Found credentials in shared credentials file: ~/.aws/credentials
2025-06-25 22:46:23 - INFO - Found credentials in shared credentials file: ~/.aws/credentials
2025-06-25 22:46:23 - INFO - Found credentials in shared credentials file: ~/.aws/credentials
2025-06-25 22:46:23 - INFO - Found credentials in shared credentials file: ~/.aws/credentials
2025-06-25 22:46:23 - INFO - Found credentials in shared credentials file: ~/.aws/credentials
2025-06-25 22:46:23 - INFO - Found credentials in shared credentials file: ~/.aws/credentials
2025-06-25 22:46:23 - INFO - Found credentials in shared credentials file: ~/.aws/credentials
2025-06-25 22:46:23 - INFO - Found credentials in shared credentials file: ~/.aws/credentials
2025-06-25 22:46:24 - INFO - Found credentials in shared credentials file: ~/.aws/credentials
2025-06-25 22:46:24 - INFO - Found credentials in shared credentials file: ~/.aws/credentials
2025-06-25 22:46:24 - INFO - Found credentials in shared credentials file: ~/.aws/credentials
2025-06-25 22:46:24 - INFO - Found credentials in shared credentials file: ~/.aws/credentials
2025-06-25 22:46:24 - INFO - Found credentials in shared credentials file: ~/.aws/credentials
2025-06-25 22:46:24 - INFO - Found credentials in shared credentials file: ~/.aws/credentials
2025-06-25 22:46:24 - INFO - Found credentials in shared credentials file: ~/.aws/credentials
2025-06-25 22:46:24 - INFO - Found credentials in shared credentials file: ~/.aws/credentials
2025-06-25 22:46:24 - INFO - Found credentials in shared credentials file: ~/.aws/credentials
2025-06-25 22:46:24 - INFO - Found credentials in shared credentials file: ~/.aws/credentials
2025-06-25 22:46:24 - INFO - Found credentials in shared credentials file: ~/.aws/credentials
2025-06-25 22:46:24 - INFO - Found credentials in shared credentials file: ~/.aws/credentials
2025-06-25 22:46:24 - INFO - Found credentials in shared credentials file: ~/.aws/credentials
2025-06-25 22:46:24 - INFO - Found credentials in shared credentials file: ~/.aws/credentials
2025-06-25 22:46:24 - INFO - Found credentials in shared credentials file: ~/.aws/credentials
2025-06-25 22:46:24 - INFO - Found credentials in shared credentials file: ~/.aws/credentials
2025-06-25 22:46:24 - INFO - Found credentials in shared credentials file: ~/.aws/credentials
2025-06-25 22:46:24 - INFO - Found credentials in shared credentials file: ~/.aws/credentials
2025-06-25 22:46:24 - INFO - Found credentials in shared credentials file: ~/.aws/credentials
2025-06-25 22:46:24 - INFO - Found credentials in shared credentials file: ~/.aws/credentials
2025-06-25 22:46:24 - INFO - Found credentials in shared credentials file: ~/.aws/credentials
2025-06-25 22:46:24 - INFO - Found credentials in shared credentials file: ~/.aws/credentials
2025-06-25 22:46:24 - INFO - Found credentials in shared credentials file: ~/.aws/credentials
2025-06-25 22:46:25 - INFO - Found credentials in shared credentials file: ~/.aws/credentials
2025-06-25 22:46:25 - INFO - Found credentials in shared credentials file: ~/.aws/credentials
2025-06-25 22:46:25 - INFO - Found credentials in shared credentials file: ~/.aws/credentials
2025-06-25 22:46:25 - INFO - Found credentials in shared credentials file: ~/.aws/credentials
2025-06-25 22:46:26 - INFO - Found credentials in shared credentials file: ~/.aws/credentials
2025-06-25 22:46:26 - INFO - Found credentials in shared credentials file: ~/.aws/credentials
2025-06-25 22:46:26 - INFO - Found credentials in shared credentials file: ~/.aws/credentials
2025-06-25 22:46:26 - INFO - Found credentials in shared credentials file: ~/.aws/credentials
2025-06-25 22:46:26 - INFO - Found credentials in shared credentials file: ~/.aws/credentials
2025-06-25 22:46:26 - INFO - Found credentials in shared credentials file: ~/.aws/credentials
2025-06-25 22:46:26 - INFO - Found credentials in shared credentials file: ~/.aws/credentials
2025-06-25 22:46:26 - INFO - Found credentials in shared credentials file: ~/.aws/credentials
2025-06-25 22:46:26 - INFO - Found credentials in shared credentials file: ~/.aws/credentials
2025-06-25 22:46:26 - INFO - Found credentials in shared credentials file: ~/.aws/credentials
2025-06-25 22:46:26 - INFO - Found credentials in shared credentials file: ~/.aws/credentials
2025-06-25 22:46:26 - INFO - Found credentials in shared credentials file: ~/.aws/credentials
2025-06-25 22:46:26 - INFO - Found credentials in shared credentials file: ~/.aws/credentials
2025-06-25 22:46:26 - INFO - Found credentials in shared credentials file: ~/.aws/credentials
2025-06-25 22:46:26 - INFO - Found credentials in shared credentials file: ~/.aws/credentials
2025-06-25 22:46:26 - INFO - Found credentials in shared credentials file: ~/.aws/credentials
2025-06-25 22:46:26 - INFO - Found credentials in shared credentials file: ~/.aws/credentials
2025-06-25 22:46:26 - INFO - Found credentials in shared credentials file: ~/.aws/credentials
2025-06-25 22:46:26 - INFO - Found credentials in shared credentials file: ~/.aws/credentials
2025-06-25 22:46:27 - INFO - Found credentials in shared credentials file: ~/.aws/credentials
2025-06-25 22:46:27 - INFO - Found credentials in shared credentials file: ~/.aws/credentials
2025-06-25 22:46:27 - INFO - Found credentials in shared credentials file: ~/.aws/credentials
2025-06-25 22:46:27 - INFO - Found credentials in shared credentials file: ~/.aws/credentials
2025-06-25 22:46:27 - INFO - Found credentials in shared credentials file: ~/.aws/credentials
2025-06-25 22:46:27 - INFO - Found credentials in shared credentials file: ~/.aws/credentials
2025-06-25 22:46:27 - INFO - Found credentials in shared credentials file: ~/.aws/credentials
2025-06-25 22:46:28 - INFO - Found credentials in shared credentials file: ~/.aws/credentials
2025-06-25 22:46:28 - INFO - Found credentials in shared credentials file: ~/.aws/credentials
2025-06-25 22:46:28 - INFO - Found credentials in shared credentials file: ~/.aws/credentials
2025-06-25 22:46:28 - INFO - Found credentials in shared credentials file: ~/.aws/credentials
2025-06-25 22:46:28 - INFO - Found credentials in shared credentials file: ~/.aws/credentials
2025-06-25 22:46:28 - INFO - Found credentials in shared credentials file: ~/.aws/credentials
2025-06-25 22:46:28 - INFO - Found credentials in shared credentials file: ~/.aws/credentials
2025-06-25 22:46:28 - INFO - Found credentials in shared credentials file: ~/.aws/credentials
2025-06-25 22:46:28 - INFO - Found credentials in shared credentials file: ~/.aws/credentials
2025-06-25 22:46:28 - INFO - Found credentials in shared credentials file: ~/.aws/credentials
2025-06-25 22:46:28 - INFO - Found credentials in shared credentials file: ~/.aws/credentials
2025-06-25 22:46:28 - INFO - Found credentials in shared credentials file: ~/.aws/credentials
2025-06-25 22:46:28 - INFO - Found credentials in shared credentials file: ~/.aws/credentials
2025-06-25 22:46:28 - INFO - Found credentials in shared credentials file: ~/.aws/credentials
2025-06-25 22:46:28 - INFO - Found credentials in shared credentials file: ~/.aws/credentials
2025-06-25 22:46:28 - INFO - Found credentials in shared credentials file: ~/.aws/credentials
2025-06-25 22:46:28 - INFO - Found credentials in shared credentials file: ~/.aws/credentials
2025-06-25 22:46:28 - INFO - Found credentials in shared credentials file: ~/.aws/credentials
2025-06-25 22:46:28 - INFO - Found credentials in shared credentials file: ~/.aws/credentials
2025-06-25 22:46:28 - INFO - Found credentials in shared credentials file: ~/.aws/credentials
2025-06-25 22:46:28 - INFO - Found credentials in shared credentials file: ~/.aws/credentials
2025-06-25 22:46:28 - INFO - Found credentials in shared credentials file: ~/.aws/credentials
2025-06-25 22:46:28 - INFO - Found credentials in shared credentials file: ~/.aws/credentials
2025-06-25 22:46:28 - INFO - Found credentials in shared credentials file: ~/.aws/credentials
2025-06-25 22:46:28 - INFO - Found credentials in shared credentials file: ~/.aws/credentials
2025-06-25 22:46:28 - INFO - Found credentials in shared credentials file: ~/.aws/credentials
2025-06-25 22:46:28 - INFO - Found credentials in shared credentials file: ~/.aws/credentials
2025-06-25 22:46:28 - INFO - Found credentials in shared credentials file: ~/.aws/credentials
2025-06-25 22:46:28 - INFO - Found credentials in shared credentials file: ~/.aws/credentials
2025-06-25 22:46:28 - INFO - Found credentials in shared credentials file: ~/.aws/credentials
2025-06-25 22:46:28 - INFO - Found credentials in shared credentials file: ~/.aws/credentials
2025-06-25 22:46:28 - INFO - Found credentials in shared credentials file: ~/.aws/credentials
2025-06-25 22:46:28 - INFO - Found credentials in shared credentials file: ~/.aws/credentials
2025-06-25 22:46:28 - INFO - Found credentials in shared credentials file: ~/.aws/credentials
2025-06-25 22:46:30 - INFO - Found credentials in shared credentials file: ~/.aws/credentials
2025-06-25 22:46:30 - INFO - Found credentials in shared credentials file: ~/.aws/credentials
2025-06-25 22:46:30 - INFO - Found credentials in shared credentials file: ~/.aws/credentials
2025-06-25 22:46:30 - INFO - Found credentials in shared credentials file: ~/.aws/credentials
2025-06-25 22:46:30 - INFO - Found credentials in shared credentials file: ~/.aws/credentials
2025-06-25 22:46:30 - INFO - Found credentials in shared credentials file: ~/.aws/credentials
2025-06-25 22:46:30 - INFO - Found credentials in shared credentials file: ~/.aws/credentials
2025-06-25 22:46:30 - INFO - Found credentials in shared credentials file: ~/.aws/credentials
2025-06-25 22:46:31 - INFO - Found credentials in shared credentials file: ~/.aws/credentials
2025-06-25 22:46:31 - INFO - Found credentials in shared credentials file: ~/.aws/credentials
2025-06-25 22:46:31 - INFO - Found credentials in shared credentials file: ~/.aws/credentials
2025-06-25 22:46:31 - INFO - Found credentials in shared credentials file: ~/.aws/credentials
2025-06-25 22:46:31 - INFO - Found credentials in shared credentials file: ~/.aws/credentials
2025-06-25 22:46:31 - INFO - Found credentials in shared credentials file: ~/.aws/credentials
2025-06-25 22:46:31 - INFO - Found credentials in shared credentials file: ~/.aws/credentials
2025-06-25 22:46:31 - INFO - Found credentials in shared credentials file: ~/.aws/credentials
2025-06-25 22:46:31 - INFO - Found credentials in shared credentials file: ~/.aws/credentials
2025-06-25 22:46:31 - INFO - Found credentials in shared credentials file: ~/.aws/credentials
2025-06-25 22:46:31 - INFO - Found credentials in shared credentials file: ~/.aws/credentials
2025-06-25 22:46:31 - INFO - Found credentials in shared credentials file: ~/.aws/credentials
2025-06-25 22:46:31 - INFO - Found credentials in shared credentials file: ~/.aws/credentials
2025-06-25 22:46:31 - INFO - Found credentials in shared credentials file: ~/.aws/credentials
2025-06-25 22:46:31 - INFO - Found credentials in shared credentials file: ~/.aws/credentials
2025-06-25 22:46:31 - INFO - Found credentials in shared credentials file: ~/.aws/credentials
2025-06-25 22:46:31 - INFO - Found credentials in shared credentials file: ~/.aws/credentials
2025-06-25 22:46:33 - INFO - Found credentials in shared credentials file: ~/.aws/credentials
2025-06-25 22:46:33 - INFO - Found credentials in shared credentials file: ~/.aws/credentials
2025-06-25 22:46:33 - INFO - Found credentials in shared credentials file: ~/.aws/credentials
2025-06-25 22:46:33 - INFO - Found credentials in shared credentials file: ~/.aws/credentials
2025-06-25 22:46:33 - INFO - Found credentials in shared credentials file: ~/.aws/credentials
2025-06-25 22:46:33 - INFO - Found credentials in shared credentials file: ~/.aws/credentials
2025-06-25 22:46:33 - INFO - Found credentials in shared credentials file: ~/.aws/credentials
2025-06-25 22:46:33 - INFO - Found credentials in shared credentials file: ~/.aws/credentials
2025-06-25 22:46:33 - INFO - Found credentials in shared credentials file: ~/.aws/credentials
2025-06-25 22:46:33 - INFO - Found credentials in shared credentials file: ~/.aws/credentials
2025-06-25 22:46:34 - INFO - Found credentials in shared credentials file: ~/.aws/credentials
2025-06-25 22:46:34 - INFO - Found credentials in shared credentials file: ~/.aws/credentials
2025-06-25 22:46:34 - INFO - Found credentials in shared credentials file: ~/.aws/credentials
2025-06-25 22:46:34 - INFO - Found credentials in shared credentials file: ~/.aws/credentials
2025-06-25 22:46:34 - INFO - Found credentials in shared credentials file: ~/.aws/credentials
2025-06-25 22:46:34 - INFO - Found credentials in shared credentials file: ~/.aws/credentials
2025-06-25 22:46:34 - INFO - Found credentials in shared credentials file: ~/.aws/credentials
2025-06-25 22:46:34 - INFO - Found credentials in shared credentials file: ~/.aws/credentials
2025-06-25 22:46:34 - INFO - Found credentials in shared credentials file: ~/.aws/credentials
2025-06-25 22:46:34 - INFO - Found credentials in shared credentials file: ~/.aws/credentials
2025-06-25 22:46:34 - INFO - Found credentials in shared credentials file: ~/.aws/credentials
2025-06-25 22:46:34 - INFO - Found credentials in shared credentials file: ~/.aws/credentials
2025-06-25 22:46:34 - INFO - Found credentials in shared credentials file: ~/.aws/credentials
2025-06-25 22:46:34 - INFO - Found credentials in shared credentials file: ~/.aws/credentials
2025-06-25 22:46:34 - INFO - Found credentials in shared credentials file: ~/.aws/credentials
2025-06-25 22:46:34 - INFO - Found credentials in shared credentials file: ~/.aws/credentials
2025-06-25 22:46:34 - INFO - Found credentials in shared credentials file: ~/.aws/credentials
2025-06-25 22:46:34 - INFO - Found credentials in shared credentials file: ~/.aws/credentials
2025-06-25 22:46:34 - INFO - Found credentials in shared credentials file: ~/.aws/credentials
2025-06-25 22:46:34 - INFO - Found credentials in shared credentials file: ~/.aws/credentials
2025-06-25 22:46:34 - INFO - Found credentials in shared credentials file: ~/.aws/credentials
2025-06-25 22:46:34 - INFO - Found credentials in shared credentials file: ~/.aws/credentials
2025-06-25 22:46:34 - INFO - Found credentials in shared credentials file: ~/.aws/credentials
2025-06-25 22:46:34 - INFO - Found credentials in shared credentials file: ~/.aws/credentials
2025-06-25 22:46:34 - INFO - Found credentials in shared credentials file: ~/.aws/credentials
2025-06-25 22:46:34 - INFO - Found credentials in shared credentials file: ~/.aws/credentials
2025-06-25 22:46:34 - INFO - Found credentials in shared credentials file: ~/.aws/credentials
2025-06-25 22:46:34 - INFO - Found credentials in shared credentials file: ~/.aws/credentials
2025-06-25 22:46:35 - INFO - Found credentials in shared credentials file: ~/.aws/credentials
2025-06-25 22:46:35 - INFO - Found credentials in shared credentials file: ~/.aws/credentials
2025-06-25 22:46:35 - INFO - Found credentials in shared credentials file: ~/.aws/credentials
2025-06-25 22:46:35 - INFO - Found credentials in shared credentials file: ~/.aws/credentials
2025-06-25 22:46:35 - INFO - Found credentials in shared credentials file: ~/.aws/credentials
2025-06-25 22:46:35 - INFO - Found credentials in shared credentials file: ~/.aws/credentials
2025-06-25 22:46:35 - INFO - Found credentials in shared credentials file: ~/.aws/credentials
2025-06-25 22:46:35 - INFO - Found credentials in shared credentials file: ~/.aws/credentials
2025-06-25 22:46:37 - INFO - Found credentials in shared credentials file: ~/.aws/credentials
2025-06-25 22:46:37 - INFO - Found credentials in shared credentials file: ~/.aws/credentials
2025-06-25 22:46:37 - INFO - Found credentials in shared credentials file: ~/.aws/credentials
2025-06-25 22:46:37 - INFO - Found credentials in shared credentials file: ~/.aws/credentials
2025-06-25 22:46:37 - INFO - Found credentials in shared credentials file: ~/.aws/credentials
2025-06-25 22:46:37 - INFO - Found credentials in shared credentials file: ~/.aws/credentials
2025-06-25 22:46:37 - INFO - Found credentials in shared credentials file: ~/.aws/credentials
2025-06-25 22:46:37 - INFO - Found credentials in shared credentials file: ~/.aws/credentials
2025-06-25 22:46:37 - INFO - Found credentials in shared credentials file: ~/.aws/credentials
2025-06-25 22:46:37 - INFO - Found credentials in shared credentials file: ~/.aws/credentials
2025-06-25 22:46:37 - INFO - Found credentials in shared credentials file: ~/.aws/credentials
2025-06-25 22:46:37 - INFO - Found credentials in shared credentials file: ~/.aws/credentials
2025-06-25 22:46:38 - INFO - Found credentials in shared credentials file: ~/.aws/credentials
2025-06-25 22:46:38 - INFO - Found credentials in shared credentials file: ~/.aws/credentials
2025-06-25 22:46:38 - INFO - Found credentials in shared credentials file: ~/.aws/credentials
2025-06-25 22:46:38 - INFO - Found credentials in shared credentials file: ~/.aws/credentials
2025-06-25 22:46:38 - INFO - Found credentials in shared credentials file: ~/.aws/credentials
2025-06-25 22:46:38 - INFO - Found credentials in shared credentials file: ~/.aws/credentials
2025-06-25 22:46:38 - INFO - Found credentials in shared credentials file: ~/.aws/credentials
2025-06-25 22:46:38 - INFO - Found credentials in shared credentials file: ~/.aws/credentials
2025-06-25 22:46:38 - INFO - Found credentials in shared credentials file: ~/.aws/credentials
2025-06-25 22:46:38 - INFO - Found credentials in shared credentials file: ~/.aws/credentials
2025-06-25 22:46:38 - INFO - Found credentials in shared credentials file: ~/.aws/credentials
2025-06-25 22:46:38 - INFO - Found credentials in shared credentials file: ~/.aws/credentials
2025-06-25 22:46:38 - INFO - Found credentials in shared credentials file: ~/.aws/credentials
2025-06-25 22:46:38 - INFO - Found credentials in shared credentials file: ~/.aws/credentials
2025-06-25 22:46:38 - INFO - Found credentials in shared credentials file: ~/.aws/credentials
2025-06-25 22:46:38 - INFO - Found credentials in shared credentials file: ~/.aws/credentials
2025-06-25 22:46:38 - INFO - Found credentials in shared credentials file: ~/.aws/credentials
2025-06-25 22:47:30 - INFO - m5.24xlarge - 2.048700 - sa-east-1a
2025-06-25 22:47:30 - INFO - Updating file: results/results_lucas_sa-east-1_300.csv
2025-06-25 22:47:30 - INFO - m5.24xlarge - 2.048700 - sa-east-1a
2025-06-25 22:47:30 - INFO - m5.24xlarge - 2.048700 - sa-east-1a
2025-06-25 22:47:30 - INFO - m5.24xlarge - 2.048700 - sa-east-1a
2025-06-25 22:47:30 - INFO - m5.24xlarge - 2.354100 - sa-east-1c
2025-06-25 22:47:30 - INFO - m5a.24xlarge - 1.749300 - sa-east-1a
2025-06-25 22:47:30 - INFO - Updating file: results/results_lucas_sa-east-1_300.csv
2025-06-25 22:47:30 - INFO - m5.24xlarge - 2.048700 - sa-east-1a
2025-06-25 22:47:30 - INFO - m5.24xlarge - 2.048700 - sa-east-1a
2025-06-25 22:47:30 - INFO - m5.24xlarge - 2.048700 - sa-east-1a
2025-06-25 22:47:30 - INFO - m5.24xlarge - 2.048700 - sa-east-1a
2025-06-25 22:47:30 - INFO - m5.24xlarge - 2.048700 - sa-east-1a
2025-06-25 22:47:30 - INFO - m5.24xlarge - 2.048700 - sa-east-1a
2025-06-25 22:47:30 - INFO - m5.24xlarge - 2.048700 - sa-east-1a
2025-06-25 22:47:30 - INFO - m5.24xlarge - 2.048700 - sa-east-1a
2025-06-25 22:47:31 - INFO - Updating file: results/results_lucas_sa-east-1_300.csv
2025-06-25 22:47:31 - INFO - m5.24xlarge - 2.048700 - sa-east-1a
2025-06-25 22:47:31 - INFO - m5.24xlarge - 2.354100 - sa-east-1c
2025-06-25 22:47:31 - INFO - m5.24xlarge - 2.048700 - sa-east-1a
2025-06-25 22:47:31 - INFO - m5.24xlarge - 2.048700 - sa-east-1a
2025-06-25 22:47:31 - INFO - m5ad.24xlarge - 2.349300 - sa-east-1c
2025-06-25 22:47:31 - INFO - m5.24xlarge - 2.048700 - sa-east-1a
2025-06-25 22:47:31 - INFO - m5.24xlarge - 2.048700 - sa-east-1a
2025-06-25 22:47:31 - INFO - m5.24xlarge - 2.048700 - sa-east-1a
2025-06-25 22:47:31 - INFO - m5.24xlarge - 2.048700 - sa-east-1a
2025-06-25 22:47:31 - INFO - m5.24xlarge - 2.048700 - sa-east-1a
2025-06-25 22:47:31 - INFO - m5.24xlarge - 2.354100 - sa-east-1c
2025-06-25 22:47:31 - INFO - m5.24xlarge - 2.048700 - sa-east-1a
2025-06-25 22:47:31 - INFO - m5.24xlarge - 2.048700 - sa-east-1a
2025-06-25 22:47:31 - INFO - m5.24xlarge - 2.048700 - sa-east-1a
2025-06-25 22:47:31 - INFO - Updating file: results/results_lucas_sa-east-1_300.csv
2025-06-25 22:47:31 - INFO - m5.24xlarge - 2.354100 - sa-east-1c
2025-06-25 22:47:31 - INFO - m5.24xlarge - 2.354100 - sa-east-1c
2025-06-25 22:47:31 - INFO - m5.24xlarge - 2.048700 - sa-east-1a
2025-06-25 22:47:31 - INFO - m5.24xlarge - 2.354100 - sa-east-1c
2025-06-25 22:47:31 - INFO - m5.24xlarge - 2.354100 - sa-east-1c
2025-06-25 22:47:31 - INFO - m5.24xlarge - 2.048700 - sa-east-1a
2025-06-25 22:47:31 - INFO - m5.24xlarge - 2.048700 - sa-east-1a
2025-06-25 22:47:31 - INFO - m5a.24xlarge - 1.865900 - sa-east-1c
2025-06-25 22:47:31 - INFO - m5.24xlarge - 2.048700 - sa-east-1a
2025-06-25 22:47:31 - INFO - m5.24xlarge - 2.048700 - sa-east-1a
2025-06-25 22:47:31 - INFO - m5a.24xlarge - 1.865900 - sa-east-1c
2025-06-25 22:47:31 - INFO - m5.24xlarge - 2.048700 - sa-east-1a
2025-06-25 22:47:31 - INFO - m5.24xlarge - 2.048700 - sa-east-1a
2025-06-25 22:47:31 - INFO - m6a.24xlarge - 2.190600 - sa-east-1a
2025-06-25 22:47:31 - INFO - Updating file: results/results_lucas_sa-east-1_300.csv
2025-06-25 22:47:31 - INFO - m5.24xlarge - 2.048700 - sa-east-1a
2025-06-25 22:47:31 - INFO - m5.24xlarge - 2.354100 - sa-east-1c
2025-06-25 22:47:31 - INFO - m5.24xlarge - 2.048700 - sa-east-1a
2025-06-25 22:47:31 - INFO - m5.24xlarge - 2.048700 - sa-east-1a
2025-06-25 22:47:31 - INFO - m5.24xlarge - 2.048700 - sa-east-1a
2025-06-25 22:47:31 - INFO - m5.24xlarge - 2.048700 - sa-east-1a
2025-06-25 22:47:31 - INFO - m5.24xlarge - 2.048700 - sa-east-1a
2025-06-25 22:47:31 - INFO - m5.24xlarge - 2.048700 - sa-east-1a
2025-06-25 22:47:32 - INFO - m5.24xlarge - 2.048700 - sa-east-1a
2025-06-25 22:47:32 - INFO - Updating file: results/results_lucas_sa-east-1_300.csv
2025-06-25 22:47:32 - INFO - m5.24xlarge - 2.048700 - sa-east-1a
2025-06-25 22:47:32 - INFO - m5.24xlarge - 2.048700 - sa-east-1a
2025-06-25 22:47:32 - INFO - m5.24xlarge - 2.048700 - sa-east-1a
2025-06-25 22:47:32 - INFO - r5a.24xlarge - 2.224500 - sa-east-1c
2025-06-25 22:47:32 - INFO - m5a.24xlarge - 1.749300 - sa-east-1a
2025-06-25 22:47:32 - INFO - m5.24xlarge - 2.048700 - sa-east-1a
2025-06-25 22:47:32 - INFO - m5.24xlarge - 2.354100 - sa-east-1c
2025-06-25 22:47:32 - INFO - m5.24xlarge - 2.048700 - sa-east-1a
2025-06-25 22:47:32 - INFO - m5a.24xlarge - 1.749300 - sa-east-1a
2025-06-25 22:47:32 - INFO - m5a.24xlarge - 1.865900 - sa-east-1c
2025-06-25 22:47:32 - INFO - m5.24xlarge - 2.354100 - sa-east-1c
2025-06-25 22:47:32 - INFO - m5.24xlarge - 2.354100 - sa-east-1c
2025-06-25 22:47:32 - INFO - m5.24xlarge - 2.048700 - sa-east-1a
2025-06-25 22:47:32 - INFO - m5.24xlarge - 2.354100 - sa-east-1c
2025-06-25 22:47:32 - INFO - m5.24xlarge - 2.354100 - sa-east-1c
2025-06-25 22:47:32 - INFO - Updating file: results/results_lucas_sa-east-1_300.csv
2025-06-25 22:47:32 - INFO - m5ad.24xlarge - 2.349300 - sa-east-1c
2025-06-25 22:47:32 - INFO - m5.24xlarge - 2.354100 - sa-east-1c
2025-06-25 22:47:32 - INFO - c5.24xlarge - 1.919500 - sa-east-1a
2025-06-25 22:47:32 - INFO - m6a.24xlarge - 2.014200 - sa-east-1c
2025-06-25 22:47:32 - INFO - m5.24xlarge - 2.354100 - sa-east-1c
2025-06-25 22:47:32 - INFO - m5.24xlarge - 2.354100 - sa-east-1c
2025-06-25 22:47:32 - INFO - m5.24xlarge - 2.048700 - sa-east-1a
2025-06-25 22:47:32 - INFO - m5.24xlarge - 2.048700 - sa-east-1a
2025-06-25 22:47:32 - INFO - m5a.24xlarge - 1.749300 - sa-east-1a
2025-06-25 22:47:32 - INFO - m5.24xlarge - 2.354100 - sa-east-1c
2025-06-25 22:47:32 - INFO - m5.24xlarge - 2.354100 - sa-east-1c
2025-06-25 22:47:32 - INFO - r5a.24xlarge - 2.224500 - sa-east-1c
2025-06-25 22:47:32 - INFO - m5.24xlarge - 2.354100 - sa-east-1c
2025-06-25 22:47:32 - INFO - m5.24xlarge - 2.048700 - sa-east-1a
2025-06-25 22:47:32 - INFO - m5a.24xlarge - 1.749300 - sa-east-1a
2025-06-25 22:47:32 - INFO - m5.24xlarge - 2.354100 - sa-east-1c
2025-06-25 22:47:32 - INFO - m5.24xlarge - 2.048700 - sa-east-1a
2025-06-25 22:47:32 - INFO - m5.24xlarge - 2.354100 - sa-east-1c
2025-06-25 22:47:32 - INFO - m5.24xlarge - 2.354100 - sa-east-1c
2025-06-25 22:47:32 - INFO - m5.24xlarge - 2.048700 - sa-east-1a
2025-06-25 22:47:32 - INFO - m5a.24xlarge - 1.865900 - sa-east-1c
2025-06-25 22:47:32 - INFO - m5.24xlarge - 2.354100 - sa-east-1c
2025-06-25 22:47:32 - INFO - m5.24xlarge - 2.354100 - sa-east-1c
2025-06-25 22:47:32 - INFO - c5.24xlarge - 1.919500 - sa-east-1a
2025-06-25 22:47:32 - INFO - Updating file: results/results_lucas_sa-east-1_300.csv
2025-06-25 22:47:33 - INFO - m6a.24xlarge - 2.014200 - sa-east-1c
2025-06-25 22:47:33 - INFO - m6a.24xlarge - 2.190600 - sa-east-1a
2025-06-25 22:47:33 - INFO - m5ad.24xlarge - 2.349300 - sa-east-1c
2025-06-25 22:47:33 - INFO - m5.24xlarge - 2.048700 - sa-east-1a
2025-06-25 22:47:33 - INFO - m5.24xlarge - 2.048700 - sa-east-1a
2025-06-25 22:47:33 - INFO - m5.24xlarge - 2.354100 - sa-east-1c
2025-06-25 22:47:33 - INFO - m5.24xlarge - 2.354100 - sa-east-1c
2025-06-25 22:47:33 - INFO - m5.24xlarge - 2.354100 - sa-east-1c
2025-06-25 22:47:33 - INFO - m5.24xlarge - 2.354100 - sa-east-1c
2025-06-25 22:47:33 - INFO - m5.24xlarge - 2.354100 - sa-east-1c
2025-06-25 22:47:33 - INFO - m5.24xlarge - 2.048700 - sa-east-1a
2025-06-25 22:47:33 - INFO - m5a.24xlarge - 1.865900 - sa-east-1c
2025-06-25 22:47:33 - INFO - m5.24xlarge - 2.048700 - sa-east-1a
2025-06-25 22:47:33 - INFO - m5a.24xlarge - 1.749300 - sa-east-1a
2025-06-25 22:47:33 - INFO - m5.24xlarge - 2.048700 - sa-east-1a
2025-06-25 22:47:33 - INFO - m5.24xlarge - 2.354100 - sa-east-1c
2025-06-25 22:47:33 - INFO - r5a.24xlarge - 2.224500 - sa-east-1c
2025-06-25 22:47:33 - INFO - m5.24xlarge - 2.354100 - sa-east-1c
2025-06-25 22:47:33 - INFO - c5.24xlarge - 1.919500 - sa-east-1a
2025-06-25 22:47:33 - INFO - m5.24xlarge - 2.354100 - sa-east-1c
2025-06-25 22:47:33 - INFO - c5.24xlarge - 1.919500 - sa-east-1a
2025-06-25 22:47:33 - INFO - m5ad.24xlarge - 2.349300 - sa-east-1c
2025-06-25 22:47:33 - INFO - m5.24xlarge - 2.048700 - sa-east-1a
2025-06-25 22:47:33 - INFO - m5.24xlarge - 2.354100 - sa-east-1c
2025-06-25 22:47:33 - INFO - m5.24xlarge - 2.354100 - sa-east-1c
2025-06-25 22:47:33 - INFO - m5.24xlarge - 2.354100 - sa-east-1c
2025-06-25 22:47:33 - INFO - m5a.24xlarge - 1.865900 - sa-east-1c
2025-06-25 22:47:33 - INFO - m5.24xlarge - 2.354100 - sa-east-1c
2025-06-25 22:47:33 - INFO - Updating file: results/results_lucas_sa-east-1_300.csv
2025-06-25 22:47:33 - INFO - c6a.24xlarge - 2.637200 - sa-east-1a
2025-06-25 22:47:33 - INFO - m5.24xlarge - 2.354100 - sa-east-1c
2025-06-25 22:47:33 - INFO - m5.24xlarge - 2.354100 - sa-east-1c
2025-06-25 22:47:33 - INFO - m5a.24xlarge - 1.865900 - sa-east-1c
2025-06-25 22:47:33 - INFO - m5.24xlarge - 2.354100 - sa-east-1c
2025-06-25 22:47:33 - INFO - r5a.24xlarge - 2.224500 - sa-east-1c
2025-06-25 22:47:33 - INFO - m5.24xlarge - 2.354100 - sa-east-1c
2025-06-25 22:47:33 - INFO - r5ad.24xlarge - 1.937600 - sa-east-1c
2025-06-25 22:47:33 - INFO - m5a.24xlarge - 1.865900 - sa-east-1c
2025-06-25 22:47:33 - INFO - m5.24xlarge - 2.354100 - sa-east-1c
2025-06-25 22:47:33 - INFO - m5ad.24xlarge - 2.349300 - sa-east-1c
2025-06-25 22:47:33 - INFO - c5.24xlarge - 1.919500 - sa-east-1a
2025-06-25 22:47:33 - INFO - c5.24xlarge - 1.919500 - sa-east-1a
2025-06-25 22:47:33 - INFO - m5a.24xlarge - 1.865900 - sa-east-1c
2025-06-25 22:47:33 - INFO - m5.24xlarge - 2.666300 - sa-east-1b
2025-06-25 22:47:34 - INFO - m5.24xlarge - 2.354100 - sa-east-1c
2025-06-25 22:47:34 - INFO - r5a.24xlarge - 2.224500 - sa-east-1c
2025-06-25 22:47:34 - INFO - m5a.24xlarge - 1.865900 - sa-east-1c
2025-06-25 22:47:34 - INFO - Updating file: results/results_lucas_sa-east-1_300.csv
2025-06-25 22:47:34 - INFO - r5ad.24xlarge - 1.937600 - sa-east-1c
2025-06-25 22:47:34 - INFO - c5.24xlarge - 1.919500 - sa-east-1a
2025-06-25 22:47:34 - INFO - m5.24xlarge - 2.354100 - sa-east-1c
2025-06-25 22:47:34 - INFO - m5a.24xlarge - 1.865900 - sa-east-1c
2025-06-25 22:47:34 - INFO - c5.24xlarge - 1.919500 - sa-east-1a
2025-06-25 22:47:34 - INFO - m5.24xlarge - 2.354100 - sa-east-1c
2025-06-25 22:47:34 - INFO - m5.24xlarge - 2.354100 - sa-east-1c
2025-06-25 22:47:34 - INFO - c5.24xlarge - 1.919500 - sa-east-1a
2025-06-25 22:47:34 - INFO - m5a.24xlarge - 1.749300 - sa-east-1a
2025-06-25 22:47:34 - INFO - r5a.24xlarge - 2.224500 - sa-east-1c
2025-06-25 22:47:34 - INFO - m5.24xlarge - 2.354100 - sa-east-1c
2025-06-25 22:47:34 - INFO - m5.24xlarge - 2.354100 - sa-east-1c
2025-06-25 22:47:34 - INFO - c5.24xlarge - 1.919500 - sa-east-1a
2025-06-25 22:47:34 - INFO - r5ad.24xlarge - 1.937600 - sa-east-1c
2025-06-25 22:47:34 - INFO - c5.24xlarge - 1.919500 - sa-east-1a
2025-06-25 22:47:34 - INFO - r5a.24xlarge - 2.224500 - sa-east-1c
2025-06-25 22:47:34 - INFO - r5a.24xlarge - 2.224500 - sa-east-1c
2025-06-25 22:47:34 - INFO - c5.24xlarge - 1.919500 - sa-east-1a
2025-06-25 22:47:34 - INFO - r5a.24xlarge - 2.224500 - sa-east-1c
2025-06-25 22:47:34 - INFO - r5a.24xlarge - 2.224500 - sa-east-1c
2025-06-25 22:47:34 - INFO - m5.24xlarge - 2.354100 - sa-east-1c
2025-06-25 22:47:34 - INFO - c5.24xlarge - 1.919500 - sa-east-1a
2025-06-25 22:47:34 - INFO - Updating file: results/results_lucas_sa-east-1_300.csv
2025-06-25 22:47:34 - INFO - m5a.24xlarge - 1.865900 - sa-east-1c
2025-06-25 22:47:34 - INFO - c5.24xlarge - 2.159300 - sa-east-1b
2025-06-25 22:47:34 - INFO - c5.24xlarge - 2.159300 - sa-east-1b
2025-06-25 22:47:34 - INFO - m5.24xlarge - 2.666300 - sa-east-1b
2025-06-25 22:47:34 - INFO - m5.24xlarge - 2.354100 - sa-east-1c
2025-06-25 22:47:34 - INFO - c5.24xlarge - 1.919500 - sa-east-1a
2025-06-25 22:47:34 - INFO - m6a.24xlarge - 1.445300 - sa-east-1b
2025-06-25 22:47:34 - INFO - c5.24xlarge - 1.919500 - sa-east-1a
2025-06-25 22:47:34 - INFO - m5.24xlarge - 2.354100 - sa-east-1c
2025-06-25 22:47:34 - INFO - r5ad.24xlarge - 1.937600 - sa-east-1c
2025-06-25 22:47:34 - INFO - c5.24xlarge - 1.919500 - sa-east-1a
2025-06-25 22:47:34 - INFO - c5.24xlarge - 1.919500 - sa-east-1a
2025-06-25 22:47:34 - INFO - c5.24xlarge - 1.919500 - sa-east-1a
2025-06-25 22:47:34 - INFO - c5.24xlarge - 1.919500 - sa-east-1a
2025-06-25 22:47:34 - INFO - m5.24xlarge - 2.666300 - sa-east-1b
2025-06-25 22:47:34 - INFO - c5.24xlarge - 1.919500 - sa-east-1a
2025-06-25 22:47:34 - INFO - m5.24xlarge - 2.666300 - sa-east-1b
2025-06-25 22:47:34 - INFO - m5.24xlarge - 2.666300 - sa-east-1b
2025-06-25 22:47:34 - INFO - r5a.24xlarge - 2.224500 - sa-east-1c
2025-06-25 22:47:34 - INFO - c5.24xlarge - 1.919500 - sa-east-1a
2025-06-25 22:47:34 - INFO - m5.24xlarge - 2.354100 - sa-east-1c
2025-06-25 22:47:35 - INFO - m5.24xlarge - 2.666300 - sa-east-1b
2025-06-25 22:47:35 - INFO - c5.24xlarge - 1.919500 - sa-east-1a
2025-06-25 22:47:35 - INFO - m5.24xlarge - 2.666300 - sa-east-1b
2025-06-25 22:47:35 - INFO - m5.24xlarge - 2.354100 - sa-east-1c
2025-06-25 22:47:35 - INFO - m5.24xlarge - 2.354100 - sa-east-1c
2025-06-25 22:47:35 - INFO - m5.24xlarge - 2.666300 - sa-east-1b
2025-06-25 22:47:35 - INFO - c5.24xlarge - 1.919500 - sa-east-1a
2025-06-25 22:47:35 - INFO - m5.24xlarge - 2.666300 - sa-east-1b
2025-06-25 22:47:35 - INFO - r5a.24xlarge - 2.224500 - sa-east-1c
2025-06-25 22:47:35 - INFO - m5.24xlarge - 2.666300 - sa-east-1b
2025-06-25 22:47:35 - INFO - Updating file: results/results_lucas_sa-east-1_300.csv
2025-06-25 22:47:35 - INFO - r5ad.24xlarge - 1.937600 - sa-east-1c
2025-06-25 22:47:35 - INFO - c5.24xlarge - 1.919500 - sa-east-1a
2025-06-25 22:47:35 - INFO - m5.24xlarge - 2.354100 - sa-east-1c
2025-06-25 22:47:35 - INFO - m5.24xlarge - 2.666300 - sa-east-1b
2025-06-25 22:47:35 - INFO - m5.24xlarge - 2.354100 - sa-east-1c
2025-06-25 22:47:35 - INFO - c5.24xlarge - 1.919500 - sa-east-1a
2025-06-25 22:47:35 - INFO - m5.24xlarge - 2.666300 - sa-east-1b
2025-06-25 22:47:35 - INFO - m5.24xlarge - 2.666300 - sa-east-1b
2025-06-25 22:47:35 - INFO - c6a.24xlarge - 2.637200 - sa-east-1a
2025-06-25 22:47:35 - INFO - r5a.24xlarge - 2.224500 - sa-east-1c
2025-06-25 22:47:35 - INFO - c5.24xlarge - 1.919500 - sa-east-1a
2025-06-25 22:47:35 - INFO - m5.24xlarge - 2.666300 - sa-east-1b
2025-06-25 22:47:35 - INFO - c5.24xlarge - 1.919500 - sa-east-1a
2025-06-25 22:47:35 - INFO - c6a.24xlarge - 2.637200 - sa-east-1a
2025-06-25 22:47:35 - INFO - c5.24xlarge - 1.919500 - sa-east-1a
2025-06-25 22:47:35 - INFO - c5.24xlarge - 1.919500 - sa-east-1a
2025-06-25 22:47:35 - INFO - m5.24xlarge - 2.666300 - sa-east-1b
2025-06-25 22:47:35 - INFO - c5.24xlarge - 1.919500 - sa-east-1a
2025-06-25 22:47:35 - INFO - r5a.24xlarge - 2.224500 - sa-east-1c
2025-06-25 22:47:35 - INFO - m5.24xlarge - 2.666300 - sa-east-1b
2025-06-25 22:47:35 - INFO - m5.24xlarge - 2.666300 - sa-east-1b
2025-06-25 22:47:35 - INFO - c5.24xlarge - 1.919500 - sa-east-1a
2025-06-25 22:47:35 - INFO - m5.24xlarge - 2.666300 - sa-east-1b
2025-06-25 22:47:35 - INFO - c5.24xlarge - 1.919500 - sa-east-1a
2025-06-25 22:47:35 - INFO - Updating file: results/results_lucas_sa-east-1_300.csv
2025-06-25 22:47:35 - INFO - c6a.24xlarge - 2.136200 - sa-east-1b
2025-06-25 22:47:35 - INFO - c5.24xlarge - 1.919500 - sa-east-1a
2025-06-25 22:47:35 - INFO - m5.24xlarge - 2.666300 - sa-east-1b
2025-06-25 22:47:35 - INFO - c5.24xlarge - 1.919500 - sa-east-1a
2025-06-25 22:47:35 - INFO - m5.24xlarge - 2.666300 - sa-east-1b
2025-06-25 22:47:35 - INFO - c5.24xlarge - 1.919500 - sa-east-1a
2025-06-25 22:47:35 - INFO - c5.24xlarge - 1.919500 - sa-east-1a
2025-06-25 22:47:35 - INFO - m6a.24xlarge - 1.445300 - sa-east-1b
2025-06-25 22:47:35 - INFO - c5.24xlarge - 1.919500 - sa-east-1a
2025-06-25 22:47:35 - INFO - m5.24xlarge - 2.666300 - sa-east-1b
2025-06-25 22:47:35 - INFO - m5.24xlarge - 2.666300 - sa-east-1b
2025-06-25 22:47:35 - INFO - Updating file: results/results_lucas_sa-east-1_300.csv
2025-06-25 22:47:35 - INFO - c5.24xlarge - 1.919500 - sa-east-1a
2025-06-25 22:47:35 - INFO - m5.24xlarge - 2.666300 - sa-east-1b
2025-06-25 22:47:35 - INFO - m6a.24xlarge - 1.445300 - sa-east-1b
2025-06-25 22:47:35 - INFO - c5.24xlarge - 2.159300 - sa-east-1b
2025-06-25 22:47:35 - INFO - m5.24xlarge - 2.666300 - sa-east-1b
2025-06-25 22:47:35 - INFO - m5.24xlarge - 2.666300 - sa-east-1b
2025-06-25 22:47:35 - INFO - c5.24xlarge - 1.919500 - sa-east-1a
2025-06-25 22:47:35 - INFO - Updating file: results/results_lucas_sa-east-1_300.csv
2025-06-25 22:47:35 - INFO - c5.24xlarge - 1.919500 - sa-east-1a
2025-06-25 22:47:35 - INFO - m6a.24xlarge - 1.445300 - sa-east-1b
2025-06-25 22:47:35 - INFO - Updating file: results/results_lucas_sa-east-1_300.csv
2025-06-25 22:47:36 - INFO - Updating file: results/results_lucas_sa-east-1_300.csv
2025-06-25 22:47:36 - INFO - c5.24xlarge - 1.919500 - sa-east-1a
2025-06-25 22:47:36 - INFO - Updating file: results/results_lucas_sa-east-1_300.csv
2025-06-25 22:47:36 - INFO - Updating file: results/results_lucas_sa-east-1_300.csv
2025-06-25 22:47:36 - INFO - m6a.24xlarge - 1.445300 - sa-east-1b
2025-06-25 22:47:36 - INFO - Updating file: results/results_lucas_sa-east-1_300.csv
2025-06-25 22:47:36 - INFO - m5.24xlarge - 2.666300 - sa-east-1b
2025-06-25 22:47:36 - INFO - Updating file: results/results_lucas_sa-east-1_300.csv
2025-06-25 22:47:36 - INFO - m5.24xlarge - 2.666300 - sa-east-1b
2025-06-25 22:47:36 - INFO - Updating file: results/results_lucas_sa-east-1_300.csv
2025-06-25 22:47:36 - INFO - Updating file: results/results_lucas_sa-east-1_300.csv
2025-06-25 22:47:36 - INFO - Updating file: results/results_lucas_sa-east-1_300.csv
2025-06-25 22:47:36 - INFO - Updating file: results/results_lucas_sa-east-1_300.csv
2025-06-25 22:47:36 - INFO - Updating file: results/results_lucas_sa-east-1_300.csv
2025-06-25 22:47:36 - INFO - Updating file: results/results_lucas_sa-east-1_300.csv
2025-06-25 22:47:36 - INFO - m5.24xlarge - 2.666300 - sa-east-1b
2025-06-25 22:47:36 - INFO - Updating file: results/results_lucas_sa-east-1_300.csv
2025-06-25 22:47:36 - INFO - Updating file: results/results_lucas_sa-east-1_300.csv
2025-06-25 22:47:36 - INFO - Updating file: results/results_lucas_sa-east-1_300.csv
2025-06-25 22:47:36 - INFO - Updating file: results/results_lucas_sa-east-1_300.csv
2025-06-25 22:47:36 - INFO - m5.24xlarge - 2.666300 - sa-east-1b
2025-06-25 22:47:36 - INFO - Updating file: results/results_lucas_sa-east-1_300.csv
2025-06-25 22:47:36 - INFO - c5.24xlarge - 1.919500 - sa-east-1a
2025-06-25 22:47:36 - INFO - Updating file: results/results_lucas_sa-east-1_300.csv
2025-06-25 22:47:36 - INFO - Updating file: results/results_lucas_sa-east-1_300.csv
2025-06-25 22:47:36 - INFO - Updating file: results/results_lucas_sa-east-1_300.csv
2025-06-25 22:47:36 - INFO - Updating file: results/results_lucas_sa-east-1_300.csv
2025-06-25 22:47:36 - INFO - Updating file: results/results_lucas_sa-east-1_300.csv
2025-06-25 22:47:36 - INFO - Updating file: results/results_lucas_sa-east-1_300.csv
2025-06-25 22:47:36 - INFO - Updating file: results/results_lucas_sa-east-1_300.csv
2025-06-25 22:47:36 - INFO - Updating file: results/results_lucas_sa-east-1_300.csv
2025-06-25 22:47:36 - INFO - Updating file: results/results_lucas_sa-east-1_300.csv
2025-06-25 22:47:36 - INFO - Updating file: results/results_lucas_sa-east-1_300.csv
2025-06-25 22:47:36 - INFO - Updating file: results/results_lucas_sa-east-1_300.csv
2025-06-25 22:47:36 - INFO - Updating file: results/results_lucas_sa-east-1_300.csv
2025-06-25 22:47:36 - INFO - Updating file: results/results_lucas_sa-east-1_300.csv
2025-06-25 22:47:36 - INFO - Updating file: results/results_lucas_sa-east-1_300.csv
2025-06-25 22:47:36 - INFO - Updating file: results/results_lucas_sa-east-1_300.csv
2025-06-25 22:47:36 - INFO - Updating file: results/results_lucas_sa-east-1_300.csv
2025-06-25 22:47:36 - INFO - Updating file: results/results_lucas_sa-east-1_300.csv
2025-06-25 22:47:36 - INFO - Updating file: results/results_lucas_sa-east-1_300.csv
2025-06-25 22:47:36 - INFO - Updating file: results/results_lucas_sa-east-1_300.csv
2025-06-25 22:47:36 - INFO - Updating file: results/results_lucas_sa-east-1_300.csv
2025-06-25 22:47:36 - INFO - Updating file: results/results_lucas_sa-east-1_300.csv
2025-06-25 22:47:36 - INFO - Updating file: results/results_lucas_sa-east-1_300.csv
2025-06-25 22:47:36 - INFO - Updating file: results/results_lucas_sa-east-1_300.csv
2025-06-25 22:47:36 - INFO - Updating file: results/results_lucas_sa-east-1_300.csv
2025-06-25 22:47:36 - INFO - Updating file: results/results_lucas_sa-east-1_300.csv
2025-06-25 22:47:36 - INFO - Updating file: results/results_lucas_sa-east-1_300.csv
2025-06-25 22:47:36 - INFO - Updating file: results/results_lucas_sa-east-1_300.csv
2025-06-25 22:47:36 - INFO - Updating file: results/results_lucas_sa-east-1_300.csv
2025-06-25 22:47:36 - INFO - Updating file: results/results_lucas_sa-east-1_300.csv
2025-06-25 22:47:36 - INFO - Updating file: results/results_lucas_sa-east-1_300.csv
2025-06-25 22:47:36 - INFO - Updating file: results/results_lucas_sa-east-1_300.csv
2025-06-25 22:47:36 - INFO - Updating file: results/results_lucas_sa-east-1_300.csv
2025-06-25 22:47:36 - INFO - Updating file: results/results_lucas_sa-east-1_300.csv
2025-06-25 22:47:36 - INFO - Updating file: results/results_lucas_sa-east-1_300.csv
2025-06-25 22:47:36 - INFO - Updating file: results/results_lucas_sa-east-1_300.csv
2025-06-25 22:47:36 - INFO - Updating file: results/results_lucas_sa-east-1_300.csv
2025-06-25 22:47:36 - INFO - Updating file: results/results_lucas_sa-east-1_300.csv
2025-06-25 22:47:36 - INFO - Updating file: results/results_lucas_sa-east-1_300.csv
2025-06-25 22:47:36 - INFO - Updating file: results/results_lucas_sa-east-1_300.csv
2025-06-25 22:47:36 - INFO - Updating file: results/results_lucas_sa-east-1_300.csv
2025-06-25 22:47:36 - INFO - Updating file: results/results_lucas_sa-east-1_300.csv
2025-06-25 22:47:36 - INFO - Updating file: results/results_lucas_sa-east-1_300.csv
2025-06-25 22:47:37 - INFO - Updating file: results/results_lucas_sa-east-1_300.csv
2025-06-25 22:47:37 - INFO - Updating file: results/results_lucas_sa-east-1_300.csv
2025-06-25 22:47:37 - INFO - Updating file: results/results_lucas_sa-east-1_300.csv
2025-06-25 22:47:37 - INFO - Updating file: results/results_lucas_sa-east-1_300.csv
2025-06-25 22:47:37 - INFO - Updating file: results/results_lucas_sa-east-1_300.csv
2025-06-25 22:47:37 - INFO - Updating file: results/results_lucas_sa-east-1_300.csv
2025-06-25 22:47:37 - INFO - Updating file: results/results_lucas_sa-east-1_300.csv
2025-06-25 22:47:37 - INFO - Updating file: results/results_lucas_sa-east-1_300.csv
2025-06-25 22:47:37 - INFO - Updating file: results/results_lucas_sa-east-1_300.csv
2025-06-25 22:47:37 - INFO - Updating file: results/results_lucas_sa-east-1_300.csv
2025-06-25 22:47:37 - INFO - Updating file: results/results_lucas_sa-east-1_300.csv
2025-06-25 22:47:37 - INFO - Updating file: results/results_lucas_sa-east-1_300.csv
2025-06-25 22:47:37 - INFO - Updating file: results/results_lucas_sa-east-1_300.csv
2025-06-25 22:47:37 - INFO - Updating file: results/results_lucas_sa-east-1_300.csv
2025-06-25 22:47:37 - INFO - Updating file: results/results_lucas_sa-east-1_300.csv
2025-06-25 22:47:37 - INFO - Updating file: results/results_lucas_sa-east-1_300.csv
2025-06-25 22:47:37 - INFO - Updating file: results/results_lucas_sa-east-1_300.csv
2025-06-25 22:47:37 - INFO - Updating file: results/results_lucas_sa-east-1_300.csv
2025-06-25 22:47:37 - INFO - Updating file: results/results_lucas_sa-east-1_300.csv
2025-06-25 22:47:37 - INFO - Updating file: results/results_lucas_sa-east-1_300.csv
2025-06-25 22:47:37 - INFO - Updating file: results/results_lucas_sa-east-1_300.csv
2025-06-25 22:47:37 - INFO - Updating file: results/results_lucas_sa-east-1_300.csv
2025-06-25 22:47:37 - INFO - Updating file: results/results_lucas_sa-east-1_300.csv
2025-06-25 22:47:37 - INFO - Updating file: results/results_lucas_sa-east-1_300.csv
2025-06-25 22:47:37 - INFO - Updating file: results/results_lucas_sa-east-1_300.csv
2025-06-25 22:47:37 - INFO - Updating file: results/results_lucas_sa-east-1_300.csv
2025-06-25 22:47:37 - INFO - Updating file: results/results_lucas_sa-east-1_300.csv
2025-06-25 22:47:37 - INFO - Updating file: results/results_lucas_sa-east-1_300.csv
2025-06-25 22:47:37 - INFO - Updating file: results/results_lucas_sa-east-1_300.csv
2025-06-25 22:47:37 - INFO - Updating file: results/results_lucas_sa-east-1_300.csv
2025-06-25 22:47:37 - INFO - Updating file: results/results_lucas_sa-east-1_300.csv
2025-06-25 22:47:37 - INFO - Updating file: results/results_lucas_sa-east-1_300.csv
2025-06-25 22:47:37 - INFO - Updating file: results/results_lucas_sa-east-1_300.csv
2025-06-25 22:47:37 - INFO - Updating file: results/results_lucas_sa-east-1_300.csv
2025-06-25 22:47:37 - INFO - Updating file: results/results_lucas_sa-east-1_300.csv
2025-06-25 22:47:37 - INFO - Updating file: results/results_lucas_sa-east-1_300.csv
2025-06-25 22:47:37 - INFO - Updating file: results/results_lucas_sa-east-1_300.csv
2025-06-25 22:47:37 - INFO - Updating file: results/results_lucas_sa-east-1_300.csv
2025-06-25 22:47:37 - INFO - Updating file: results/results_lucas_sa-east-1_300.csv
2025-06-25 22:47:37 - INFO - Updating file: results/results_lucas_sa-east-1_300.csv
2025-06-25 22:47:37 - INFO - Updating file: results/results_lucas_sa-east-1_300.csv
2025-06-25 22:47:37 - INFO - Updating file: results/results_lucas_sa-east-1_300.csv
2025-06-25 22:47:37 - INFO - Updating file: results/results_lucas_sa-east-1_300.csv
2025-06-25 22:47:37 - INFO - Updating file: results/results_lucas_sa-east-1_300.csv
2025-06-25 22:47:37 - INFO - Updating file: results/results_lucas_sa-east-1_300.csv
2025-06-25 22:47:37 - INFO - Updating file: results/results_lucas_sa-east-1_300.csv
2025-06-25 22:47:37 - INFO - Updating file: results/results_lucas_sa-east-1_300.csv
2025-06-25 22:47:37 - INFO - Updating file: results/results_lucas_sa-east-1_300.csv
2025-06-25 22:47:37 - INFO - Updating file: results/results_lucas_sa-east-1_300.csv
2025-06-25 22:47:37 - INFO - Updating file: results/results_lucas_sa-east-1_300.csv
2025-06-25 22:47:37 - INFO - Updating file: results/results_lucas_sa-east-1_300.csv
2025-06-25 22:47:37 - INFO - Updating file: results/results_lucas_sa-east-1_300.csv
2025-06-25 22:47:37 - INFO - Updating file: results/results_lucas_sa-east-1_300.csv
2025-06-25 22:47:37 - INFO - Updating file: results/results_lucas_sa-east-1_300.csv
2025-06-25 22:47:37 - INFO - Updating file: results/results_lucas_sa-east-1_300.csv
2025-06-25 22:47:37 - INFO - Updating file: results/results_lucas_sa-east-1_300.csv
2025-06-25 22:47:37 - INFO - Updating file: results/results_lucas_sa-east-1_300.csv
2025-06-25 22:47:37 - INFO - Updating file: results/results_lucas_sa-east-1_300.csv
2025-06-25 22:47:37 - INFO - Updating file: results/results_lucas_sa-east-1_300.csv
2025-06-25 22:47:37 - INFO - Updating file: results/results_lucas_sa-east-1_300.csv
2025-06-25 22:47:37 - INFO - Updating file: results/results_lucas_sa-east-1_300.csv
2025-06-25 22:47:37 - INFO - Updating file: results/results_lucas_sa-east-1_300.csv
2025-06-25 22:47:37 - INFO - Updating file: results/results_lucas_sa-east-1_300.csv
2025-06-25 22:47:37 - INFO - Updating file: results/results_lucas_sa-east-1_300.csv
2025-06-25 22:47:37 - INFO - Updating file: results/results_lucas_sa-east-1_300.csv
2025-06-25 22:47:37 - INFO - Updating file: results/results_lucas_sa-east-1_300.csv
2025-06-25 22:47:37 - INFO - Updating file: results/results_lucas_sa-east-1_300.csv
2025-06-25 22:47:37 - INFO - Updating file: results/results_lucas_sa-east-1_300.csv
2025-06-25 22:47:37 - INFO - Updating file: results/results_lucas_sa-east-1_300.csv
2025-06-25 22:47:37 - INFO - Updating file: results/results_lucas_sa-east-1_300.csv
2025-06-25 22:47:37 - INFO - Updating file: results/results_lucas_sa-east-1_300.csv
2025-06-25 22:47:37 - INFO - Updating file: results/results_lucas_sa-east-1_300.csv
2025-06-25 22:47:37 - INFO - Updating file: results/results_lucas_sa-east-1_300.csv
2025-06-25 22:47:37 - INFO - Updating file: results/results_lucas_sa-east-1_300.csv
2025-06-25 22:47:37 - INFO - Updating file: results/results_lucas_sa-east-1_300.csv
2025-06-25 22:47:37 - INFO - Updating file: results/results_lucas_sa-east-1_300.csv
2025-06-25 22:47:37 - INFO - Updating file: results/results_lucas_sa-east-1_300.csv
2025-06-25 22:47:37 - INFO - Updating file: results/results_lucas_sa-east-1_300.csv
2025-06-25 22:47:37 - INFO - Updating file: results/results_lucas_sa-east-1_300.csv
2025-06-25 22:47:37 - INFO - Updating file: results/results_lucas_sa-east-1_300.csv
2025-06-25 22:47:37 - INFO - Updating file: results/results_lucas_sa-east-1_300.csv
2025-06-25 22:47:37 - INFO - Updating file: results/results_lucas_sa-east-1_300.csv
2025-06-25 22:47:37 - INFO - Updating file: results/results_lucas_sa-east-1_300.csv
2025-06-25 22:47:37 - INFO - Updating file: results/results_lucas_sa-east-1_300.csv
2025-06-25 22:47:37 - INFO - Updating file: results/results_lucas_sa-east-1_300.csv
2025-06-25 22:47:37 - INFO - Updating file: results/results_lucas_sa-east-1_300.csv
2025-06-25 22:47:37 - INFO - Updating file: results/results_lucas_sa-east-1_300.csv
2025-06-25 22:47:37 - INFO - Updating file: results/results_lucas_sa-east-1_300.csv
2025-06-25 22:47:37 - INFO - Updating file: results/results_lucas_sa-east-1_300.csv
2025-06-25 22:47:37 - INFO - Updating file: results/results_lucas_sa-east-1_300.csv
2025-06-25 22:47:37 - INFO - Updating file: results/results_lucas_sa-east-1_300.csv
2025-06-25 22:47:37 - INFO - Updating file: results/results_lucas_sa-east-1_300.csv
2025-06-25 22:47:37 - INFO - Updating file: results/results_lucas_sa-east-1_300.csv
2025-06-25 22:47:37 - INFO - Updating file: results/results_lucas_sa-east-1_300.csv
2025-06-25 22:47:37 - INFO - Updating file: results/results_lucas_sa-east-1_300.csv
2025-06-25 22:47:37 - INFO - Updating file: results/results_lucas_sa-east-1_300.csv
2025-06-25 22:47:37 - INFO - Updating file: results/results_lucas_sa-east-1_300.csv
2025-06-25 22:47:37 - INFO - Updating file: results/results_lucas_sa-east-1_300.csv
2025-06-25 22:47:37 - INFO - Updating file: results/results_lucas_sa-east-1_300.csv
2025-06-25 22:47:37 - INFO - Updating file: results/results_lucas_sa-east-1_300.csv
2025-06-25 22:47:37 - INFO - Updating file: results/results_lucas_sa-east-1_300.csv
2025-06-25 22:47:37 - INFO - Updating file: results/results_lucas_sa-east-1_300.csv
2025-06-25 22:47:38 - INFO - Updating file: results/results_lucas_sa-east-1_300.csv
2025-06-25 22:47:38 - INFO - Updating file: results/results_lucas_sa-east-1_300.csv
2025-06-25 22:47:38 - INFO - Updating file: results/results_lucas_sa-east-1_300.csv
2025-06-25 22:47:38 - INFO - Updating file: results/results_lucas_sa-east-1_300.csv
2025-06-25 22:47:38 - INFO - Updating file: results/results_lucas_sa-east-1_300.csv
2025-06-25 22:47:38 - INFO - Updating file: results/results_lucas_sa-east-1_300.csv
2025-06-25 22:47:38 - INFO - Updating file: results/results_lucas_sa-east-1_300.csv
2025-06-25 22:47:38 - INFO - Updating file: results/results_lucas_sa-east-1_300.csv
2025-06-25 22:47:38 - INFO - Updating file: results/results_lucas_sa-east-1_300.csv
2025-06-25 22:47:38 - INFO - Updating file: results/results_lucas_sa-east-1_300.csv
2025-06-25 22:47:38 - INFO - Updating file: results/results_lucas_sa-east-1_300.csv
2025-06-25 22:47:38 - INFO - Updating file: results/results_lucas_sa-east-1_300.csv
2025-06-25 22:47:38 - INFO - Updating file: results/results_lucas_sa-east-1_300.csv
2025-06-25 22:47:38 - INFO - Updating file: results/results_lucas_sa-east-1_300.csv
2025-06-25 22:47:38 - INFO - Updating file: results/results_lucas_sa-east-1_300.csv
2025-06-25 22:47:38 - INFO - Updating file: results/results_lucas_sa-east-1_300.csv
2025-06-25 22:47:38 - INFO - Updating file: results/results_lucas_sa-east-1_300.csv
2025-06-25 22:47:38 - INFO - Updating file: results/results_lucas_sa-east-1_300.csv
2025-06-25 22:47:38 - INFO - Updating file: results/results_lucas_sa-east-1_300.csv
2025-06-25 22:47:38 - INFO - Updating file: results/results_lucas_sa-east-1_300.csv
2025-06-25 22:47:38 - INFO - Updating file: results/results_lucas_sa-east-1_300.csv
2025-06-25 22:47:38 - INFO - Updating file: results/results_lucas_sa-east-1_300.csv
2025-06-25 22:47:38 - INFO - Updating file: results/results_lucas_sa-east-1_300.csv
2025-06-25 22:47:38 - INFO - Updating file: results/results_lucas_sa-east-1_300.csv
2025-06-25 22:47:38 - INFO - Updating file: results/results_lucas_sa-east-1_300.csv
2025-06-25 22:47:38 - INFO - Updating file: results/results_lucas_sa-east-1_300.csv
2025-06-25 22:47:38 - INFO - Updating file: results/results_lucas_sa-east-1_300.csv
2025-06-25 22:47:38 - INFO - Updating file: results/results_lucas_sa-east-1_300.csv
2025-06-25 22:47:38 - INFO - Updating file: results/results_lucas_sa-east-1_300.csv
2025-06-25 22:47:38 - INFO - Updating file: results/results_lucas_sa-east-1_300.csv
2025-06-25 22:47:38 - INFO - Updating file: results/results_lucas_sa-east-1_300.csv
2025-06-25 22:47:38 - INFO - Updating file: results/results_lucas_sa-east-1_300.csv
2025-06-25 22:47:38 - INFO - Updating file: results/results_lucas_sa-east-1_300.csv
2025-06-25 22:47:38 - INFO - Updating file: results/results_lucas_sa-east-1_300.csv
2025-06-25 22:47:38 - INFO - Updating file: results/results_lucas_sa-east-1_300.csv
2025-06-25 22:47:38 - INFO - Updating file: results/results_lucas_sa-east-1_300.csv
2025-06-25 22:47:38 - INFO - Updating file: results/results_lucas_sa-east-1_300.csv
2025-06-25 22:47:38 - INFO - Updating file: results/results_lucas_sa-east-1_300.csv
2025-06-25 22:47:38 - INFO - Updating file: results/results_lucas_sa-east-1_300.csv
2025-06-25 22:47:38 - INFO - Updating file: results/results_lucas_sa-east-1_300.csv
2025-06-25 22:47:38 - INFO - Updating file: results/results_lucas_sa-east-1_300.csv
2025-06-25 22:47:38 - INFO - Updating file: results/results_lucas_sa-east-1_300.csv
2025-06-25 22:47:38 - INFO - Updating file: results/results_lucas_sa-east-1_300.csv
2025-06-25 22:47:38 - INFO - Updating file: results/results_lucas_sa-east-1_300.csv
2025-06-25 22:47:38 - INFO - Updating file: results/results_lucas_sa-east-1_300.csv
2025-06-25 22:47:38 - INFO - Updating file: results/results_lucas_sa-east-1_300.csv
2025-06-25 22:47:38 - INFO - Updating file: results/results_lucas_sa-east-1_300.csv
2025-06-25 22:47:38 - INFO - Updating file: results/results_lucas_sa-east-1_300.csv
2025-06-25 22:47:38 - INFO - c5.24xlarge - 1.919500 - sa-east-1a
2025-06-25 22:47:38 - INFO - Updating file: results/results_lucas_sa-east-1_300.csv
2025-06-25 22:47:38 - INFO - Updating file: results/results_lucas_sa-east-1_300.csv
2025-06-25 22:47:38 - INFO - Updating file: results/results_lucas_sa-east-1_300.csv
2025-06-25 22:47:38 - INFO - Updating file: results/results_lucas_sa-east-1_300.csv
2025-06-25 22:47:38 - INFO - Updating file: results/results_lucas_sa-east-1_300.csv
2025-06-25 22:47:38 - INFO - Updating file: results/results_lucas_sa-east-1_300.csv
2025-06-25 22:47:38 - INFO - Updating file: results/results_lucas_sa-east-1_300.csv
2025-06-25 22:47:38 - INFO - Updating file: results/results_lucas_sa-east-1_300.csv
2025-06-25 22:47:38 - INFO - Updating file: results/results_lucas_sa-east-1_300.csv
2025-06-25 22:47:38 - INFO - Updating file: results/results_lucas_sa-east-1_300.csv
2025-06-25 22:47:38 - INFO - Updating file: results/results_lucas_sa-east-1_300.csv
2025-06-25 22:47:38 - INFO - Updating file: results/results_lucas_sa-east-1_300.csv
2025-06-25 22:47:38 - INFO - Updating file: results/results_lucas_sa-east-1_300.csv
2025-06-25 22:47:38 - INFO - Updating file: results/results_lucas_sa-east-1_300.csv
2025-06-25 22:47:38 - INFO - Updating file: results/results_lucas_sa-east-1_300.csv
2025-06-25 22:47:38 - INFO - Updating file: results/results_lucas_sa-east-1_300.csv
2025-06-25 22:47:38 - INFO - Updating file: results/results_lucas_sa-east-1_300.csv
2025-06-25 22:47:38 - INFO - m5.24xlarge - 2.666300 - sa-east-1b
2025-06-25 22:47:38 - INFO - Updating file: results/results_lucas_sa-east-1_300.csv
2025-06-25 22:47:38 - INFO - m5.24xlarge - 2.666300 - sa-east-1b
2025-06-25 22:47:38 - INFO - Updating file: results/results_lucas_sa-east-1_300.csv
2025-06-25 22:47:38 - INFO - m5.24xlarge - 2.666300 - sa-east-1b
2025-06-25 22:47:38 - INFO - Updating file: results/results_lucas_sa-east-1_300.csv
2025-06-25 22:47:38 - INFO - c6a.24xlarge - 2.136200 - sa-east-1b
2025-06-25 22:47:38 - INFO - Updating file: results/results_lucas_sa-east-1_300.csv
2025-06-25 22:47:39 - INFO - m5.24xlarge - 2.666300 - sa-east-1b
2025-06-25 22:47:39 - INFO - Updating file: results/results_lucas_sa-east-1_300.csv
2025-06-25 22:47:39 - INFO - m5.24xlarge - 2.666300 - sa-east-1b
2025-06-25 22:47:39 - INFO - Updating file: results/results_lucas_sa-east-1_300.csv
2025-06-25 22:47:39 - INFO - m5.24xlarge - 2.666300 - sa-east-1b
2025-06-25 22:47:39 - INFO - Updating file: results/results_lucas_sa-east-1_300.csv
2025-06-25 22:47:39 - INFO - m5.24xlarge - 2.666300 - sa-east-1b
2025-06-25 22:47:39 - INFO - Updating file: results/results_lucas_sa-east-1_300.csv
2025-06-25 22:47:39 - INFO - c5.24xlarge - 1.919500 - sa-east-1a
2025-06-25 22:47:39 - INFO - Updating file: results/results_lucas_sa-east-1_300.csv
2025-06-25 22:47:40 - INFO - m5.24xlarge - 2.666300 - sa-east-1b
2025-06-25 22:47:40 - INFO - Updating file: results/results_lucas_sa-east-1_300.csv
2025-06-25 22:47:41 - INFO - m5.24xlarge - 2.666300 - sa-east-1b
2025-06-25 22:47:41 - INFO - Updating file: results/results_lucas_sa-east-1_300.csv
2025-06-25 22:47:41 - INFO - m5.24xlarge - 2.666300 - sa-east-1b
2025-06-25 22:47:41 - INFO - Updating file: results/results_lucas_sa-east-1_300.csv
2025-06-25 22:47:42 - INFO - m5.24xlarge - 2.666300 - sa-east-1b
2025-06-25 22:47:42 - INFO - Updating file: results/results_lucas_sa-east-1_300.csv
2025-06-25 22:47:42 - INFO - m5.24xlarge - 2.666300 - sa-east-1b
2025-06-25 22:47:42 - INFO - Updating file: results/results_lucas_sa-east-1_300.csv
2025-06-25 22:47:46 - INFO - m5.24xlarge - 2.666300 - sa-east-1b
2025-06-25 22:47:46 - INFO - Updating file: results/results_lucas_sa-east-1_300.csv
2025-06-25 22:47:47 - INFO - m5.24xlarge - 2.666300 - sa-east-1b
2025-06-25 22:47:47 - INFO - Updating file: results/results_lucas_sa-east-1_300.csv
2025-06-25 22:47:48 - INFO - c6a.24xlarge - 2.637200 - sa-east-1a
2025-06-25 22:47:48 - INFO - Updating file: results/results_lucas_sa-east-1_300.csv
2025-06-25 22:47:49 - INFO - m5.24xlarge - 2.666300 - sa-east-1b
2025-06-25 22:47:49 - INFO - Updating file: results/results_lucas_sa-east-1_300.csv
2025-06-25 22:47:58 - INFO - All instances have been terminated.
2025-06-26 00:21:53 - INFO - Start execution in sa-east-1 Nodes=500 Benchmark=bt.A.x Allocation Strategy=lowest-price
2025-06-26 00:21:53 - INFO - Found credentials in shared credentials file: ~/.aws/credentials
2025-06-26 00:22:34 - INFO - Tempo que levou para receber response AWS: 40.813984 segundos
2025-06-26 00:22:34 - INFO - Found credentials in shared credentials file: ~/.aws/credentials
2025-06-26 00:22:35 - WARNING - No spot price history found.
2025-06-26 00:22:35 - INFO - Updating file: results/results_lucas_sa-east-1_500.csv
2025-06-26 00:22:35 - INFO - Found credentials in shared credentials file: ~/.aws/credentials
2025-06-26 00:22:35 - WARNING - No spot price history found.
2025-06-26 00:22:35 - INFO - Updating file: results/results_lucas_sa-east-1_500.csv
2025-06-26 00:22:35 - INFO - Found credentials in shared credentials file: ~/.aws/credentials
2025-06-26 00:22:36 - WARNING - No spot price history found.
2025-06-26 00:22:36 - INFO - Updating file: results/results_lucas_sa-east-1_500.csv
2025-06-26 00:22:36 - INFO - Found credentials in shared credentials file: ~/.aws/credentials
2025-06-26 00:22:36 - WARNING - No spot price history found.
2025-06-26 00:22:36 - INFO - Updating file: results/results_lucas_sa-east-1_500.csv
2025-06-26 00:22:36 - INFO - Found credentials in shared credentials file: ~/.aws/credentials
2025-06-26 00:22:36 - WARNING - No spot price history found.
2025-06-26 00:22:36 - INFO - Updating file: results/results_lucas_sa-east-1_500.csv
2025-06-26 00:22:36 - INFO - Found credentials in shared credentials file: ~/.aws/credentials
2025-06-26 00:22:37 - INFO - m6a.24xlarge - 1.445300 - sa-east-1b
2025-06-26 00:22:37 - INFO - Updating file: results/results_lucas_sa-east-1_500.csv
2025-06-26 00:22:37 - INFO - Found credentials in shared credentials file: ~/.aws/credentials
2025-06-26 00:22:37 - INFO - m5a.24xlarge - 1.749300 - sa-east-1a
2025-06-26 00:22:37 - INFO - Updating file: results/results_lucas_sa-east-1_500.csv
2025-06-26 00:22:37 - INFO - Found credentials in shared credentials file: ~/.aws/credentials
2025-06-26 00:22:38 - INFO - m5a.24xlarge - 1.865900 - sa-east-1c
2025-06-26 00:22:38 - INFO - Updating file: results/results_lucas_sa-east-1_500.csv
2025-06-26 00:22:38 - INFO - Found credentials in shared credentials file: ~/.aws/credentials
2025-06-26 00:22:38 - INFO - c5.24xlarge - 1.919500 - sa-east-1a
2025-06-26 00:22:38 - INFO - Updating file: results/results_lucas_sa-east-1_500.csv
2025-06-26 00:22:38 - INFO - Found credentials in shared credentials file: ~/.aws/credentials
2025-06-26 00:22:39 - INFO - r5ad.24xlarge - 1.937600 - sa-east-1c
2025-06-26 00:22:39 - INFO - Updating file: results/results_lucas_sa-east-1_500.csv
2025-06-26 00:22:39 - INFO - Found credentials in shared credentials file: ~/.aws/credentials
2025-06-26 00:22:39 - INFO - m6a.24xlarge - 2.014200 - sa-east-1c
2025-06-26 00:22:39 - INFO - Updating file: results/results_lucas_sa-east-1_500.csv
2025-06-26 00:22:39 - INFO - Found credentials in shared credentials file: ~/.aws/credentials
2025-06-26 00:22:39 - INFO - m5.24xlarge - 2.048700 - sa-east-1a
2025-06-26 00:22:39 - INFO - Updating file: results/results_lucas_sa-east-1_500.csv
2025-06-26 00:22:39 - INFO - Found credentials in shared credentials file: ~/.aws/credentials
2025-06-26 00:22:40 - INFO - c6a.24xlarge - 2.136200 - sa-east-1b
2025-06-26 00:22:40 - INFO - Updating file: results/results_lucas_sa-east-1_500.csv
2025-06-26 00:22:40 - INFO - Found credentials in shared credentials file: ~/.aws/credentials
2025-06-26 00:22:40 - INFO - c5.24xlarge - 2.159300 - sa-east-1b
2025-06-26 00:22:40 - INFO - Updating file: results/results_lucas_sa-east-1_500.csv
2025-06-26 00:22:40 - INFO - Found credentials in shared credentials file: ~/.aws/credentials
2025-06-26 00:22:41 - INFO - m6a.24xlarge - 2.190600 - sa-east-1a
2025-06-26 00:22:41 - INFO - Updating file: results/results_lucas_sa-east-1_500.csv
2025-06-26 00:22:41 - INFO - Found credentials in shared credentials file: ~/.aws/credentials
2025-06-26 00:22:41 - INFO - r5a.24xlarge - 2.219000 - sa-east-1c
2025-06-26 00:22:41 - INFO - Updating file: results/results_lucas_sa-east-1_500.csv
2025-06-26 00:22:41 - INFO - Found credentials in shared credentials file: ~/.aws/credentials
2025-06-26 00:22:42 - INFO - m5ad.24xlarge - 2.349300 - sa-east-1c
2025-06-26 00:22:42 - INFO - Updating file: results/results_lucas_sa-east-1_500.csv
2025-06-26 00:22:42 - INFO - Found credentials in shared credentials file: ~/.aws/credentials
2025-06-26 00:22:42 - INFO - m5.24xlarge - 2.366300 - sa-east-1c
2025-06-26 00:22:42 - INFO - Updating file: results/results_lucas_sa-east-1_500.csv
2025-06-26 00:22:42 - INFO - Found credentials in shared credentials file: ~/.aws/credentials
2025-06-26 00:22:43 - INFO - c5.24xlarge - 2.627400 - sa-east-1c
2025-06-26 00:22:43 - INFO - Updating file: results/results_lucas_sa-east-1_500.csv
2025-06-26 00:22:43 - INFO - Found credentials in shared credentials file: ~/.aws/credentials
2025-06-26 00:22:43 - INFO - c6a.24xlarge - 2.637200 - sa-east-1a
2025-06-26 00:22:43 - INFO - Updating file: results/results_lucas_sa-east-1_500.csv
2025-06-26 00:22:43 - INFO - Fleet created with instances: ['i-0fc8f34989cd05123', 'i-04a46c6bae83e7ab3', 'i-03e03608ed33910a0', 'i-0a4770880997ca84d', 'i-0ae006c4f01a142e9', 'i-014255b24d1ab5d5c', 'i-062c45021c4960b61', 'i-0bb84208640eaa285', 'i-00d2f0afa3aece2e2', 'i-0a0873029b5def3ce', 'i-0d710f91e14775761', 'i-044a94f4b96d75c36', 'i-048d4cf7119ee0821', 'i-07cc0bc0204331423', 'i-00f386344d26ca21b', 'i-04b842943889bab7a', 'i-018c276d675f31ef1', 'i-0273b5b6f37f80186', 'i-0e8078f848ef4ea81', 'i-02299984e207d9251', 'i-05265990b724df2b5', 'i-01e09b76a4fc044f6', 'i-01c92027993fe49da', 'i-0837b01110154f81d', 'i-052db793c4db756d3', 'i-091ac58792dccd87e', 'i-069f759f72f19f694', 'i-07ea9719c42124a90', 'i-0e3bde331d2be249f', 'i-090d50606837fec0e', 'i-01e27b630bf53b924', 'i-04c85d75aaa8946a3', 'i-0d4dbbb8d23a811e9', 'i-0a55ef1d023871208', 'i-0c29a91ef53671467', 'i-01f93171fefc67f59', 'i-0e058858229bae47c', 'i-0bd532774067f3a9d', 'i-0cb123597b4da3806', 'i-0dc430e4155fa4234', 'i-07c7f1f7d82596c24', 'i-09ae9784167922a5c', 'i-0507448198958a965', 'i-0b8855cec569a08d2', 'i-022030b7c00eb1e84', 'i-035319adba016a5fd', 'i-0b1e79e114d1bdf97', 'i-04f201c889142b2ce', 'i-0d4942e727cf013df', 'i-0c920ffda37d36041', 'i-05482c21f254bab3e', 'i-006b7e0b86c7a5553', 'i-0ba0a867723ea78da', 'i-0501bc66c7ea4f984', 'i-00a7b808055e7315b', 'i-0c3a1f08dedfa626d', 'i-0e336e944ba3e961e', 'i-025b0321cd1794b7b', 'i-0ab61d96908b7bc09', 'i-0c3e451d5d3c19e43', 'i-0690a9211528b7a42', 'i-0b4e30fc7b66df7c0', 'i-0a902f104abc625d6', 'i-0fa6a87148d9e5b63', 'i-060a37e7e59e279f4', 'i-0b943df94fd8a32d0', 'i-0108320de0e15221b', 'i-06e17a03eb0be35e9', 'i-00c6c46b17a8a66f1', 'i-09276386fa4adae54', 'i-0c093adfb4cea4c08', 'i-07785c46258649425', 'i-0e8c5446bf6d0508e', 'i-05f1eb9b64a6414ce', 'i-0af353f6af6c0dd08', 'i-02df5e9fa768caa49', 'i-0aa22dbe8ab3d611f', 'i-0df873c55bb836c13', 'i-0c402f87634a67def', 'i-09e66d1b55cd5c796', 'i-030841928d3e23e55', 'i-048de9b0eba4ba5ae', 'i-0db0177e083c764f0', 'i-0eff9ce8e4807aeb3', 'i-09ae24324ac203c45', 'i-06aa877deac86d9f3', 'i-08b02164b8b94fa99', 'i-08b48f20500a54898', 'i-04e5acb14a21df3d8', 'i-0d918526a4f3b20df', 'i-031fe4368e8a9ff16', 'i-03c93581ea7ffda53', 'i-0f11627dcfcd3dbc0', 'i-0f6d1783b1f284806', 'i-04f4075bd21c108fd', 'i-0bcf4743d9adc6826', 'i-06180bd29012ac445', 'i-0f096efb81a471e93', 'i-02030569cbdd80b33', 'i-09fa36724625b58ef', 'i-0e6d633c98118807c', 'i-0ec4b8128f484d5d5', 'i-09f52ad7a70478e35', 'i-0c949a2e0ddb020a4', 'i-028602057a1ed821b', 'i-07734d98260ade364', 'i-07fc62bf431750f87', 'i-008d8511a5f7edf3d', 'i-09d53499010ef228c', 'i-0806c59924263dc7d', 'i-02b0e8bb18d32cead', 'i-07e90cf33c12770c3', 'i-0e727514cf448f352', 'i-0d3be3062675b91dd', 'i-0daf6106a9f066ff5', 'i-04e5d7691b00d9fdb', 'i-051189d000e0e3a7e', 'i-0488a1c46970a04af', 'i-0c056fe4071e5e38d', 'i-085ea2f79009699f9', 'i-04bbd83a75a346476', 'i-0bc337ec65e6e589a', 'i-0999a87ff06a2f460', 'i-0d5817bce8f27f1ad', 'i-092e0d02c6b429e7a', 'i-0900d3d994c4e8497', 'i-05772b7b162b241b7', 'i-07a8f04c0fb9b2aef', 'i-08457fc6c4ee7f226', 'i-0c57a7a58441ce8fa', 'i-066f637d2a945fa20', 'i-0702458276fa27ab9', 'i-091186cfd3b381b11', 'i-09d823d4df006b238', 'i-0dac90c2c33b90d49', 'i-040be877933a58b56', 'i-06fccf4e9a9789e6e', 'i-0513366cd5973b4b9', 'i-055e6d856fefd80f5', 'i-09251d9f199f364aa', 'i-066be98f965babaff', 'i-0be905b8c77bf8a31', 'i-04ce7dda97e1b6a82', 'i-0223eb0f09bb1428c', 'i-0fc6ad330c6654769', 'i-0333331715909e3ff', 'i-09a8c3edf41fb9d47', 'i-0f1ea3ecde5e9e13a', 'i-09b96f277ad0f8fd2', 'i-07572c546556904cd', 'i-0ddb1d2edf40f732a', 'i-054ab4f4c79e8062c', 'i-07f976e89caa5ef6a', 'i-0f01c9d7de1118cda', 'i-0cede5b06b09954aa', 'i-098ee02b4f6c47b92', 'i-04443aed30e8127f4', 'i-0c2c574ebec05fcf3', 'i-0a90b1bb93415ff1b', 'i-060d5e45fd60a5bd0', 'i-081a74b866de0ad74', 'i-0a310fc2bc449c881', 'i-08a4dd326aaa44c46', 'i-0fdbd931cc9ddf523', 'i-0d724feecea9a345f', 'i-066bec180f4ff0128', 'i-0e14094c09f74c206', 'i-030e3f9c047ca7fe9', 'i-0a47e9c96e79818a7', 'i-064b78410e0e759ba', 'i-057b8c7733b1bed34', 'i-0928d8610230f66f3', 'i-01f00ecddf19cc5dc', 'i-029125aa1599eb72c', 'i-09e596b97900bd1dd', 'i-00bbfaaf8da404944', 'i-0bc07d23b9060b1dc', 'i-0eeba89562f40ba4c', 'i-0cef4191c7e9d6025', 'i-0d7f3e96966498803', 'i-04aad8dbe6a1042ab', 'i-09893ba985a75db29', 'i-02a7d19d5858e443c', 'i-0905d1dcf5dd9b54b', 'i-095c3f107a1621243', 'i-0e3db68d86871f0f4', 'i-07060ce8fb6e14009', 'i-0b1c93c3d353efe1d', 'i-052bbfe680bddd1f7', 'i-00665001bda019fcc', 'i-01c9696783f369599', 'i-0ca16b75693bf9bcd', 'i-0a14d1efa25926637', 'i-00b825eca0b51674a', 'i-097b7825f16688833', 'i-00b9049c94ea80e36', 'i-0c870f38e6243aed9', 'i-064448388b69530c1', 'i-03631cd1aee9d5f08', 'i-0407c18880378cdd8', 'i-09e509c4e32d71c9f', 'i-0151fdb53bd764417', 'i-03fcc670814140228', 'i-0601e1177176ced72', 'i-0cf80d5ce5236a672', 'i-0038529aa927f0eda', 'i-0322bf929f98d13ad', 'i-0b4da46fa4a05e7a1', 'i-08d8467092af0eb2a', 'i-0df46715dfdb7b4ed', 'i-070909a6f0024a1e8', 'i-09ba57f0e758cb1f8', 'i-0e6a63315d46e50d8', 'i-0417c7d396aa021f4', 'i-074e2c1e23e518294', 'i-03ca278c0fba13078', 'i-06f033dfe296e1916', 'i-0471718120a72ce05', 'i-057a30522ce3bdfb2', 'i-0928bb2eedee89672', 'i-03dc4b193b407c4fa', 'i-0876181e08ed830f5', 'i-083fa8c27745acf08', 'i-00466513a85809926', 'i-02e9730a7b5b7487f', 'i-0903a1d6c2176004c', 'i-0fa83db80e20df3a7', 'i-06c2e15c87fce62e5', 'i-075d19f6ed1470d8d', 'i-020f8a388b249490c', 'i-0f95e595429b43503', 'i-01cb9399c999de29d', 'i-05ca3f38864d36e5f', 'i-0849ec90df5da238f', 'i-07e7011c0313b4421', 'i-030b34ac5c88f2fb8', 'i-0dc6c07766319069b', 'i-07f31e49afde6f9eb', 'i-01015b0adbd92210c', 'i-03dbfae3173a62902', 'i-097b50de909dafab1', 'i-046ec60f90f424e50', 'i-07a3b3ab6bdd52986', 'i-098964d41fe5265bd', 'i-0913bdfb5a96ca527', 'i-0554d7e203e779b0f', 'i-0fdffb1dce50ca1d8', 'i-03ab3feafa27b3a94', 'i-084d68001be0fb17c', 'i-0b4934988c3f3c609', 'i-09c65fe90788aaa0f', 'i-0689b22844af4393a']
2025-06-26 00:23:35 - INFO - Tempo que levou para as máquinas estarem running: 50.365681 segundos
2025-06-26 00:24:47 - INFO - Start execution in sa-east-1 Nodes=500 Benchmark=bt.A.x Allocation Strategy=lowest-price
2025-06-26 00:24:47 - INFO - Found credentials in shared credentials file: ~/.aws/credentials
2025-06-26 00:25:30 - INFO - Tempo que levou para receber response AWS: 42.22177 segundos
2025-06-26 00:25:30 - INFO - Found credentials in shared credentials file: ~/.aws/credentials
2025-06-26 00:25:30 - WARNING - No spot price history found.
2025-06-26 00:25:30 - INFO - Updating file: results/results_lucas_sa-east-1_500.csv
2025-06-26 00:25:30 - INFO - Found credentials in shared credentials file: ~/.aws/credentials
2025-06-26 00:25:31 - WARNING - No spot price history found.
2025-06-26 00:25:31 - INFO - Updating file: results/results_lucas_sa-east-1_500.csv
2025-06-26 00:25:31 - INFO - Found credentials in shared credentials file: ~/.aws/credentials
2025-06-26 00:25:31 - WARNING - No spot price history found.
2025-06-26 00:25:31 - INFO - Updating file: results/results_lucas_sa-east-1_500.csv
2025-06-26 00:25:31 - INFO - Found credentials in shared credentials file: ~/.aws/credentials
2025-06-26 00:25:31 - WARNING - No spot price history found.
2025-06-26 00:25:31 - INFO - Updating file: results/results_lucas_sa-east-1_500.csv
2025-06-26 00:25:31 - INFO - Found credentials in shared credentials file: ~/.aws/credentials
2025-06-26 00:25:32 - WARNING - No spot price history found.
2025-06-26 00:25:32 - INFO - Updating file: results/results_lucas_sa-east-1_500.csv
2025-06-26 00:25:32 - INFO - Found credentials in shared credentials file: ~/.aws/credentials
2025-06-26 00:25:32 - INFO - m6a.24xlarge - 1.445300 - sa-east-1b
2025-06-26 00:25:32 - INFO - Updating file: results/results_lucas_sa-east-1_500.csv
2025-06-26 00:25:32 - INFO - Found credentials in shared credentials file: ~/.aws/credentials
2025-06-26 00:25:33 - INFO - m5a.24xlarge - 1.749300 - sa-east-1a
2025-06-26 00:25:33 - INFO - Updating file: results/results_lucas_sa-east-1_500.csv
2025-06-26 00:25:33 - INFO - Found credentials in shared credentials file: ~/.aws/credentials
2025-06-26 00:25:33 - INFO - m5a.24xlarge - 1.865900 - sa-east-1c
2025-06-26 00:25:33 - INFO - Updating file: results/results_lucas_sa-east-1_500.csv
2025-06-26 00:25:33 - INFO - Found credentials in shared credentials file: ~/.aws/credentials
2025-06-26 00:25:34 - INFO - c5.24xlarge - 1.919500 - sa-east-1a
2025-06-26 00:25:34 - INFO - Updating file: results/results_lucas_sa-east-1_500.csv
2025-06-26 00:25:34 - INFO - Found credentials in shared credentials file: ~/.aws/credentials
2025-06-26 00:25:34 - INFO - r5ad.24xlarge - 1.937600 - sa-east-1c
2025-06-26 00:25:34 - INFO - Updating file: results/results_lucas_sa-east-1_500.csv
2025-06-26 00:25:34 - INFO - Found credentials in shared credentials file: ~/.aws/credentials
2025-06-26 00:25:34 - INFO - m6a.24xlarge - 2.014200 - sa-east-1c
2025-06-26 00:25:34 - INFO - Updating file: results/results_lucas_sa-east-1_500.csv
2025-06-26 00:25:35 - INFO - Found credentials in shared credentials file: ~/.aws/credentials
2025-06-26 00:25:35 - INFO - m5.24xlarge - 2.048700 - sa-east-1a
2025-06-26 00:25:35 - INFO - Updating file: results/results_lucas_sa-east-1_500.csv
2025-06-26 00:25:35 - INFO - Found credentials in shared credentials file: ~/.aws/credentials
2025-06-26 00:25:35 - INFO - c6a.24xlarge - 2.136200 - sa-east-1b
2025-06-26 00:25:35 - INFO - Updating file: results/results_lucas_sa-east-1_500.csv
2025-06-26 00:25:35 - INFO - Found credentials in shared credentials file: ~/.aws/credentials
2025-06-26 00:25:36 - INFO - c5.24xlarge - 2.159300 - sa-east-1b
2025-06-26 00:25:36 - INFO - Updating file: results/results_lucas_sa-east-1_500.csv
2025-06-26 00:25:36 - INFO - Found credentials in shared credentials file: ~/.aws/credentials
2025-06-26 00:25:36 - INFO - m6a.24xlarge - 2.190600 - sa-east-1a
2025-06-26 00:25:36 - INFO - Updating file: results/results_lucas_sa-east-1_500.csv
2025-06-26 00:25:36 - INFO - Found credentials in shared credentials file: ~/.aws/credentials
2025-06-26 00:25:37 - INFO - r5a.24xlarge - 2.219000 - sa-east-1c
2025-06-26 00:25:37 - INFO - Updating file: results/results_lucas_sa-east-1_500.csv
2025-06-26 00:25:37 - INFO - Found credentials in shared credentials file: ~/.aws/credentials
2025-06-26 00:25:37 - INFO - m5ad.24xlarge - 2.349300 - sa-east-1c
2025-06-26 00:25:37 - INFO - Updating file: results/results_lucas_sa-east-1_500.csv
2025-06-26 00:25:37 - INFO - Found credentials in shared credentials file: ~/.aws/credentials
2025-06-26 00:25:38 - INFO - m5.24xlarge - 2.366300 - sa-east-1c
2025-06-26 00:25:38 - INFO - Updating file: results/results_lucas_sa-east-1_500.csv
2025-06-26 00:25:38 - INFO - Found credentials in shared credentials file: ~/.aws/credentials
2025-06-26 00:25:38 - INFO - c5.24xlarge - 2.627400 - sa-east-1c
2025-06-26 00:25:38 - INFO - Updating file: results/results_lucas_sa-east-1_500.csv
2025-06-26 00:25:38 - INFO - Found credentials in shared credentials file: ~/.aws/credentials
2025-06-26 00:25:38 - INFO - c6a.24xlarge - 2.637200 - sa-east-1a
2025-06-26 00:25:38 - INFO - Updating file: results/results_lucas_sa-east-1_500.csv
2025-06-26 00:25:38 - INFO - Found credentials in shared credentials file: ~/.aws/credentials
2025-06-26 00:25:39 - INFO - m5.24xlarge - 2.683200 - sa-east-1b
2025-06-26 00:25:39 - INFO - Updating file: results/results_lucas_sa-east-1_500.csv
2025-06-26 00:25:39 - INFO - Found credentials in shared credentials file: ~/.aws/credentials
2025-06-26 00:25:39 - INFO - m5ad.24xlarge - 2.690100 - sa-east-1a
2025-06-26 00:25:39 - INFO - Updating file: results/results_lucas_sa-east-1_500.csv
2025-06-26 00:25:39 - INFO - Found credentials in shared credentials file: ~/.aws/credentials
2025-06-26 00:25:40 - INFO - r5ad.24xlarge - 2.786700 - sa-east-1a
2025-06-26 00:25:40 - INFO - Updating file: results/results_lucas_sa-east-1_500.csv
2025-06-26 00:25:40 - INFO - Found credentials in shared credentials file: ~/.aws/credentials
2025-06-26 00:25:40 - INFO - c6i.32xlarge - 2.837200 - sa-east-1a
2025-06-26 00:25:40 - INFO - Updating file: results/results_lucas_sa-east-1_500.csv
2025-06-26 00:25:40 - INFO - Found credentials in shared credentials file: ~/.aws/credentials
2025-06-26 00:25:40 - INFO - c6i.32xlarge - 2.857600 - sa-east-1c
2025-06-26 00:25:40 - INFO - Updating file: results/results_lucas_sa-east-1_500.csv
2025-06-26 00:25:41 - INFO - Found credentials in shared credentials file: ~/.aws/credentials
2025-06-26 00:25:41 - INFO - r5a.24xlarge - 2.901000 - sa-east-1a
2025-06-26 00:25:41 - INFO - Updating file: results/results_lucas_sa-east-1_500.csv
2025-06-26 00:25:41 - INFO - Found credentials in shared credentials file: ~/.aws/credentials
2025-06-26 00:25:41 - INFO - m5a.24xlarge - 2.912500 - sa-east-1b
2025-06-26 00:25:41 - INFO - Updating file: results/results_lucas_sa-east-1_500.csv
2025-06-26 00:25:41 - INFO - Found credentials in shared credentials file: ~/.aws/credentials
2025-06-26 00:25:42 - INFO - r5n.24xlarge - 2.939900 - sa-east-1b
2025-06-26 00:25:42 - INFO - Updating file: results/results_lucas_sa-east-1_500.csv
2025-06-26 00:25:42 - INFO - Found credentials in shared credentials file: ~/.aws/credentials
2025-06-26 00:25:42 - INFO - c7i.48xlarge - 2.949600 - sa-east-1a
2025-06-26 00:25:42 - INFO - Updating file: results/results_lucas_sa-east-1_500.csv
2025-06-26 00:25:42 - INFO - Found credentials in shared credentials file: ~/.aws/credentials
2025-06-26 00:25:43 - INFO - c5a.24xlarge - 2.991800 - sa-east-1c
2025-06-26 00:25:43 - INFO - Updating file: results/results_lucas_sa-east-1_500.csv
2025-06-26 00:25:43 - INFO - Found credentials in shared credentials file: ~/.aws/credentials
2025-06-26 00:25:43 - INFO - c5a.24xlarge - 2.991900 - sa-east-1a
2025-06-26 00:25:43 - INFO - Updating file: results/results_lucas_sa-east-1_500.csv
2025-06-26 00:25:43 - INFO - Found credentials in shared credentials file: ~/.aws/credentials
2025-06-26 00:25:43 - INFO - c6a.24xlarge - 3.024800 - sa-east-1c
2025-06-26 00:25:43 - INFO - Updating file: results/results_lucas_sa-east-1_500.csv
2025-06-26 00:25:43 - INFO - Found credentials in shared credentials file: ~/.aws/credentials
2025-06-26 00:25:44 - INFO - r5.24xlarge - 3.227900 - sa-east-1b
2025-06-26 00:25:44 - INFO - Updating file: results/results_lucas_sa-east-1_500.csv
2025-06-26 00:25:44 - INFO - Found credentials in shared credentials file: ~/.aws/credentials
2025-06-26 00:25:44 - INFO - c7i.48xlarge - 3.299900 - sa-east-1b
2025-06-26 00:25:44 - INFO - Updating file: results/results_lucas_sa-east-1_500.csv
2025-06-26 00:25:44 - INFO - Found credentials in shared credentials file: ~/.aws/credentials
2025-06-26 00:25:45 - INFO - r5.24xlarge - 3.352400 - sa-east-1a
2025-06-26 00:25:45 - INFO - Updating file: results/results_lucas_sa-east-1_500.csv
2025-06-26 00:25:45 - INFO - Found credentials in shared credentials file: ~/.aws/credentials
2025-06-26 00:25:45 - INFO - c7i.48xlarge - 3.358600 - sa-east-1c
2025-06-26 00:25:45 - INFO - Updating file: results/results_lucas_sa-east-1_500.csv
2025-06-26 00:25:45 - INFO - Fleet created with instances: ['i-0175dcca9fe929177', 'i-03a42310032bd198f', 'i-08f4c4c467a4727c8', 'i-05e2e3f5af95c1360', 'i-0821cbf1f49e2b546', 'i-0ddbc274341a5ad3a', 'i-00a351b70d197c681', 'i-0fb78c0ff8bb53178', 'i-09a9b4502cb0703b2', 'i-0a9a11ebe5a436e7c', 'i-08da6513d3909bdcc', 'i-0e5ecff79add652b5', 'i-0c1667dab9a34ad66', 'i-0d94135a7ca7f4de2', 'i-034e3c29812619c01', 'i-0c0a188ea2d1a8e5f', 'i-07aa5dd76727483e6', 'i-036aa38039379b264', 'i-0bab65ce8b9f61d94', 'i-0c2d8212df43b7721', 'i-0cb68a2d2a7df44b6', 'i-07d21cd562f3d1369', 'i-0b85ad203bc0b3bcd', 'i-0c5ab55e72ff3bf42', 'i-049c1bc631d85fc13', 'i-0ca7f1c9af1c77839', 'i-0c1dcf481b4c781f7', 'i-0480b846a9b11a0ba', 'i-07e130fbb85f6b87f', 'i-095900868938d12b1', 'i-069629dbb066c6ac0', 'i-0d073ad54c307ac6e', 'i-0699bbd0e2fc0c688', 'i-073627a1c64b6c962', 'i-037fa3795df48887d', 'i-0063cbf00c4eb2ea0', 'i-066bf656fa6b5bff3', 'i-092ffa9bfaeb04d91', 'i-0ee8cfd8e38aa3a08', 'i-02434947992ae54a6', 'i-0327d3e628d75a85d', 'i-0df210bc5711deedb', 'i-01cb99c165007bf83', 'i-0094a4bf264ca66d5', 'i-00147c0cb6900e808', 'i-031a82b8cf488826f', 'i-04a5c6b69c44101f5', 'i-07c730381fcd0b876', 'i-01837244c8e1cb544', 'i-081a16f72a6137841', 'i-027a98201d51fd928', 'i-0be48aa2728136987', 'i-0ad109e0d6eda362f', 'i-05d957a9d732ebbd1', 'i-081150c68718c2998', 'i-0e2086a26a2cb02e9', 'i-008db1f43a2c61eb4', 'i-02a92e545fc2ab76a', 'i-0742b50b51faa5a7e']
2025-06-26 00:25:57 - INFO - Tempo que levou para as máquinas estarem running: 11.685371 segundos
2025-06-26 00:25:57 - INFO - Tempo que levou para conseguir 59 instâncias: 70.37591 segundos
2025-06-26 00:25:57 - INFO - Total de instâncias acumuladas: 59/500
2025-06-26 00:25:57 - INFO - Found credentials in shared credentials file: ~/.aws/credentials
2025-06-26 00:26:39 - INFO - Tempo que levou para receber response AWS: 40.938004 segundos
2025-06-26 00:26:39 - INFO - Found credentials in shared credentials file: ~/.aws/credentials
2025-06-26 00:26:39 - WARNING - No spot price history found.
2025-06-26 00:26:39 - INFO - Updating file: results/results_lucas_sa-east-1_500.csv
2025-06-26 00:26:39 - INFO - Found credentials in shared credentials file: ~/.aws/credentials
2025-06-26 00:26:40 - WARNING - No spot price history found.
2025-06-26 00:26:40 - INFO - Updating file: results/results_lucas_sa-east-1_500.csv
2025-06-26 00:26:40 - INFO - Found credentials in shared credentials file: ~/.aws/credentials
2025-06-26 00:26:40 - WARNING - No spot price history found.
2025-06-26 00:26:40 - INFO - Updating file: results/results_lucas_sa-east-1_500.csv
2025-06-26 00:26:40 - INFO - Found credentials in shared credentials file: ~/.aws/credentials
2025-06-26 00:26:41 - WARNING - No spot price history found.
2025-06-26 00:26:41 - INFO - Updating file: results/results_lucas_sa-east-1_500.csv
2025-06-26 00:26:41 - INFO - Found credentials in shared credentials file: ~/.aws/credentials
2025-06-26 00:26:41 - WARNING - No spot price history found.
2025-06-26 00:26:41 - INFO - Updating file: results/results_lucas_sa-east-1_500.csv
2025-06-26 00:26:41 - INFO - Found credentials in shared credentials file: ~/.aws/credentials
2025-06-26 00:26:42 - INFO - m6a.24xlarge - 1.445300 - sa-east-1b
2025-06-26 00:26:42 - INFO - Updating file: results/results_lucas_sa-east-1_500.csv
2025-06-26 00:26:42 - INFO - Found credentials in shared credentials file: ~/.aws/credentials
2025-06-26 00:26:42 - INFO - m5a.24xlarge - 1.749300 - sa-east-1a
2025-06-26 00:26:42 - INFO - Updating file: results/results_lucas_sa-east-1_500.csv
2025-06-26 00:26:42 - INFO - Found credentials in shared credentials file: ~/.aws/credentials
2025-06-26 00:26:43 - INFO - m5a.24xlarge - 1.865900 - sa-east-1c
2025-06-26 00:26:43 - INFO - Updating file: results/results_lucas_sa-east-1_500.csv
2025-06-26 00:26:43 - INFO - Found credentials in shared credentials file: ~/.aws/credentials
2025-06-26 00:26:43 - INFO - c5.24xlarge - 1.919500 - sa-east-1a
2025-06-26 00:26:43 - INFO - Updating file: results/results_lucas_sa-east-1_500.csv
2025-06-26 00:26:43 - INFO - Found credentials in shared credentials file: ~/.aws/credentials
2025-06-26 00:26:44 - INFO - r5ad.24xlarge - 1.937600 - sa-east-1c
2025-06-26 00:26:44 - INFO - Updating file: results/results_lucas_sa-east-1_500.csv
2025-06-26 00:26:44 - INFO - Found credentials in shared credentials file: ~/.aws/credentials
2025-06-26 00:26:44 - INFO - m6a.24xlarge - 2.014200 - sa-east-1c
2025-06-26 00:26:44 - INFO - Updating file: results/results_lucas_sa-east-1_500.csv
2025-06-26 00:26:44 - INFO - Found credentials in shared credentials file: ~/.aws/credentials
2025-06-26 00:26:45 - INFO - m5.24xlarge - 2.048700 - sa-east-1a
2025-06-26 00:26:45 - INFO - Updating file: results/results_lucas_sa-east-1_500.csv
2025-06-26 00:26:45 - INFO - Found credentials in shared credentials file: ~/.aws/credentials
2025-06-26 00:26:45 - INFO - c6a.24xlarge - 2.136200 - sa-east-1b
2025-06-26 00:26:45 - INFO - Updating file: results/results_lucas_sa-east-1_500.csv
2025-06-26 00:26:45 - INFO - Found credentials in shared credentials file: ~/.aws/credentials
2025-06-26 00:26:45 - INFO - c5.24xlarge - 2.159300 - sa-east-1b
2025-06-26 00:26:45 - INFO - Updating file: results/results_lucas_sa-east-1_500.csv
2025-06-26 00:26:45 - INFO - Found credentials in shared credentials file: ~/.aws/credentials
2025-06-26 00:26:46 - INFO - m6a.24xlarge - 2.190600 - sa-east-1a
2025-06-26 00:26:46 - INFO - Updating file: results/results_lucas_sa-east-1_500.csv
2025-06-26 00:26:46 - INFO - Found credentials in shared credentials file: ~/.aws/credentials
2025-06-26 00:26:46 - INFO - r5a.24xlarge - 2.219000 - sa-east-1c
2025-06-26 00:26:46 - INFO - Updating file: results/results_lucas_sa-east-1_500.csv
2025-06-26 00:26:46 - INFO - Found credentials in shared credentials file: ~/.aws/credentials
2025-06-26 00:26:47 - INFO - m5ad.24xlarge - 2.349300 - sa-east-1c
2025-06-26 00:26:47 - INFO - Updating file: results/results_lucas_sa-east-1_500.csv
2025-06-26 00:26:47 - INFO - Found credentials in shared credentials file: ~/.aws/credentials
2025-06-26 00:26:47 - INFO - m5.24xlarge - 2.366300 - sa-east-1c
2025-06-26 00:26:47 - INFO - Updating file: results/results_lucas_sa-east-1_500.csv
2025-06-26 00:26:47 - INFO - Found credentials in shared credentials file: ~/.aws/credentials
2025-06-26 00:26:48 - INFO - c5.24xlarge - 2.627400 - sa-east-1c
2025-06-26 00:26:48 - INFO - Updating file: results/results_lucas_sa-east-1_500.csv
2025-06-26 00:26:48 - INFO - Found credentials in shared credentials file: ~/.aws/credentials
2025-06-26 00:26:48 - INFO - c6a.24xlarge - 2.637200 - sa-east-1a
2025-06-26 00:26:48 - INFO - Updating file: results/results_lucas_sa-east-1_500.csv
2025-06-26 00:26:48 - INFO - Found credentials in shared credentials file: ~/.aws/credentials
2025-06-26 00:26:49 - INFO - m5.24xlarge - 2.683200 - sa-east-1b
2025-06-26 00:26:49 - INFO - Updating file: results/results_lucas_sa-east-1_500.csv
2025-06-26 00:26:49 - INFO - Found credentials in shared credentials file: ~/.aws/credentials
2025-06-26 00:26:49 - INFO - m5ad.24xlarge - 2.690100 - sa-east-1a
2025-06-26 00:26:49 - INFO - Updating file: results/results_lucas_sa-east-1_500.csv
2025-06-26 00:26:49 - INFO - Found credentials in shared credentials file: ~/.aws/credentials
2025-06-26 00:26:49 - INFO - r5ad.24xlarge - 2.786700 - sa-east-1a
2025-06-26 00:26:49 - INFO - Updating file: results/results_lucas_sa-east-1_500.csv
2025-06-26 00:26:49 - INFO - Found credentials in shared credentials file: ~/.aws/credentials
2025-06-26 00:26:50 - INFO - c6i.32xlarge - 2.837200 - sa-east-1a
2025-06-26 00:26:50 - INFO - Updating file: results/results_lucas_sa-east-1_500.csv
2025-06-26 00:26:50 - INFO - Found credentials in shared credentials file: ~/.aws/credentials
2025-06-26 00:26:50 - INFO - c6i.32xlarge - 2.857600 - sa-east-1c
2025-06-26 00:26:50 - INFO - Updating file: results/results_lucas_sa-east-1_500.csv
2025-06-26 00:26:50 - INFO - Found credentials in shared credentials file: ~/.aws/credentials
2025-06-26 00:26:51 - INFO - r5a.24xlarge - 2.901000 - sa-east-1a
2025-06-26 00:26:51 - INFO - Updating file: results/results_lucas_sa-east-1_500.csv
2025-06-26 00:26:51 - INFO - Found credentials in shared credentials file: ~/.aws/credentials
2025-06-26 00:26:51 - INFO - m5a.24xlarge - 2.912500 - sa-east-1b
2025-06-26 00:26:51 - INFO - Updating file: results/results_lucas_sa-east-1_500.csv
2025-06-26 00:26:51 - INFO - Found credentials in shared credentials file: ~/.aws/credentials
2025-06-26 00:26:52 - INFO - r5n.24xlarge - 2.939900 - sa-east-1b
2025-06-26 00:26:52 - INFO - Updating file: results/results_lucas_sa-east-1_500.csv
2025-06-26 00:26:52 - INFO - Found credentials in shared credentials file: ~/.aws/credentials
2025-06-26 00:26:52 - INFO - c7i.48xlarge - 2.949600 - sa-east-1a
2025-06-26 00:26:52 - INFO - Updating file: results/results_lucas_sa-east-1_500.csv
2025-06-26 00:26:52 - INFO - Found credentials in shared credentials file: ~/.aws/credentials
2025-06-26 00:26:52 - INFO - c5a.24xlarge - 2.991800 - sa-east-1c
2025-06-26 00:26:52 - INFO - Updating file: results/results_lucas_sa-east-1_500.csv
2025-06-26 00:26:52 - INFO - Found credentials in shared credentials file: ~/.aws/credentials
2025-06-26 00:26:53 - INFO - c5a.24xlarge - 2.991900 - sa-east-1a
2025-06-26 00:26:53 - INFO - Updating file: results/results_lucas_sa-east-1_500.csv
2025-06-26 00:26:53 - INFO - Found credentials in shared credentials file: ~/.aws/credentials
2025-06-26 00:26:53 - INFO - c6a.24xlarge - 3.024800 - sa-east-1c
2025-06-26 00:26:53 - INFO - Updating file: results/results_lucas_sa-east-1_500.csv
2025-06-26 00:26:53 - INFO - Fleet created with instances: ['i-0b531866b12b7c166', 'i-0347fb5a33074e6e8', 'i-05b06f970ad38b903', 'i-05d330a2775a92914', 'i-02ef45efb0b142d5f', 'i-0f727bf5c411854b2', 'i-018379b75a5db1f12', 'i-0acdead57e9e923cc', 'i-00b70bae9f94ee5c7', 'i-0433fff97735cd651', 'i-0c7fa0f98a98fcf97', 'i-0f5a01188c328039b', 'i-05febd1edd680e5bd', 'i-0afb6da1e7bab2e0c', 'i-06eed43fea0334bdc', 'i-03a662ea4daa35ac3', 'i-094129837c838201c', 'i-05fbc7895e3b7f72b', 'i-08d16e686a614526c', 'i-067c6fa2d05a7d5e1', 'i-044e8f29847657826', 'i-0f115ea9dd9ec49e6', 'i-051dcfd4fdf9b0655', 'i-08d1845e7de1ae67e', 'i-0394bd112ec02decf', 'i-02cc3ba24c415d45d', 'i-0dcf75564700d4283', 'i-0da6a093f7ffb0d07', 'i-0785d439fa46b239d', 'i-029526f7a465fbdea', 'i-0670ff70c77f990e9', 'i-079dec8049ffcba1b', 'i-0a5603f8a62deafed', 'i-0f0972069204bc157', 'i-031347c31bfcaabf2', 'i-0e0ed095681283dcc', 'i-00ffc5e3e82ec541a', 'i-0c1a6cb6f1d9bf49f', 'i-02d3447861f35855c', 'i-074fdc3b5f7c1477c', 'i-0cd74c48e9da90e07', 'i-0fc2f07eb9c5e30ad', 'i-0cebd1034b3a79b85', 'i-0133ed0207317c1fd', 'i-0fa8e948155673196', 'i-01b3f2de9608c258b', 'i-0daaf9355077884ff', 'i-02599764a980fd446', 'i-0eff8c1d9c5036441', 'i-017d26f6d7493ff02', 'i-0c6b4e9a7dbe2157c', 'i-0c1217270523e7f56', 'i-02a4f583e19c5c6ba', 'i-0f4608786cdcd4acf', 'i-01a55debbec55df94', 'i-0632b81efcb4515e3', 'i-0c03cd5191b2f6c98', 'i-0319480c5ae2267ab', 'i-0ef8668291d3a3cb8', 'i-07cf78f12e28694e5', 'i-0f1b92f7d68a39c0c', 'i-056ba0298c0f26814', 'i-0ca2bf3b7782e4a8b', 'i-0223b8baa01693334', 'i-09db835783ed9756d', 'i-07f64a500e82a2b4d', 'i-093ff823bf5050ae7', 'i-0112f5fa24efe74f1', 'i-035cd364c60577053', 'i-09be45fa95847e456', 'i-0286648523a4dd8ed', 'i-04d413fa8faa1a3f3', 'i-013563bfb452cb4c0', 'i-02b8615646db271f1', 'i-04c5c0a5121532add', 'i-052e082ad994a85a6', 'i-03fe9b0e79f01e3ec', 'i-0d2d2225254aa9af7', 'i-07acd87f011d96095', 'i-06feaa13f306b6b2a', 'i-00726359dca40aa52', 'i-0374ca5c7d3cd3f6a', 'i-0110813e3cbb60ea1', 'i-01824cd7c468fb6d4', 'i-000f320fa1c70dde7', 'i-00d4c446040857d73', 'i-09b0708f7d1a660b9', 'i-04158e24d45c71cd2', 'i-00597e8ef25302e87', 'i-0d7b6204a5ed2bb74', 'i-03d1ca12c2775ff07', 'i-0e33b2052a82e8ee2', 'i-0be186e83e5ad3e66', 'i-02493f222ed021bb9', 'i-0ae958b454210d2d0', 'i-05866c179caf92bce', 'i-06ebcd8b14a3994f4', 'i-0ebf222d6201db622', 'i-0757a3be40ace57e4', 'i-0242aacc87c35f362', 'i-0b8c3fb77da2398f6', 'i-07f74af42fe59a6d9', 'i-047725d1376ce3185', 'i-0b3ba0d2890e18cce', 'i-0ce5802025cd40211', 'i-0143bacf54ec6556c', 'i-0ea69c1f651271955', 'i-060a4dcbaba615ae3', 'i-0bbc6b9e9b6b857d3', 'i-0903188ff986fc0c6', 'i-09fc3d10ead5e3c04', 'i-061e7f4d1863080d3', 'i-035f182fb9b8cb3ee', 'i-0e73a8708c492fee1', 'i-09698a556e68246d7', 'i-0f1ef78c4b9c7074e', 'i-04fa01f4cdd623c28', 'i-0e77cfc140b162b38', 'i-04d747ba7f2d9b53d', 'i-0e59209f4b634b8da', 'i-02f7a7a6cecd58252', 'i-0c71dac996722c072', 'i-0e0518841220a62cb', 'i-0ebd35a79b9ee56bd', 'i-0945714bbf8ba6bc5', 'i-0d74410a6b5173751', 'i-0d79625cb4a3c92d4', 'i-05c162270e6f0f12a', 'i-092d4e96ca47b533c', 'i-0f01ff6cee459c3d9', 'i-0a38bfda3e1b2583e', 'i-02e9a47b3d3cc169c', 'i-02469cad7bb7d0704', 'i-0761c00b5acb9531b', 'i-04aeb1d49efd9dcbd', 'i-0ad1196d56f6a2ca1', 'i-0174295b799e4fe2d', 'i-0e71366e29ade5fbf', 'i-00cdf78c05abd44ab', 'i-0c7edecec9653c1f6']
2025-06-26 00:27:22 - INFO - Tempo que levou para as máquinas estarem running: 27.915183 segundos
2025-06-26 00:27:22 - INFO - Tempo que levou para conseguir 140 instâncias: 84.652128 segundos
2025-06-26 00:27:22 - INFO - Total de instâncias acumuladas: 199/500
2025-06-26 00:27:22 - INFO - Found credentials in shared credentials file: ~/.aws/credentials
2025-06-26 00:31:02 - INFO - Start execution in sa-east-1 Nodes=300 Benchmark=bt.A.x Allocation Strategy=lowest-price
2025-06-26 00:31:03 - INFO - Found credentials in shared credentials file: ~/.aws/credentials
2025-06-26 00:31:44 - INFO - Tempo que levou para receber response AWS: 41.031902 segundos
2025-06-26 00:31:44 - INFO - Found credentials in shared credentials file: ~/.aws/credentials
2025-06-26 00:31:44 - WARNING - No spot price history found.
2025-06-26 00:31:44 - INFO - Updating file: results/results_lucas_sa-east-1_300.csv
2025-06-26 00:31:44 - INFO - Found credentials in shared credentials file: ~/.aws/credentials
2025-06-26 00:31:45 - WARNING - No spot price history found.
2025-06-26 00:31:45 - INFO - Updating file: results/results_lucas_sa-east-1_300.csv
2025-06-26 00:31:45 - INFO - Found credentials in shared credentials file: ~/.aws/credentials
2025-06-26 00:31:45 - WARNING - No spot price history found.
2025-06-26 00:31:45 - INFO - Updating file: results/results_lucas_sa-east-1_300.csv
2025-06-26 00:31:45 - INFO - Found credentials in shared credentials file: ~/.aws/credentials
2025-06-26 00:31:46 - WARNING - No spot price history found.
2025-06-26 00:31:46 - INFO - Updating file: results/results_lucas_sa-east-1_300.csv
2025-06-26 00:31:46 - INFO - Found credentials in shared credentials file: ~/.aws/credentials
2025-06-26 00:31:46 - WARNING - No spot price history found.
2025-06-26 00:31:46 - INFO - Updating file: results/results_lucas_sa-east-1_300.csv
2025-06-26 00:31:46 - INFO - Found credentials in shared credentials file: ~/.aws/credentials
2025-06-26 00:31:47 - INFO - m6a.24xlarge - 1.445300 - sa-east-1b
2025-06-26 00:31:47 - INFO - Updating file: results/results_lucas_sa-east-1_300.csv
2025-06-26 00:31:47 - INFO - Found credentials in shared credentials file: ~/.aws/credentials
2025-06-26 00:31:47 - INFO - m5a.24xlarge - 1.749300 - sa-east-1a
2025-06-26 00:31:47 - INFO - Updating file: results/results_lucas_sa-east-1_300.csv
2025-06-26 00:31:47 - INFO - Found credentials in shared credentials file: ~/.aws/credentials
2025-06-26 00:31:48 - INFO - m5a.24xlarge - 1.878600 - sa-east-1c
2025-06-26 00:31:48 - INFO - Updating file: results/results_lucas_sa-east-1_300.csv
2025-06-26 00:31:48 - INFO - Found credentials in shared credentials file: ~/.aws/credentials
2025-06-26 00:31:48 - INFO - c5.24xlarge - 1.919500 - sa-east-1a
2025-06-26 00:31:48 - INFO - Updating file: results/results_lucas_sa-east-1_300.csv
2025-06-26 00:31:48 - INFO - Found credentials in shared credentials file: ~/.aws/credentials
2025-06-26 00:31:49 - INFO - r5ad.24xlarge - 1.937600 - sa-east-1c
2025-06-26 00:31:49 - INFO - Updating file: results/results_lucas_sa-east-1_300.csv
2025-06-26 00:31:49 - INFO - Found credentials in shared credentials file: ~/.aws/credentials
2025-06-26 00:31:49 - INFO - m6a.24xlarge - 2.014200 - sa-east-1c
2025-06-26 00:31:49 - INFO - Updating file: results/results_lucas_sa-east-1_300.csv
2025-06-26 00:31:49 - INFO - Found credentials in shared credentials file: ~/.aws/credentials
2025-06-26 00:31:50 - INFO - m5.24xlarge - 2.048700 - sa-east-1a
2025-06-26 00:31:50 - INFO - Updating file: results/results_lucas_sa-east-1_300.csv
2025-06-26 00:31:50 - INFO - Found credentials in shared credentials file: ~/.aws/credentials
2025-06-26 00:31:50 - INFO - c6a.24xlarge - 2.136200 - sa-east-1b
2025-06-26 00:31:50 - INFO - Updating file: results/results_lucas_sa-east-1_300.csv
2025-06-26 00:31:50 - INFO - Found credentials in shared credentials file: ~/.aws/credentials
2025-06-26 00:31:51 - INFO - c5.24xlarge - 2.159300 - sa-east-1b
2025-06-26 00:31:51 - INFO - Updating file: results/results_lucas_sa-east-1_300.csv
2025-06-26 00:31:51 - INFO - Found credentials in shared credentials file: ~/.aws/credentials
2025-06-26 00:31:51 - INFO - m6a.24xlarge - 2.190600 - sa-east-1a
2025-06-26 00:31:51 - INFO - Updating file: results/results_lucas_sa-east-1_300.csv
2025-06-26 00:31:51 - INFO - Found credentials in shared credentials file: ~/.aws/credentials
2025-06-26 00:31:51 - INFO - r5a.24xlarge - 2.219000 - sa-east-1c
2025-06-26 00:31:51 - INFO - Updating file: results/results_lucas_sa-east-1_300.csv
2025-06-26 00:31:51 - INFO - Found credentials in shared credentials file: ~/.aws/credentials
2025-06-26 00:31:52 - INFO - m5ad.24xlarge - 2.349300 - sa-east-1c
2025-06-26 00:31:52 - INFO - Updating file: results/results_lucas_sa-east-1_300.csv
2025-06-26 00:31:52 - INFO - Found credentials in shared credentials file: ~/.aws/credentials
2025-06-26 00:31:52 - INFO - m5.24xlarge - 2.366300 - sa-east-1c
2025-06-26 00:31:52 - INFO - Updating file: results/results_lucas_sa-east-1_300.csv
2025-06-26 00:31:52 - INFO - Found credentials in shared credentials file: ~/.aws/credentials
2025-06-26 00:31:53 - INFO - c5.24xlarge - 2.627400 - sa-east-1c
2025-06-26 00:31:53 - INFO - Updating file: results/results_lucas_sa-east-1_300.csv
2025-06-26 00:31:53 - INFO - Found credentials in shared credentials file: ~/.aws/credentials
2025-06-26 00:31:53 - INFO - c6a.24xlarge - 2.637200 - sa-east-1a
2025-06-26 00:31:53 - INFO - Updating file: results/results_lucas_sa-east-1_300.csv
2025-06-26 00:31:53 - INFO - Found credentials in shared credentials file: ~/.aws/credentials
2025-06-26 00:31:54 - INFO - m5.24xlarge - 2.683200 - sa-east-1b
2025-06-26 00:31:54 - INFO - Updating file: results/results_lucas_sa-east-1_300.csv
2025-06-26 00:31:54 - INFO - Found credentials in shared credentials file: ~/.aws/credentials
2025-06-26 00:31:54 - INFO - m5ad.24xlarge - 2.690100 - sa-east-1a
2025-06-26 00:31:54 - INFO - Updating file: results/results_lucas_sa-east-1_300.csv
2025-06-26 00:31:54 - INFO - Found credentials in shared credentials file: ~/.aws/credentials
2025-06-26 00:31:55 - INFO - r5ad.24xlarge - 2.786700 - sa-east-1a
2025-06-26 00:31:55 - INFO - Updating file: results/results_lucas_sa-east-1_300.csv
2025-06-26 00:31:55 - INFO - Found credentials in shared credentials file: ~/.aws/credentials
2025-06-26 00:31:55 - INFO - c6i.32xlarge - 2.837200 - sa-east-1a
2025-06-26 00:31:55 - INFO - Updating file: results/results_lucas_sa-east-1_300.csv
2025-06-26 00:31:55 - INFO - Found credentials in shared credentials file: ~/.aws/credentials
2025-06-26 00:31:55 - INFO - c6i.32xlarge - 2.857600 - sa-east-1c
2025-06-26 00:31:55 - INFO - Updating file: results/results_lucas_sa-east-1_300.csv
2025-06-26 00:31:55 - INFO - Found credentials in shared credentials file: ~/.aws/credentials
2025-06-26 00:31:56 - INFO - r5a.24xlarge - 2.901000 - sa-east-1a
2025-06-26 00:31:56 - INFO - Updating file: results/results_lucas_sa-east-1_300.csv
2025-06-26 00:31:56 - INFO - Found credentials in shared credentials file: ~/.aws/credentials
2025-06-26 00:31:56 - INFO - m5a.24xlarge - 2.912500 - sa-east-1b
2025-06-26 00:31:56 - INFO - Updating file: results/results_lucas_sa-east-1_300.csv
2025-06-26 00:31:56 - INFO - Found credentials in shared credentials file: ~/.aws/credentials
2025-06-26 00:31:57 - INFO - r5n.24xlarge - 2.939900 - sa-east-1b
2025-06-26 00:31:57 - INFO - Updating file: results/results_lucas_sa-east-1_300.csv
2025-06-26 00:31:57 - INFO - Found credentials in shared credentials file: ~/.aws/credentials
2025-06-26 00:31:57 - INFO - c7i.48xlarge - 2.949600 - sa-east-1a
2025-06-26 00:31:57 - INFO - Updating file: results/results_lucas_sa-east-1_300.csv
2025-06-26 00:31:57 - INFO - Fleet created with instances: ['i-051f9cf4c8899c6d2', 'i-0450f840f44ec1cd6', 'i-025e4450c23aa4b24', 'i-09810269b7b52a991', 'i-097a17bc2e946dc48', 'i-015101e45df19d13c', 'i-000cce2e81ae65d04', 'i-090caecb5a4cb0743', 'i-08a9b34dab8005fbf', 'i-0bf6fee277077e5b2', 'i-0383d91910ee50aab', 'i-0a613ffdb65a9f1d5', 'i-090d1127ddfc7d00d', 'i-032e26502f8edc950', 'i-0fcf77a6ddadb88a2', 'i-0d51e0147d5e5a9d6', 'i-0a60d38a1c9ddecfa', 'i-09c0939efb54293e2', 'i-005503715d00c99ca', 'i-0a273a06c69d8e709', 'i-0ce1ae3b92497909a', 'i-0bad300d35827118c', 'i-05c5695d5a3584c42', 'i-019a3fb21756641d5', 'i-0baaef54f1cffbb37', 'i-0a58844a9efb27506', 'i-05180ab1435dc4ff1', 'i-0e09b8127ca7fa68f', 'i-09ba87937afb441b0', 'i-05f8338b07e426463', 'i-0702f66e0a44e7021', 'i-099ec150a9308328e', 'i-0bee8f5d46d3c261f', 'i-0ade5eac63f614796', 'i-0a0e6d20f23e5b7e8', 'i-03419f3b43a0328a1', 'i-0ed5d655466777559', 'i-03f1f29aa8a10facb', 'i-0318109a2b57b09bb', 'i-05cfb166739b991ac', 'i-0050fddc8d259f1d4', 'i-0ca517195e3893b90', 'i-0199d8caf4ede2ed8', 'i-081dcbf70fa14c919', 'i-05acfe9c6e122aa47', 'i-01bcd495159d279a0', 'i-01f0c18d20ef4420d', 'i-018dcefe25bffc91b', 'i-03e76ce77762d9793', 'i-054e02a7dd5f507da', 'i-02a1d9f8e9dd94264', 'i-062870212e96dc0a2', 'i-0cb21f441d5c12795', 'i-04396a9bb58510bf9', 'i-0760d41b2bb4e8cde', 'i-0b252d2d9e27d1fc3', 'i-0da8674cd0cca69d1', 'i-09ff5c3158a5c7f9d', 'i-0a214a35270260eb7', 'i-007a8d8126ba578e6', 'i-0e624117c61802817', 'i-0f9d606a34bbe9fb5', 'i-07e05ccb1b6ab77c5', 'i-094838070050bb40a', 'i-015182c23145ef0d8', 'i-02546855068828bd5', 'i-0947946a58a2ddf08', 'i-01edb9d18230acb24', 'i-0473603a554cae8eb', 'i-0b7e247c3e7848016', 'i-08891edb5a0ae3f3d', 'i-0572c52eca2de12fb', 'i-0bd0d5b0e99cf3dc0', 'i-00b859ea5c9d46785', 'i-0a21399981a4c4c98', 'i-0a2d504a0c6cc0318', 'i-0e82eaefe78caa699', 'i-0ce9bd19f068eea87', 'i-098a5e36d10a9087e', 'i-0afef58b769fd203f', 'i-0dca3064c234c362e', 'i-0aab0b3408e833cd0', 'i-0fd1ee046a1e0b1cb', 'i-04ca6e1f7356cb5e9', 'i-079bb3741de402261', 'i-0e5c8716f9be985e7', 'i-0a31937a1957a4d25', 'i-00a68b61b36d1d008', 'i-0fc7d5810a3795a59', 'i-081d538e1f0e87bd0', 'i-04ff13ddfa8775692', 'i-01617aa188bfe3036', 'i-05c50a9f11c3605d6', 'i-075fbad6ff531e98f', 'i-0c02742b234a9084c', 'i-035b38a3af7901290', 'i-0e39f944ace978895', 'i-0b39cbd51cdf01034', 'i-0193134b7424f4f49', 'i-0ee06e3d03c206a88', 'i-0f51c3aa51830d01b', 'i-0bbc83ec76df7460b', 'i-08d655cff3db1a6ff', 'i-07b9cc29bae33e72e', 'i-02e9cc4b851c02c5d', 'i-0f0f2f344ac3874c2', 'i-0cd68eb81c1b64e2a', 'i-0e26da41fc01866e4', 'i-0f5cc8a47e8c6200c', 'i-020285da2e5f7207d', 'i-0f8cf67d5b98043b4', 'i-084e5d4c5fac0083f', 'i-0dd12738f167a25a8', 'i-01637b53a4bd5df5b', 'i-0fae58e175c08ff80', 'i-0f4023327806272d2', 'i-075974cd5f58276d0', 'i-0d6482c936909d84f', 'i-0f64a470652345d7d', 'i-07af85ab8eede573f', 'i-08f578f0f52dcdfe3', 'i-0add773dad32f063e', 'i-03c67a54254d90ea1', 'i-01cc39e8fdf85fad7', 'i-091fdc170cd82aa38', 'i-062091597c6b6b9be', 'i-07ad559fb5c661f87', 'i-0c16a3e2ed2c36eb9', 'i-01196e056adc06da5', 'i-07550a99f904b18b0', 'i-054d3e68b7610c19a', 'i-038ec96c32de13927', 'i-049b88fcac5b8a32c', 'i-09a9cb4cbdca03478', 'i-039570389d1e83533', 'i-046e3da3b9dd06a41', 'i-0576709138d31befe', 'i-0b2144332078eb9c6', 'i-0b4b19dab3c1c508c', 'i-02add108d1796f9da', 'i-0f1fea3811fba5521', 'i-00c84d01584f3509e', 'i-0eaad6aa34b56427d', 'i-004d3a4bd8ac9c376', 'i-0bef8e2ad5d330178', 'i-02e53a1bc8235ab89', 'i-068e3b84371f12c1b', 'i-0f7506e30bdba26d1', 'i-047dae1437e6e7ee6', 'i-044e6631e25d05ac1', 'i-07d35311a1ce3ea12', 'i-03c883ff3ad0c9960', 'i-0e1c0887bf176ac53', 'i-092496ee23de14fca', 'i-0e9de31eed94fccc8', 'i-0388e4e3bf394d24f', 'i-062988e5e90966582', 'i-0f5a487d6b90dbb02', 'i-0f8942fb2a5af035e', 'i-036ac63319dc99335', 'i-03ff839c2b249ab1d', 'i-088758829bcfebd0a', 'i-097e0163f14e2eb39', 'i-054ab372eb476da72', 'i-01f952c4edaa57f81', 'i-0c04ab842da2cf797', 'i-0c36c56e06d9a213c', 'i-08895bb43c529fcab', 'i-048d5ef4ee3701915', 'i-0c59efc5cdf5d489b', 'i-0cb8b4d2729f75a29', 'i-03c81ab2701d0a2c3', 'i-0f9a280f98c52636b', 'i-0f3ae498aafb856e4', 'i-05a771d1081b8e046', 'i-0c416ef45d7d1d1f7', 'i-0ac4662541e96596b', 'i-05cf8602ecf30ce69', 'i-0658db854c2c098b4', 'i-056db300d5147d84f', 'i-0495ba4cff56b1329', 'i-00e262ca79d68f7ac', 'i-0019fef5d81da1a81', 'i-0c5c8f9bfb0272748', 'i-07238e7c132ffc965', 'i-01f158d06a7bbd22a', 'i-06bd4de0536b28f2b', 'i-0aad81167b655e6f0', 'i-0a5902034f4d7dd1f', 'i-05de07258d66b7a40', 'i-0d135f0a3b1c84d68', 'i-0e46ae61eb543fd75', 'i-083eeb2f40ba90a23', 'i-093b3bb74c68bfcb4', 'i-0c93dfba68c11addf', 'i-00932e9184a69f6cd', 'i-0f96c3df36099e51f', 'i-09763e06bce42362e', 'i-030bf0807c33e8a4f', 'i-0c46145279107459d', 'i-08808b27ce05842ce', 'i-0607d77caba304f36', 'i-0554130062bae6375', 'i-03bd488fb287fa353', 'i-0ce052d5d9db1ac12', 'i-05cc4107c2b38d54f']
2025-06-26 00:32:39 - INFO - Tempo que levou para as máquinas estarem running: 40.742869 segundos
2025-06-26 00:32:39 - INFO - Tempo que levou para conseguir 206 instâncias: 96.465989 segundos
2025-06-26 00:32:39 - INFO - Total de instâncias acumuladas: 206/300
2025-06-26 00:32:39 - INFO - Found credentials in shared credentials file: ~/.aws/credentials
2025-06-26 00:33:20 - INFO - Tempo que levou para receber response AWS: 40.661766 segundos
2025-06-26 00:33:20 - INFO - Found credentials in shared credentials file: ~/.aws/credentials
2025-06-26 00:33:21 - WARNING - No spot price history found.
2025-06-26 00:33:21 - INFO - Updating file: results/results_lucas_sa-east-1_300.csv
2025-06-26 00:33:21 - INFO - Found credentials in shared credentials file: ~/.aws/credentials
2025-06-26 00:33:21 - WARNING - No spot price history found.
2025-06-26 00:33:21 - INFO - Updating file: results/results_lucas_sa-east-1_300.csv
2025-06-26 00:33:21 - INFO - Found credentials in shared credentials file: ~/.aws/credentials
2025-06-26 00:33:22 - WARNING - No spot price history found.
2025-06-26 00:33:22 - INFO - Updating file: results/results_lucas_sa-east-1_300.csv
2025-06-26 00:33:22 - INFO - Found credentials in shared credentials file: ~/.aws/credentials
2025-06-26 00:33:22 - WARNING - No spot price history found.
2025-06-26 00:33:22 - INFO - Updating file: results/results_lucas_sa-east-1_300.csv
2025-06-26 00:33:22 - INFO - Found credentials in shared credentials file: ~/.aws/credentials
2025-06-26 00:33:23 - WARNING - No spot price history found.
2025-06-26 00:33:23 - INFO - Updating file: results/results_lucas_sa-east-1_300.csv
2025-06-26 00:33:23 - INFO - Found credentials in shared credentials file: ~/.aws/credentials
2025-06-26 00:33:23 - INFO - m6a.24xlarge - 1.445300 - sa-east-1b
2025-06-26 00:33:23 - INFO - Updating file: results/results_lucas_sa-east-1_300.csv
2025-06-26 00:33:23 - INFO - Found credentials in shared credentials file: ~/.aws/credentials
2025-06-26 00:33:24 - INFO - m5a.24xlarge - 1.749300 - sa-east-1a
2025-06-26 00:33:24 - INFO - Updating file: results/results_lucas_sa-east-1_300.csv
2025-06-26 00:33:24 - INFO - Found credentials in shared credentials file: ~/.aws/credentials
2025-06-26 00:33:24 - INFO - m5a.24xlarge - 1.878600 - sa-east-1c
2025-06-26 00:33:24 - INFO - Updating file: results/results_lucas_sa-east-1_300.csv
2025-06-26 00:33:24 - INFO - Found credentials in shared credentials file: ~/.aws/credentials
2025-06-26 00:33:25 - INFO - c5.24xlarge - 1.919500 - sa-east-1a
2025-06-26 00:33:25 - INFO - Updating file: results/results_lucas_sa-east-1_300.csv
2025-06-26 00:33:25 - INFO - Found credentials in shared credentials file: ~/.aws/credentials
2025-06-26 00:33:25 - INFO - r5ad.24xlarge - 1.937600 - sa-east-1c
2025-06-26 00:33:25 - INFO - Updating file: results/results_lucas_sa-east-1_300.csv
2025-06-26 00:33:25 - INFO - Found credentials in shared credentials file: ~/.aws/credentials
2025-06-26 00:33:26 - INFO - m6a.24xlarge - 2.014200 - sa-east-1c
2025-06-26 00:33:26 - INFO - Updating file: results/results_lucas_sa-east-1_300.csv
2025-06-26 00:33:26 - INFO - Found credentials in shared credentials file: ~/.aws/credentials
2025-06-26 00:33:26 - INFO - m5.24xlarge - 2.048700 - sa-east-1a
2025-06-26 00:33:26 - INFO - Updating file: results/results_lucas_sa-east-1_300.csv
2025-06-26 00:33:26 - INFO - Found credentials in shared credentials file: ~/.aws/credentials
2025-06-26 00:33:27 - INFO - c6a.24xlarge - 2.136200 - sa-east-1b
2025-06-26 00:33:27 - INFO - Updating file: results/results_lucas_sa-east-1_300.csv
2025-06-26 00:33:27 - INFO - Found credentials in shared credentials file: ~/.aws/credentials
2025-06-26 00:33:27 - INFO - c5.24xlarge - 2.159300 - sa-east-1b
2025-06-26 00:33:27 - INFO - Updating file: results/results_lucas_sa-east-1_300.csv
2025-06-26 00:33:27 - INFO - Found credentials in shared credentials file: ~/.aws/credentials
2025-06-26 00:33:28 - INFO - m6a.24xlarge - 2.190600 - sa-east-1a
2025-06-26 00:33:28 - INFO - Updating file: results/results_lucas_sa-east-1_300.csv
2025-06-26 00:33:28 - INFO - Found credentials in shared credentials file: ~/.aws/credentials
2025-06-26 00:33:28 - INFO - r5a.24xlarge - 2.219000 - sa-east-1c
2025-06-26 00:33:28 - INFO - Updating file: results/results_lucas_sa-east-1_300.csv
2025-06-26 00:33:28 - INFO - Found credentials in shared credentials file: ~/.aws/credentials
2025-06-26 00:33:29 - INFO - m5ad.24xlarge - 2.349300 - sa-east-1c
2025-06-26 00:33:29 - INFO - Updating file: results/results_lucas_sa-east-1_300.csv
2025-06-26 00:33:29 - INFO - Found credentials in shared credentials file: ~/.aws/credentials
2025-06-26 00:33:29 - INFO - m5.24xlarge - 2.366300 - sa-east-1c
2025-06-26 00:33:29 - INFO - Updating file: results/results_lucas_sa-east-1_300.csv
2025-06-26 00:33:29 - INFO - Found credentials in shared credentials file: ~/.aws/credentials
2025-06-26 00:33:30 - INFO - c5.24xlarge - 2.627400 - sa-east-1c
2025-06-26 00:33:30 - INFO - Updating file: results/results_lucas_sa-east-1_300.csv
2025-06-26 00:33:30 - INFO - Found credentials in shared credentials file: ~/.aws/credentials
2025-06-26 00:33:30 - INFO - c6a.24xlarge - 2.637200 - sa-east-1a
2025-06-26 00:33:30 - INFO - Updating file: results/results_lucas_sa-east-1_300.csv
2025-06-26 00:33:30 - INFO - Found credentials in shared credentials file: ~/.aws/credentials
2025-06-26 00:33:31 - INFO - m5.24xlarge - 2.683200 - sa-east-1b
2025-06-26 00:33:31 - INFO - Updating file: results/results_lucas_sa-east-1_300.csv
2025-06-26 00:33:31 - INFO - Found credentials in shared credentials file: ~/.aws/credentials
2025-06-26 00:33:31 - INFO - m5ad.24xlarge - 2.690100 - sa-east-1a
2025-06-26 00:33:31 - INFO - Updating file: results/results_lucas_sa-east-1_300.csv
2025-06-26 00:33:31 - INFO - Found credentials in shared credentials file: ~/.aws/credentials
2025-06-26 00:33:32 - INFO - r5ad.24xlarge - 2.786700 - sa-east-1a
2025-06-26 00:33:32 - INFO - Updating file: results/results_lucas_sa-east-1_300.csv
2025-06-26 00:33:32 - INFO - Found credentials in shared credentials file: ~/.aws/credentials
2025-06-26 00:33:32 - INFO - c6i.32xlarge - 2.837200 - sa-east-1a
2025-06-26 00:33:32 - INFO - Updating file: results/results_lucas_sa-east-1_300.csv
2025-06-26 00:33:32 - INFO - Found credentials in shared credentials file: ~/.aws/credentials
2025-06-26 00:33:32 - INFO - c6i.32xlarge - 2.857600 - sa-east-1c
2025-06-26 00:33:32 - INFO - Updating file: results/results_lucas_sa-east-1_300.csv
2025-06-26 00:33:32 - INFO - Found credentials in shared credentials file: ~/.aws/credentials
2025-06-26 00:33:33 - INFO - r5a.24xlarge - 2.901000 - sa-east-1a
2025-06-26 00:33:33 - INFO - Updating file: results/results_lucas_sa-east-1_300.csv
2025-06-26 00:33:33 - INFO - Found credentials in shared credentials file: ~/.aws/credentials
2025-06-26 00:33:33 - INFO - m5a.24xlarge - 2.912500 - sa-east-1b
2025-06-26 00:33:33 - INFO - Updating file: results/results_lucas_sa-east-1_300.csv
2025-06-26 00:33:33 - INFO - Found credentials in shared credentials file: ~/.aws/credentials
2025-06-26 00:33:34 - INFO - r5n.24xlarge - 2.939900 - sa-east-1b
2025-06-26 00:33:34 - INFO - Updating file: results/results_lucas_sa-east-1_300.csv
2025-06-26 00:33:34 - INFO - Found credentials in shared credentials file: ~/.aws/credentials
2025-06-26 00:33:34 - INFO - c7i.48xlarge - 2.949600 - sa-east-1a
2025-06-26 00:33:34 - INFO - Updating file: results/results_lucas_sa-east-1_300.csv
2025-06-26 00:33:34 - INFO - Found credentials in shared credentials file: ~/.aws/credentials
2025-06-26 00:33:35 - INFO - c5a.24xlarge - 2.991800 - sa-east-1c
2025-06-26 00:33:35 - INFO - Updating file: results/results_lucas_sa-east-1_300.csv
2025-06-26 00:33:35 - INFO - Found credentials in shared credentials file: ~/.aws/credentials
2025-06-26 00:33:35 - INFO - c5a.24xlarge - 2.991900 - sa-east-1a
2025-06-26 00:33:35 - INFO - Updating file: results/results_lucas_sa-east-1_300.csv
2025-06-26 00:33:35 - INFO - Found credentials in shared credentials file: ~/.aws/credentials
2025-06-26 00:33:36 - INFO - c6a.24xlarge - 3.024800 - sa-east-1c
2025-06-26 00:33:36 - INFO - Updating file: results/results_lucas_sa-east-1_300.csv
2025-06-26 00:33:36 - INFO - Found credentials in shared credentials file: ~/.aws/credentials
2025-06-26 00:33:36 - INFO - r5.24xlarge - 3.227900 - sa-east-1b
2025-06-26 00:33:36 - INFO - Updating file: results/results_lucas_sa-east-1_300.csv
2025-06-26 00:33:36 - INFO - Found credentials in shared credentials file: ~/.aws/credentials
2025-06-26 00:33:37 - INFO - c7i.48xlarge - 3.299900 - sa-east-1b
2025-06-26 00:33:37 - INFO - Updating file: results/results_lucas_sa-east-1_300.csv
2025-06-26 00:33:37 - INFO - Found credentials in shared credentials file: ~/.aws/credentials
2025-06-26 00:33:37 - INFO - r5.24xlarge - 3.352400 - sa-east-1a
2025-06-26 00:33:37 - INFO - Updating file: results/results_lucas_sa-east-1_300.csv
2025-06-26 00:33:37 - INFO - Found credentials in shared credentials file: ~/.aws/credentials
2025-06-26 00:33:38 - INFO - c7i.48xlarge - 3.358600 - sa-east-1c
2025-06-26 00:33:38 - INFO - Updating file: results/results_lucas_sa-east-1_300.csv
2025-06-26 00:33:38 - INFO - Found credentials in shared credentials file: ~/.aws/credentials
2025-06-26 00:33:38 - INFO - m7i.24xlarge - 3.385700 - sa-east-1b
2025-06-26 00:33:38 - INFO - Updating file: results/results_lucas_sa-east-1_300.csv
2025-06-26 00:33:38 - INFO - Found credentials in shared credentials file: ~/.aws/credentials
2025-06-26 00:33:39 - INFO - c5a.24xlarge - 3.418700 - sa-east-1b
2025-06-26 00:33:39 - INFO - Updating file: results/results_lucas_sa-east-1_300.csv
2025-06-26 00:33:39 - INFO - Found credentials in shared credentials file: ~/.aws/credentials
2025-06-26 00:33:39 - INFO - m6i.24xlarge - 3.432800 - sa-east-1a
2025-06-26 00:33:39 - INFO - Updating file: results/results_lucas_sa-east-1_300.csv
2025-06-26 00:33:39 - INFO - Found credentials in shared credentials file: ~/.aws/credentials
2025-06-26 00:33:40 - INFO - r5.24xlarge - 3.446100 - sa-east-1c
2025-06-26 00:33:40 - INFO - Updating file: results/results_lucas_sa-east-1_300.csv
2025-06-26 00:33:40 - INFO - Found credentials in shared credentials file: ~/.aws/credentials
2025-06-26 00:33:40 - INFO - c6in.24xlarge - 3.561800 - sa-east-1b
2025-06-26 00:33:40 - INFO - Updating file: results/results_lucas_sa-east-1_300.csv
2025-06-26 00:33:40 - INFO - Found credentials in shared credentials file: ~/.aws/credentials
2025-06-26 00:33:41 - INFO - c6in.24xlarge - 3.608600 - sa-east-1c
2025-06-26 00:33:41 - INFO - Updating file: results/results_lucas_sa-east-1_300.csv
2025-06-26 00:33:41 - INFO - Found credentials in shared credentials file: ~/.aws/credentials
2025-06-26 00:33:41 - INFO - c6i.32xlarge - 3.613000 - sa-east-1b
2025-06-26 00:33:41 - INFO - Updating file: results/results_lucas_sa-east-1_300.csv
2025-06-26 00:33:41 - INFO - Found credentials in shared credentials file: ~/.aws/credentials
2025-06-26 00:33:42 - INFO - m7i.24xlarge - 3.640000 - sa-east-1c
2025-06-26 00:33:42 - INFO - Updating file: results/results_lucas_sa-east-1_300.csv
2025-06-26 00:33:42 - INFO - Found credentials in shared credentials file: ~/.aws/credentials
2025-06-26 00:33:42 - INFO - r7i.24xlarge - 3.654100 - sa-east-1c
2025-06-26 00:33:42 - INFO - Updating file: results/results_lucas_sa-east-1_300.csv
2025-06-26 00:33:42 - INFO - Found credentials in shared credentials file: ~/.aws/credentials
2025-06-26 00:33:43 - INFO - m6i.24xlarge - 3.765400 - sa-east-1b
2025-06-26 00:33:43 - INFO - Updating file: results/results_lucas_sa-east-1_300.csv
2025-06-26 00:33:43 - INFO - Found credentials in shared credentials file: ~/.aws/credentials
2025-06-26 00:33:43 - INFO - c5ad.24xlarge - 3.786000 - sa-east-1b
2025-06-26 00:33:43 - INFO - Updating file: results/results_lucas_sa-east-1_300.csv
2025-06-26 00:33:43 - INFO - Found credentials in shared credentials file: ~/.aws/credentials
2025-06-26 00:33:44 - INFO - m6i.24xlarge - 3.848800 - sa-east-1c
2025-06-26 00:33:44 - INFO - Updating file: results/results_lucas_sa-east-1_300.csv
2025-06-26 00:33:44 - INFO - Found credentials in shared credentials file: ~/.aws/credentials
2025-06-26 00:33:44 - INFO - r7i.24xlarge - 3.873100 - sa-east-1b
2025-06-26 00:33:44 - INFO - Updating file: results/results_lucas_sa-east-1_300.csv
2025-06-26 00:33:44 - INFO - Found credentials in shared credentials file: ~/.aws/credentials
2025-06-26 00:33:45 - INFO - r6i.24xlarge - 4.037500 - sa-east-1a
2025-06-26 00:33:45 - INFO - Updating file: results/results_lucas_sa-east-1_300.csv
2025-06-26 00:33:45 - INFO - Found credentials in shared credentials file: ~/.aws/credentials
2025-06-26 00:33:45 - INFO - c6id.24xlarge - 4.055600 - sa-east-1c
2025-06-26 00:33:45 - INFO - Updating file: results/results_lucas_sa-east-1_300.csv
2025-06-26 00:33:45 - INFO - Found credentials in shared credentials file: ~/.aws/credentials
2025-06-26 00:33:46 - INFO - r6i.24xlarge - 4.075700 - sa-east-1c
2025-06-26 00:33:46 - INFO - Updating file: results/results_lucas_sa-east-1_300.csv
2025-06-26 00:33:46 - INFO - Found credentials in shared credentials file: ~/.aws/credentials
2025-06-26 00:33:46 - INFO - c5d.24xlarge - 4.145800 - sa-east-1c
2025-06-26 00:33:46 - INFO - Updating file: results/results_lucas_sa-east-1_300.csv
2025-06-26 00:33:46 - INFO - Found credentials in shared credentials file: ~/.aws/credentials
2025-06-26 00:33:47 - INFO - c5d.24xlarge - 4.146700 - sa-east-1b
2025-06-26 00:33:47 - INFO - Updating file: results/results_lucas_sa-east-1_300.csv
2025-06-26 00:33:47 - INFO - Found credentials in shared credentials file: ~/.aws/credentials
2025-06-26 00:33:47 - INFO - c6in.24xlarge - 4.154500 - sa-east-1a
2025-06-26 00:33:47 - INFO - Updating file: results/results_lucas_sa-east-1_300.csv
2025-06-26 00:33:47 - INFO - Found credentials in shared credentials file: ~/.aws/credentials
2025-06-26 00:33:48 - INFO - m5d.24xlarge - 4.216700 - sa-east-1a
2025-06-26 00:33:48 - INFO - Updating file: results/results_lucas_sa-east-1_300.csv
2025-06-26 00:33:48 - INFO - Found credentials in shared credentials file: ~/.aws/credentials
2025-06-26 00:33:48 - INFO - m5d.24xlarge - 4.328200 - sa-east-1c
2025-06-26 00:33:48 - INFO - Updating file: results/results_lucas_sa-east-1_300.csv
2025-06-26 00:33:48 - INFO - Found credentials in shared credentials file: ~/.aws/credentials
2025-06-26 00:33:48 - INFO - m5d.24xlarge - 4.330200 - sa-east-1b
2025-06-26 00:33:48 - INFO - Updating file: results/results_lucas_sa-east-1_300.csv
2025-06-26 00:33:48 - INFO - Found credentials in shared credentials file: ~/.aws/credentials
2025-06-26 00:33:49 - INFO - r7i.24xlarge - 4.367100 - sa-east-1a
2025-06-26 00:33:49 - INFO - Updating file: results/results_lucas_sa-east-1_300.csv
2025-06-26 00:33:49 - INFO - Fleet created with instances: ['i-02f356d961e6e7510', 'i-0ec714874f27548e4', 'i-090a4d6bfe16d0d2e', 'i-08a6d6d6398b690a0', 'i-03f326cffd9b31203']
2025-06-26 00:33:51 - INFO - Tempo que levou para as máquinas estarem running: 1.263765 segundos
2025-06-26 00:33:51 - INFO - Tempo que levou para conseguir 5 instâncias: 71.582446 segundos
2025-06-26 00:33:51 - INFO - Total de instâncias acumuladas: 211/300
2025-06-26 00:33:51 - INFO - Found credentials in shared credentials file: ~/.aws/credentials
2025-06-26 00:34:32 - INFO - Tempo que levou para receber response AWS: 40.83638 segundos
2025-06-26 00:34:32 - INFO - Found credentials in shared credentials file: ~/.aws/credentials
2025-06-26 00:34:32 - WARNING - No spot price history found.
2025-06-26 00:34:32 - INFO - Updating file: results/results_lucas_sa-east-1_300.csv
2025-06-26 00:34:32 - INFO - Found credentials in shared credentials file: ~/.aws/credentials
2025-06-26 00:34:33 - WARNING - No spot price history found.
2025-06-26 00:34:33 - INFO - Updating file: results/results_lucas_sa-east-1_300.csv
2025-06-26 00:34:33 - INFO - Found credentials in shared credentials file: ~/.aws/credentials
2025-06-26 00:34:33 - WARNING - No spot price history found.
2025-06-26 00:34:33 - INFO - Updating file: results/results_lucas_sa-east-1_300.csv
2025-06-26 00:34:33 - INFO - Found credentials in shared credentials file: ~/.aws/credentials
2025-06-26 00:34:34 - WARNING - No spot price history found.
2025-06-26 00:34:34 - INFO - Updating file: results/results_lucas_sa-east-1_300.csv
2025-06-26 00:34:34 - INFO - Found credentials in shared credentials file: ~/.aws/credentials
2025-06-26 00:34:34 - WARNING - No spot price history found.
2025-06-26 00:34:34 - INFO - Updating file: results/results_lucas_sa-east-1_300.csv
2025-06-26 00:34:34 - INFO - Found credentials in shared credentials file: ~/.aws/credentials
2025-06-26 00:34:35 - INFO - m6a.24xlarge - 1.445300 - sa-east-1b
2025-06-26 00:34:35 - INFO - Updating file: results/results_lucas_sa-east-1_300.csv
2025-06-26 00:34:35 - INFO - Found credentials in shared credentials file: ~/.aws/credentials
2025-06-26 00:34:35 - INFO - m5a.24xlarge - 1.749300 - sa-east-1a
2025-06-26 00:34:35 - INFO - Updating file: results/results_lucas_sa-east-1_300.csv
2025-06-26 00:34:35 - INFO - Found credentials in shared credentials file: ~/.aws/credentials
2025-06-26 00:34:36 - INFO - m5a.24xlarge - 1.878600 - sa-east-1c
2025-06-26 00:34:36 - INFO - Updating file: results/results_lucas_sa-east-1_300.csv
2025-06-26 00:34:36 - INFO - Found credentials in shared credentials file: ~/.aws/credentials
2025-06-26 00:34:36 - INFO - c5.24xlarge - 1.919500 - sa-east-1a
2025-06-26 00:34:36 - INFO - Updating file: results/results_lucas_sa-east-1_300.csv
2025-06-26 00:34:36 - INFO - Found credentials in shared credentials file: ~/.aws/credentials
2025-06-26 00:34:37 - INFO - r5ad.24xlarge - 1.937600 - sa-east-1c
2025-06-26 00:34:37 - INFO - Updating file: results/results_lucas_sa-east-1_300.csv
2025-06-26 00:34:37 - INFO - Found credentials in shared credentials file: ~/.aws/credentials
2025-06-26 00:34:37 - INFO - m6a.24xlarge - 2.014200 - sa-east-1c
2025-06-26 00:34:37 - INFO - Updating file: results/results_lucas_sa-east-1_300.csv
2025-06-26 00:34:37 - INFO - Found credentials in shared credentials file: ~/.aws/credentials
2025-06-26 00:34:38 - INFO - m5.24xlarge - 2.048700 - sa-east-1a
2025-06-26 00:34:38 - INFO - Updating file: results/results_lucas_sa-east-1_300.csv
2025-06-26 00:34:38 - INFO - Found credentials in shared credentials file: ~/.aws/credentials
2025-06-26 00:34:38 - INFO - c6a.24xlarge - 2.136200 - sa-east-1b
2025-06-26 00:34:38 - INFO - Updating file: results/results_lucas_sa-east-1_300.csv
2025-06-26 00:34:38 - INFO - Found credentials in shared credentials file: ~/.aws/credentials
2025-06-26 00:34:39 - INFO - c5.24xlarge - 2.159300 - sa-east-1b
2025-06-26 00:34:39 - INFO - Updating file: results/results_lucas_sa-east-1_300.csv
2025-06-26 00:34:39 - INFO - Found credentials in shared credentials file: ~/.aws/credentials
2025-06-26 00:34:39 - INFO - m6a.24xlarge - 2.190600 - sa-east-1a
2025-06-26 00:34:39 - INFO - Updating file: results/results_lucas_sa-east-1_300.csv
2025-06-26 00:34:39 - INFO - Found credentials in shared credentials file: ~/.aws/credentials
2025-06-26 00:34:40 - INFO - r5a.24xlarge - 2.219000 - sa-east-1c
2025-06-26 00:34:40 - INFO - Updating file: results/results_lucas_sa-east-1_300.csv
2025-06-26 00:34:40 - INFO - Found credentials in shared credentials file: ~/.aws/credentials
2025-06-26 00:34:40 - INFO - m5ad.24xlarge - 2.349300 - sa-east-1c
2025-06-26 00:34:40 - INFO - Updating file: results/results_lucas_sa-east-1_300.csv
2025-06-26 00:34:40 - INFO - Found credentials in shared credentials file: ~/.aws/credentials
2025-06-26 00:34:41 - INFO - m5.24xlarge - 2.366300 - sa-east-1c
2025-06-26 00:34:41 - INFO - Updating file: results/results_lucas_sa-east-1_300.csv
2025-06-26 00:34:41 - INFO - Found credentials in shared credentials file: ~/.aws/credentials
2025-06-26 00:34:41 - INFO - c5.24xlarge - 2.627400 - sa-east-1c
2025-06-26 00:34:41 - INFO - Updating file: results/results_lucas_sa-east-1_300.csv
2025-06-26 00:34:41 - INFO - Found credentials in shared credentials file: ~/.aws/credentials
2025-06-26 00:34:42 - INFO - c6a.24xlarge - 2.637200 - sa-east-1a
2025-06-26 00:34:42 - INFO - Updating file: results/results_lucas_sa-east-1_300.csv
2025-06-26 00:34:42 - INFO - Found credentials in shared credentials file: ~/.aws/credentials
2025-06-26 00:34:42 - INFO - m5.24xlarge - 2.683200 - sa-east-1b
2025-06-26 00:34:42 - INFO - Updating file: results/results_lucas_sa-east-1_300.csv
2025-06-26 00:34:42 - INFO - Found credentials in shared credentials file: ~/.aws/credentials
2025-06-26 00:34:43 - INFO - m5ad.24xlarge - 2.690100 - sa-east-1a
2025-06-26 00:34:43 - INFO - Updating file: results/results_lucas_sa-east-1_300.csv
2025-06-26 00:34:43 - INFO - Found credentials in shared credentials file: ~/.aws/credentials
2025-06-26 00:34:43 - INFO - r5ad.24xlarge - 2.786700 - sa-east-1a
2025-06-26 00:34:43 - INFO - Updating file: results/results_lucas_sa-east-1_300.csv
2025-06-26 00:34:43 - INFO - Found credentials in shared credentials file: ~/.aws/credentials
2025-06-26 00:34:44 - INFO - c6i.32xlarge - 2.837200 - sa-east-1a
2025-06-26 00:34:44 - INFO - Updating file: results/results_lucas_sa-east-1_300.csv
2025-06-26 00:34:44 - INFO - Found credentials in shared credentials file: ~/.aws/credentials
2025-06-26 00:34:44 - INFO - c6i.32xlarge - 2.857600 - sa-east-1c
2025-06-26 00:34:44 - INFO - Updating file: results/results_lucas_sa-east-1_300.csv
2025-06-26 00:34:44 - INFO - Found credentials in shared credentials file: ~/.aws/credentials
2025-06-26 00:34:44 - INFO - r5a.24xlarge - 2.901000 - sa-east-1a
2025-06-26 00:34:44 - INFO - Updating file: results/results_lucas_sa-east-1_300.csv
2025-06-26 00:34:44 - INFO - Found credentials in shared credentials file: ~/.aws/credentials
2025-06-26 00:34:45 - INFO - m5a.24xlarge - 2.912500 - sa-east-1b
2025-06-26 00:34:45 - INFO - Updating file: results/results_lucas_sa-east-1_300.csv
2025-06-26 00:34:45 - INFO - Found credentials in shared credentials file: ~/.aws/credentials
2025-06-26 00:34:46 - INFO - r5n.24xlarge - 2.939900 - sa-east-1b
2025-06-26 00:34:46 - INFO - Updating file: results/results_lucas_sa-east-1_300.csv
2025-06-26 00:34:46 - INFO - Found credentials in shared credentials file: ~/.aws/credentials
2025-06-26 00:34:46 - INFO - c7i.48xlarge - 2.949600 - sa-east-1a
2025-06-26 00:34:46 - INFO - Updating file: results/results_lucas_sa-east-1_300.csv
2025-06-26 00:34:46 - INFO - Found credentials in shared credentials file: ~/.aws/credentials
2025-06-26 00:34:47 - INFO - c5a.24xlarge - 2.991800 - sa-east-1c
2025-06-26 00:34:47 - INFO - Updating file: results/results_lucas_sa-east-1_300.csv
2025-06-26 00:34:47 - INFO - Found credentials in shared credentials file: ~/.aws/credentials
2025-06-26 00:34:47 - INFO - c5a.24xlarge - 2.991900 - sa-east-1a
2025-06-26 00:34:47 - INFO - Updating file: results/results_lucas_sa-east-1_300.csv
2025-06-26 00:34:47 - INFO - Found credentials in shared credentials file: ~/.aws/credentials
2025-06-26 00:34:48 - INFO - c6a.24xlarge - 3.024800 - sa-east-1c
2025-06-26 00:34:48 - INFO - Updating file: results/results_lucas_sa-east-1_300.csv
2025-06-26 00:34:48 - INFO - Found credentials in shared credentials file: ~/.aws/credentials
2025-06-26 00:34:48 - INFO - r5.24xlarge - 3.227900 - sa-east-1b
2025-06-26 00:34:48 - INFO - Updating file: results/results_lucas_sa-east-1_300.csv
2025-06-26 00:34:48 - INFO - Found credentials in shared credentials file: ~/.aws/credentials
2025-06-26 00:34:49 - INFO - c7i.48xlarge - 3.299900 - sa-east-1b
2025-06-26 00:34:49 - INFO - Updating file: results/results_lucas_sa-east-1_300.csv
2025-06-26 00:34:49 - INFO - Found credentials in shared credentials file: ~/.aws/credentials
2025-06-26 00:34:49 - INFO - r5.24xlarge - 3.352400 - sa-east-1a
2025-06-26 00:34:49 - INFO - Updating file: results/results_lucas_sa-east-1_300.csv
2025-06-26 00:34:49 - INFO - Found credentials in shared credentials file: ~/.aws/credentials
2025-06-26 00:34:50 - INFO - c7i.48xlarge - 3.358600 - sa-east-1c
2025-06-26 00:34:50 - INFO - Updating file: results/results_lucas_sa-east-1_300.csv
2025-06-26 00:34:50 - INFO - Found credentials in shared credentials file: ~/.aws/credentials
2025-06-26 00:34:50 - INFO - m7i.24xlarge - 3.385700 - sa-east-1b
2025-06-26 00:34:50 - INFO - Updating file: results/results_lucas_sa-east-1_300.csv
2025-06-26 00:34:50 - INFO - Found credentials in shared credentials file: ~/.aws/credentials
2025-06-26 00:34:50 - INFO - c5a.24xlarge - 3.418700 - sa-east-1b
2025-06-26 00:34:50 - INFO - Updating file: results/results_lucas_sa-east-1_300.csv
2025-06-26 00:34:51 - INFO - Found credentials in shared credentials file: ~/.aws/credentials
2025-06-26 00:34:51 - INFO - m6i.24xlarge - 3.432800 - sa-east-1a
2025-06-26 00:34:51 - INFO - Updating file: results/results_lucas_sa-east-1_300.csv
2025-06-26 00:34:51 - INFO - Found credentials in shared credentials file: ~/.aws/credentials
2025-06-26 00:34:51 - INFO - r5.24xlarge - 3.446100 - sa-east-1c
2025-06-26 00:34:51 - INFO - Updating file: results/results_lucas_sa-east-1_300.csv
2025-06-26 00:34:51 - INFO - Found credentials in shared credentials file: ~/.aws/credentials
2025-06-26 00:34:52 - INFO - c6in.24xlarge - 3.561800 - sa-east-1b
2025-06-26 00:34:52 - INFO - Updating file: results/results_lucas_sa-east-1_300.csv
2025-06-26 00:34:52 - INFO - Found credentials in shared credentials file: ~/.aws/credentials
2025-06-26 00:34:52 - INFO - c6in.24xlarge - 3.608600 - sa-east-1c
2025-06-26 00:34:52 - INFO - Updating file: results/results_lucas_sa-east-1_300.csv
2025-06-26 00:34:52 - INFO - Found credentials in shared credentials file: ~/.aws/credentials
2025-06-26 00:34:53 - INFO - c6i.32xlarge - 3.613000 - sa-east-1b
2025-06-26 00:34:53 - INFO - Updating file: results/results_lucas_sa-east-1_300.csv
2025-06-26 00:34:53 - INFO - Found credentials in shared credentials file: ~/.aws/credentials
2025-06-26 00:34:53 - INFO - m7i.24xlarge - 3.640000 - sa-east-1c
2025-06-26 00:34:53 - INFO - Updating file: results/results_lucas_sa-east-1_300.csv
2025-06-26 00:34:53 - INFO - Found credentials in shared credentials file: ~/.aws/credentials
2025-06-26 00:34:54 - INFO - r7i.24xlarge - 3.654100 - sa-east-1c
2025-06-26 00:34:54 - INFO - Updating file: results/results_lucas_sa-east-1_300.csv
2025-06-26 00:34:54 - INFO - Found credentials in shared credentials file: ~/.aws/credentials
2025-06-26 00:34:54 - INFO - m6i.24xlarge - 3.765400 - sa-east-1b
2025-06-26 00:34:54 - INFO - Updating file: results/results_lucas_sa-east-1_300.csv
2025-06-26 00:34:54 - INFO - Found credentials in shared credentials file: ~/.aws/credentials
2025-06-26 00:34:55 - INFO - c5ad.24xlarge - 3.786000 - sa-east-1b
2025-06-26 00:34:55 - INFO - Updating file: results/results_lucas_sa-east-1_300.csv
2025-06-26 00:34:55 - INFO - Found credentials in shared credentials file: ~/.aws/credentials
2025-06-26 00:34:55 - INFO - m6i.24xlarge - 3.848800 - sa-east-1c
2025-06-26 00:34:55 - INFO - Updating file: results/results_lucas_sa-east-1_300.csv
2025-06-26 00:34:55 - INFO - Found credentials in shared credentials file: ~/.aws/credentials
2025-06-26 00:34:56 - INFO - r7i.24xlarge - 3.873100 - sa-east-1b
2025-06-26 00:34:56 - INFO - Updating file: results/results_lucas_sa-east-1_300.csv
2025-06-26 00:34:56 - INFO - Found credentials in shared credentials file: ~/.aws/credentials
2025-06-26 00:34:56 - INFO - r6i.24xlarge - 4.037500 - sa-east-1a
2025-06-26 00:34:56 - INFO - Updating file: results/results_lucas_sa-east-1_300.csv
2025-06-26 00:34:56 - INFO - Found credentials in shared credentials file: ~/.aws/credentials
2025-06-26 00:34:57 - INFO - c6id.24xlarge - 4.055600 - sa-east-1c
2025-06-26 00:34:57 - INFO - Updating file: results/results_lucas_sa-east-1_300.csv
2025-06-26 00:34:57 - INFO - Found credentials in shared credentials file: ~/.aws/credentials
2025-06-26 00:34:57 - INFO - r6i.24xlarge - 4.075700 - sa-east-1c
2025-06-26 00:34:57 - INFO - Updating file: results/results_lucas_sa-east-1_300.csv
2025-06-26 00:34:57 - INFO - Found credentials in shared credentials file: ~/.aws/credentials
2025-06-26 00:34:58 - INFO - c5d.24xlarge - 4.145800 - sa-east-1c
2025-06-26 00:34:58 - INFO - Updating file: results/results_lucas_sa-east-1_300.csv
2025-06-26 00:34:58 - INFO - Found credentials in shared credentials file: ~/.aws/credentials
2025-06-26 00:34:58 - INFO - c5d.24xlarge - 4.146700 - sa-east-1b
2025-06-26 00:34:58 - INFO - Updating file: results/results_lucas_sa-east-1_300.csv
2025-06-26 00:34:58 - INFO - Found credentials in shared credentials file: ~/.aws/credentials
2025-06-26 00:34:59 - INFO - c6in.24xlarge - 4.154500 - sa-east-1a
2025-06-26 00:34:59 - INFO - Updating file: results/results_lucas_sa-east-1_300.csv
2025-06-26 00:34:59 - INFO - Found credentials in shared credentials file: ~/.aws/credentials
2025-06-26 00:34:59 - INFO - m5d.24xlarge - 4.216700 - sa-east-1a
2025-06-26 00:34:59 - INFO - Updating file: results/results_lucas_sa-east-1_300.csv
2025-06-26 00:34:59 - INFO - Found credentials in shared credentials file: ~/.aws/credentials
2025-06-26 00:35:00 - INFO - m5d.24xlarge - 4.328200 - sa-east-1c
2025-06-26 00:35:00 - INFO - Updating file: results/results_lucas_sa-east-1_300.csv
2025-06-26 00:35:00 - INFO - Found credentials in shared credentials file: ~/.aws/credentials
2025-06-26 00:35:00 - INFO - m5d.24xlarge - 4.330200 - sa-east-1b
2025-06-26 00:35:00 - INFO - Updating file: results/results_lucas_sa-east-1_300.csv
2025-06-26 00:35:00 - INFO - Found credentials in shared credentials file: ~/.aws/credentials
2025-06-26 00:35:01 - INFO - r7i.24xlarge - 4.367100 - sa-east-1a
2025-06-26 00:35:01 - INFO - Updating file: results/results_lucas_sa-east-1_300.csv
2025-06-26 00:35:01 - INFO - Found credentials in shared credentials file: ~/.aws/credentials
2025-06-26 00:35:01 - INFO - c5d.24xlarge - 4.382000 - sa-east-1a
2025-06-26 00:35:01 - INFO - Updating file: results/results_lucas_sa-east-1_300.csv
2025-06-26 00:35:01 - INFO - Found credentials in shared credentials file: ~/.aws/credentials
2025-06-26 00:35:02 - INFO - m7i.24xlarge - 4.644800 - sa-east-1a
2025-06-26 00:35:02 - INFO - Updating file: results/results_lucas_sa-east-1_300.csv
2025-06-26 00:35:02 - INFO - Found credentials in shared credentials file: ~/.aws/credentials
2025-06-26 00:35:02 - INFO - r6i.24xlarge - 4.893000 - sa-east-1b
2025-06-26 00:35:02 - INFO - Updating file: results/results_lucas_sa-east-1_300.csv
2025-06-26 00:35:02 - INFO - Found credentials in shared credentials file: ~/.aws/credentials
2025-06-26 00:35:03 - INFO - c6id.24xlarge - 5.502800 - sa-east-1a
2025-06-26 00:35:03 - INFO - Updating file: results/results_lucas_sa-east-1_300.csv
2025-06-26 00:35:03 - INFO - Found credentials in shared credentials file: ~/.aws/credentials
2025-06-26 00:35:03 - INFO - c5ad.24xlarge - 5.575800 - sa-east-1a
2025-06-26 00:35:03 - INFO - Updating file: results/results_lucas_sa-east-1_300.csv
2025-06-26 00:35:03 - INFO - Found credentials in shared credentials file: ~/.aws/credentials
2025-06-26 00:35:04 - INFO - r5d.24xlarge - 5.864200 - sa-east-1c
2025-06-26 00:35:04 - INFO - Updating file: results/results_lucas_sa-east-1_300.csv
2025-06-26 00:35:04 - INFO - Found credentials in shared credentials file: ~/.aws/credentials
2025-06-26 00:35:04 - INFO - r5d.24xlarge - 5.978700 - sa-east-1b
2025-06-26 00:35:04 - INFO - Updating file: results/results_lucas_sa-east-1_300.csv
2025-06-26 00:35:04 - INFO - Found credentials in shared credentials file: ~/.aws/credentials
2025-06-26 00:35:05 - INFO - r5b.24xlarge - 6.833900 - sa-east-1b
2025-06-26 00:35:05 - INFO - Updating file: results/results_lucas_sa-east-1_300.csv
2025-06-26 00:35:05 - INFO - Found credentials in shared credentials file: ~/.aws/credentials
2025-06-26 00:35:05 - INFO - r5d.24xlarge - 7.315600 - sa-east-1a
2025-06-26 00:35:05 - INFO - Updating file: results/results_lucas_sa-east-1_300.csv
2025-06-26 00:35:05 - INFO - Found credentials in shared credentials file: ~/.aws/credentials
2025-06-26 00:35:06 - INFO - r5n.24xlarge - 8.232400 - sa-east-1c
2025-06-26 00:35:06 - INFO - Updating file: results/results_lucas_sa-east-1_300.csv
2025-06-26 00:35:06 - INFO - Found credentials in shared credentials file: ~/.aws/credentials
2025-06-26 00:35:06 - INFO - r5n.24xlarge - 8.475400 - sa-east-1a
2025-06-26 00:35:06 - INFO - Updating file: results/results_lucas_sa-east-1_300.csv
2025-06-26 00:35:06 - INFO - Found credentials in shared credentials file: ~/.aws/credentials
2025-06-26 00:35:07 - INFO - r5b.24xlarge - 8.566200 - sa-east-1c
2025-06-26 00:35:07 - INFO - Updating file: results/results_lucas_sa-east-1_300.csv
2025-06-26 00:35:07 - INFO - Fleet created with instances: ['i-03c73ff4ea3f5a38f', 'i-0fea0db25b599aceb', 'i-04659e994af0422ab', 'i-0cbb70c2799454045']
2025-06-26 00:35:08 - INFO - Tempo que levou para as máquinas estarem running: 0.981324 segundos
2025-06-26 00:35:08 - INFO - Tempo que levou para conseguir 4 instâncias: 77.790943 segundos
2025-06-26 00:35:08 - INFO - Total de instâncias acumuladas: 215/300
2025-06-26 00:35:08 - INFO - Found credentials in shared credentials file: ~/.aws/credentials
2025-06-26 00:35:45 - INFO - Tempo que levou para receber response AWS: 36.512576 segundos
2025-06-26 00:35:45 - INFO - Found credentials in shared credentials file: ~/.aws/credentials
2025-06-26 00:35:46 - WARNING - No spot price history found.
2025-06-26 00:35:46 - INFO - Updating file: results/results_lucas_sa-east-1_300.csv
2025-06-26 00:35:46 - INFO - Found credentials in shared credentials file: ~/.aws/credentials
2025-06-26 00:35:47 - WARNING - No spot price history found.
2025-06-26 00:35:47 - INFO - Updating file: results/results_lucas_sa-east-1_300.csv
2025-06-26 00:35:47 - INFO - Found credentials in shared credentials file: ~/.aws/credentials
2025-06-26 00:35:47 - WARNING - No spot price history found.
2025-06-26 00:35:47 - INFO - Updating file: results/results_lucas_sa-east-1_300.csv
2025-06-26 00:35:47 - INFO - Found credentials in shared credentials file: ~/.aws/credentials
2025-06-26 00:35:48 - WARNING - No spot price history found.
2025-06-26 00:35:48 - INFO - Updating file: results/results_lucas_sa-east-1_300.csv
2025-06-26 00:35:48 - INFO - Found credentials in shared credentials file: ~/.aws/credentials
2025-06-26 00:35:48 - WARNING - No spot price history found.
2025-06-26 00:35:48 - INFO - Updating file: results/results_lucas_sa-east-1_300.csv
2025-06-26 00:35:48 - INFO - Found credentials in shared credentials file: ~/.aws/credentials
2025-06-26 00:35:48 - INFO - m6a.24xlarge - 1.445300 - sa-east-1b
2025-06-26 00:35:48 - INFO - Updating file: results/results_lucas_sa-east-1_300.csv
2025-06-26 00:35:48 - INFO - Found credentials in shared credentials file: ~/.aws/credentials
2025-06-26 00:35:49 - INFO - m5a.24xlarge - 1.749300 - sa-east-1a
2025-06-26 00:35:49 - INFO - Updating file: results/results_lucas_sa-east-1_300.csv
2025-06-26 00:35:49 - INFO - Found credentials in shared credentials file: ~/.aws/credentials
2025-06-26 00:35:49 - INFO - m5a.24xlarge - 1.878600 - sa-east-1c
2025-06-26 00:35:49 - INFO - Updating file: results/results_lucas_sa-east-1_300.csv
2025-06-26 00:35:49 - INFO - Found credentials in shared credentials file: ~/.aws/credentials
2025-06-26 00:35:50 - INFO - c5.24xlarge - 1.919500 - sa-east-1a
2025-06-26 00:35:50 - INFO - Updating file: results/results_lucas_sa-east-1_300.csv
2025-06-26 00:35:50 - INFO - Found credentials in shared credentials file: ~/.aws/credentials
2025-06-26 00:35:50 - INFO - r5ad.24xlarge - 1.937600 - sa-east-1c
2025-06-26 00:35:50 - INFO - Updating file: results/results_lucas_sa-east-1_300.csv
2025-06-26 00:35:50 - INFO - Found credentials in shared credentials file: ~/.aws/credentials
2025-06-26 00:35:51 - INFO - m6a.24xlarge - 2.014200 - sa-east-1c
2025-06-26 00:35:51 - INFO - Updating file: results/results_lucas_sa-east-1_300.csv
2025-06-26 00:35:51 - INFO - Found credentials in shared credentials file: ~/.aws/credentials
2025-06-26 00:35:51 - INFO - m5.24xlarge - 2.048700 - sa-east-1a
2025-06-26 00:35:51 - INFO - Updating file: results/results_lucas_sa-east-1_300.csv
2025-06-26 00:35:51 - INFO - Found credentials in shared credentials file: ~/.aws/credentials
2025-06-26 00:35:52 - INFO - c6a.24xlarge - 2.136200 - sa-east-1b
2025-06-26 00:35:52 - INFO - Updating file: results/results_lucas_sa-east-1_300.csv
2025-06-26 00:35:52 - INFO - Found credentials in shared credentials file: ~/.aws/credentials
2025-06-26 00:35:52 - INFO - c5.24xlarge - 2.159300 - sa-east-1b
2025-06-26 00:35:52 - INFO - Updating file: results/results_lucas_sa-east-1_300.csv
2025-06-26 00:35:52 - INFO - Found credentials in shared credentials file: ~/.aws/credentials
2025-06-26 00:35:52 - INFO - m6a.24xlarge - 2.190600 - sa-east-1a
2025-06-26 00:35:53 - INFO - Updating file: results/results_lucas_sa-east-1_300.csv
2025-06-26 00:35:53 - INFO - Found credentials in shared credentials file: ~/.aws/credentials
2025-06-26 00:35:53 - INFO - r5a.24xlarge - 2.219000 - sa-east-1c
2025-06-26 00:35:53 - INFO - Updating file: results/results_lucas_sa-east-1_300.csv
2025-06-26 00:35:53 - INFO - Found credentials in shared credentials file: ~/.aws/credentials
2025-06-26 00:35:53 - INFO - m5ad.24xlarge - 2.349300 - sa-east-1c
2025-06-26 00:35:53 - INFO - Updating file: results/results_lucas_sa-east-1_300.csv
2025-06-26 00:35:53 - INFO - Found credentials in shared credentials file: ~/.aws/credentials
2025-06-26 00:35:54 - INFO - m5.24xlarge - 2.366300 - sa-east-1c
2025-06-26 00:35:54 - INFO - Updating file: results/results_lucas_sa-east-1_300.csv
2025-06-26 00:35:54 - INFO - Found credentials in shared credentials file: ~/.aws/credentials
2025-06-26 00:35:54 - INFO - c5.24xlarge - 2.627400 - sa-east-1c
2025-06-26 00:35:54 - INFO - Updating file: results/results_lucas_sa-east-1_300.csv
2025-06-26 00:35:54 - INFO - Found credentials in shared credentials file: ~/.aws/credentials
2025-06-26 00:35:55 - INFO - c6a.24xlarge - 2.637200 - sa-east-1a
2025-06-26 00:35:55 - INFO - Updating file: results/results_lucas_sa-east-1_300.csv
2025-06-26 00:35:55 - INFO - Found credentials in shared credentials file: ~/.aws/credentials
2025-06-26 00:35:55 - INFO - m5.24xlarge - 2.683200 - sa-east-1b
2025-06-26 00:35:55 - INFO - Updating file: results/results_lucas_sa-east-1_300.csv
2025-06-26 00:35:55 - INFO - Found credentials in shared credentials file: ~/.aws/credentials
2025-06-26 00:35:56 - INFO - m5ad.24xlarge - 2.690100 - sa-east-1a
2025-06-26 00:35:56 - INFO - Updating file: results/results_lucas_sa-east-1_300.csv
2025-06-26 00:35:56 - INFO - Found credentials in shared credentials file: ~/.aws/credentials
2025-06-26 00:35:56 - INFO - r5ad.24xlarge - 2.786700 - sa-east-1a
2025-06-26 00:35:56 - INFO - Updating file: results/results_lucas_sa-east-1_300.csv
2025-06-26 00:35:56 - INFO - Found credentials in shared credentials file: ~/.aws/credentials
2025-06-26 00:35:57 - INFO - c6i.32xlarge - 2.837200 - sa-east-1a
2025-06-26 00:35:57 - INFO - Updating file: results/results_lucas_sa-east-1_300.csv
2025-06-26 00:35:57 - INFO - Found credentials in shared credentials file: ~/.aws/credentials
2025-06-26 00:35:57 - INFO - c6i.32xlarge - 2.857600 - sa-east-1c
2025-06-26 00:35:57 - INFO - Updating file: results/results_lucas_sa-east-1_300.csv
2025-06-26 00:35:57 - INFO - Found credentials in shared credentials file: ~/.aws/credentials
2025-06-26 00:35:58 - INFO - r5a.24xlarge - 2.901000 - sa-east-1a
2025-06-26 00:35:58 - INFO - Updating file: results/results_lucas_sa-east-1_300.csv
2025-06-26 00:35:58 - INFO - Found credentials in shared credentials file: ~/.aws/credentials
2025-06-26 00:35:58 - INFO - m5a.24xlarge - 2.912500 - sa-east-1b
2025-06-26 00:35:58 - INFO - Updating file: results/results_lucas_sa-east-1_300.csv
2025-06-26 00:35:58 - INFO - Found credentials in shared credentials file: ~/.aws/credentials
2025-06-26 00:35:59 - INFO - r5n.24xlarge - 2.939900 - sa-east-1b
2025-06-26 00:35:59 - INFO - Updating file: results/results_lucas_sa-east-1_300.csv
2025-06-26 00:35:59 - INFO - Found credentials in shared credentials file: ~/.aws/credentials
2025-06-26 00:35:59 - INFO - c7i.48xlarge - 2.949600 - sa-east-1a
2025-06-26 00:35:59 - INFO - Updating file: results/results_lucas_sa-east-1_300.csv
2025-06-26 00:35:59 - INFO - Found credentials in shared credentials file: ~/.aws/credentials
2025-06-26 00:36:00 - INFO - c5a.24xlarge - 2.991800 - sa-east-1c
2025-06-26 00:36:00 - INFO - Updating file: results/results_lucas_sa-east-1_300.csv
2025-06-26 00:36:00 - INFO - Found credentials in shared credentials file: ~/.aws/credentials
2025-06-26 00:36:00 - INFO - c5a.24xlarge - 2.991900 - sa-east-1a
2025-06-26 00:36:00 - INFO - Updating file: results/results_lucas_sa-east-1_300.csv
2025-06-26 00:36:00 - INFO - Found credentials in shared credentials file: ~/.aws/credentials
2025-06-26 00:36:01 - INFO - c6a.24xlarge - 3.024800 - sa-east-1c
2025-06-26 00:36:01 - INFO - Updating file: results/results_lucas_sa-east-1_300.csv
2025-06-26 00:36:01 - INFO - Found credentials in shared credentials file: ~/.aws/credentials
2025-06-26 00:36:01 - INFO - r5.24xlarge - 3.227900 - sa-east-1b
2025-06-26 00:36:01 - INFO - Updating file: results/results_lucas_sa-east-1_300.csv
2025-06-26 00:36:01 - INFO - Found credentials in shared credentials file: ~/.aws/credentials
2025-06-26 00:36:02 - INFO - c7i.48xlarge - 3.299900 - sa-east-1b
2025-06-26 00:36:02 - INFO - Updating file: results/results_lucas_sa-east-1_300.csv
2025-06-26 00:36:02 - INFO - Found credentials in shared credentials file: ~/.aws/credentials
2025-06-26 00:36:02 - INFO - r5.24xlarge - 3.352400 - sa-east-1a
2025-06-26 00:36:02 - INFO - Updating file: results/results_lucas_sa-east-1_300.csv
2025-06-26 00:36:02 - INFO - Found credentials in shared credentials file: ~/.aws/credentials
2025-06-26 00:36:03 - INFO - c7i.48xlarge - 3.358600 - sa-east-1c
2025-06-26 00:36:03 - INFO - Updating file: results/results_lucas_sa-east-1_300.csv
2025-06-26 00:36:03 - INFO - Found credentials in shared credentials file: ~/.aws/credentials
2025-06-26 00:36:03 - INFO - m7i.24xlarge - 3.385700 - sa-east-1b
2025-06-26 00:36:03 - INFO - Updating file: results/results_lucas_sa-east-1_300.csv
2025-06-26 00:36:03 - INFO - Found credentials in shared credentials file: ~/.aws/credentials
2025-06-26 00:36:04 - INFO - c5a.24xlarge - 3.418700 - sa-east-1b
2025-06-26 00:36:04 - INFO - Updating file: results/results_lucas_sa-east-1_300.csv
2025-06-26 00:36:04 - INFO - Found credentials in shared credentials file: ~/.aws/credentials
2025-06-26 00:36:04 - INFO - m6i.24xlarge - 3.432800 - sa-east-1a
2025-06-26 00:36:04 - INFO - Updating file: results/results_lucas_sa-east-1_300.csv
2025-06-26 00:36:04 - INFO - Found credentials in shared credentials file: ~/.aws/credentials
2025-06-26 00:36:05 - INFO - r5.24xlarge - 3.446100 - sa-east-1c
2025-06-26 00:36:05 - INFO - Updating file: results/results_lucas_sa-east-1_300.csv
2025-06-26 00:36:05 - INFO - Found credentials in shared credentials file: ~/.aws/credentials
2025-06-26 00:36:05 - INFO - c6in.24xlarge - 3.561800 - sa-east-1b
2025-06-26 00:36:05 - INFO - Updating file: results/results_lucas_sa-east-1_300.csv
2025-06-26 00:36:05 - INFO - Found credentials in shared credentials file: ~/.aws/credentials
2025-06-26 00:36:05 - INFO - c6in.24xlarge - 3.608600 - sa-east-1c
2025-06-26 00:36:05 - INFO - Updating file: results/results_lucas_sa-east-1_300.csv
2025-06-26 00:36:06 - INFO - Found credentials in shared credentials file: ~/.aws/credentials
2025-06-26 00:36:06 - INFO - c6i.32xlarge - 3.613000 - sa-east-1b
2025-06-26 00:36:06 - INFO - Updating file: results/results_lucas_sa-east-1_300.csv
2025-06-26 00:36:06 - INFO - Found credentials in shared credentials file: ~/.aws/credentials
2025-06-26 00:36:06 - INFO - m7i.24xlarge - 3.640000 - sa-east-1c
2025-06-26 00:36:06 - INFO - Updating file: results/results_lucas_sa-east-1_300.csv
2025-06-26 00:36:06 - INFO - Found credentials in shared credentials file: ~/.aws/credentials
2025-06-26 00:36:07 - INFO - r7i.24xlarge - 3.654100 - sa-east-1c
2025-06-26 00:36:07 - INFO - Updating file: results/results_lucas_sa-east-1_300.csv
2025-06-26 00:36:07 - INFO - Found credentials in shared credentials file: ~/.aws/credentials
2025-06-26 00:36:07 - INFO - m6i.24xlarge - 3.765400 - sa-east-1b
2025-06-26 00:36:07 - INFO - Updating file: results/results_lucas_sa-east-1_300.csv
2025-06-26 00:36:07 - INFO - Found credentials in shared credentials file: ~/.aws/credentials
2025-06-26 00:36:08 - INFO - c5ad.24xlarge - 3.786000 - sa-east-1b
2025-06-26 00:36:08 - INFO - Updating file: results/results_lucas_sa-east-1_300.csv
2025-06-26 00:36:08 - INFO - Found credentials in shared credentials file: ~/.aws/credentials
2025-06-26 00:36:08 - INFO - m6i.24xlarge - 3.848800 - sa-east-1c
2025-06-26 00:36:08 - INFO - Updating file: results/results_lucas_sa-east-1_300.csv
2025-06-26 00:36:08 - INFO - Found credentials in shared credentials file: ~/.aws/credentials
2025-06-26 00:36:09 - INFO - r7i.24xlarge - 3.873100 - sa-east-1b
2025-06-26 00:36:09 - INFO - Updating file: results/results_lucas_sa-east-1_300.csv
2025-06-26 00:36:09 - INFO - Found credentials in shared credentials file: ~/.aws/credentials
2025-06-26 00:36:09 - INFO - r6i.24xlarge - 4.037500 - sa-east-1a
2025-06-26 00:36:09 - INFO - Updating file: results/results_lucas_sa-east-1_300.csv
2025-06-26 00:36:09 - INFO - Found credentials in shared credentials file: ~/.aws/credentials
2025-06-26 00:36:10 - INFO - c6id.24xlarge - 4.055600 - sa-east-1c
2025-06-26 00:36:10 - INFO - Updating file: results/results_lucas_sa-east-1_300.csv
2025-06-26 00:36:10 - INFO - Found credentials in shared credentials file: ~/.aws/credentials
2025-06-26 00:36:10 - INFO - r6i.24xlarge - 4.075700 - sa-east-1c
2025-06-26 00:36:10 - INFO - Updating file: results/results_lucas_sa-east-1_300.csv
2025-06-26 00:36:10 - INFO - Found credentials in shared credentials file: ~/.aws/credentials
2025-06-26 00:36:11 - INFO - c5d.24xlarge - 4.145800 - sa-east-1c
2025-06-26 00:36:11 - INFO - Updating file: results/results_lucas_sa-east-1_300.csv
2025-06-26 00:36:11 - INFO - Found credentials in shared credentials file: ~/.aws/credentials
2025-06-26 00:36:11 - INFO - c5d.24xlarge - 4.146700 - sa-east-1b
2025-06-26 00:36:11 - INFO - Updating file: results/results_lucas_sa-east-1_300.csv
2025-06-26 00:36:11 - INFO - Found credentials in shared credentials file: ~/.aws/credentials
2025-06-26 00:36:12 - INFO - c6in.24xlarge - 4.154500 - sa-east-1a
2025-06-26 00:36:12 - INFO - Updating file: results/results_lucas_sa-east-1_300.csv
2025-06-26 00:36:12 - INFO - Found credentials in shared credentials file: ~/.aws/credentials
2025-06-26 00:36:12 - INFO - m5d.24xlarge - 4.216700 - sa-east-1a
2025-06-26 00:36:12 - INFO - Updating file: results/results_lucas_sa-east-1_300.csv
2025-06-26 00:36:12 - INFO - Found credentials in shared credentials file: ~/.aws/credentials
2025-06-26 00:36:13 - INFO - m5d.24xlarge - 4.328200 - sa-east-1c
2025-06-26 00:36:13 - INFO - Updating file: results/results_lucas_sa-east-1_300.csv
2025-06-26 00:36:13 - INFO - Found credentials in shared credentials file: ~/.aws/credentials
2025-06-26 00:36:13 - INFO - m5d.24xlarge - 4.330200 - sa-east-1b
2025-06-26 00:36:13 - INFO - Updating file: results/results_lucas_sa-east-1_300.csv
2025-06-26 00:36:13 - INFO - Found credentials in shared credentials file: ~/.aws/credentials
2025-06-26 00:36:13 - INFO - r7i.24xlarge - 4.367100 - sa-east-1a
2025-06-26 00:36:13 - INFO - Updating file: results/results_lucas_sa-east-1_300.csv
2025-06-26 00:36:13 - INFO - Found credentials in shared credentials file: ~/.aws/credentials
2025-06-26 00:36:14 - INFO - c5d.24xlarge - 4.382000 - sa-east-1a
2025-06-26 00:36:14 - INFO - Updating file: results/results_lucas_sa-east-1_300.csv
2025-06-26 00:36:14 - INFO - Found credentials in shared credentials file: ~/.aws/credentials
2025-06-26 00:36:14 - INFO - m7i.24xlarge - 4.644800 - sa-east-1a
2025-06-26 00:36:14 - INFO - Updating file: results/results_lucas_sa-east-1_300.csv
2025-06-26 00:36:14 - INFO - Found credentials in shared credentials file: ~/.aws/credentials
2025-06-26 00:36:15 - INFO - r6i.24xlarge - 4.893000 - sa-east-1b
2025-06-26 00:36:15 - INFO - Updating file: results/results_lucas_sa-east-1_300.csv
2025-06-26 00:36:15 - INFO - Found credentials in shared credentials file: ~/.aws/credentials
2025-06-26 00:36:15 - INFO - c6id.24xlarge - 5.502800 - sa-east-1a
2025-06-26 00:36:15 - INFO - Updating file: results/results_lucas_sa-east-1_300.csv
2025-06-26 00:36:15 - INFO - Found credentials in shared credentials file: ~/.aws/credentials
2025-06-26 00:36:16 - INFO - c5ad.24xlarge - 5.575800 - sa-east-1a
2025-06-26 00:36:16 - INFO - Updating file: results/results_lucas_sa-east-1_300.csv
2025-06-26 00:36:16 - INFO - Found credentials in shared credentials file: ~/.aws/credentials
2025-06-26 00:36:16 - INFO - r5d.24xlarge - 5.864200 - sa-east-1c
2025-06-26 00:36:16 - INFO - Updating file: results/results_lucas_sa-east-1_300.csv
2025-06-26 00:36:16 - INFO - Found credentials in shared credentials file: ~/.aws/credentials
2025-06-26 00:36:17 - INFO - r5d.24xlarge - 5.978700 - sa-east-1b
2025-06-26 00:36:17 - INFO - Updating file: results/results_lucas_sa-east-1_300.csv
2025-06-26 00:36:17 - INFO - Found credentials in shared credentials file: ~/.aws/credentials
2025-06-26 00:36:17 - INFO - r5b.24xlarge - 6.833900 - sa-east-1b
2025-06-26 00:36:17 - INFO - Updating file: results/results_lucas_sa-east-1_300.csv
2025-06-26 00:36:17 - INFO - Found credentials in shared credentials file: ~/.aws/credentials
2025-06-26 00:36:18 - INFO - r5d.24xlarge - 7.315600 - sa-east-1a
2025-06-26 00:36:18 - INFO - Updating file: results/results_lucas_sa-east-1_300.csv
2025-06-26 00:36:18 - INFO - Found credentials in shared credentials file: ~/.aws/credentials
2025-06-26 00:36:18 - INFO - r5n.24xlarge - 8.232400 - sa-east-1c
2025-06-26 00:36:18 - INFO - Updating file: results/results_lucas_sa-east-1_300.csv
2025-06-26 00:36:18 - INFO - Found credentials in shared credentials file: ~/.aws/credentials
2025-06-26 00:36:19 - INFO - r5n.24xlarge - 8.475400 - sa-east-1a
2025-06-26 00:36:19 - INFO - Updating file: results/results_lucas_sa-east-1_300.csv
2025-06-26 00:36:19 - INFO - Found credentials in shared credentials file: ~/.aws/credentials
2025-06-26 00:36:19 - INFO - r5b.24xlarge - 8.566200 - sa-east-1c
2025-06-26 00:36:19 - INFO - Updating file: results/results_lucas_sa-east-1_300.csv
2025-06-26 00:36:19 - INFO - Found credentials in shared credentials file: ~/.aws/credentials
2025-06-26 00:36:20 - INFO - r5b.24xlarge - 9.978700 - sa-east-1a
2025-06-26 00:36:20 - INFO - Updating file: results/results_lucas_sa-east-1_300.csv
2025-06-26 00:36:20 - WARNING - No instances were launched.
2025-06-26 00:36:20 - INFO - Tempo que levou para conseguir 0 instâncias: 71.41158 segundos
2025-06-26 00:36:20 - INFO - Found credentials in shared credentials file: ~/.aws/credentials
2025-06-26 00:51:24 - INFO - Start execution in sa-east-1 Nodes=300 Benchmark=bt.A.x Allocation Strategy=lowest-price
2025-06-26 00:51:24 - INFO - Found credentials in shared credentials file: ~/.aws/credentials
2025-06-26 00:52:07 - INFO - Tempo que levou para receber response AWS: 41.845996 segundos
2025-06-26 00:52:07 - INFO - Found credentials in shared credentials file: ~/.aws/credentials
2025-06-26 00:52:07 - WARNING - No spot price history found.
2025-06-26 00:52:07 - INFO - Updating file: results/results_lucas_sa-east-1_300.csv
2025-06-26 00:52:07 - INFO - Found credentials in shared credentials file: ~/.aws/credentials
2025-06-26 00:52:07 - WARNING - No spot price history found.
2025-06-26 00:52:07 - INFO - Updating file: results/results_lucas_sa-east-1_300.csv
2025-06-26 00:52:08 - INFO - Found credentials in shared credentials file: ~/.aws/credentials
2025-06-26 00:52:08 - WARNING - No spot price history found.
2025-06-26 00:52:08 - INFO - Updating file: results/results_lucas_sa-east-1_300.csv
2025-06-26 00:52:08 - INFO - Found credentials in shared credentials file: ~/.aws/credentials
2025-06-26 00:52:08 - WARNING - No spot price history found.
2025-06-26 00:52:08 - INFO - Updating file: results/results_lucas_sa-east-1_300.csv
2025-06-26 00:52:08 - INFO - Found credentials in shared credentials file: ~/.aws/credentials
2025-06-26 00:52:09 - WARNING - No spot price history found.
2025-06-26 00:52:09 - INFO - Updating file: results/results_lucas_sa-east-1_300.csv
2025-06-26 00:52:09 - INFO - Found credentials in shared credentials file: ~/.aws/credentials
2025-06-26 00:52:10 - INFO - Updating file: results/results_lucas_sa-east-1_300.csv
2025-06-26 00:52:10 - INFO - Found credentials in shared credentials file: ~/.aws/credentials
2025-06-26 00:52:10 - INFO - Updating file: results/results_lucas_sa-east-1_300.csv
2025-06-26 00:52:10 - INFO - Found credentials in shared credentials file: ~/.aws/credentials
2025-06-26 00:52:11 - INFO - Updating file: results/results_lucas_sa-east-1_300.csv
2025-06-26 00:52:11 - INFO - Found credentials in shared credentials file: ~/.aws/credentials
2025-06-26 00:52:11 - INFO - Updating file: results/results_lucas_sa-east-1_300.csv
2025-06-26 00:52:11 - INFO - Found credentials in shared credentials file: ~/.aws/credentials
2025-06-26 00:52:12 - INFO - Updating file: results/results_lucas_sa-east-1_300.csv
2025-06-26 00:52:12 - INFO - Found credentials in shared credentials file: ~/.aws/credentials
2025-06-26 00:52:12 - INFO - Updating file: results/results_lucas_sa-east-1_300.csv
2025-06-26 00:52:12 - INFO - Found credentials in shared credentials file: ~/.aws/credentials
2025-06-26 00:52:12 - INFO - Updating file: results/results_lucas_sa-east-1_300.csv
2025-06-26 00:52:12 - INFO - Found credentials in shared credentials file: ~/.aws/credentials
2025-06-26 00:52:13 - INFO - Updating file: results/results_lucas_sa-east-1_300.csv
2025-06-26 00:52:13 - INFO - Found credentials in shared credentials file: ~/.aws/credentials
2025-06-26 00:52:13 - INFO - Updating file: results/results_lucas_sa-east-1_300.csv
2025-06-26 00:52:13 - INFO - Found credentials in shared credentials file: ~/.aws/credentials
2025-06-26 00:52:14 - INFO - Updating file: results/results_lucas_sa-east-1_300.csv
2025-06-26 00:52:14 - INFO - Found credentials in shared credentials file: ~/.aws/credentials
2025-06-26 00:52:14 - INFO - Updating file: results/results_lucas_sa-east-1_300.csv
2025-06-26 00:52:14 - INFO - Found credentials in shared credentials file: ~/.aws/credentials
2025-06-26 00:52:15 - INFO - Updating file: results/results_lucas_sa-east-1_300.csv
2025-06-26 00:52:15 - INFO - Found credentials in shared credentials file: ~/.aws/credentials
2025-06-26 00:52:15 - INFO - Updating file: results/results_lucas_sa-east-1_300.csv
2025-06-26 00:52:15 - INFO - Found credentials in shared credentials file: ~/.aws/credentials
2025-06-26 00:52:15 - INFO - Updating file: results/results_lucas_sa-east-1_300.csv
2025-06-26 00:52:15 - INFO - Found credentials in shared credentials file: ~/.aws/credentials
2025-06-26 00:52:16 - INFO - Updating file: results/results_lucas_sa-east-1_300.csv
2025-06-26 00:52:16 - INFO - Found credentials in shared credentials file: ~/.aws/credentials
2025-06-26 00:52:16 - INFO - Updating file: results/results_lucas_sa-east-1_300.csv
2025-06-26 00:52:16 - INFO - Fleet created with instances: ['i-0a106662def2c48c4', 'i-02865e15d2e7b86c3', 'i-0a00bfec43682e393', 'i-0806378c649acf2dd', 'i-0160145c640a7cc99', 'i-05af26c15b547dcbb', 'i-0a9240527a57e32d8', 'i-03f885b625d508a67', 'i-0e86900f70ee55679', 'i-07e4dc9f6746071d1', 'i-00afd81c3a33577d3', 'i-088452c169aad8abb', 'i-006c105c0866b1972', 'i-0c4a3f382a6783b32', 'i-0d79246dd98ffe92c', 'i-068e0f2f18fd69794', 'i-0425374672c9b6325', 'i-024811bc427f98608', 'i-0b3b9a71e589ceada', 'i-04a07a2b8b50bd908', 'i-0b393a37f465f7bd0', 'i-0bace473fa0c4d9fd', 'i-042fe4cd0c3792c79', 'i-0209fe11486a683aa', 'i-084451846ab63fe03', 'i-0d35d9acf72dd0a09', 'i-04ab3267e4f56bb4a', 'i-0a049c22f983eebb3', 'i-064779e2984474eb6', 'i-0b22e9b33e63efb2e', 'i-04a7620617074b735', 'i-0ad746c32f5088dec', 'i-09c2e6585e7f82856', 'i-070a85247c594a17c', 'i-0dbf7fdbb61650bb3', 'i-00ae1645a59194432', 'i-04f3347875fff9b1b', 'i-0615e101a160533e4', 'i-0799d5f2cf87fb6fc', 'i-0847c021abc23c186', 'i-0812a1f3259aa6502', 'i-091a2f8a8f0cefd73', 'i-0d71ea813ec4b2f97', 'i-053b3410226721818', 'i-035c011e1042963fb', 'i-0fa87731e4c197c0c', 'i-0237bfe43b7946c07', 'i-0f81613855a7ef99a', 'i-02eaf71e4eb3872d7', 'i-0589df86a1a11a6a7', 'i-08eb8f56599846bb8', 'i-05feb1886f68c338c', 'i-02e49d38cf6211816', 'i-086cd9ce289a62421', 'i-0ed041826a6143ccd', 'i-0e5a862139b7356e3', 'i-08ba8bb1705e91bec', 'i-046b18d32e549014e', 'i-0d7cd0dc233422489', 'i-0721f3bafb8662caa', 'i-03935d88675a1f6c0', 'i-0eb3b138a1b78cce7', 'i-0c9374ba80f62d351', 'i-0953a6626f8eb7c96', 'i-02f5cade0da27903e', 'i-019df49c717c47531', 'i-0247fdb831ab31e2e', 'i-06c3247827d6c5186', 'i-0e9ebeeddf77783fe', 'i-06798a62a4d85d43e', 'i-0e8e6c49923c3256e', 'i-045ff01f0a8cb0f4c', 'i-0e6c8aca603fe5880', 'i-06ceee29570aec2ff', 'i-075b860097314c336', 'i-03e52ea0fec27f1dc', 'i-0544f8669c46219ca', 'i-01e2e2f19e14d382c', 'i-0e0f981321a7bdb56', 'i-05ff4bb956fbb3a70', 'i-0b6d3e725b329a724', 'i-09bbc2d37212d84a5', 'i-09f9edad3174ac0b1', 'i-021a07933e2a30c76', 'i-071f8e5af5eff9121', 'i-0a3548429c75a1a16', 'i-07d980e2d83f15bb5', 'i-0679e3f5ab8775d7f', 'i-0b569cc79652fd05a', 'i-09488d009681d53cc', 'i-0fa3997947202af4e', 'i-03a10de0d52ca5576', 'i-0c895b713eb6ccef2', 'i-094031e74d288da24', 'i-0b7c81cf0d111e79a', 'i-0d9aceb68280cb4ac', 'i-0fd9d24e9135c2858', 'i-0b320c942a758deb5', 'i-0664248b225eb7bec', 'i-036ba914c5aa44753', 'i-0496b6019099fe62e', 'i-0f7824736a7a3c49b', 'i-0adbcc28205f4330b', 'i-0a3f6abba39ab975b', 'i-06a47693f46c0f272', 'i-06f700da3067facd9', 'i-00305d2fbed5a94a8', 'i-09e8c67ca7826d721', 'i-06d5d43667dfed5b4', 'i-0bb2d5112c73481a2', 'i-04655f2481ac6fdb1', 'i-06bf9858a5c9b50ce', 'i-05e9648d5d3dbb5cf', 'i-0bfad58fee0bc3d5f', 'i-09d1c2e4d064b2438', 'i-05e749efbbb8ef78b', 'i-09b7dc24696353ca2', 'i-0af236fbe602e052c', 'i-03492389a1cff4659', 'i-04de863056a098594', 'i-08367fd336852ccce', 'i-0dae9dd6278665c5d', 'i-0c7438e7469df5252', 'i-0af41e3d83dd5c60d', 'i-06f443c4709979fda', 'i-0cd8a66656c2253a1', 'i-0e414e9ab415ea2e3', 'i-02fbf5c0e9a5ef2b5', 'i-058c6cff0b28d30e9', 'i-00d940951af6b2ca7', 'i-03cef49e432818377', 'i-0d204aceb16748d11', 'i-088d2f9dabd7c60c0', 'i-0d247d78fe50a9010', 'i-088debd3faa9acf86', 'i-08a6bb14628af9cf5', 'i-0fd01f26c61fe1667', 'i-02e968acbf5fb9c1d', 'i-0d3f594a07e64d2db', 'i-025417bb9d4ee963d', 'i-01092894a24bfc79c', 'i-030fad5991dbd4ff1', 'i-0c37250c59f7233b5', 'i-00fa02e040fc1e90a', 'i-08ff1ec6e328aaeda', 'i-090960f3793706d64', 'i-09983e204b6b22bd6', 'i-098627719f002fb81', 'i-0a1d555d737b1953a', 'i-0efb4d9e3bbaac7b5', 'i-03845cfc1cadcb91f', 'i-02db43348564a303c', 'i-0e5ce3351bc1e2665', 'i-0e1320d4001f6914e', 'i-064aec16ec82105ff', 'i-05480c46e3d0353c1', 'i-0694e3e4f8777e641', 'i-030b7f1bd6ace586b', 'i-0d9c81bb185025a90', 'i-0e4b83422146872b5', 'i-0af8c9b47cb0ee6a8', 'i-07108d9e54863fbe1', 'i-00a4dab0c76f215de', 'i-01d00c7d3031a8607', 'i-0948326ff267fd28f', 'i-0f9ce84cd84c1f466', 'i-09cffb6a6a5d317af', 'i-0b73a7392bd25237b', 'i-0173d81d00af84cd5', 'i-0b82f02bfcbea88a9', 'i-0f6627a815635b031', 'i-0c935c8bd2e50128a', 'i-07d594508a5f0ef69', 'i-08a786095b0c2b167', 'i-0fba310aebe49217b', 'i-0cd8b7388e0b21095', 'i-0e46fa59d68130499', 'i-0685fe6a5f4cdffc4', 'i-098f2f6d3992b061d', 'i-0fe108f1b984e5ce5', 'i-068f12f26158e3eb9', 'i-0395102646ff61fd6', 'i-0325827ad53d378ec', 'i-033e770a5c328b182', 'i-0b74efdfc228abde0', 'i-07c2bfbf1386cee1b', 'i-03ff29f41d7576683', 'i-0392ea42a9eb00b7f', 'i-0723ffd2717c7b426', 'i-0562e5bddfd4b8776', 'i-0f8f64e375b161b23', 'i-057e58c0d8a3c33f4', 'i-072f775363b9288df', 'i-0921075ab4742f93f', 'i-056be18183316e0d2', 'i-0ae508a7cc4dfec08', 'i-081f9272e21f92727', 'i-090715686602786f4', 'i-0a29d91f992427464', 'i-0e5b438d6d673c161', 'i-049c7529e2278edb7', 'i-0058aca6001255cc8', 'i-09d0ccb8b72cdd4dd', 'i-01fbe5730d4914c0f', 'i-0ca58dd09bca0c011', 'i-0e5dee8e7b2b8d4d3', 'i-095e7e9bbe02289ad', 'i-012581aa08012de92', 'i-03f4016eb12d9546a', 'i-07ec7f4bb394cea98', 'i-08065d85a3e112875', 'i-0ba0e6b1bb9f9fa40', 'i-0272ef20a26a6715e', 'i-04b19c487e38307cf', 'i-0304e12dbe8b299a1', 'i-099e7703669132f2e', 'i-0ce30a4d16711457a', 'i-006f416b9f7cc4415', 'i-05f1c7dae8c9ed3ab', 'i-044b707a6a2eb7cbf', 'i-0d18d1b1f05560283', 'i-0b83de144dfd9378c']
2025-06-26 00:53:03 - INFO - Tempo que levou para as máquinas estarem running: 46.019172 segundos
2025-06-26 00:53:03 - INFO - Tempo total gasto: 87.865168 segundos
2025-06-26 00:53:03 - INFO - Total de instâncias acumuladas: 222/300
2025-06-26 00:53:03 - INFO - Found credentials in shared credentials file: ~/.aws/credentials
2025-06-26 00:53:31 - INFO - Tempo que levou para receber response AWS: 27.202312 segundos
2025-06-26 00:53:31 - INFO - Found credentials in shared credentials file: ~/.aws/credentials
2025-06-26 00:53:32 - WARNING - No spot price history found.
2025-06-26 00:53:32 - INFO - Updating file: results/results_lucas_sa-east-1_300.csv
2025-06-26 00:53:32 - INFO - Found credentials in shared credentials file: ~/.aws/credentials
2025-06-26 00:53:32 - WARNING - No spot price history found.
2025-06-26 00:53:32 - INFO - Updating file: results/results_lucas_sa-east-1_300.csv
2025-06-26 00:53:32 - INFO - Found credentials in shared credentials file: ~/.aws/credentials
2025-06-26 00:53:33 - WARNING - No spot price history found.
2025-06-26 00:53:33 - INFO - Updating file: results/results_lucas_sa-east-1_300.csv
2025-06-26 00:53:33 - INFO - Found credentials in shared credentials file: ~/.aws/credentials
2025-06-26 00:53:33 - WARNING - No spot price history found.
2025-06-26 00:53:33 - INFO - Updating file: results/results_lucas_sa-east-1_300.csv
2025-06-26 00:53:33 - INFO - Found credentials in shared credentials file: ~/.aws/credentials
2025-06-26 00:53:33 - WARNING - No spot price history found.
2025-06-26 00:53:33 - INFO - Updating file: results/results_lucas_sa-east-1_300.csv
2025-06-26 00:53:33 - INFO - Found credentials in shared credentials file: ~/.aws/credentials
2025-06-26 00:53:34 - INFO - Updating file: results/results_lucas_sa-east-1_300.csv
2025-06-26 00:53:34 - INFO - Found credentials in shared credentials file: ~/.aws/credentials
2025-06-26 00:53:34 - INFO - Updating file: results/results_lucas_sa-east-1_300.csv
2025-06-26 00:53:34 - INFO - Found credentials in shared credentials file: ~/.aws/credentials
2025-06-26 00:53:35 - INFO - Updating file: results/results_lucas_sa-east-1_300.csv
2025-06-26 00:53:35 - INFO - Found credentials in shared credentials file: ~/.aws/credentials
2025-06-26 00:53:35 - INFO - Updating file: results/results_lucas_sa-east-1_300.csv
2025-06-26 00:53:35 - INFO - Found credentials in shared credentials file: ~/.aws/credentials
2025-06-26 00:53:36 - INFO - Updating file: results/results_lucas_sa-east-1_300.csv
2025-06-26 00:53:36 - INFO - Found credentials in shared credentials file: ~/.aws/credentials
2025-06-26 00:53:36 - INFO - Updating file: results/results_lucas_sa-east-1_300.csv
2025-06-26 00:53:36 - INFO - Found credentials in shared credentials file: ~/.aws/credentials
2025-06-26 00:53:37 - INFO - Updating file: results/results_lucas_sa-east-1_300.csv
2025-06-26 00:53:37 - INFO - Found credentials in shared credentials file: ~/.aws/credentials
2025-06-26 00:53:37 - INFO - Updating file: results/results_lucas_sa-east-1_300.csv
2025-06-26 00:53:37 - INFO - Found credentials in shared credentials file: ~/.aws/credentials
2025-06-26 00:53:38 - INFO - Updating file: results/results_lucas_sa-east-1_300.csv
2025-06-26 00:53:38 - INFO - Found credentials in shared credentials file: ~/.aws/credentials
2025-06-26 00:53:38 - INFO - Updating file: results/results_lucas_sa-east-1_300.csv
2025-06-26 00:53:38 - INFO - Found credentials in shared credentials file: ~/.aws/credentials
2025-06-26 00:53:38 - INFO - Updating file: results/results_lucas_sa-east-1_300.csv
2025-06-26 00:53:38 - INFO - Found credentials in shared credentials file: ~/.aws/credentials
2025-06-26 00:53:39 - INFO - Updating file: results/results_lucas_sa-east-1_300.csv
2025-06-26 00:53:39 - INFO - Found credentials in shared credentials file: ~/.aws/credentials
2025-06-26 00:53:40 - INFO - Updating file: results/results_lucas_sa-east-1_300.csv
2025-06-26 00:53:40 - INFO - Found credentials in shared credentials file: ~/.aws/credentials
2025-06-26 00:53:40 - INFO - Updating file: results/results_lucas_sa-east-1_300.csv
2025-06-26 00:53:40 - INFO - Found credentials in shared credentials file: ~/.aws/credentials
2025-06-26 00:53:40 - INFO - Updating file: results/results_lucas_sa-east-1_300.csv
2025-06-26 00:53:40 - INFO - Found credentials in shared credentials file: ~/.aws/credentials
2025-06-26 00:53:41 - INFO - Updating file: results/results_lucas_sa-east-1_300.csv
2025-06-26 00:53:41 - INFO - Found credentials in shared credentials file: ~/.aws/credentials
2025-06-26 00:53:41 - INFO - Updating file: results/results_lucas_sa-east-1_300.csv
2025-06-26 00:53:41 - INFO - Found credentials in shared credentials file: ~/.aws/credentials
2025-06-26 00:53:42 - INFO - Updating file: results/results_lucas_sa-east-1_300.csv
2025-06-26 00:53:42 - INFO - Found credentials in shared credentials file: ~/.aws/credentials
2025-06-26 00:53:42 - INFO - Updating file: results/results_lucas_sa-east-1_300.csv
2025-06-26 00:53:42 - INFO - Found credentials in shared credentials file: ~/.aws/credentials
2025-06-26 00:53:43 - INFO - Updating file: results/results_lucas_sa-east-1_300.csv
2025-06-26 00:53:43 - INFO - Found credentials in shared credentials file: ~/.aws/credentials
2025-06-26 00:53:43 - INFO - Updating file: results/results_lucas_sa-east-1_300.csv
2025-06-26 00:53:43 - INFO - Found credentials in shared credentials file: ~/.aws/credentials
2025-06-26 00:53:43 - INFO - Updating file: results/results_lucas_sa-east-1_300.csv
2025-06-26 00:53:44 - INFO - Found credentials in shared credentials file: ~/.aws/credentials
2025-06-26 00:53:44 - INFO - Updating file: results/results_lucas_sa-east-1_300.csv
2025-06-26 00:53:44 - INFO - Found credentials in shared credentials file: ~/.aws/credentials
2025-06-26 00:53:44 - INFO - Updating file: results/results_lucas_sa-east-1_300.csv
2025-06-26 00:53:44 - INFO - Fleet created with instances: ['i-0cf1694a5448f6dc7', 'i-0f1d2465eb006ad97', 'i-0fcea56789325c874', 'i-0f5ecb00287485fa5', 'i-0c88260f4cf535d20', 'i-063ddd4134049da4b', 'i-0da2e7f88051377a1', 'i-013315f7a55f7d644', 'i-0b5d643ec7d18adba', 'i-0889b8ee1aed0bb3c', 'i-0b21fdeaa93a41dab', 'i-08dec10be8fb16c91', 'i-092ad77b4cd0d50fc', 'i-05dbf771dcafc87d8', 'i-0c66e270f33849e5c', 'i-0e77c509860e15f08', 'i-0c70c3b2f1f583c41', 'i-0fac82698c9d56dca', 'i-0925dce7b059c0a3b', 'i-0f453d1649b6eae6a', 'i-0f717a08569820497', 'i-03cb760c7378383a1', 'i-066bd99153e541c8d', 'i-0b7addf17bbf46a5d', 'i-0778eacb7361edac0', 'i-0e77c56ad2e36665b', 'i-0c72f5002899f181e', 'i-0fdafa349a5a2edfd', 'i-09fecfb92948e749f', 'i-0286ce07ca4ce2c19', 'i-0a8782df3fd2cf1fc', 'i-03f848d3facbe7dfc', 'i-0bfdafb5eb13c9867', 'i-0774563821fb66cfd', 'i-0722f060105039e1d', 'i-017ee7bc6ed315651', 'i-0dd35df6eacd6c58f', 'i-03a18f5f6e5154848', 'i-0cc2eba9d6bef755c', 'i-05fede44dfb16a4c6', 'i-097ff17e028a45cf8', 'i-02bbeff85f7e21bf2', 'i-0303764a10aaf519f', 'i-01547d05c2d17b2c4', 'i-073026f90f3cfc986', 'i-081c0d6ded8d40d08', 'i-09b2c332e9bc5c99a', 'i-0304bbeeee7e69403', 'i-03e0bbe6a743a1c24', 'i-01080f1c804a5c5fd', 'i-0f6865fee42394748', 'i-06f3a73d6e8cdf6ce', 'i-0b20914ff9e2b4559', 'i-0723872f9040bf359', 'i-0b7860e285c8e866c', 'i-0eb1f7693e59c99e3', 'i-0176c2132221046a3', 'i-0b284094273888281', 'i-01687eebcb2f2dbae', 'i-0b165a06008c7f257', 'i-079a4f1e18dc68f3f', 'i-021a09168edbac1cf', 'i-0c86fde846e226e5f', 'i-0d37bd641a2e82259', 'i-01a519c97a93d8e08', 'i-0adbfbca011bc3f52', 'i-01023cb5e19a32fd3', 'i-0ac95a308328e8cec', 'i-0d99e697f0b36fdca', 'i-0f0920bf312b11a4e', 'i-070e859e5cb4e3a7b', 'i-03ee700735ff4362e', 'i-04f0e8e8fbb9cfaa4', 'i-05525f51764bb75d8', 'i-03d2427f2774ac4cb', 'i-0a5cb8c6f63812af3', 'i-0bb5b2e06bdb835df', 'i-00d9b5ff01744c562']
2025-06-26 00:54:00 - INFO - Tempo que levou para as máquinas estarem running: 15.186767 segundos
2025-06-26 00:54:00 - INFO - Tempo total gasto: 42.389079 segundos
2025-06-26 00:54:00 - INFO - Total de instâncias acumuladas: 300/300
2025-06-26 01:06:27 - INFO - Start execution in sa-east-1 Nodes=300 Benchmark=bt.A.x Allocation Strategy=lowest-price
2025-06-26 01:06:27 - INFO - Found credentials in shared credentials file: ~/.aws/credentials
2025-06-26 01:07:08 - INFO - Tempo que levou para receber response AWS: 40.909208 segundos
2025-06-26 01:07:08 - INFO - Found credentials in shared credentials file: ~/.aws/credentials
2025-06-26 01:07:09 - WARNING - No spot price history found.
2025-06-26 01:07:09 - INFO - Updating file: results/results_lucas_sa-east-1_300.csv
2025-06-26 01:07:09 - INFO - Found credentials in shared credentials file: ~/.aws/credentials
2025-06-26 01:07:09 - WARNING - No spot price history found.
2025-06-26 01:07:09 - INFO - Updating file: results/results_lucas_sa-east-1_300.csv
2025-06-26 01:07:09 - INFO - Found credentials in shared credentials file: ~/.aws/credentials
2025-06-26 01:07:10 - WARNING - No spot price history found.
2025-06-26 01:07:10 - INFO - Updating file: results/results_lucas_sa-east-1_300.csv
2025-06-26 01:07:10 - INFO - Found credentials in shared credentials file: ~/.aws/credentials
2025-06-26 01:07:10 - WARNING - No spot price history found.
2025-06-26 01:07:10 - INFO - Updating file: results/results_lucas_sa-east-1_300.csv
2025-06-26 01:07:10 - INFO - Found credentials in shared credentials file: ~/.aws/credentials
2025-06-26 01:07:11 - WARNING - No spot price history found.
2025-06-26 01:07:11 - INFO - Updating file: results/results_lucas_sa-east-1_300.csv
2025-06-26 01:07:11 - INFO - Found credentials in shared credentials file: ~/.aws/credentials
2025-06-26 01:07:11 - INFO - Updating file: results/results_lucas_sa-east-1_300.csv
2025-06-26 01:07:11 - INFO - Found credentials in shared credentials file: ~/.aws/credentials
2025-06-26 01:07:12 - INFO - Updating file: results/results_lucas_sa-east-1_300.csv
2025-06-26 01:07:12 - INFO - Found credentials in shared credentials file: ~/.aws/credentials
2025-06-26 01:07:12 - INFO - Updating file: results/results_lucas_sa-east-1_300.csv
2025-06-26 01:07:12 - INFO - Found credentials in shared credentials file: ~/.aws/credentials
2025-06-26 01:07:13 - INFO - Updating file: results/results_lucas_sa-east-1_300.csv
2025-06-26 01:07:13 - INFO - Found credentials in shared credentials file: ~/.aws/credentials
2025-06-26 01:07:13 - INFO - Updating file: results/results_lucas_sa-east-1_300.csv
2025-06-26 01:07:13 - INFO - Found credentials in shared credentials file: ~/.aws/credentials
2025-06-26 01:07:14 - INFO - Updating file: results/results_lucas_sa-east-1_300.csv
2025-06-26 01:07:14 - INFO - Found credentials in shared credentials file: ~/.aws/credentials
2025-06-26 01:07:14 - INFO - Updating file: results/results_lucas_sa-east-1_300.csv
2025-06-26 01:07:14 - INFO - Found credentials in shared credentials file: ~/.aws/credentials
2025-06-26 01:07:15 - INFO - Updating file: results/results_lucas_sa-east-1_300.csv
2025-06-26 01:07:15 - INFO - Found credentials in shared credentials file: ~/.aws/credentials
2025-06-26 01:07:15 - INFO - Updating file: results/results_lucas_sa-east-1_300.csv
2025-06-26 01:07:15 - INFO - Found credentials in shared credentials file: ~/.aws/credentials
2025-06-26 01:07:16 - INFO - Updating file: results/results_lucas_sa-east-1_300.csv
2025-06-26 01:07:16 - INFO - Found credentials in shared credentials file: ~/.aws/credentials
2025-06-26 01:07:16 - INFO - Updating file: results/results_lucas_sa-east-1_300.csv
2025-06-26 01:07:16 - INFO - Found credentials in shared credentials file: ~/.aws/credentials
2025-06-26 01:07:17 - INFO - Updating file: results/results_lucas_sa-east-1_300.csv
2025-06-26 01:07:17 - INFO - Found credentials in shared credentials file: ~/.aws/credentials
2025-06-26 01:07:17 - INFO - Updating file: results/results_lucas_sa-east-1_300.csv
2025-06-26 01:07:17 - INFO - Found credentials in shared credentials file: ~/.aws/credentials
2025-06-26 01:07:18 - INFO - Updating file: results/results_lucas_sa-east-1_300.csv
2025-06-26 01:07:18 - INFO - Found credentials in shared credentials file: ~/.aws/credentials
2025-06-26 01:07:18 - INFO - Updating file: results/results_lucas_sa-east-1_300.csv
2025-06-26 01:07:18 - INFO - Found credentials in shared credentials file: ~/.aws/credentials
2025-06-26 01:07:18 - INFO - Updating file: results/results_lucas_sa-east-1_300.csv
2025-06-26 01:07:18 - INFO - Fleet created with instances: ['i-0e296174b0f456aa4', 'i-043fe141ee77b9834', 'i-0c7977d656081fca3', 'i-004b907b190d27c76', 'i-0b0b1a9651b5dbc05', 'i-0cdfad54094df63b2', 'i-08ee9646ccbcfb51e', 'i-0e4211d3cbd789552', 'i-032d8a3b4f5d55304', 'i-084c6860a3989474f', 'i-0f580a64dfc31fa83', 'i-0cf53abd8081ca027', 'i-0c77195b71fc99215', 'i-002fca3256ee99972', 'i-0787d105a7d2b9043', 'i-08135ab851e4c5539', 'i-09bdae9d4640cad3b', 'i-0b74c9665b0d96bd2', 'i-0759d827444790bbc', 'i-05f85ef57ae31ad09', 'i-0dcbbf6189f0dbdd6', 'i-0c5f3a9f695452ef1', 'i-0649808fea0f9c020', 'i-024d554f7328c1a74', 'i-0d6a957287a307c78', 'i-0974c671100f5e3f9', 'i-01d9719b2891236d5', 'i-043bc9c20ea49a058', 'i-0970ebb1df3026e33', 'i-0bb5fbec314b7ed2b', 'i-062f07b249438c713', 'i-09c2b3a0eb5255d97', 'i-08ffb0135909d8030', 'i-05824849e7bdbcf9b', 'i-0dc59e4523c6755e6', 'i-01388c0ada4ffde83', 'i-0c0e9b1de97e9be25', 'i-0c5b9c0e9da85cd35', 'i-04a43e19df175c78d', 'i-06b4e07d6c364a687', 'i-0c0ea57b11b8bc90c', 'i-0734226796f105157', 'i-07057912929a6f02c', 'i-0ae87542dd1439a6a', 'i-02564fdc198dbe739', 'i-0f3d6501fa2f2dbcb', 'i-0e5375cc003cf9415', 'i-076afda636fc76a33', 'i-077e48ba3854e1038', 'i-0b75d56d3a308c1c0', 'i-0fa0df344e77fb73a', 'i-06f47495a366eb2ca', 'i-070b0ca4e40229001', 'i-0888648aa34fdf384', 'i-02c97380246e3c019', 'i-087b6798415cff316', 'i-0a51591fd07b9be5c', 'i-0315168d5c625e605', 'i-0f1ec8e8f1b97089c', 'i-0fea448f57c2abf95', 'i-07f76f950a053060a', 'i-08d22390a745b81f2', 'i-041778cb71cd15839', 'i-0da34556dbe67dc13', 'i-00e6b6e84e232b51d', 'i-007f480b0c17f8d1e', 'i-0930a3da69623ecd0', 'i-0755d59f369e2a711', 'i-0213e6e2bacc97f5b', 'i-0407c7d1f620d23ed', 'i-0cd3e548011827474', 'i-0d2cff008d3149a35', 'i-0d9d1394d20660763', 'i-09aac5994d8e130ca', 'i-0a8c981c1e5a17cf9', 'i-02e3e5179c0fd8252', 'i-074f51e5ee22ef1dc', 'i-0bd2d5693622b18fd', 'i-068b32407ac27ef08', 'i-0f6bc351e52b59e9e', 'i-0c534c6d4f5499429', 'i-0da981cefc0c2e300', 'i-0bbb846715a0f8206', 'i-06018671f45b63b82', 'i-07f7fb2e79b516b66', 'i-075af1b1d2c6d8588', 'i-094320e31b60ceebf', 'i-0c342d0d33ad9bf48', 'i-0ba55c4c857b4ba95', 'i-0d5a6ddb795006b61', 'i-0f2dffccbb8e533d4', 'i-0210e06904287b137', 'i-08e578d9dc7382b28', 'i-0c0be1d9f05b9c240', 'i-0da5c042531ed6bf3', 'i-0957fc0afdf5f10d1', 'i-06f08d970ff3fa684', 'i-0157ab69242007158', 'i-09917c2a836b9b73c', 'i-0ac1480aeca0f8de6', 'i-0bb6da30616a43e02', 'i-009d4026dd4076b45', 'i-011eec306cd9fdbf2', 'i-0296d139effe054a9', 'i-0d629beef733fdd9a', 'i-0156cf92f06d18744', 'i-0982531cea67034ac', 'i-0e3cfd344be3af5f5', 'i-0f847a5126696ae3e', 'i-061053513aad0149b', 'i-01c86883e7f516d08', 'i-0fc59e959a02d8296', 'i-03b3859bf2de59b58', 'i-020fec7359d8d7493', 'i-0431a1b32b9e949e0', 'i-04300fc3b5c20bc30', 'i-0b949ba4ec10f61bd', 'i-063acd2bcffa2b8fa', 'i-04992ca5c81543bab', 'i-066930e12e8d46822', 'i-078591b39ff6712e6', 'i-0f14098d972501dc2', 'i-0ee17130c89549bf7', 'i-0ee4440072ddf6a4d', 'i-0b872955709c77b11', 'i-0944dbdf72fe9193b', 'i-0481457a6f6d57a60', 'i-02b2320c3666c1f5a', 'i-07e20a5cf6947e658', 'i-09bfb836ac828d8a0', 'i-074ba46f65f1d6a3b', 'i-0c687d7a399b4e557', 'i-05ccb73681e75db5d', 'i-04e5e3e86a06b3a22', 'i-038533dcb2861e0ef', 'i-0e1cc9b15415e86bc', 'i-0f3ac6325aaef701e', 'i-04249b01846ec30c2', 'i-0d5a1ceb46e9764fa', 'i-0618dca991558b9c8', 'i-0b59b0d3340dfd1c4', 'i-0d7197f2c3971bb53', 'i-04f5e96f1670eb156', 'i-0ba8fdd0f2e254e6b', 'i-027e99fa0ddab1c31', 'i-02a4bfba5f7eb9f52', 'i-046f5317f0a98dabc', 'i-0002f3f74b5c70349', 'i-0dedb6863b8860cdc', 'i-062bd910a060e55e3', 'i-0db3d0387580c8d0c', 'i-06f419f154a273169', 'i-0521c9ba781c174c2', 'i-02042cf4d425a307c', 'i-02d780660bfb89db4', 'i-02bfc184897e03b3e']
2025-06-26 01:07:51 - INFO - Tempo que levou para as máquinas estarem running: 31.402372 segundos
2025-06-26 01:07:51 - INFO - Tempo total gasto: 72.31158 segundos
2025-06-26 01:07:51 - INFO - Total de instâncias acumuladas: 156/300
2025-06-26 01:07:51 - INFO - Found credentials in shared credentials file: ~/.aws/credentials
2025-06-26 01:08:33 - INFO - Tempo que levou para receber response AWS: 41.24812 segundos
2025-06-26 01:08:33 - INFO - Found credentials in shared credentials file: ~/.aws/credentials
2025-06-26 01:08:33 - WARNING - No spot price history found.
2025-06-26 01:08:33 - INFO - Updating file: results/results_lucas_sa-east-1_300.csv
2025-06-26 01:08:33 - INFO - Found credentials in shared credentials file: ~/.aws/credentials
2025-06-26 01:08:34 - WARNING - No spot price history found.
2025-06-26 01:08:34 - INFO - Updating file: results/results_lucas_sa-east-1_300.csv
2025-06-26 01:08:34 - INFO - Found credentials in shared credentials file: ~/.aws/credentials
2025-06-26 01:08:34 - WARNING - No spot price history found.
2025-06-26 01:08:34 - INFO - Updating file: results/results_lucas_sa-east-1_300.csv
2025-06-26 01:08:34 - INFO - Found credentials in shared credentials file: ~/.aws/credentials
2025-06-26 01:08:35 - WARNING - No spot price history found.
2025-06-26 01:08:35 - INFO - Updating file: results/results_lucas_sa-east-1_300.csv
2025-06-26 01:08:35 - INFO - Found credentials in shared credentials file: ~/.aws/credentials
2025-06-26 01:08:36 - WARNING - No spot price history found.
2025-06-26 01:08:36 - INFO - Updating file: results/results_lucas_sa-east-1_300.csv
2025-06-26 01:08:36 - INFO - Found credentials in shared credentials file: ~/.aws/credentials
2025-06-26 01:08:36 - INFO - Updating file: results/results_lucas_sa-east-1_300.csv
2025-06-26 01:08:36 - INFO - Found credentials in shared credentials file: ~/.aws/credentials
2025-06-26 01:08:37 - INFO - Updating file: results/results_lucas_sa-east-1_300.csv
2025-06-26 01:08:37 - INFO - Found credentials in shared credentials file: ~/.aws/credentials
2025-06-26 01:08:37 - INFO - Updating file: results/results_lucas_sa-east-1_300.csv
2025-06-26 01:08:37 - INFO - Found credentials in shared credentials file: ~/.aws/credentials
2025-06-26 01:08:37 - INFO - Updating file: results/results_lucas_sa-east-1_300.csv
2025-06-26 01:08:37 - INFO - Found credentials in shared credentials file: ~/.aws/credentials
2025-06-26 01:08:38 - INFO - Updating file: results/results_lucas_sa-east-1_300.csv
2025-06-26 01:08:38 - INFO - Found credentials in shared credentials file: ~/.aws/credentials
2025-06-26 01:08:38 - INFO - Updating file: results/results_lucas_sa-east-1_300.csv
2025-06-26 01:08:38 - INFO - Found credentials in shared credentials file: ~/.aws/credentials
2025-06-26 01:08:39 - INFO - Updating file: results/results_lucas_sa-east-1_300.csv
2025-06-26 01:08:39 - INFO - Found credentials in shared credentials file: ~/.aws/credentials
2025-06-26 01:08:40 - INFO - Updating file: results/results_lucas_sa-east-1_300.csv
2025-06-26 01:08:40 - INFO - Found credentials in shared credentials file: ~/.aws/credentials
2025-06-26 01:08:40 - INFO - Updating file: results/results_lucas_sa-east-1_300.csv
2025-06-26 01:08:40 - INFO - Found credentials in shared credentials file: ~/.aws/credentials
2025-06-26 01:08:41 - INFO - Updating file: results/results_lucas_sa-east-1_300.csv
2025-06-26 01:08:41 - INFO - Found credentials in shared credentials file: ~/.aws/credentials
2025-06-26 01:08:41 - INFO - Updating file: results/results_lucas_sa-east-1_300.csv
2025-06-26 01:08:41 - INFO - Found credentials in shared credentials file: ~/.aws/credentials
2025-06-26 01:08:42 - INFO - Updating file: results/results_lucas_sa-east-1_300.csv
2025-06-26 01:08:42 - INFO - Found credentials in shared credentials file: ~/.aws/credentials
2025-06-26 01:08:42 - INFO - Updating file: results/results_lucas_sa-east-1_300.csv
2025-06-26 01:08:42 - INFO - Found credentials in shared credentials file: ~/.aws/credentials
2025-06-26 01:08:42 - INFO - Updating file: results/results_lucas_sa-east-1_300.csv
2025-06-26 01:08:43 - INFO - Found credentials in shared credentials file: ~/.aws/credentials
2025-06-26 01:08:43 - INFO - Updating file: results/results_lucas_sa-east-1_300.csv
2025-06-26 01:08:43 - INFO - Found credentials in shared credentials file: ~/.aws/credentials
2025-06-26 01:08:43 - INFO - Updating file: results/results_lucas_sa-east-1_300.csv
2025-06-26 01:08:43 - INFO - Found credentials in shared credentials file: ~/.aws/credentials
2025-06-26 01:08:44 - INFO - Updating file: results/results_lucas_sa-east-1_300.csv
2025-06-26 01:08:44 - INFO - Found credentials in shared credentials file: ~/.aws/credentials
2025-06-26 01:08:45 - INFO - Updating file: results/results_lucas_sa-east-1_300.csv
2025-06-26 01:08:45 - INFO - Found credentials in shared credentials file: ~/.aws/credentials
2025-06-26 01:08:45 - INFO - Updating file: results/results_lucas_sa-east-1_300.csv
2025-06-26 01:08:45 - INFO - Found credentials in shared credentials file: ~/.aws/credentials
2025-06-26 01:08:45 - INFO - Updating file: results/results_lucas_sa-east-1_300.csv
2025-06-26 01:08:45 - INFO - Found credentials in shared credentials file: ~/.aws/credentials
2025-06-26 01:08:46 - INFO - Updating file: results/results_lucas_sa-east-1_300.csv
2025-06-26 01:08:46 - INFO - Found credentials in shared credentials file: ~/.aws/credentials
2025-06-26 01:08:46 - INFO - Updating file: results/results_lucas_sa-east-1_300.csv
2025-06-26 01:08:46 - INFO - Found credentials in shared credentials file: ~/.aws/credentials
2025-06-26 01:08:47 - INFO - Updating file: results/results_lucas_sa-east-1_300.csv
2025-06-26 01:08:47 - INFO - Found credentials in shared credentials file: ~/.aws/credentials
2025-06-26 01:08:47 - INFO - Updating file: results/results_lucas_sa-east-1_300.csv
2025-06-26 01:08:47 - INFO - Found credentials in shared credentials file: ~/.aws/credentials
2025-06-26 01:08:48 - INFO - Updating file: results/results_lucas_sa-east-1_300.csv
2025-06-26 01:08:48 - INFO - Found credentials in shared credentials file: ~/.aws/credentials
2025-06-26 01:08:48 - INFO - Updating file: results/results_lucas_sa-east-1_300.csv
2025-06-26 01:08:48 - INFO - Found credentials in shared credentials file: ~/.aws/credentials
2025-06-26 01:08:49 - INFO - Updating file: results/results_lucas_sa-east-1_300.csv
2025-06-26 01:08:49 - INFO - Found credentials in shared credentials file: ~/.aws/credentials
2025-06-26 01:08:49 - INFO - Updating file: results/results_lucas_sa-east-1_300.csv
2025-06-26 01:08:49 - INFO - Found credentials in shared credentials file: ~/.aws/credentials
2025-06-26 01:08:50 - INFO - Updating file: results/results_lucas_sa-east-1_300.csv
2025-06-26 01:08:50 - INFO - Found credentials in shared credentials file: ~/.aws/credentials
2025-06-26 01:08:50 - INFO - Updating file: results/results_lucas_sa-east-1_300.csv
2025-06-26 01:08:50 - INFO - Found credentials in shared credentials file: ~/.aws/credentials
2025-06-26 01:08:51 - INFO - Updating file: results/results_lucas_sa-east-1_300.csv
2025-06-26 01:08:51 - INFO - Found credentials in shared credentials file: ~/.aws/credentials
2025-06-26 01:08:52 - INFO - Updating file: results/results_lucas_sa-east-1_300.csv
2025-06-26 01:08:52 - INFO - Found credentials in shared credentials file: ~/.aws/credentials
2025-06-26 01:08:52 - INFO - Updating file: results/results_lucas_sa-east-1_300.csv
2025-06-26 01:08:52 - INFO - Found credentials in shared credentials file: ~/.aws/credentials
2025-06-26 01:08:52 - INFO - Updating file: results/results_lucas_sa-east-1_300.csv
2025-06-26 01:08:52 - INFO - Found credentials in shared credentials file: ~/.aws/credentials
2025-06-26 01:08:53 - INFO - Updating file: results/results_lucas_sa-east-1_300.csv
2025-06-26 01:08:53 - INFO - Fleet created with instances: ['i-0fd95b44d51c3d13b', 'i-0ff4aba7a884d75dc', 'i-082b89d35e1e3ce67', 'i-0c5b89a2a09fafd2d', 'i-02350dbbf507af83a', 'i-0d4684b4d2342c2a4', 'i-0bd8e0baa196e0e6e', 'i-066eb3411441f683d', 'i-0a4d839e175a1dccf', 'i-05d62461546c81bd7', 'i-0289b719598301b9e', 'i-02cca1ab595b190e1', 'i-00f129280311fdffe', 'i-0a81d6a963400f51d', 'i-06b49b1c04fc35d4a', 'i-0769f81dc955674f6', 'i-01268891abfc81247', 'i-095a539486d5226d5', 'i-0d5e727a801ae6d42', 'i-00107f2cc1daa7051', 'i-02118461e68d27176', 'i-0af6ccb386a13b8e0', 'i-00a3a4a533999f96c', 'i-06e13f8f787363d95', 'i-0d4f8ec3149136efb', 'i-0ccbf98b6ff4d77ce', 'i-0f50fa09de6a5b59f', 'i-0f896aee1da711974', 'i-0517dd5785fd32803', 'i-06002dae32e1291c8', 'i-0a91452ed986e4372', 'i-0ae7b5beb3d264311', 'i-081af50f08c4711e3', 'i-0dd737c16475e0c1c', 'i-0020c3b77e5c04cfb', 'i-0d84a21ba1e4ccdf7', 'i-0b5ebd7c5648cdc82', 'i-02241597559f60aa8', 'i-0cc54021064b7fbae', 'i-0b3530b91b2ae8d54', 'i-04e6bbcdfefe5b329', 'i-0a614b82a3b41b27b', 'i-06c36c6f864ee3f94', 'i-08c61606b6505f791', 'i-0cbc4469ab58d197b', 'i-096eb8c3e25251c69', 'i-0c44f4fa7f47aee35', 'i-075703fef7d39bf22', 'i-0050b446e9dba7c41', 'i-0767ddeb68b41e384', 'i-067e8d8cc7f0ccc9d', 'i-04ab6fcb0c69d704c', 'i-06c3a85018eaa087f', 'i-0140f4103b2e46f57', 'i-00e6c34f059540d15', 'i-05123c74c71fd9156', 'i-0c8dbdacfc9fdf9f0', 'i-0eff9d28c9b2d65aa', 'i-0dc7ae4c20ae250e7', 'i-0b25028d9d7ed5a85', 'i-0423fdf7d55123550', 'i-08690d016d1ca7262', 'i-0bd15fc070557dd77', 'i-0a294856ef9250ba9', 'i-075d66bd1f993ccf4', 'i-0f207e2f0ffcccb12', 'i-0baea05c6380ca047', 'i-0314ed723ca82dd3a', 'i-03843c4a39a2069ab', 'i-0cf86fe18be68feaa', 'i-08eebffa08aeb6c51', 'i-0730ed1808820b339', 'i-003f75fe894a6f8a2', 'i-0a5981aab57ee7ae8', 'i-0f032a30e2df67e94', 'i-0b8ee20bc2f031e8e', 'i-0cfb87df41b92862d', 'i-00c9977f5aee0c440', 'i-0ef9db81bc8d944b3', 'i-01494e5bf22bf1fd1', 'i-07e50179684e31ef3', 'i-09f9907aaec785cf7', 'i-070b5cd991d85d79a', 'i-0f1ae5110e2da9663', 'i-0af0ba5cb8ff8295b', 'i-0eaa3869660e096eb', 'i-01d7e65d0bdf871df', 'i-0af2ac758ae66e480', 'i-03b34ffcb66ea9077', 'i-0803c0fb9c78282ed', 'i-04354a03b10b73f7b', 'i-0d2b928c5fc6cf93d', 'i-0e2c78e1375bb6856', 'i-04241ef776cd647c6', 'i-08f3bc54dbf66f395', 'i-0d83f0f68fcfa6865', 'i-0ef7cc61b311a17f5', 'i-0dac7c0189b9dcadf', 'i-0a3f521c5d18b5666', 'i-042be74b7391422cc', 'i-0eebc778df3008962', 'i-0a7b9607124b2eb6c', 'i-00270cab64910dea6', 'i-0b9138cbc2b630fc5', 'i-05373646ea0823ea8']
2025-06-26 01:09:15 - INFO - Tempo que levou para as máquinas estarem running: 20.923314 segundos
2025-06-26 01:09:15 - INFO - Tempo total gasto: 62.171434 segundos
2025-06-26 01:09:15 - INFO - Total de instâncias acumuladas: 261/300
2025-06-26 01:09:15 - INFO - Found credentials in shared credentials file: ~/.aws/credentials
2025-06-26 01:09:56 - INFO - Tempo que levou para receber response AWS: 40.773372 segundos
2025-06-26 01:09:56 - INFO - Found credentials in shared credentials file: ~/.aws/credentials
2025-06-26 01:09:57 - WARNING - No spot price history found.
2025-06-26 01:09:57 - INFO - Updating file: results/results_lucas_sa-east-1_300.csv
2025-06-26 01:09:57 - INFO - Found credentials in shared credentials file: ~/.aws/credentials
2025-06-26 01:09:57 - WARNING - No spot price history found.
2025-06-26 01:09:57 - INFO - Updating file: results/results_lucas_sa-east-1_300.csv
2025-06-26 01:09:57 - INFO - Found credentials in shared credentials file: ~/.aws/credentials
2025-06-26 01:09:58 - WARNING - No spot price history found.
2025-06-26 01:09:58 - INFO - Updating file: results/results_lucas_sa-east-1_300.csv
2025-06-26 01:09:58 - INFO - Found credentials in shared credentials file: ~/.aws/credentials
2025-06-26 01:09:58 - WARNING - No spot price history found.
2025-06-26 01:09:58 - INFO - Updating file: results/results_lucas_sa-east-1_300.csv
2025-06-26 01:09:58 - INFO - Found credentials in shared credentials file: ~/.aws/credentials
2025-06-26 01:09:59 - WARNING - No spot price history found.
2025-06-26 01:09:59 - INFO - Updating file: results/results_lucas_sa-east-1_300.csv
2025-06-26 01:09:59 - INFO - Found credentials in shared credentials file: ~/.aws/credentials
2025-06-26 01:09:59 - INFO - Updating file: results/results_lucas_sa-east-1_300.csv
2025-06-26 01:09:59 - INFO - Found credentials in shared credentials file: ~/.aws/credentials
2025-06-26 01:10:00 - INFO - Updating file: results/results_lucas_sa-east-1_300.csv
2025-06-26 01:10:00 - INFO - Found credentials in shared credentials file: ~/.aws/credentials
2025-06-26 01:10:00 - INFO - Updating file: results/results_lucas_sa-east-1_300.csv
2025-06-26 01:10:00 - INFO - Found credentials in shared credentials file: ~/.aws/credentials
2025-06-26 01:10:01 - INFO - Updating file: results/results_lucas_sa-east-1_300.csv
2025-06-26 01:10:01 - INFO - Found credentials in shared credentials file: ~/.aws/credentials
2025-06-26 01:10:01 - INFO - Updating file: results/results_lucas_sa-east-1_300.csv
2025-06-26 01:10:01 - INFO - Found credentials in shared credentials file: ~/.aws/credentials
2025-06-26 01:10:02 - INFO - Updating file: results/results_lucas_sa-east-1_300.csv
2025-06-26 01:10:02 - INFO - Found credentials in shared credentials file: ~/.aws/credentials
2025-06-26 01:10:02 - INFO - Updating file: results/results_lucas_sa-east-1_300.csv
2025-06-26 01:10:02 - INFO - Found credentials in shared credentials file: ~/.aws/credentials
2025-06-26 01:10:03 - INFO - Updating file: results/results_lucas_sa-east-1_300.csv
2025-06-26 01:10:03 - INFO - Found credentials in shared credentials file: ~/.aws/credentials
2025-06-26 01:10:04 - INFO - Updating file: results/results_lucas_sa-east-1_300.csv
2025-06-26 01:10:04 - INFO - Found credentials in shared credentials file: ~/.aws/credentials
2025-06-26 01:10:04 - INFO - Updating file: results/results_lucas_sa-east-1_300.csv
2025-06-26 01:10:04 - INFO - Found credentials in shared credentials file: ~/.aws/credentials
2025-06-26 01:10:05 - INFO - Updating file: results/results_lucas_sa-east-1_300.csv
2025-06-26 01:10:05 - INFO - Found credentials in shared credentials file: ~/.aws/credentials
2025-06-26 01:10:05 - INFO - Updating file: results/results_lucas_sa-east-1_300.csv
2025-06-26 01:10:05 - INFO - Found credentials in shared credentials file: ~/.aws/credentials
2025-06-26 01:10:06 - INFO - Updating file: results/results_lucas_sa-east-1_300.csv
2025-06-26 01:10:06 - INFO - Found credentials in shared credentials file: ~/.aws/credentials
2025-06-26 01:10:06 - INFO - Updating file: results/results_lucas_sa-east-1_300.csv
2025-06-26 01:10:06 - INFO - Found credentials in shared credentials file: ~/.aws/credentials
2025-06-26 01:10:07 - INFO - Updating file: results/results_lucas_sa-east-1_300.csv
2025-06-26 01:10:07 - INFO - Found credentials in shared credentials file: ~/.aws/credentials
2025-06-26 01:10:08 - INFO - Updating file: results/results_lucas_sa-east-1_300.csv
2025-06-26 01:10:08 - INFO - Found credentials in shared credentials file: ~/.aws/credentials
2025-06-26 01:10:09 - INFO - Updating file: results/results_lucas_sa-east-1_300.csv
2025-06-26 01:10:09 - INFO - Found credentials in shared credentials file: ~/.aws/credentials
2025-06-26 01:10:09 - INFO - Updating file: results/results_lucas_sa-east-1_300.csv
2025-06-26 01:10:09 - INFO - Found credentials in shared credentials file: ~/.aws/credentials
2025-06-26 01:10:10 - INFO - Updating file: results/results_lucas_sa-east-1_300.csv
2025-06-26 01:10:10 - INFO - Found credentials in shared credentials file: ~/.aws/credentials
2025-06-26 01:10:10 - INFO - Updating file: results/results_lucas_sa-east-1_300.csv
2025-06-26 01:10:10 - INFO - Found credentials in shared credentials file: ~/.aws/credentials
2025-06-26 01:10:11 - INFO - Updating file: results/results_lucas_sa-east-1_300.csv
2025-06-26 01:10:11 - INFO - Found credentials in shared credentials file: ~/.aws/credentials
2025-06-26 01:10:11 - INFO - Updating file: results/results_lucas_sa-east-1_300.csv
2025-06-26 01:10:11 - INFO - Found credentials in shared credentials file: ~/.aws/credentials
2025-06-26 01:10:12 - INFO - Updating file: results/results_lucas_sa-east-1_300.csv
2025-06-26 01:10:12 - INFO - Found credentials in shared credentials file: ~/.aws/credentials
2025-06-26 01:10:12 - INFO - Updating file: results/results_lucas_sa-east-1_300.csv
2025-06-26 01:10:12 - INFO - Found credentials in shared credentials file: ~/.aws/credentials
2025-06-26 01:10:13 - INFO - Updating file: results/results_lucas_sa-east-1_300.csv
2025-06-26 01:10:13 - INFO - Found credentials in shared credentials file: ~/.aws/credentials
2025-06-26 01:10:14 - INFO - Updating file: results/results_lucas_sa-east-1_300.csv
2025-06-26 01:10:14 - INFO - Found credentials in shared credentials file: ~/.aws/credentials
2025-06-26 01:10:14 - INFO - Updating file: results/results_lucas_sa-east-1_300.csv
2025-06-26 01:10:14 - INFO - Found credentials in shared credentials file: ~/.aws/credentials
2025-06-26 01:10:15 - INFO - Updating file: results/results_lucas_sa-east-1_300.csv
2025-06-26 01:10:15 - INFO - Found credentials in shared credentials file: ~/.aws/credentials
2025-06-26 01:10:15 - INFO - Updating file: results/results_lucas_sa-east-1_300.csv
2025-06-26 01:10:15 - INFO - Found credentials in shared credentials file: ~/.aws/credentials
2025-06-26 01:10:16 - INFO - Updating file: results/results_lucas_sa-east-1_300.csv
2025-06-26 01:10:16 - INFO - Found credentials in shared credentials file: ~/.aws/credentials
2025-06-26 01:10:16 - INFO - Updating file: results/results_lucas_sa-east-1_300.csv
2025-06-26 01:10:16 - INFO - Found credentials in shared credentials file: ~/.aws/credentials
2025-06-26 01:10:17 - INFO - Updating file: results/results_lucas_sa-east-1_300.csv
2025-06-26 01:10:17 - INFO - Found credentials in shared credentials file: ~/.aws/credentials
2025-06-26 01:10:17 - INFO - Updating file: results/results_lucas_sa-east-1_300.csv
2025-06-26 01:10:17 - INFO - Found credentials in shared credentials file: ~/.aws/credentials
2025-06-26 01:10:18 - INFO - Updating file: results/results_lucas_sa-east-1_300.csv
2025-06-26 01:10:18 - INFO - Found credentials in shared credentials file: ~/.aws/credentials
2025-06-26 01:10:18 - INFO - Updating file: results/results_lucas_sa-east-1_300.csv
2025-06-26 01:10:18 - INFO - Found credentials in shared credentials file: ~/.aws/credentials
2025-06-26 01:10:19 - INFO - Updating file: results/results_lucas_sa-east-1_300.csv
2025-06-26 01:10:19 - INFO - Found credentials in shared credentials file: ~/.aws/credentials
2025-06-26 01:10:19 - INFO - Updating file: results/results_lucas_sa-east-1_300.csv
2025-06-26 01:10:19 - INFO - Found credentials in shared credentials file: ~/.aws/credentials
2025-06-26 01:10:20 - INFO - Updating file: results/results_lucas_sa-east-1_300.csv
2025-06-26 01:10:20 - INFO - Found credentials in shared credentials file: ~/.aws/credentials
2025-06-26 01:10:20 - INFO - Updating file: results/results_lucas_sa-east-1_300.csv
2025-06-26 01:10:20 - INFO - Found credentials in shared credentials file: ~/.aws/credentials
2025-06-26 01:10:21 - INFO - Updating file: results/results_lucas_sa-east-1_300.csv
2025-06-26 01:10:21 - INFO - Found credentials in shared credentials file: ~/.aws/credentials
2025-06-26 01:10:21 - INFO - Updating file: results/results_lucas_sa-east-1_300.csv
2025-06-26 01:10:21 - INFO - Found credentials in shared credentials file: ~/.aws/credentials
2025-06-26 01:10:22 - INFO - Updating file: results/results_lucas_sa-east-1_300.csv
2025-06-26 01:10:22 - INFO - Found credentials in shared credentials file: ~/.aws/credentials
2025-06-26 01:10:22 - INFO - Updating file: results/results_lucas_sa-east-1_300.csv
2025-06-26 01:10:22 - INFO - Found credentials in shared credentials file: ~/.aws/credentials
2025-06-26 01:10:23 - INFO - Updating file: results/results_lucas_sa-east-1_300.csv
2025-06-26 01:10:23 - INFO - Found credentials in shared credentials file: ~/.aws/credentials
2025-06-26 01:10:24 - INFO - Updating file: results/results_lucas_sa-east-1_300.csv
2025-06-26 01:10:24 - INFO - Found credentials in shared credentials file: ~/.aws/credentials
2025-06-26 01:10:24 - INFO - Updating file: results/results_lucas_sa-east-1_300.csv
2025-06-26 01:10:24 - INFO - Found credentials in shared credentials file: ~/.aws/credentials
2025-06-26 01:10:25 - INFO - Updating file: results/results_lucas_sa-east-1_300.csv
2025-06-26 01:10:25 - INFO - Found credentials in shared credentials file: ~/.aws/credentials
2025-06-26 01:10:25 - INFO - Updating file: results/results_lucas_sa-east-1_300.csv
2025-06-26 01:10:25 - INFO - Found credentials in shared credentials file: ~/.aws/credentials
2025-06-26 01:10:25 - INFO - Updating file: results/results_lucas_sa-east-1_300.csv
2025-06-26 01:10:25 - INFO - Found credentials in shared credentials file: ~/.aws/credentials
2025-06-26 01:10:26 - INFO - Updating file: results/results_lucas_sa-east-1_300.csv
2025-06-26 01:10:26 - INFO - Found credentials in shared credentials file: ~/.aws/credentials
2025-06-26 01:10:26 - INFO - Updating file: results/results_lucas_sa-east-1_300.csv
2025-06-26 01:10:26 - INFO - Found credentials in shared credentials file: ~/.aws/credentials
2025-06-26 01:10:27 - INFO - Updating file: results/results_lucas_sa-east-1_300.csv
2025-06-26 01:10:27 - INFO - Fleet created with instances: ['i-0d313c8e1bc70197c', 'i-02379952366fa597f', 'i-0da659214934c65e6', 'i-0215a1d77e800e424', 'i-073df9d133112c6f2', 'i-033752430436f3e1f', 'i-04a6c066920aa1f2c', 'i-0c75267d0d3ccd291', 'i-077bcda9e119764f9', 'i-0b38ebb66e89957b3', 'i-032a16a3096689f4b']
2025-06-26 01:10:30 - INFO - Tempo que levou para as máquinas estarem running: 2.239732 segundos
2025-06-26 01:10:30 - INFO - Tempo total gasto: 43.013104 segundos
2025-06-26 01:10:30 - INFO - Total de instâncias acumuladas: 272/300
2025-06-26 01:10:30 - INFO - Found credentials in shared credentials file: ~/.aws/credentials
2025-06-26 10:45:38 - INFO - Start execution in sa-east-1 Nodes=300 Benchmark=bt.A.x Allocation Strategy=lowest-price
2025-06-26 10:45:38 - INFO - Found credentials in shared credentials file: ~/.aws/credentials
2025-06-26 10:46:21 - INFO - Tempo que levou para receber response AWS: 42.132404 segundos
2025-06-26 10:46:21 - INFO - Fleet created with instances: ['i-08b1504aef7b7b48a', 'i-05026d568ff4df967', 'i-02596fc64ae99577d', 'i-019a1c93172716ea6', 'i-08baf0d3d2b6d3f7d', 'i-012b156445f7e7ffd', 'i-093afc290aaa6a6bf', 'i-0cb1d0d44b026735f', 'i-0be87f0f1681bcb50', 'i-0dcac3b26f01122ff', 'i-089f2162aff2502eb', 'i-0f1bf14c518e8486c', 'i-0c4207c321db67824', 'i-0d51904fbd1e8d77a', 'i-0b840133f180f5eaf', 'i-03e99512ebe394c36', 'i-0c59e99ad7685a763', 'i-0cfd3fa36da670484', 'i-011f126b974634c32', 'i-047acb49a9b8e2233', 'i-0a8abf3267fad9b65', 'i-07c15b349c50a6e31', 'i-009b987e38b640e43', 'i-0326bccc6d16a4805', 'i-097bae23e3f1c97d2', 'i-0f5293996f886ef42', 'i-01a47c8067d24e3f9', 'i-0af1addf332af98f7', 'i-074d66923f87d7456', 'i-0d8fb963dc4ca19f2', 'i-049531bec168ad1eb', 'i-03cb78a83f0435a0f', 'i-059cbe719f4406f89', 'i-028375947b13b6659', 'i-0941a8d0461a42322', 'i-07895eded8ce45800', 'i-0ca07771647ffcca6', 'i-0536fa7198a8e951d', 'i-0f82333c588ee47ab', 'i-0559e3bddb12c2c01', 'i-080a940390fee727e', 'i-0048eb9ed3c720593', 'i-0ad89ec8ddf47c0b3', 'i-0893e520cd7fb4c82', 'i-0641f8dae1e3f4289', 'i-00b695dcab3494510', 'i-0d7429c2d2945130e', 'i-0458082c85788c6d0', 'i-01274354fb2ece6d2', 'i-0753f61e26edc02df', 'i-04408082e55c0b993', 'i-0442bac23b0be27dd', 'i-073a0837272b95fd8', 'i-06d676d04028462a5', 'i-0f5698719e41b0383', 'i-049fb92b57b8ee629', 'i-095e3378914dc570d', 'i-0c0983218341a053b', 'i-0eb36b0afa0439438', 'i-0215f463dccb60c30', 'i-075ece772737bbefb', 'i-05fd6694499050c84', 'i-00a6c4fb942c95f07', 'i-011b21ee66ad772a5', 'i-06873ff886077549d', 'i-0960ec8b102ca17a4', 'i-0edb72d95a3d6bd60', 'i-0dfcb532f94883422', 'i-00db21ce6722a892f', 'i-03dc741cd8279ba94', 'i-0e00a9e1b02a8829a', 'i-0c20a8f779de02fa7', 'i-020a0abf05c3ac2e3', 'i-019afba278f0d89e6', 'i-014427b9efb48d285', 'i-02dee4a157e4c7d14', 'i-025bf23d6e98b5d34', 'i-0fdd982dd00626326', 'i-032a358ad21c8f799', 'i-03b0eb6cdba5d3949', 'i-03208cfdcf01cacc2', 'i-0b5b5a8598a988934', 'i-0311f3b35f6795ada', 'i-03ffe68afe704771a', 'i-0d34e1f1e96f6cf55', 'i-0cf3ccd558204b39a', 'i-04cb1ee6fdfd0537d', 'i-0edb6646fd36399d1', 'i-00a066d309fff5da5', 'i-032c0ff13b299ecc6', 'i-05a5441875241ccba', 'i-0874f63fe3f5b355a', 'i-01a1d3987a2be4e55', 'i-08f3f6bcd5275c7ea', 'i-0f28c837fbdca0831', 'i-0c9cfd1dda3bb9c60', 'i-0ac3278c00af25575', 'i-02a08f7d083e7ab36', 'i-030149ae59085a19e', 'i-0ee15da1a152f303c', 'i-055c56249cf7337e5', 'i-0117f3e80ea1ad874', 'i-02d27c472eadc87b8', 'i-077d7b8e44e417ccd', 'i-0a53a4097465d5b78', 'i-02ec275b2f95ea173', 'i-07be350aea0fc0cf6', 'i-09d354697b2c7a292', 'i-0c5f9541b90683688', 'i-08bc65c27e4abca64', 'i-01513afcb44237162', 'i-055148fa8b21210f6', 'i-05a994b14b9405fe0', 'i-0919c39f03c694389', 'i-046da9aad4843f8c9', 'i-0df36ffbc683af8d7', 'i-0e1bb011157d74cb3', 'i-08cfaacacb90d34b6', 'i-0f6a151b2f264636c', 'i-0bcb3a7441df3dbde', 'i-08d3ff88691341601', 'i-054fdf7f4cbe33298', 'i-0fd3a4b01e7aaff76', 'i-0bfec99011bedcf3c', 'i-0d0f949b90647cfa0', 'i-089eb03ef715fdf8f', 'i-0e749192137690bb7', 'i-0280591442a1d8b59', 'i-00f5cb2c2e2145c9c', 'i-0754c56e0990d4244', 'i-086736cc45c4c4e2d', 'i-08a952a4ff6ed05f6', 'i-09f9e5dae09f72683', 'i-03d31c3c57e77a15e', 'i-0565738cc37dd5087', 'i-093ef5d4c583aeb65', 'i-076c05912c813c90b', 'i-0e7419f187fd4e8fb', 'i-03b35958dfbc36130', 'i-0c6d1c4e6c9194b8f', 'i-0910a7f90f999af32', 'i-00a7984ab5f1c6d32', 'i-033577b97368aafc4', 'i-00fe432e58d5e3e00', 'i-03a6af554c8c5b034', 'i-047dce94bad1e8ee7', 'i-0550d7e67fc891f4b', 'i-03ba13f4f967892c0', 'i-06154a891fd90e834', 'i-05fb748cd9c487254', 'i-0304a2ef2ffafe56d', 'i-0a43d00b6d657480b', 'i-0754feaea778c5524', 'i-07c6a190c2ecbe582', 'i-03ca8c56d9e205af5', 'i-0f3865bc39d46a8de', 'i-06acf06da9d046103', 'i-0da3f1aa8e12b97a4', 'i-0070cac96d5be175b', 'i-08a02290c6b58fb59', 'i-051aefb2346734be2', 'i-011e5dae4eb47233f', 'i-0cac60146810630fb', 'i-095cb0331a0e1820b', 'i-024fe76b6daa6fff8', 'i-085375d87374ae669', 'i-05ee44228f8349581', 'i-05593e5e3810bb4a5', 'i-086487aab4dfaedde', 'i-01e617a5da6993a00', 'i-093443e3bbde7e6c5', 'i-0511b81ef9fce2c9d', 'i-07d04f3008b5d574d', 'i-09e8d081b7d6aed0c', 'i-091aa17e36d7deadf', 'i-08ecc596101c7a61c', 'i-0a0b13e4a1de2b5ca', 'i-08d543e87bcdb8240', 'i-08d155a02fb0f7dd8', 'i-00670bb2f1c3d29f9', 'i-051b9efbb63691e66', 'i-093950605b963a059', 'i-0384275963b9379db', 'i-0c7c08a738da737ca', 'i-09bc7acd05faafe50', 'i-0127ed70659d776d5', 'i-0206ceaf2fa5a48e3', 'i-08ffea15a3a9611d9', 'i-052b5281ff028d2c1', 'i-05beb75c1480839e7', 'i-0aa64a483935ecc2c', 'i-04c13c320f08d5ce1', 'i-0b403f3682d68f193', 'i-0e34d2c471f21c692', 'i-003fc469a7e63ff92', 'i-0e792e13317ac7ccd', 'i-01d899462f05bb541', 'i-0f8c17261c7ececf3', 'i-0f89b5cca62f45af7', 'i-04c4f1d53f53923c3', 'i-0b78b5c87600dc0ef', 'i-078528582527e7385', 'i-0f3b80bccf29d4c22', 'i-05131f93178dc45aa', 'i-08046bf01d58b9bab', 'i-02f59a24300ba970a', 'i-0feac48db8bba5f45', 'i-01ce9efba42d1cf99', 'i-06e1bda9eae371b8d', 'i-045042d8d61f6fbe0', 'i-018bc88adc27bccce', 'i-02c31befb0e51eb79', 'i-05ac3e08a73b4c692', 'i-09e107858c97e9d4c', 'i-0e5cb7f1a3bd5d853', 'i-0f997fd951d0a53ed', 'i-0e1496e8a1f31ee9b', 'i-063613bcf40614259', 'i-0691f79d52cf89afe', 'i-0ca76817905c2c3b6', 'i-03ccec09a9653120e', 'i-0a47aa1c3c625987f', 'i-09b583c4be657d2a0', 'i-02b1bb64c83c7cbbc', 'i-0d973e53ac603b1cc', 'i-02a4c535e67746f4b', 'i-0c938579b945dc513', 'i-03d5011a3ad3232fa', 'i-02c381c3005368acc', 'i-06d8c0c0c1f54052c', 'i-07bbef88e5653a986', 'i-0c92a66e56178cadc', 'i-0a21b473745a74c4a', 'i-07e0788c698e33ba4', 'i-0eaca84b997299e01', 'i-0fade75a0b4ac80e1', 'i-09275f41e2d90b096', 'i-023b201364f5a2529', 'i-0687e01c62b3d4c8f', 'i-04f2de76752facf29', 'i-05b0857a664ba42b1', 'i-0e53fcc1f8b54b1e3', 'i-07bb1a58367a47b77', 'i-03e5cb8fbbfa6a031']
2025-06-26 10:47:13 - INFO - Tempo que levou para as máquinas estarem running: 51.138736 segundos
2025-06-26 10:47:13 - INFO - Tempo total gasto: 93.27114 segundos
2025-06-26 10:47:13 - INFO - Found credentials in shared credentials file: ~/.aws/credentials
2025-06-26 10:47:14 - WARNING - No spot price history found.
2025-06-26 10:47:14 - INFO - Updating file: results/results_lucas_sa-east-1_300.csv
2025-06-26 10:47:14 - INFO - Found credentials in shared credentials file: ~/.aws/credentials
2025-06-26 10:47:15 - WARNING - No spot price history found.
2025-06-26 10:47:15 - INFO - Updating file: results/results_lucas_sa-east-1_300.csv
2025-06-26 10:47:15 - INFO - Found credentials in shared credentials file: ~/.aws/credentials
2025-06-26 10:47:15 - WARNING - No spot price history found.
2025-06-26 10:47:15 - INFO - Updating file: results/results_lucas_sa-east-1_300.csv
2025-06-26 10:47:15 - INFO - Found credentials in shared credentials file: ~/.aws/credentials
2025-06-26 10:47:15 - WARNING - No spot price history found.
2025-06-26 10:47:15 - INFO - Updating file: results/results_lucas_sa-east-1_300.csv
2025-06-26 10:47:16 - INFO - Found credentials in shared credentials file: ~/.aws/credentials
2025-06-26 10:47:16 - WARNING - No spot price history found.
2025-06-26 10:47:16 - INFO - Updating file: results/results_lucas_sa-east-1_300.csv
2025-06-26 10:47:16 - INFO - Found credentials in shared credentials file: ~/.aws/credentials
2025-06-26 10:47:16 - INFO - Updating file: results/results_lucas_sa-east-1_300.csv
2025-06-26 10:47:16 - INFO - Found credentials in shared credentials file: ~/.aws/credentials
2025-06-26 10:47:17 - INFO - Updating file: results/results_lucas_sa-east-1_300.csv
2025-06-26 10:47:17 - INFO - Found credentials in shared credentials file: ~/.aws/credentials
2025-06-26 10:47:17 - INFO - Updating file: results/results_lucas_sa-east-1_300.csv
2025-06-26 10:47:17 - INFO - Found credentials in shared credentials file: ~/.aws/credentials
2025-06-26 10:47:18 - INFO - Updating file: results/results_lucas_sa-east-1_300.csv
2025-06-26 10:47:18 - INFO - Found credentials in shared credentials file: ~/.aws/credentials
2025-06-26 10:47:18 - INFO - Updating file: results/results_lucas_sa-east-1_300.csv
2025-06-26 10:47:18 - INFO - Found credentials in shared credentials file: ~/.aws/credentials
2025-06-26 10:47:18 - INFO - Updating file: results/results_lucas_sa-east-1_300.csv
2025-06-26 10:47:19 - INFO - Found credentials in shared credentials file: ~/.aws/credentials
2025-06-26 10:47:19 - INFO - Updating file: results/results_lucas_sa-east-1_300.csv
2025-06-26 10:47:19 - INFO - Found credentials in shared credentials file: ~/.aws/credentials
2025-06-26 10:47:19 - INFO - Updating file: results/results_lucas_sa-east-1_300.csv
2025-06-26 10:47:19 - INFO - Found credentials in shared credentials file: ~/.aws/credentials
2025-06-26 10:47:20 - INFO - Updating file: results/results_lucas_sa-east-1_300.csv
2025-06-26 10:47:20 - INFO - Found credentials in shared credentials file: ~/.aws/credentials
2025-06-26 10:47:20 - INFO - Updating file: results/results_lucas_sa-east-1_300.csv
2025-06-26 10:47:20 - INFO - Found credentials in shared credentials file: ~/.aws/credentials
2025-06-26 10:47:21 - INFO - Updating file: results/results_lucas_sa-east-1_300.csv
2025-06-26 10:47:21 - INFO - Found credentials in shared credentials file: ~/.aws/credentials
2025-06-26 10:47:21 - INFO - Updating file: results/results_lucas_sa-east-1_300.csv
2025-06-26 10:47:21 - INFO - Found credentials in shared credentials file: ~/.aws/credentials
2025-06-26 10:47:22 - INFO - Updating file: results/results_lucas_sa-east-1_300.csv
2025-06-26 10:47:22 - INFO - Found credentials in shared credentials file: ~/.aws/credentials
2025-06-26 10:47:22 - INFO - Updating file: results/results_lucas_sa-east-1_300.csv
2025-06-26 10:47:22 - INFO - Found credentials in shared credentials file: ~/.aws/credentials
2025-06-26 10:47:22 - INFO - Updating file: results/results_lucas_sa-east-1_300.csv
2025-06-26 10:47:22 - INFO - Found credentials in shared credentials file: ~/.aws/credentials
2025-06-26 10:47:23 - INFO - Updating file: results/results_lucas_sa-east-1_300.csv
2025-06-26 10:47:23 - INFO - Found credentials in shared credentials file: ~/.aws/credentials
2025-06-26 10:47:23 - INFO - Updating file: results/results_lucas_sa-east-1_300.csv
2025-06-26 10:47:23 - INFO - Found credentials in shared credentials file: ~/.aws/credentials
2025-06-26 10:47:24 - INFO - Updating file: results/results_lucas_sa-east-1_300.csv
2025-06-26 10:47:24 - INFO - Found credentials in shared credentials file: ~/.aws/credentials
2025-06-26 10:47:24 - INFO - Updating file: results/results_lucas_sa-east-1_300.csv
2025-06-26 10:47:24 - INFO - Found credentials in shared credentials file: ~/.aws/credentials
2025-06-26 10:47:25 - INFO - Updating file: results/results_lucas_sa-east-1_300.csv
2025-06-26 10:47:25 - INFO - Total de instâncias acumuladas: 244/300
2025-06-26 10:47:25 - INFO - Found credentials in shared credentials file: ~/.aws/credentials
2025-06-26 10:48:06 - INFO - Tempo que levou para receber response AWS: 40.581105 segundos
2025-06-26 10:48:06 - INFO - Fleet created with instances: ['i-06081982ff1f5a5e7', 'i-0140c082f7b33a937', 'i-0d94c8f5c94b46be9', 'i-0cafbed71ac160375', 'i-026e6a160dd212e6b', 'i-0de1e866b52888f18', 'i-08a8b7b366396ca59', 'i-0dc3a51052d0dd8ec', 'i-0cd5c70a3f75b1eaa', 'i-086eb0871721695e3', 'i-015cb0e421c06ceb6', 'i-0151f4c2017e87941', 'i-09e4a98c801f364f6', 'i-0afdb38b0bf084361', 'i-0a2e0a7f84aa356b5', 'i-01ecab4dbd6eeb977', 'i-0941ac34dacb5b2f9', 'i-0bb768f87c30eda8e', 'i-073e43905482793b8', 'i-05676c34e33fa082d', 'i-0ed45f11f8289574d', 'i-0b3b9edd749b83f08', 'i-0ec762731561a1525', 'i-007ce199e6d86cb07', 'i-0b99cce20cd82c7ee', 'i-0038f1536b8685c1e', 'i-0681fe7cdcab089bb', 'i-0ba220f142da711bf', 'i-0885b74727645a85f', 'i-0eec2567305004ab7', 'i-09c59ea72675b632d', 'i-0e8761e11516fbca2', 'i-039a7f5086562b785', 'i-02d5c1399d10996e4', 'i-0d8cd804fcecc8fda', 'i-00b21e0c6748321df', 'i-07385a32f76b1eec1']
2025-06-26 10:48:30 - INFO - Tempo que levou para as máquinas estarem running: 23.41234 segundos
2025-06-26 10:48:30 - INFO - Tempo total gasto: 63.993445 segundos
2025-06-26 10:48:30 - INFO - Found credentials in shared credentials file: ~/.aws/credentials
2025-06-26 10:48:30 - WARNING - No spot price history found.
2025-06-26 10:48:30 - INFO - Updating file: results/results_lucas_sa-east-1_300.csv
2025-06-26 10:48:30 - INFO - Found credentials in shared credentials file: ~/.aws/credentials
2025-06-26 10:48:31 - WARNING - No spot price history found.
2025-06-26 10:48:31 - INFO - Updating file: results/results_lucas_sa-east-1_300.csv
2025-06-26 10:48:31 - INFO - Found credentials in shared credentials file: ~/.aws/credentials
2025-06-26 10:48:31 - WARNING - No spot price history found.
2025-06-26 10:48:31 - INFO - Updating file: results/results_lucas_sa-east-1_300.csv
2025-06-26 10:48:31 - INFO - Found credentials in shared credentials file: ~/.aws/credentials
2025-06-26 10:48:32 - WARNING - No spot price history found.
2025-06-26 10:48:32 - INFO - Updating file: results/results_lucas_sa-east-1_300.csv
2025-06-26 10:48:32 - INFO - Found credentials in shared credentials file: ~/.aws/credentials
2025-06-26 10:48:32 - WARNING - No spot price history found.
2025-06-26 10:48:32 - INFO - Updating file: results/results_lucas_sa-east-1_300.csv
2025-06-26 10:48:32 - INFO - Found credentials in shared credentials file: ~/.aws/credentials
2025-06-26 10:48:33 - INFO - Updating file: results/results_lucas_sa-east-1_300.csv
2025-06-26 10:48:33 - INFO - Found credentials in shared credentials file: ~/.aws/credentials
2025-06-26 10:48:33 - INFO - Updating file: results/results_lucas_sa-east-1_300.csv
2025-06-26 10:48:33 - INFO - Found credentials in shared credentials file: ~/.aws/credentials
2025-06-26 10:48:33 - INFO - Updating file: results/results_lucas_sa-east-1_300.csv
2025-06-26 10:48:33 - INFO - Found credentials in shared credentials file: ~/.aws/credentials
2025-06-26 10:48:34 - INFO - Updating file: results/results_lucas_sa-east-1_300.csv
2025-06-26 10:48:34 - INFO - Found credentials in shared credentials file: ~/.aws/credentials
2025-06-26 10:48:34 - INFO - Updating file: results/results_lucas_sa-east-1_300.csv
2025-06-26 10:48:34 - INFO - Found credentials in shared credentials file: ~/.aws/credentials
2025-06-26 10:48:35 - INFO - Updating file: results/results_lucas_sa-east-1_300.csv
2025-06-26 10:48:35 - INFO - Found credentials in shared credentials file: ~/.aws/credentials
2025-06-26 10:48:35 - INFO - Updating file: results/results_lucas_sa-east-1_300.csv
2025-06-26 10:48:35 - INFO - Found credentials in shared credentials file: ~/.aws/credentials
2025-06-26 10:48:36 - INFO - Updating file: results/results_lucas_sa-east-1_300.csv
2025-06-26 10:48:36 - INFO - Found credentials in shared credentials file: ~/.aws/credentials
2025-06-26 10:48:36 - INFO - Updating file: results/results_lucas_sa-east-1_300.csv
2025-06-26 10:48:36 - INFO - Found credentials in shared credentials file: ~/.aws/credentials
2025-06-26 10:48:37 - INFO - Updating file: results/results_lucas_sa-east-1_300.csv
2025-06-26 10:48:37 - INFO - Found credentials in shared credentials file: ~/.aws/credentials
2025-06-26 10:48:37 - INFO - Updating file: results/results_lucas_sa-east-1_300.csv
2025-06-26 10:48:37 - INFO - Found credentials in shared credentials file: ~/.aws/credentials
2025-06-26 10:48:38 - INFO - Updating file: results/results_lucas_sa-east-1_300.csv
2025-06-26 10:48:38 - INFO - Found credentials in shared credentials file: ~/.aws/credentials
2025-06-26 10:48:38 - INFO - Updating file: results/results_lucas_sa-east-1_300.csv
2025-06-26 10:48:38 - INFO - Found credentials in shared credentials file: ~/.aws/credentials
2025-06-26 10:48:38 - INFO - Updating file: results/results_lucas_sa-east-1_300.csv
2025-06-26 10:48:38 - INFO - Found credentials in shared credentials file: ~/.aws/credentials
2025-06-26 10:48:39 - INFO - Updating file: results/results_lucas_sa-east-1_300.csv
2025-06-26 10:48:39 - INFO - Found credentials in shared credentials file: ~/.aws/credentials
2025-06-26 10:48:39 - INFO - Updating file: results/results_lucas_sa-east-1_300.csv
2025-06-26 10:48:39 - INFO - Found credentials in shared credentials file: ~/.aws/credentials
2025-06-26 10:48:40 - INFO - Updating file: results/results_lucas_sa-east-1_300.csv
2025-06-26 10:48:40 - INFO - Found credentials in shared credentials file: ~/.aws/credentials
2025-06-26 10:48:40 - INFO - Updating file: results/results_lucas_sa-east-1_300.csv
2025-06-26 10:48:40 - INFO - Found credentials in shared credentials file: ~/.aws/credentials
2025-06-26 10:48:40 - INFO - Updating file: results/results_lucas_sa-east-1_300.csv
2025-06-26 10:48:40 - INFO - Found credentials in shared credentials file: ~/.aws/credentials
2025-06-26 10:48:41 - INFO - Updating file: results/results_lucas_sa-east-1_300.csv
2025-06-26 10:48:41 - INFO - Found credentials in shared credentials file: ~/.aws/credentials
2025-06-26 10:48:41 - INFO - Updating file: results/results_lucas_sa-east-1_300.csv
2025-06-26 10:48:41 - INFO - Found credentials in shared credentials file: ~/.aws/credentials
2025-06-26 10:48:42 - INFO - Updating file: results/results_lucas_sa-east-1_300.csv
2025-06-26 10:48:42 - INFO - Found credentials in shared credentials file: ~/.aws/credentials
2025-06-26 10:48:42 - INFO - Updating file: results/results_lucas_sa-east-1_300.csv
2025-06-26 10:48:42 - INFO - Found credentials in shared credentials file: ~/.aws/credentials
2025-06-26 10:48:43 - INFO - Updating file: results/results_lucas_sa-east-1_300.csv
2025-06-26 10:48:43 - INFO - Found credentials in shared credentials file: ~/.aws/credentials
2025-06-26 10:48:43 - INFO - Updating file: results/results_lucas_sa-east-1_300.csv
2025-06-26 10:48:43 - INFO - Found credentials in shared credentials file: ~/.aws/credentials
2025-06-26 10:48:44 - INFO - Updating file: results/results_lucas_sa-east-1_300.csv
2025-06-26 10:48:44 - INFO - Found credentials in shared credentials file: ~/.aws/credentials
2025-06-26 10:48:44 - INFO - Updating file: results/results_lucas_sa-east-1_300.csv
2025-06-26 10:48:44 - INFO - Found credentials in shared credentials file: ~/.aws/credentials
2025-06-26 10:48:45 - INFO - Updating file: results/results_lucas_sa-east-1_300.csv
2025-06-26 10:48:45 - INFO - Found credentials in shared credentials file: ~/.aws/credentials
2025-06-26 10:48:45 - INFO - Updating file: results/results_lucas_sa-east-1_300.csv
2025-06-26 10:48:45 - INFO - Found credentials in shared credentials file: ~/.aws/credentials
2025-06-26 10:48:45 - INFO - Updating file: results/results_lucas_sa-east-1_300.csv
2025-06-26 10:48:45 - INFO - Found credentials in shared credentials file: ~/.aws/credentials
2025-06-26 10:48:46 - INFO - Updating file: results/results_lucas_sa-east-1_300.csv
2025-06-26 10:48:46 - INFO - Found credentials in shared credentials file: ~/.aws/credentials
2025-06-26 10:48:46 - INFO - Updating file: results/results_lucas_sa-east-1_300.csv
2025-06-26 10:48:46 - INFO - Found credentials in shared credentials file: ~/.aws/credentials
2025-06-26 10:48:47 - INFO - Updating file: results/results_lucas_sa-east-1_300.csv
2025-06-26 10:48:47 - INFO - Found credentials in shared credentials file: ~/.aws/credentials
2025-06-26 10:48:47 - INFO - Updating file: results/results_lucas_sa-east-1_300.csv
2025-06-26 10:48:47 - INFO - Found credentials in shared credentials file: ~/.aws/credentials
2025-06-26 10:48:48 - INFO - Updating file: results/results_lucas_sa-east-1_300.csv
2025-06-26 10:48:48 - INFO - Found credentials in shared credentials file: ~/.aws/credentials
2025-06-26 10:48:48 - INFO - Updating file: results/results_lucas_sa-east-1_300.csv
2025-06-26 10:48:48 - INFO - Found credentials in shared credentials file: ~/.aws/credentials
2025-06-26 10:48:49 - INFO - Updating file: results/results_lucas_sa-east-1_300.csv
2025-06-26 10:48:49 - INFO - Found credentials in shared credentials file: ~/.aws/credentials
2025-06-26 10:48:49 - INFO - Updating file: results/results_lucas_sa-east-1_300.csv
2025-06-26 10:48:49 - INFO - Found credentials in shared credentials file: ~/.aws/credentials
2025-06-26 10:48:50 - INFO - Updating file: results/results_lucas_sa-east-1_300.csv
2025-06-26 10:48:50 - INFO - Found credentials in shared credentials file: ~/.aws/credentials
2025-06-26 10:48:50 - INFO - Updating file: results/results_lucas_sa-east-1_300.csv
2025-06-26 10:48:50 - INFO - Found credentials in shared credentials file: ~/.aws/credentials
2025-06-26 10:48:50 - INFO - Updating file: results/results_lucas_sa-east-1_300.csv
2025-06-26 10:48:50 - INFO - Total de instâncias acumuladas: 281/300
2025-06-26 10:48:50 - INFO - Found credentials in shared credentials file: ~/.aws/credentials
2025-06-26 10:49:32 - INFO - Tempo que levou para receber response AWS: 40.520897 segundos
2025-06-26 10:49:32 - INFO - Fleet created with instances: ['i-082ad7a845836ff39', 'i-02ecaae0e80729705', 'i-059bf55c38252495d', 'i-0dfcd52062270cce2', 'i-0acf3940e54a8ebd2', 'i-05c47b384b59e4766', 'i-065f3b07631f9853d', 'i-073981dc8da1dd84b', 'i-0ce8a7c40773d0cd3', 'i-0fed39972c95584be', 'i-0633a215d388211db', 'i-0fcb214d57e606d51', 'i-098b206359f248c49', 'i-078e5ef280ff14c32', 'i-00281070d304e5668', 'i-081f39b2ea0ef8fc3', 'i-041692b95fb0759d8', 'i-047d83219f5558292']
2025-06-26 10:49:36 - INFO - Tempo que levou para as máquinas estarem running: 3.788342 segundos
2025-06-26 10:49:36 - INFO - Tempo total gasto: 44.309239 segundos
2025-06-26 10:49:36 - INFO - Found credentials in shared credentials file: ~/.aws/credentials
2025-06-26 10:49:36 - WARNING - No spot price history found.
2025-06-26 10:49:36 - INFO - Updating file: results/results_lucas_sa-east-1_300.csv
2025-06-26 10:49:36 - INFO - Found credentials in shared credentials file: ~/.aws/credentials
2025-06-26 10:49:37 - WARNING - No spot price history found.
2025-06-26 10:49:37 - INFO - Updating file: results/results_lucas_sa-east-1_300.csv
2025-06-26 10:49:37 - INFO - Found credentials in shared credentials file: ~/.aws/credentials
2025-06-26 10:49:37 - WARNING - No spot price history found.
2025-06-26 10:49:37 - INFO - Updating file: results/results_lucas_sa-east-1_300.csv
2025-06-26 10:49:37 - INFO - Found credentials in shared credentials file: ~/.aws/credentials
2025-06-26 10:49:38 - WARNING - No spot price history found.
2025-06-26 10:49:38 - INFO - Updating file: results/results_lucas_sa-east-1_300.csv
2025-06-26 10:49:38 - INFO - Found credentials in shared credentials file: ~/.aws/credentials
2025-06-26 10:49:38 - WARNING - No spot price history found.
2025-06-26 10:49:38 - INFO - Updating file: results/results_lucas_sa-east-1_300.csv
2025-06-26 10:49:38 - INFO - Found credentials in shared credentials file: ~/.aws/credentials
2025-06-26 10:49:39 - INFO - Updating file: results/results_lucas_sa-east-1_300.csv
2025-06-26 10:49:39 - INFO - Found credentials in shared credentials file: ~/.aws/credentials
2025-06-26 10:49:39 - INFO - Updating file: results/results_lucas_sa-east-1_300.csv
2025-06-26 10:49:39 - INFO - Found credentials in shared credentials file: ~/.aws/credentials
2025-06-26 10:49:40 - INFO - Updating file: results/results_lucas_sa-east-1_300.csv
2025-06-26 10:49:40 - INFO - Found credentials in shared credentials file: ~/.aws/credentials
2025-06-26 10:49:40 - INFO - Updating file: results/results_lucas_sa-east-1_300.csv
2025-06-26 10:49:40 - INFO - Found credentials in shared credentials file: ~/.aws/credentials
2025-06-26 10:49:41 - INFO - Updating file: results/results_lucas_sa-east-1_300.csv
2025-06-26 10:49:41 - INFO - Found credentials in shared credentials file: ~/.aws/credentials
2025-06-26 10:49:41 - INFO - Updating file: results/results_lucas_sa-east-1_300.csv
2025-06-26 10:49:41 - INFO - Found credentials in shared credentials file: ~/.aws/credentials
2025-06-26 10:49:42 - INFO - Updating file: results/results_lucas_sa-east-1_300.csv
2025-06-26 10:49:42 - INFO - Found credentials in shared credentials file: ~/.aws/credentials
2025-06-26 10:49:42 - INFO - Updating file: results/results_lucas_sa-east-1_300.csv
2025-06-26 10:49:42 - INFO - Found credentials in shared credentials file: ~/.aws/credentials
2025-06-26 10:49:43 - INFO - Updating file: results/results_lucas_sa-east-1_300.csv
2025-06-26 10:49:43 - INFO - Found credentials in shared credentials file: ~/.aws/credentials
2025-06-26 10:49:43 - INFO - Updating file: results/results_lucas_sa-east-1_300.csv
2025-06-26 10:49:43 - INFO - Found credentials in shared credentials file: ~/.aws/credentials
2025-06-26 10:49:44 - INFO - Updating file: results/results_lucas_sa-east-1_300.csv
2025-06-26 10:49:44 - INFO - Found credentials in shared credentials file: ~/.aws/credentials
2025-06-26 10:49:44 - INFO - Updating file: results/results_lucas_sa-east-1_300.csv
2025-06-26 10:49:44 - INFO - Found credentials in shared credentials file: ~/.aws/credentials
2025-06-26 10:49:44 - INFO - Updating file: results/results_lucas_sa-east-1_300.csv
2025-06-26 10:49:44 - INFO - Found credentials in shared credentials file: ~/.aws/credentials
2025-06-26 10:49:45 - INFO - Updating file: results/results_lucas_sa-east-1_300.csv
2025-06-26 10:49:45 - INFO - Found credentials in shared credentials file: ~/.aws/credentials
2025-06-26 10:49:45 - INFO - Updating file: results/results_lucas_sa-east-1_300.csv
2025-06-26 10:49:45 - INFO - Found credentials in shared credentials file: ~/.aws/credentials
2025-06-26 10:49:46 - INFO - Updating file: results/results_lucas_sa-east-1_300.csv
2025-06-26 10:49:46 - INFO - Found credentials in shared credentials file: ~/.aws/credentials
2025-06-26 10:49:46 - INFO - Updating file: results/results_lucas_sa-east-1_300.csv
2025-06-26 10:49:46 - INFO - Found credentials in shared credentials file: ~/.aws/credentials
2025-06-26 10:49:47 - INFO - Updating file: results/results_lucas_sa-east-1_300.csv
2025-06-26 10:49:47 - INFO - Found credentials in shared credentials file: ~/.aws/credentials
2025-06-26 10:49:47 - INFO - Updating file: results/results_lucas_sa-east-1_300.csv
2025-06-26 10:49:47 - INFO - Found credentials in shared credentials file: ~/.aws/credentials
2025-06-26 10:49:48 - INFO - Updating file: results/results_lucas_sa-east-1_300.csv
2025-06-26 10:49:48 - INFO - Found credentials in shared credentials file: ~/.aws/credentials
2025-06-26 10:49:48 - INFO - Updating file: results/results_lucas_sa-east-1_300.csv
2025-06-26 10:49:48 - INFO - Found credentials in shared credentials file: ~/.aws/credentials
2025-06-26 10:49:49 - INFO - Updating file: results/results_lucas_sa-east-1_300.csv
2025-06-26 10:49:49 - INFO - Found credentials in shared credentials file: ~/.aws/credentials
2025-06-26 10:49:49 - INFO - Updating file: results/results_lucas_sa-east-1_300.csv
2025-06-26 10:49:49 - INFO - Found credentials in shared credentials file: ~/.aws/credentials
2025-06-26 10:49:50 - INFO - Updating file: results/results_lucas_sa-east-1_300.csv
2025-06-26 10:49:50 - INFO - Found credentials in shared credentials file: ~/.aws/credentials
2025-06-26 10:49:50 - INFO - Updating file: results/results_lucas_sa-east-1_300.csv
2025-06-26 10:49:50 - INFO - Found credentials in shared credentials file: ~/.aws/credentials
2025-06-26 10:49:50 - INFO - Updating file: results/results_lucas_sa-east-1_300.csv
2025-06-26 10:49:50 - INFO - Found credentials in shared credentials file: ~/.aws/credentials
2025-06-26 10:49:51 - INFO - Updating file: results/results_lucas_sa-east-1_300.csv
2025-06-26 10:49:51 - INFO - Found credentials in shared credentials file: ~/.aws/credentials
2025-06-26 10:49:51 - INFO - Updating file: results/results_lucas_sa-east-1_300.csv
2025-06-26 10:49:51 - INFO - Found credentials in shared credentials file: ~/.aws/credentials
2025-06-26 10:49:52 - INFO - Updating file: results/results_lucas_sa-east-1_300.csv
2025-06-26 10:49:52 - INFO - Found credentials in shared credentials file: ~/.aws/credentials
2025-06-26 10:49:53 - INFO - Updating file: results/results_lucas_sa-east-1_300.csv
2025-06-26 10:49:53 - INFO - Found credentials in shared credentials file: ~/.aws/credentials
2025-06-26 10:49:53 - INFO - Updating file: results/results_lucas_sa-east-1_300.csv
2025-06-26 10:49:53 - INFO - Found credentials in shared credentials file: ~/.aws/credentials
2025-06-26 10:49:53 - INFO - Updating file: results/results_lucas_sa-east-1_300.csv
2025-06-26 10:49:53 - INFO - Found credentials in shared credentials file: ~/.aws/credentials
2025-06-26 10:49:54 - INFO - Updating file: results/results_lucas_sa-east-1_300.csv
2025-06-26 10:49:54 - INFO - Found credentials in shared credentials file: ~/.aws/credentials
2025-06-26 10:49:54 - INFO - Updating file: results/results_lucas_sa-east-1_300.csv
2025-06-26 10:49:54 - INFO - Found credentials in shared credentials file: ~/.aws/credentials
2025-06-26 10:49:55 - INFO - Updating file: results/results_lucas_sa-east-1_300.csv
2025-06-26 10:49:55 - INFO - Found credentials in shared credentials file: ~/.aws/credentials
2025-06-26 10:49:55 - INFO - Updating file: results/results_lucas_sa-east-1_300.csv
2025-06-26 10:49:55 - INFO - Found credentials in shared credentials file: ~/.aws/credentials
2025-06-26 10:49:56 - INFO - Updating file: results/results_lucas_sa-east-1_300.csv
2025-06-26 10:49:56 - INFO - Found credentials in shared credentials file: ~/.aws/credentials
2025-06-26 10:49:56 - INFO - Updating file: results/results_lucas_sa-east-1_300.csv
2025-06-26 10:49:56 - INFO - Found credentials in shared credentials file: ~/.aws/credentials
2025-06-26 10:49:57 - INFO - Updating file: results/results_lucas_sa-east-1_300.csv
2025-06-26 10:49:57 - INFO - Found credentials in shared credentials file: ~/.aws/credentials
2025-06-26 10:49:57 - INFO - Updating file: results/results_lucas_sa-east-1_300.csv
2025-06-26 10:49:57 - INFO - Found credentials in shared credentials file: ~/.aws/credentials
2025-06-26 10:49:57 - INFO - Updating file: results/results_lucas_sa-east-1_300.csv
2025-06-26 10:49:57 - INFO - Found credentials in shared credentials file: ~/.aws/credentials
2025-06-26 10:49:58 - INFO - Updating file: results/results_lucas_sa-east-1_300.csv
2025-06-26 10:49:58 - INFO - Found credentials in shared credentials file: ~/.aws/credentials
2025-06-26 10:49:58 - INFO - Updating file: results/results_lucas_sa-east-1_300.csv
2025-06-26 10:49:58 - INFO - Found credentials in shared credentials file: ~/.aws/credentials
2025-06-26 10:49:59 - INFO - Updating file: results/results_lucas_sa-east-1_300.csv
2025-06-26 10:49:59 - INFO - Found credentials in shared credentials file: ~/.aws/credentials
2025-06-26 10:50:00 - INFO - Updating file: results/results_lucas_sa-east-1_300.csv
2025-06-26 10:50:00 - INFO - Found credentials in shared credentials file: ~/.aws/credentials
2025-06-26 10:50:00 - INFO - Updating file: results/results_lucas_sa-east-1_300.csv
2025-06-26 10:50:00 - INFO - Found credentials in shared credentials file: ~/.aws/credentials
2025-06-26 10:50:00 - INFO - Updating file: results/results_lucas_sa-east-1_300.csv
2025-06-26 10:50:00 - INFO - Found credentials in shared credentials file: ~/.aws/credentials
2025-06-26 10:50:01 - INFO - Updating file: results/results_lucas_sa-east-1_300.csv
2025-06-26 10:50:01 - INFO - Found credentials in shared credentials file: ~/.aws/credentials
2025-06-26 10:50:01 - INFO - Updating file: results/results_lucas_sa-east-1_300.csv
2025-06-26 10:50:01 - INFO - Found credentials in shared credentials file: ~/.aws/credentials
2025-06-26 10:50:02 - INFO - Updating file: results/results_lucas_sa-east-1_300.csv
2025-06-26 10:50:02 - INFO - Found credentials in shared credentials file: ~/.aws/credentials
2025-06-26 10:50:02 - INFO - Updating file: results/results_lucas_sa-east-1_300.csv
2025-06-26 10:50:02 - INFO - Found credentials in shared credentials file: ~/.aws/credentials
2025-06-26 10:50:03 - INFO - Updating file: results/results_lucas_sa-east-1_300.csv
2025-06-26 10:50:03 - INFO - Found credentials in shared credentials file: ~/.aws/credentials
2025-06-26 10:50:03 - INFO - Updating file: results/results_lucas_sa-east-1_300.csv
2025-06-26 10:50:03 - INFO - Total de instâncias acumuladas: 299/300
2025-06-26 10:50:03 - INFO - Found credentials in shared credentials file: ~/.aws/credentials
2025-06-26 10:50:19 - INFO - Tempo que levou para receber response AWS: 14.705248 segundos
2025-06-26 10:50:19 - INFO - Fleet created with instances: ['i-0f234e5c603844a4b']
2025-06-26 10:50:35 - INFO - Tempo que levou para as máquinas estarem running: 15.492177 segundos
2025-06-26 10:50:35 - INFO - Tempo total gasto: 30.197425 segundos
2025-06-26 10:50:35 - INFO - Found credentials in shared credentials file: ~/.aws/credentials
2025-06-26 10:50:35 - WARNING - No spot price history found.
2025-06-26 10:50:35 - INFO - Updating file: results/results_lucas_sa-east-1_300.csv
2025-06-26 10:50:35 - INFO - Found credentials in shared credentials file: ~/.aws/credentials
2025-06-26 10:50:36 - WARNING - No spot price history found.
2025-06-26 10:50:36 - INFO - Updating file: results/results_lucas_sa-east-1_300.csv
2025-06-26 10:50:36 - INFO - Found credentials in shared credentials file: ~/.aws/credentials
2025-06-26 10:50:36 - WARNING - No spot price history found.
2025-06-26 10:50:36 - INFO - Updating file: results/results_lucas_sa-east-1_300.csv
2025-06-26 10:50:36 - INFO - Found credentials in shared credentials file: ~/.aws/credentials
2025-06-26 10:50:37 - WARNING - No spot price history found.
2025-06-26 10:50:37 - INFO - Updating file: results/results_lucas_sa-east-1_300.csv
2025-06-26 10:50:37 - INFO - Found credentials in shared credentials file: ~/.aws/credentials
2025-06-26 10:50:37 - WARNING - No spot price history found.
2025-06-26 10:50:37 - INFO - Updating file: results/results_lucas_sa-east-1_300.csv
2025-06-26 10:50:37 - INFO - Found credentials in shared credentials file: ~/.aws/credentials
2025-06-26 10:50:38 - INFO - Updating file: results/results_lucas_sa-east-1_300.csv
2025-06-26 10:50:38 - INFO - Found credentials in shared credentials file: ~/.aws/credentials
2025-06-26 10:50:38 - INFO - Updating file: results/results_lucas_sa-east-1_300.csv
2025-06-26 10:50:38 - INFO - Found credentials in shared credentials file: ~/.aws/credentials
2025-06-26 10:50:39 - INFO - Updating file: results/results_lucas_sa-east-1_300.csv
2025-06-26 10:50:39 - INFO - Found credentials in shared credentials file: ~/.aws/credentials
2025-06-26 10:50:40 - INFO - Updating file: results/results_lucas_sa-east-1_300.csv
2025-06-26 10:50:40 - INFO - Found credentials in shared credentials file: ~/.aws/credentials
2025-06-26 10:50:40 - INFO - Updating file: results/results_lucas_sa-east-1_300.csv
2025-06-26 10:50:40 - INFO - Found credentials in shared credentials file: ~/.aws/credentials
2025-06-26 10:50:41 - INFO - Updating file: results/results_lucas_sa-east-1_300.csv
2025-06-26 10:50:41 - INFO - Found credentials in shared credentials file: ~/.aws/credentials
2025-06-26 10:50:41 - INFO - Updating file: results/results_lucas_sa-east-1_300.csv
2025-06-26 10:50:41 - INFO - Found credentials in shared credentials file: ~/.aws/credentials
2025-06-26 10:50:42 - INFO - Updating file: results/results_lucas_sa-east-1_300.csv
2025-06-26 10:50:42 - INFO - Found credentials in shared credentials file: ~/.aws/credentials
2025-06-26 10:50:42 - INFO - Updating file: results/results_lucas_sa-east-1_300.csv
2025-06-26 10:50:42 - INFO - Found credentials in shared credentials file: ~/.aws/credentials
2025-06-26 10:50:43 - INFO - Updating file: results/results_lucas_sa-east-1_300.csv
2025-06-26 10:50:43 - INFO - Found credentials in shared credentials file: ~/.aws/credentials
2025-06-26 10:50:43 - INFO - Updating file: results/results_lucas_sa-east-1_300.csv
2025-06-26 10:50:43 - INFO - Found credentials in shared credentials file: ~/.aws/credentials
2025-06-26 10:50:44 - INFO - Updating file: results/results_lucas_sa-east-1_300.csv
2025-06-26 10:50:44 - INFO - Found credentials in shared credentials file: ~/.aws/credentials
2025-06-26 10:50:44 - INFO - Updating file: results/results_lucas_sa-east-1_300.csv
2025-06-26 10:50:44 - INFO - Found credentials in shared credentials file: ~/.aws/credentials
2025-06-26 10:50:45 - INFO - Updating file: results/results_lucas_sa-east-1_300.csv
2025-06-26 10:50:45 - INFO - Found credentials in shared credentials file: ~/.aws/credentials
2025-06-26 10:50:45 - INFO - Updating file: results/results_lucas_sa-east-1_300.csv
2025-06-26 10:50:45 - INFO - Found credentials in shared credentials file: ~/.aws/credentials
2025-06-26 10:50:46 - INFO - Updating file: results/results_lucas_sa-east-1_300.csv
2025-06-26 10:50:46 - INFO - Found credentials in shared credentials file: ~/.aws/credentials
2025-06-26 10:50:46 - INFO - Updating file: results/results_lucas_sa-east-1_300.csv
2025-06-26 10:50:46 - INFO - Found credentials in shared credentials file: ~/.aws/credentials
2025-06-26 10:50:47 - INFO - Updating file: results/results_lucas_sa-east-1_300.csv
2025-06-26 10:50:47 - INFO - Found credentials in shared credentials file: ~/.aws/credentials
2025-06-26 10:50:48 - INFO - Updating file: results/results_lucas_sa-east-1_300.csv
2025-06-26 10:50:48 - INFO - Found credentials in shared credentials file: ~/.aws/credentials
2025-06-26 10:50:48 - INFO - Updating file: results/results_lucas_sa-east-1_300.csv
2025-06-26 10:50:48 - INFO - Total de instâncias acumuladas: 300/300
2025-06-26 10:50:48 - INFO - 300 instâncias no total. Iniciando benchmark em paralelo...
2025-06-26 10:50:48 - INFO - Found credentials in shared credentials file: ~/.aws/credentials
2025-06-26 10:50:48 - INFO - Found credentials in shared credentials file: ~/.aws/credentials
2025-06-26 10:50:48 - INFO - Found credentials in shared credentials file: ~/.aws/credentials
2025-06-26 10:50:48 - INFO - Found credentials in shared credentials file: ~/.aws/credentials
2025-06-26 10:50:48 - INFO - Found credentials in shared credentials file: ~/.aws/credentials
2025-06-26 10:50:48 - INFO - Found credentials in shared credentials file: ~/.aws/credentials
2025-06-26 10:50:49 - INFO - Found credentials in shared credentials file: ~/.aws/credentials
2025-06-26 10:50:49 - INFO - Found credentials in shared credentials file: ~/.aws/credentials
2025-06-26 10:50:49 - INFO - Found credentials in shared credentials file: ~/.aws/credentials
2025-06-26 10:50:49 - INFO - Found credentials in shared credentials file: ~/.aws/credentials
2025-06-26 10:50:49 - INFO - Found credentials in shared credentials file: ~/.aws/credentials
2025-06-26 10:50:49 - INFO - Found credentials in shared credentials file: ~/.aws/credentials
2025-06-26 10:50:49 - INFO - Found credentials in shared credentials file: ~/.aws/credentials
2025-06-26 10:50:49 - INFO - Found credentials in shared credentials file: ~/.aws/credentials
2025-06-26 10:50:49 - INFO - Found credentials in shared credentials file: ~/.aws/credentials
2025-06-26 10:50:49 - INFO - Found credentials in shared credentials file: ~/.aws/credentials
2025-06-26 10:50:49 - INFO - Found credentials in shared credentials file: ~/.aws/credentials
2025-06-26 10:50:49 - INFO - Found credentials in shared credentials file: ~/.aws/credentials
2025-06-26 10:50:50 - INFO - Found credentials in shared credentials file: ~/.aws/credentials
2025-06-26 10:50:50 - INFO - Found credentials in shared credentials file: ~/.aws/credentials
2025-06-26 10:50:50 - INFO - Found credentials in shared credentials file: ~/.aws/credentials
2025-06-26 10:50:50 - INFO - Found credentials in shared credentials file: ~/.aws/credentials
2025-06-26 10:50:50 - INFO - Found credentials in shared credentials file: ~/.aws/credentials
2025-06-26 10:50:50 - INFO - Found credentials in shared credentials file: ~/.aws/credentials
2025-06-26 10:50:50 - INFO - Found credentials in shared credentials file: ~/.aws/credentials
2025-06-26 10:50:50 - INFO - Found credentials in shared credentials file: ~/.aws/credentials
2025-06-26 10:50:50 - INFO - Found credentials in shared credentials file: ~/.aws/credentials
2025-06-26 10:50:50 - INFO - Found credentials in shared credentials file: ~/.aws/credentials
2025-06-26 10:50:50 - INFO - Found credentials in shared credentials file: ~/.aws/credentials
2025-06-26 10:50:50 - INFO - Found credentials in shared credentials file: ~/.aws/credentials
2025-06-26 10:50:50 - INFO - Found credentials in shared credentials file: ~/.aws/credentials
2025-06-26 10:50:50 - INFO - Found credentials in shared credentials file: ~/.aws/credentials
2025-06-26 10:50:50 - INFO - Found credentials in shared credentials file: ~/.aws/credentials
2025-06-26 10:50:50 - INFO - Found credentials in shared credentials file: ~/.aws/credentials
2025-06-26 10:50:50 - INFO - Found credentials in shared credentials file: ~/.aws/credentials
2025-06-26 10:50:50 - INFO - Found credentials in shared credentials file: ~/.aws/credentials
2025-06-26 10:50:51 - INFO - Found credentials in shared credentials file: ~/.aws/credentials
2025-06-26 10:50:51 - INFO - Found credentials in shared credentials file: ~/.aws/credentials
2025-06-26 10:50:51 - INFO - Found credentials in shared credentials file: ~/.aws/credentials
2025-06-26 10:50:51 - INFO - Found credentials in shared credentials file: ~/.aws/credentials
2025-06-26 10:50:51 - INFO - Found credentials in shared credentials file: ~/.aws/credentials
2025-06-26 10:50:51 - INFO - Found credentials in shared credentials file: ~/.aws/credentials
2025-06-26 10:50:51 - INFO - Found credentials in shared credentials file: ~/.aws/credentials
2025-06-26 10:50:51 - INFO - Found credentials in shared credentials file: ~/.aws/credentials
2025-06-26 10:50:51 - INFO - Found credentials in shared credentials file: ~/.aws/credentials
2025-06-26 10:50:51 - INFO - Found credentials in shared credentials file: ~/.aws/credentials
2025-06-26 10:50:51 - INFO - Found credentials in shared credentials file: ~/.aws/credentials
2025-06-26 10:50:51 - INFO - Found credentials in shared credentials file: ~/.aws/credentials
2025-06-26 10:50:51 - INFO - Found credentials in shared credentials file: ~/.aws/credentials
2025-06-26 10:50:51 - INFO - Found credentials in shared credentials file: ~/.aws/credentials
2025-06-26 10:50:51 - INFO - Found credentials in shared credentials file: ~/.aws/credentials
2025-06-26 10:50:52 - INFO - Found credentials in shared credentials file: ~/.aws/credentials
2025-06-26 10:50:52 - INFO - Found credentials in shared credentials file: ~/.aws/credentials
2025-06-26 10:50:52 - INFO - Found credentials in shared credentials file: ~/.aws/credentials
2025-06-26 10:50:52 - INFO - Found credentials in shared credentials file: ~/.aws/credentials
2025-06-26 10:50:52 - INFO - Found credentials in shared credentials file: ~/.aws/credentials
2025-06-26 10:50:52 - INFO - Found credentials in shared credentials file: ~/.aws/credentials
2025-06-26 10:50:52 - INFO - Found credentials in shared credentials file: ~/.aws/credentials
2025-06-26 10:50:52 - INFO - Found credentials in shared credentials file: ~/.aws/credentials
2025-06-26 10:50:52 - INFO - Found credentials in shared credentials file: ~/.aws/credentials
2025-06-26 10:50:52 - INFO - Found credentials in shared credentials file: ~/.aws/credentials
2025-06-26 10:50:52 - INFO - Found credentials in shared credentials file: ~/.aws/credentials
2025-06-26 10:50:52 - INFO - Found credentials in shared credentials file: ~/.aws/credentials
2025-06-26 10:50:53 - INFO - Found credentials in shared credentials file: ~/.aws/credentials
2025-06-26 10:50:53 - INFO - Found credentials in shared credentials file: ~/.aws/credentials
2025-06-26 10:50:53 - INFO - Found credentials in shared credentials file: ~/.aws/credentials
2025-06-26 10:50:53 - INFO - Found credentials in shared credentials file: ~/.aws/credentials
2025-06-26 10:50:53 - INFO - Found credentials in shared credentials file: ~/.aws/credentials
2025-06-26 10:50:53 - INFO - Found credentials in shared credentials file: ~/.aws/credentials
2025-06-26 10:50:53 - INFO - Found credentials in shared credentials file: ~/.aws/credentials
2025-06-26 10:50:53 - INFO - Found credentials in shared credentials file: ~/.aws/credentials
2025-06-26 10:50:53 - INFO - Found credentials in shared credentials file: ~/.aws/credentials
2025-06-26 10:50:53 - INFO - Found credentials in shared credentials file: ~/.aws/credentials
2025-06-26 10:50:54 - INFO - Found credentials in shared credentials file: ~/.aws/credentials
2025-06-26 10:50:54 - INFO - Found credentials in shared credentials file: ~/.aws/credentials
2025-06-26 10:50:54 - INFO - Found credentials in shared credentials file: ~/.aws/credentials
2025-06-26 10:50:54 - INFO - Found credentials in shared credentials file: ~/.aws/credentials
2025-06-26 10:50:54 - INFO - Found credentials in shared credentials file: ~/.aws/credentials
2025-06-26 10:50:54 - INFO - Found credentials in shared credentials file: ~/.aws/credentials
2025-06-26 10:50:54 - INFO - Found credentials in shared credentials file: ~/.aws/credentials
2025-06-26 10:50:54 - INFO - Found credentials in shared credentials file: ~/.aws/credentials
2025-06-26 10:50:54 - INFO - Found credentials in shared credentials file: ~/.aws/credentials
2025-06-26 10:50:54 - INFO - Found credentials in shared credentials file: ~/.aws/credentials
2025-06-26 10:50:54 - INFO - Found credentials in shared credentials file: ~/.aws/credentials
2025-06-26 10:50:54 - INFO - Found credentials in shared credentials file: ~/.aws/credentials
2025-06-26 10:50:54 - INFO - Found credentials in shared credentials file: ~/.aws/credentials
2025-06-26 10:50:54 - INFO - Found credentials in shared credentials file: ~/.aws/credentials
2025-06-26 10:50:54 - INFO - Found credentials in shared credentials file: ~/.aws/credentials
2025-06-26 10:50:55 - INFO - Found credentials in shared credentials file: ~/.aws/credentials
2025-06-26 10:50:55 - INFO - Found credentials in shared credentials file: ~/.aws/credentials
2025-06-26 10:50:55 - INFO - Found credentials in shared credentials file: ~/.aws/credentials
2025-06-26 10:50:55 - INFO - Found credentials in shared credentials file: ~/.aws/credentials
2025-06-26 10:50:55 - INFO - Found credentials in shared credentials file: ~/.aws/credentials
2025-06-26 10:50:55 - INFO - Found credentials in shared credentials file: ~/.aws/credentials
2025-06-26 10:50:56 - INFO - Found credentials in shared credentials file: ~/.aws/credentials
2025-06-26 10:50:56 - INFO - Found credentials in shared credentials file: ~/.aws/credentials
2025-06-26 10:50:56 - INFO - Found credentials in shared credentials file: ~/.aws/credentials
2025-06-26 10:50:56 - INFO - Found credentials in shared credentials file: ~/.aws/credentials
2025-06-26 10:50:56 - INFO - Found credentials in shared credentials file: ~/.aws/credentials
2025-06-26 10:50:56 - INFO - Found credentials in shared credentials file: ~/.aws/credentials
2025-06-26 10:50:56 - INFO - Found credentials in shared credentials file: ~/.aws/credentials
2025-06-26 10:50:56 - INFO - Found credentials in shared credentials file: ~/.aws/credentials
2025-06-26 10:50:56 - INFO - Found credentials in shared credentials file: ~/.aws/credentials
2025-06-26 10:50:56 - INFO - Found credentials in shared credentials file: ~/.aws/credentials
2025-06-26 10:50:56 - INFO - Found credentials in shared credentials file: ~/.aws/credentials
2025-06-26 10:50:56 - INFO - Found credentials in shared credentials file: ~/.aws/credentials
2025-06-26 10:50:56 - INFO - Found credentials in shared credentials file: ~/.aws/credentials
2025-06-26 10:50:56 - INFO - Found credentials in shared credentials file: ~/.aws/credentials
2025-06-26 10:50:57 - INFO - Found credentials in shared credentials file: ~/.aws/credentials
2025-06-26 10:50:57 - INFO - Found credentials in shared credentials file: ~/.aws/credentials
2025-06-26 10:50:57 - INFO - Found credentials in shared credentials file: ~/.aws/credentials
2025-06-26 10:50:57 - INFO - Found credentials in shared credentials file: ~/.aws/credentials
2025-06-26 10:50:57 - INFO - Found credentials in shared credentials file: ~/.aws/credentials
2025-06-26 10:50:57 - INFO - Found credentials in shared credentials file: ~/.aws/credentials
2025-06-26 10:50:57 - INFO - Found credentials in shared credentials file: ~/.aws/credentials
2025-06-26 10:50:58 - INFO - Found credentials in shared credentials file: ~/.aws/credentials
2025-06-26 10:50:58 - INFO - Found credentials in shared credentials file: ~/.aws/credentials
2025-06-26 10:50:58 - INFO - Found credentials in shared credentials file: ~/.aws/credentials
2025-06-26 10:50:58 - INFO - Found credentials in shared credentials file: ~/.aws/credentials
2025-06-26 10:50:58 - INFO - Found credentials in shared credentials file: ~/.aws/credentials
2025-06-26 10:50:58 - INFO - Found credentials in shared credentials file: ~/.aws/credentials
2025-06-26 10:50:58 - INFO - Found credentials in shared credentials file: ~/.aws/credentials
2025-06-26 10:50:58 - INFO - Found credentials in shared credentials file: ~/.aws/credentials
2025-06-26 10:50:58 - INFO - Found credentials in shared credentials file: ~/.aws/credentials
2025-06-26 10:50:58 - INFO - Found credentials in shared credentials file: ~/.aws/credentials
2025-06-26 10:50:58 - INFO - Found credentials in shared credentials file: ~/.aws/credentials
2025-06-26 10:50:58 - INFO - Found credentials in shared credentials file: ~/.aws/credentials
2025-06-26 10:50:58 - INFO - Found credentials in shared credentials file: ~/.aws/credentials
2025-06-26 10:50:58 - INFO - Found credentials in shared credentials file: ~/.aws/credentials
2025-06-26 10:50:58 - INFO - Found credentials in shared credentials file: ~/.aws/credentials
2025-06-26 10:50:58 - INFO - Found credentials in shared credentials file: ~/.aws/credentials
2025-06-26 10:50:58 - INFO - Found credentials in shared credentials file: ~/.aws/credentials
2025-06-26 10:50:58 - INFO - Found credentials in shared credentials file: ~/.aws/credentials
2025-06-26 10:50:58 - INFO - Found credentials in shared credentials file: ~/.aws/credentials
2025-06-26 10:50:58 - INFO - Found credentials in shared credentials file: ~/.aws/credentials
2025-06-26 10:50:58 - INFO - Found credentials in shared credentials file: ~/.aws/credentials
2025-06-26 10:50:58 - INFO - Found credentials in shared credentials file: ~/.aws/credentials
2025-06-26 10:50:59 - INFO - Found credentials in shared credentials file: ~/.aws/credentials
2025-06-26 10:51:00 - INFO - Found credentials in shared credentials file: ~/.aws/credentials
2025-06-26 10:51:00 - INFO - Found credentials in shared credentials file: ~/.aws/credentials
2025-06-26 10:51:00 - INFO - Found credentials in shared credentials file: ~/.aws/credentials
2025-06-26 10:51:00 - INFO - Found credentials in shared credentials file: ~/.aws/credentials
2025-06-26 10:51:00 - INFO - Found credentials in shared credentials file: ~/.aws/credentials
2025-06-26 10:51:00 - INFO - Found credentials in shared credentials file: ~/.aws/credentials
2025-06-26 10:51:00 - INFO - Found credentials in shared credentials file: ~/.aws/credentials
2025-06-26 10:51:00 - INFO - Found credentials in shared credentials file: ~/.aws/credentials
2025-06-26 10:51:00 - INFO - Found credentials in shared credentials file: ~/.aws/credentials
2025-06-26 10:51:00 - INFO - Found credentials in shared credentials file: ~/.aws/credentials
2025-06-26 10:51:00 - INFO - Found credentials in shared credentials file: ~/.aws/credentials
2025-06-26 10:51:00 - INFO - Found credentials in shared credentials file: ~/.aws/credentials
2025-06-26 10:51:00 - INFO - Found credentials in shared credentials file: ~/.aws/credentials
2025-06-26 10:51:00 - INFO - Found credentials in shared credentials file: ~/.aws/credentials
2025-06-26 10:51:01 - INFO - Found credentials in shared credentials file: ~/.aws/credentials
2025-06-26 10:51:01 - INFO - Found credentials in shared credentials file: ~/.aws/credentials
2025-06-26 10:51:01 - INFO - Found credentials in shared credentials file: ~/.aws/credentials
2025-06-26 10:51:01 - INFO - Found credentials in shared credentials file: ~/.aws/credentials
2025-06-26 10:51:01 - INFO - Found credentials in shared credentials file: ~/.aws/credentials
2025-06-26 10:51:01 - INFO - Found credentials in shared credentials file: ~/.aws/credentials
2025-06-26 10:51:01 - INFO - Found credentials in shared credentials file: ~/.aws/credentials
2025-06-26 10:51:01 - INFO - Found credentials in shared credentials file: ~/.aws/credentials
2025-06-26 10:51:01 - INFO - Found credentials in shared credentials file: ~/.aws/credentials
2025-06-26 10:51:01 - INFO - Found credentials in shared credentials file: ~/.aws/credentials
2025-06-26 10:51:01 - INFO - Found credentials in shared credentials file: ~/.aws/credentials
2025-06-26 10:51:01 - INFO - Found credentials in shared credentials file: ~/.aws/credentials
2025-06-26 10:51:01 - INFO - Found credentials in shared credentials file: ~/.aws/credentials
2025-06-26 10:51:01 - INFO - Found credentials in shared credentials file: ~/.aws/credentials
2025-06-26 10:51:01 - INFO - Found credentials in shared credentials file: ~/.aws/credentials
2025-06-26 10:51:01 - INFO - Found credentials in shared credentials file: ~/.aws/credentials
2025-06-26 10:51:01 - INFO - Found credentials in shared credentials file: ~/.aws/credentials
2025-06-26 10:51:01 - INFO - Found credentials in shared credentials file: ~/.aws/credentials
2025-06-26 10:51:01 - INFO - Found credentials in shared credentials file: ~/.aws/credentials
2025-06-26 10:51:01 - INFO - Found credentials in shared credentials file: ~/.aws/credentials
2025-06-26 10:51:01 - INFO - Found credentials in shared credentials file: ~/.aws/credentials
2025-06-26 10:51:01 - INFO - Found credentials in shared credentials file: ~/.aws/credentials
2025-06-26 10:51:01 - INFO - Found credentials in shared credentials file: ~/.aws/credentials
2025-06-26 10:51:01 - INFO - Found credentials in shared credentials file: ~/.aws/credentials
2025-06-26 10:51:01 - INFO - Found credentials in shared credentials file: ~/.aws/credentials
2025-06-26 10:51:01 - INFO - Found credentials in shared credentials file: ~/.aws/credentials
2025-06-26 10:51:01 - INFO - Found credentials in shared credentials file: ~/.aws/credentials
2025-06-26 10:51:01 - INFO - Found credentials in shared credentials file: ~/.aws/credentials
2025-06-26 10:51:01 - INFO - Found credentials in shared credentials file: ~/.aws/credentials
2025-06-26 10:51:02 - INFO - Found credentials in shared credentials file: ~/.aws/credentials
2025-06-26 10:51:02 - INFO - Found credentials in shared credentials file: ~/.aws/credentials
2025-06-26 10:51:02 - INFO - Found credentials in shared credentials file: ~/.aws/credentials
2025-06-26 10:51:02 - INFO - Found credentials in shared credentials file: ~/.aws/credentials
2025-06-26 10:51:04 - INFO - Found credentials in shared credentials file: ~/.aws/credentials
2025-06-26 10:51:04 - INFO - Found credentials in shared credentials file: ~/.aws/credentials
2025-06-26 10:51:04 - INFO - Found credentials in shared credentials file: ~/.aws/credentials
2025-06-26 10:51:04 - INFO - Found credentials in shared credentials file: ~/.aws/credentials
2025-06-26 10:51:04 - INFO - Found credentials in shared credentials file: ~/.aws/credentials
2025-06-26 10:51:04 - INFO - Found credentials in shared credentials file: ~/.aws/credentials
2025-06-26 10:51:04 - INFO - Found credentials in shared credentials file: ~/.aws/credentials
2025-06-26 10:51:04 - INFO - Found credentials in shared credentials file: ~/.aws/credentials
2025-06-26 10:51:04 - INFO - Found credentials in shared credentials file: ~/.aws/credentials
2025-06-26 10:51:04 - INFO - Found credentials in shared credentials file: ~/.aws/credentials
2025-06-26 10:51:04 - INFO - Found credentials in shared credentials file: ~/.aws/credentials
2025-06-26 10:51:04 - INFO - Found credentials in shared credentials file: ~/.aws/credentials
2025-06-26 10:51:04 - INFO - Found credentials in shared credentials file: ~/.aws/credentials
2025-06-26 10:51:04 - INFO - Found credentials in shared credentials file: ~/.aws/credentials
2025-06-26 10:51:04 - INFO - Found credentials in shared credentials file: ~/.aws/credentials
2025-06-26 10:51:04 - INFO - Found credentials in shared credentials file: ~/.aws/credentials
2025-06-26 10:51:04 - INFO - Found credentials in shared credentials file: ~/.aws/credentials
2025-06-26 10:51:04 - INFO - Found credentials in shared credentials file: ~/.aws/credentials
2025-06-26 10:51:04 - INFO - Found credentials in shared credentials file: ~/.aws/credentials
2025-06-26 10:51:04 - INFO - Found credentials in shared credentials file: ~/.aws/credentials
2025-06-26 10:51:04 - INFO - Found credentials in shared credentials file: ~/.aws/credentials
2025-06-26 10:51:04 - INFO - Found credentials in shared credentials file: ~/.aws/credentials
2025-06-26 10:51:04 - INFO - Found credentials in shared credentials file: ~/.aws/credentials
2025-06-26 10:51:05 - INFO - Found credentials in shared credentials file: ~/.aws/credentials
2025-06-26 10:51:05 - INFO - Found credentials in shared credentials file: ~/.aws/credentials
2025-06-26 10:51:05 - INFO - Found credentials in shared credentials file: ~/.aws/credentials
2025-06-26 10:51:05 - INFO - Found credentials in shared credentials file: ~/.aws/credentials
2025-06-26 10:51:05 - INFO - Found credentials in shared credentials file: ~/.aws/credentials
2025-06-26 10:51:05 - INFO - Found credentials in shared credentials file: ~/.aws/credentials
2025-06-26 10:51:05 - INFO - Found credentials in shared credentials file: ~/.aws/credentials
2025-06-26 10:51:05 - INFO - Found credentials in shared credentials file: ~/.aws/credentials
2025-06-26 10:51:05 - INFO - Found credentials in shared credentials file: ~/.aws/credentials
2025-06-26 10:51:05 - INFO - Found credentials in shared credentials file: ~/.aws/credentials
2025-06-26 10:51:05 - INFO - Found credentials in shared credentials file: ~/.aws/credentials
2025-06-26 10:51:05 - INFO - Found credentials in shared credentials file: ~/.aws/credentials
2025-06-26 10:51:05 - INFO - Found credentials in shared credentials file: ~/.aws/credentials
2025-06-26 10:51:05 - INFO - Found credentials in shared credentials file: ~/.aws/credentials
2025-06-26 10:51:05 - INFO - Found credentials in shared credentials file: ~/.aws/credentials
2025-06-26 10:51:05 - INFO - Found credentials in shared credentials file: ~/.aws/credentials
2025-06-26 10:51:05 - INFO - Found credentials in shared credentials file: ~/.aws/credentials
2025-06-26 10:51:05 - INFO - Found credentials in shared credentials file: ~/.aws/credentials
2025-06-26 10:51:05 - INFO - Found credentials in shared credentials file: ~/.aws/credentials
2025-06-26 10:51:05 - INFO - Found credentials in shared credentials file: ~/.aws/credentials
2025-06-26 10:51:05 - INFO - Found credentials in shared credentials file: ~/.aws/credentials
2025-06-26 10:51:05 - INFO - Found credentials in shared credentials file: ~/.aws/credentials
2025-06-26 10:51:06 - INFO - Found credentials in shared credentials file: ~/.aws/credentials
2025-06-26 10:51:06 - INFO - Found credentials in shared credentials file: ~/.aws/credentials
2025-06-26 10:51:06 - INFO - Found credentials in shared credentials file: ~/.aws/credentials
2025-06-26 10:51:06 - INFO - Found credentials in shared credentials file: ~/.aws/credentials
2025-06-26 10:51:06 - INFO - Found credentials in shared credentials file: ~/.aws/credentials
2025-06-26 10:51:06 - INFO - Found credentials in shared credentials file: ~/.aws/credentials
2025-06-26 10:51:08 - INFO - Found credentials in shared credentials file: ~/.aws/credentials
2025-06-26 10:51:08 - INFO - Found credentials in shared credentials file: ~/.aws/credentials
2025-06-26 10:51:08 - INFO - Found credentials in shared credentials file: ~/.aws/credentials
2025-06-26 10:51:08 - INFO - Found credentials in shared credentials file: ~/.aws/credentials
2025-06-26 10:51:08 - INFO - Found credentials in shared credentials file: ~/.aws/credentials
2025-06-26 10:51:08 - INFO - Found credentials in shared credentials file: ~/.aws/credentials
2025-06-26 10:51:08 - INFO - Found credentials in shared credentials file: ~/.aws/credentials
2025-06-26 10:51:08 - INFO - Found credentials in shared credentials file: ~/.aws/credentials
2025-06-26 10:51:08 - INFO - Found credentials in shared credentials file: ~/.aws/credentials
2025-06-26 10:51:08 - INFO - Found credentials in shared credentials file: ~/.aws/credentials
2025-06-26 10:51:08 - INFO - Found credentials in shared credentials file: ~/.aws/credentials
2025-06-26 10:51:09 - INFO - Found credentials in shared credentials file: ~/.aws/credentials
2025-06-26 10:51:09 - INFO - Found credentials in shared credentials file: ~/.aws/credentials
2025-06-26 10:51:09 - INFO - Found credentials in shared credentials file: ~/.aws/credentials
2025-06-26 10:51:09 - INFO - Found credentials in shared credentials file: ~/.aws/credentials
2025-06-26 10:51:09 - INFO - Found credentials in shared credentials file: ~/.aws/credentials
2025-06-26 10:51:09 - INFO - Found credentials in shared credentials file: ~/.aws/credentials
2025-06-26 10:51:09 - INFO - Found credentials in shared credentials file: ~/.aws/credentials
2025-06-26 10:51:09 - INFO - Found credentials in shared credentials file: ~/.aws/credentials
2025-06-26 10:51:09 - INFO - Found credentials in shared credentials file: ~/.aws/credentials
2025-06-26 10:51:09 - INFO - Found credentials in shared credentials file: ~/.aws/credentials
2025-06-26 10:51:09 - INFO - Found credentials in shared credentials file: ~/.aws/credentials
2025-06-26 10:51:09 - INFO - Found credentials in shared credentials file: ~/.aws/credentials
2025-06-26 10:51:09 - INFO - Found credentials in shared credentials file: ~/.aws/credentials
2025-06-26 10:51:09 - INFO - Found credentials in shared credentials file: ~/.aws/credentials
2025-06-26 10:51:09 - INFO - Found credentials in shared credentials file: ~/.aws/credentials
2025-06-26 10:51:09 - INFO - Found credentials in shared credentials file: ~/.aws/credentials
2025-06-26 10:51:09 - INFO - Found credentials in shared credentials file: ~/.aws/credentials
2025-06-26 10:51:09 - INFO - Found credentials in shared credentials file: ~/.aws/credentials
2025-06-26 10:51:10 - INFO - Found credentials in shared credentials file: ~/.aws/credentials
2025-06-26 10:51:10 - INFO - Found credentials in shared credentials file: ~/.aws/credentials
2025-06-26 10:51:10 - INFO - Found credentials in shared credentials file: ~/.aws/credentials
2025-06-26 10:51:10 - INFO - Found credentials in shared credentials file: ~/.aws/credentials
2025-06-26 10:51:10 - INFO - Found credentials in shared credentials file: ~/.aws/credentials
2025-06-26 10:51:10 - INFO - Found credentials in shared credentials file: ~/.aws/credentials
2025-06-26 10:51:10 - INFO - Found credentials in shared credentials file: ~/.aws/credentials
2025-06-26 10:51:10 - INFO - Found credentials in shared credentials file: ~/.aws/credentials
2025-06-26 10:51:10 - INFO - Found credentials in shared credentials file: ~/.aws/credentials
2025-06-26 10:51:10 - INFO - Found credentials in shared credentials file: ~/.aws/credentials
2025-06-26 10:51:10 - INFO - Found credentials in shared credentials file: ~/.aws/credentials
2025-06-26 10:51:10 - INFO - Found credentials in shared credentials file: ~/.aws/credentials
2025-06-26 10:51:10 - INFO - Found credentials in shared credentials file: ~/.aws/credentials
2025-06-26 10:51:10 - INFO - Found credentials in shared credentials file: ~/.aws/credentials
2025-06-26 10:51:10 - INFO - Found credentials in shared credentials file: ~/.aws/credentials
2025-06-26 10:51:10 - INFO - Found credentials in shared credentials file: ~/.aws/credentials
2025-06-26 10:51:10 - INFO - Found credentials in shared credentials file: ~/.aws/credentials
2025-06-26 10:51:10 - INFO - Found credentials in shared credentials file: ~/.aws/credentials
2025-06-26 10:51:10 - INFO - Found credentials in shared credentials file: ~/.aws/credentials
2025-06-26 10:51:10 - INFO - Found credentials in shared credentials file: ~/.aws/credentials
2025-06-26 10:51:10 - INFO - Found credentials in shared credentials file: ~/.aws/credentials
2025-06-26 10:51:10 - INFO - Found credentials in shared credentials file: ~/.aws/credentials
2025-06-26 10:51:10 - INFO - Found credentials in shared credentials file: ~/.aws/credentials
2025-06-26 10:51:10 - INFO - Found credentials in shared credentials file: ~/.aws/credentials
2025-06-26 10:51:11 - INFO - Found credentials in shared credentials file: ~/.aws/credentials
2025-06-26 10:51:11 - INFO - Found credentials in shared credentials file: ~/.aws/credentials
2025-06-26 10:51:11 - INFO - Found credentials in shared credentials file: ~/.aws/credentials
2025-06-26 10:51:11 - INFO - Found credentials in shared credentials file: ~/.aws/credentials
2025-06-26 10:51:11 - INFO - Found credentials in shared credentials file: ~/.aws/credentials
2025-06-26 10:51:11 - INFO - Found credentials in shared credentials file: ~/.aws/credentials
2025-06-26 10:51:14 - INFO - Found credentials in shared credentials file: ~/.aws/credentials
2025-06-26 10:51:14 - INFO - Found credentials in shared credentials file: ~/.aws/credentials
2025-06-26 10:51:14 - INFO - Found credentials in shared credentials file: ~/.aws/credentials
2025-06-26 10:51:14 - INFO - Found credentials in shared credentials file: ~/.aws/credentials
2025-06-26 10:51:14 - INFO - Found credentials in shared credentials file: ~/.aws/credentials
2025-06-26 10:52:08 - INFO - Updating file: results/results_lucas_sa-east-1_300.csv
2025-06-26 10:52:08 - INFO - Updating file: results/results_lucas_sa-east-1_300.csv
2025-06-26 10:52:08 - INFO - Updating file: results/results_lucas_sa-east-1_300.csv
2025-06-26 10:52:08 - INFO - Updating file: results/results_lucas_sa-east-1_300.csv
2025-06-26 10:52:09 - INFO - Updating file: results/results_lucas_sa-east-1_300.csv
2025-06-26 10:52:09 - INFO - Updating file: results/results_lucas_sa-east-1_300.csv
2025-06-26 10:52:09 - INFO - Updating file: results/results_lucas_sa-east-1_300.csv
2025-06-26 10:52:09 - INFO - Updating file: results/results_lucas_sa-east-1_300.csv
2025-06-26 10:52:09 - INFO - Updating file: results/results_lucas_sa-east-1_300.csv
2025-06-26 10:52:09 - INFO - Updating file: results/results_lucas_sa-east-1_300.csv
2025-06-26 10:52:10 - INFO - Updating file: results/results_lucas_sa-east-1_300.csv
2025-06-26 10:52:10 - INFO - Updating file: results/results_lucas_sa-east-1_300.csv
2025-06-26 10:52:10 - INFO - Updating file: results/results_lucas_sa-east-1_300.csv
2025-06-26 10:52:10 - INFO - Updating file: results/results_lucas_sa-east-1_300.csv
2025-06-26 10:52:10 - INFO - Updating file: results/results_lucas_sa-east-1_300.csv
2025-06-26 10:52:10 - INFO - Updating file: results/results_lucas_sa-east-1_300.csv
2025-06-26 10:52:10 - INFO - Updating file: results/results_lucas_sa-east-1_300.csv
2025-06-26 10:52:11 - INFO - Updating file: results/results_lucas_sa-east-1_300.csv
2025-06-26 10:52:11 - INFO - Updating file: results/results_lucas_sa-east-1_300.csv
2025-06-26 10:52:11 - INFO - Updating file: results/results_lucas_sa-east-1_300.csv
2025-06-26 10:52:11 - INFO - Updating file: results/results_lucas_sa-east-1_300.csv
2025-06-26 10:52:11 - INFO - Updating file: results/results_lucas_sa-east-1_300.csv
2025-06-26 10:52:11 - INFO - Updating file: results/results_lucas_sa-east-1_300.csv
2025-06-26 10:52:12 - INFO - Updating file: results/results_lucas_sa-east-1_300.csv
2025-06-26 10:52:12 - INFO - Updating file: results/results_lucas_sa-east-1_300.csv
2025-06-26 10:52:12 - INFO - Updating file: results/results_lucas_sa-east-1_300.csv
2025-06-26 10:52:12 - INFO - Updating file: results/results_lucas_sa-east-1_300.csv
2025-06-26 10:52:12 - INFO - Updating file: results/results_lucas_sa-east-1_300.csv
2025-06-26 10:52:12 - INFO - Updating file: results/results_lucas_sa-east-1_300.csv
2025-06-26 10:52:12 - INFO - Updating file: results/results_lucas_sa-east-1_300.csv
2025-06-26 10:52:13 - INFO - Updating file: results/results_lucas_sa-east-1_300.csv
2025-06-26 10:52:13 - INFO - Updating file: results/results_lucas_sa-east-1_300.csv
2025-06-26 10:52:13 - INFO - Updating file: results/results_lucas_sa-east-1_300.csv
2025-06-26 10:52:13 - INFO - Updating file: results/results_lucas_sa-east-1_300.csv
2025-06-26 10:52:13 - INFO - Updating file: results/results_lucas_sa-east-1_300.csv
2025-06-26 10:52:13 - INFO - Updating file: results/results_lucas_sa-east-1_300.csv
2025-06-26 10:52:25 - INFO - Updating file: results/results_lucas_sa-east-1_300.csv
2025-06-26 10:52:25 - INFO - Updating file: results/results_lucas_sa-east-1_300.csv
2025-06-26 10:52:25 - INFO - Updating file: results/results_lucas_sa-east-1_300.csv
2025-06-26 10:52:25 - INFO - Updating file: results/results_lucas_sa-east-1_300.csv
2025-06-26 10:52:25 - INFO - Updating file: results/results_lucas_sa-east-1_300.csv
2025-06-26 10:52:25 - INFO - Updating file: results/results_lucas_sa-east-1_300.csv
2025-06-26 10:52:26 - INFO - Updating file: results/results_lucas_sa-east-1_300.csv
2025-06-26 10:52:26 - INFO - Updating file: results/results_lucas_sa-east-1_300.csv
2025-06-26 10:52:26 - INFO - Updating file: results/results_lucas_sa-east-1_300.csv
2025-06-26 10:52:26 - INFO - Updating file: results/results_lucas_sa-east-1_300.csv
2025-06-26 10:52:26 - INFO - Updating file: results/results_lucas_sa-east-1_300.csv
2025-06-26 10:52:26 - INFO - Updating file: results/results_lucas_sa-east-1_300.csv
2025-06-26 10:52:26 - INFO - Updating file: results/results_lucas_sa-east-1_300.csv
2025-06-26 10:52:26 - INFO - Updating file: results/results_lucas_sa-east-1_300.csv
2025-06-26 10:52:26 - INFO - Updating file: results/results_lucas_sa-east-1_300.csv
2025-06-26 10:52:26 - INFO - Updating file: results/results_lucas_sa-east-1_300.csv
2025-06-26 10:52:26 - INFO - Updating file: results/results_lucas_sa-east-1_300.csv
2025-06-26 10:52:26 - INFO - Updating file: results/results_lucas_sa-east-1_300.csv
2025-06-26 10:52:26 - INFO - Updating file: results/results_lucas_sa-east-1_300.csv
2025-06-26 10:52:26 - INFO - Updating file: results/results_lucas_sa-east-1_300.csv
2025-06-26 10:52:26 - INFO - Updating file: results/results_lucas_sa-east-1_300.csv
2025-06-26 10:52:26 - INFO - Updating file: results/results_lucas_sa-east-1_300.csv
2025-06-26 10:52:27 - INFO - Updating file: results/results_lucas_sa-east-1_300.csv
2025-06-26 10:52:27 - INFO - Updating file: results/results_lucas_sa-east-1_300.csv
2025-06-26 10:52:27 - INFO - Updating file: results/results_lucas_sa-east-1_300.csv
2025-06-26 10:52:27 - INFO - Updating file: results/results_lucas_sa-east-1_300.csv
2025-06-26 10:52:27 - INFO - Updating file: results/results_lucas_sa-east-1_300.csv
2025-06-26 10:52:27 - INFO - Updating file: results/results_lucas_sa-east-1_300.csv
2025-06-26 10:52:27 - INFO - Updating file: results/results_lucas_sa-east-1_300.csv
2025-06-26 10:52:27 - INFO - Updating file: results/results_lucas_sa-east-1_300.csv
2025-06-26 10:52:27 - INFO - Updating file: results/results_lucas_sa-east-1_300.csv
2025-06-26 10:52:27 - INFO - Updating file: results/results_lucas_sa-east-1_300.csv
2025-06-26 10:52:27 - INFO - Updating file: results/results_lucas_sa-east-1_300.csv
2025-06-26 10:52:27 - INFO - Updating file: results/results_lucas_sa-east-1_300.csv
2025-06-26 10:52:27 - INFO - Updating file: results/results_lucas_sa-east-1_300.csv
2025-06-26 10:52:27 - INFO - Updating file: results/results_lucas_sa-east-1_300.csv
2025-06-26 10:52:27 - INFO - Updating file: results/results_lucas_sa-east-1_300.csv
2025-06-26 10:52:27 - INFO - Updating file: results/results_lucas_sa-east-1_300.csv
2025-06-26 10:52:27 - INFO - Updating file: results/results_lucas_sa-east-1_300.csv
2025-06-26 10:52:27 - INFO - Updating file: results/results_lucas_sa-east-1_300.csv
2025-06-26 10:52:27 - INFO - Updating file: results/results_lucas_sa-east-1_300.csv
2025-06-26 10:52:27 - INFO - Updating file: results/results_lucas_sa-east-1_300.csv
2025-06-26 10:52:27 - INFO - Updating file: results/results_lucas_sa-east-1_300.csv
2025-06-26 10:52:27 - INFO - Updating file: results/results_lucas_sa-east-1_300.csv
2025-06-26 10:52:27 - INFO - Updating file: results/results_lucas_sa-east-1_300.csv
2025-06-26 10:52:27 - INFO - Updating file: results/results_lucas_sa-east-1_300.csv
2025-06-26 10:52:27 - INFO - Updating file: results/results_lucas_sa-east-1_300.csv
2025-06-26 10:52:27 - INFO - Updating file: results/results_lucas_sa-east-1_300.csv
2025-06-26 10:52:27 - INFO - Updating file: results/results_lucas_sa-east-1_300.csv
2025-06-26 10:52:27 - INFO - Updating file: results/results_lucas_sa-east-1_300.csv
2025-06-26 10:52:27 - INFO - Updating file: results/results_lucas_sa-east-1_300.csv
2025-06-26 10:52:27 - INFO - Updating file: results/results_lucas_sa-east-1_300.csv
2025-06-26 10:52:27 - INFO - Updating file: results/results_lucas_sa-east-1_300.csv
2025-06-26 10:52:27 - INFO - Updating file: results/results_lucas_sa-east-1_300.csv
2025-06-26 10:52:27 - INFO - Updating file: results/results_lucas_sa-east-1_300.csv
2025-06-26 10:52:27 - INFO - Updating file: results/results_lucas_sa-east-1_300.csv
2025-06-26 10:52:27 - INFO - Updating file: results/results_lucas_sa-east-1_300.csv
2025-06-26 10:52:27 - INFO - Updating file: results/results_lucas_sa-east-1_300.csv
2025-06-26 10:52:27 - INFO - Updating file: results/results_lucas_sa-east-1_300.csv
2025-06-26 10:52:27 - INFO - Updating file: results/results_lucas_sa-east-1_300.csv
2025-06-26 10:52:27 - INFO - Updating file: results/results_lucas_sa-east-1_300.csv
2025-06-26 10:52:27 - INFO - Updating file: results/results_lucas_sa-east-1_300.csv
2025-06-26 10:52:27 - INFO - Updating file: results/results_lucas_sa-east-1_300.csv
2025-06-26 10:52:27 - INFO - Updating file: results/results_lucas_sa-east-1_300.csv
2025-06-26 10:52:27 - INFO - Updating file: results/results_lucas_sa-east-1_300.csv
2025-06-26 10:52:27 - INFO - Updating file: results/results_lucas_sa-east-1_300.csv
2025-06-26 10:52:27 - INFO - Updating file: results/results_lucas_sa-east-1_300.csv
2025-06-26 10:52:27 - INFO - Updating file: results/results_lucas_sa-east-1_300.csv
2025-06-26 10:52:27 - INFO - Updating file: results/results_lucas_sa-east-1_300.csv
2025-06-26 10:52:27 - INFO - Updating file: results/results_lucas_sa-east-1_300.csv
2025-06-26 10:52:27 - INFO - Updating file: results/results_lucas_sa-east-1_300.csv
2025-06-26 10:52:27 - INFO - Updating file: results/results_lucas_sa-east-1_300.csv
2025-06-26 10:52:27 - INFO - Updating file: results/results_lucas_sa-east-1_300.csv
2025-06-26 10:52:27 - INFO - Updating file: results/results_lucas_sa-east-1_300.csv
2025-06-26 10:52:27 - INFO - Updating file: results/results_lucas_sa-east-1_300.csv
2025-06-26 10:52:27 - INFO - Updating file: results/results_lucas_sa-east-1_300.csv
2025-06-26 10:52:28 - INFO - Updating file: results/results_lucas_sa-east-1_300.csv
2025-06-26 10:52:28 - INFO - Updating file: results/results_lucas_sa-east-1_300.csv
2025-06-26 10:52:28 - INFO - Updating file: results/results_lucas_sa-east-1_300.csv
2025-06-26 10:52:28 - INFO - Updating file: results/results_lucas_sa-east-1_300.csv
2025-06-26 10:52:28 - INFO - Updating file: results/results_lucas_sa-east-1_300.csv
2025-06-26 10:52:28 - INFO - Updating file: results/results_lucas_sa-east-1_300.csv
2025-06-26 10:52:28 - INFO - Updating file: results/results_lucas_sa-east-1_300.csv
2025-06-26 10:52:28 - INFO - Updating file: results/results_lucas_sa-east-1_300.csv
2025-06-26 10:52:28 - INFO - Updating file: results/results_lucas_sa-east-1_300.csv
2025-06-26 10:52:28 - INFO - Updating file: results/results_lucas_sa-east-1_300.csv
2025-06-26 10:52:28 - INFO - Updating file: results/results_lucas_sa-east-1_300.csv
2025-06-26 10:52:28 - INFO - Updating file: results/results_lucas_sa-east-1_300.csv
2025-06-26 10:52:28 - INFO - Updating file: results/results_lucas_sa-east-1_300.csv
2025-06-26 10:52:28 - INFO - Updating file: results/results_lucas_sa-east-1_300.csv
2025-06-26 10:52:28 - INFO - Updating file: results/results_lucas_sa-east-1_300.csv
2025-06-26 10:52:28 - INFO - Updating file: results/results_lucas_sa-east-1_300.csv
2025-06-26 10:52:28 - INFO - Updating file: results/results_lucas_sa-east-1_300.csv
2025-06-26 10:52:28 - INFO - Updating file: results/results_lucas_sa-east-1_300.csv
2025-06-26 10:52:28 - INFO - Updating file: results/results_lucas_sa-east-1_300.csv
2025-06-26 10:52:28 - INFO - Updating file: results/results_lucas_sa-east-1_300.csv
2025-06-26 10:52:28 - INFO - Updating file: results/results_lucas_sa-east-1_300.csv
2025-06-26 10:52:28 - INFO - Updating file: results/results_lucas_sa-east-1_300.csv
2025-06-26 10:52:28 - INFO - Updating file: results/results_lucas_sa-east-1_300.csv
2025-06-26 10:52:28 - INFO - Updating file: results/results_lucas_sa-east-1_300.csv
2025-06-26 10:52:28 - INFO - Updating file: results/results_lucas_sa-east-1_300.csv
2025-06-26 10:52:28 - INFO - Updating file: results/results_lucas_sa-east-1_300.csv
2025-06-26 10:52:28 - INFO - Updating file: results/results_lucas_sa-east-1_300.csv
2025-06-26 10:52:28 - INFO - Updating file: results/results_lucas_sa-east-1_300.csv
2025-06-26 10:52:28 - INFO - Updating file: results/results_lucas_sa-east-1_300.csv
2025-06-26 10:52:28 - INFO - Updating file: results/results_lucas_sa-east-1_300.csv
2025-06-26 10:52:28 - INFO - Updating file: results/results_lucas_sa-east-1_300.csv
2025-06-26 10:52:28 - INFO - Updating file: results/results_lucas_sa-east-1_300.csv
2025-06-26 10:52:28 - INFO - Updating file: results/results_lucas_sa-east-1_300.csv
2025-06-26 10:52:28 - INFO - Updating file: results/results_lucas_sa-east-1_300.csv
2025-06-26 10:52:28 - INFO - Updating file: results/results_lucas_sa-east-1_300.csv
2025-06-26 10:52:28 - INFO - Updating file: results/results_lucas_sa-east-1_300.csv
2025-06-26 10:52:28 - INFO - Updating file: results/results_lucas_sa-east-1_300.csv
2025-06-26 10:52:28 - INFO - Updating file: results/results_lucas_sa-east-1_300.csv
2025-06-26 10:52:28 - INFO - Updating file: results/results_lucas_sa-east-1_300.csv
2025-06-26 10:52:28 - INFO - Updating file: results/results_lucas_sa-east-1_300.csv
2025-06-26 10:52:28 - INFO - Updating file: results/results_lucas_sa-east-1_300.csv
2025-06-26 10:52:28 - INFO - Updating file: results/results_lucas_sa-east-1_300.csv
2025-06-26 10:52:28 - INFO - Updating file: results/results_lucas_sa-east-1_300.csv
2025-06-26 10:52:28 - INFO - Updating file: results/results_lucas_sa-east-1_300.csv
2025-06-26 10:52:28 - INFO - Updating file: results/results_lucas_sa-east-1_300.csv
2025-06-26 10:52:28 - INFO - Updating file: results/results_lucas_sa-east-1_300.csv
2025-06-26 10:52:28 - INFO - Updating file: results/results_lucas_sa-east-1_300.csv
2025-06-26 10:52:28 - INFO - Updating file: results/results_lucas_sa-east-1_300.csv
2025-06-26 10:52:28 - INFO - Updating file: results/results_lucas_sa-east-1_300.csv
2025-06-26 10:52:28 - INFO - Updating file: results/results_lucas_sa-east-1_300.csv
2025-06-26 10:52:28 - INFO - Updating file: results/results_lucas_sa-east-1_300.csv
2025-06-26 10:52:28 - INFO - Updating file: results/results_lucas_sa-east-1_300.csv
2025-06-26 10:52:28 - INFO - Updating file: results/results_lucas_sa-east-1_300.csv
2025-06-26 10:52:28 - INFO - Updating file: results/results_lucas_sa-east-1_300.csv
2025-06-26 10:52:28 - INFO - Updating file: results/results_lucas_sa-east-1_300.csv
2025-06-26 10:52:28 - INFO - Updating file: results/results_lucas_sa-east-1_300.csv
2025-06-26 10:52:28 - INFO - Updating file: results/results_lucas_sa-east-1_300.csv
2025-06-26 10:52:28 - INFO - Updating file: results/results_lucas_sa-east-1_300.csv
2025-06-26 10:52:28 - INFO - Updating file: results/results_lucas_sa-east-1_300.csv
2025-06-26 10:52:28 - INFO - Updating file: results/results_lucas_sa-east-1_300.csv
2025-06-26 10:52:28 - INFO - Updating file: results/results_lucas_sa-east-1_300.csv
2025-06-26 10:52:29 - INFO - Updating file: results/results_lucas_sa-east-1_300.csv
2025-06-26 10:52:29 - INFO - Updating file: results/results_lucas_sa-east-1_300.csv
2025-06-26 10:52:29 - INFO - Updating file: results/results_lucas_sa-east-1_300.csv
2025-06-26 10:52:29 - INFO - Updating file: results/results_lucas_sa-east-1_300.csv
2025-06-26 10:52:29 - INFO - Updating file: results/results_lucas_sa-east-1_300.csv
2025-06-26 10:52:29 - INFO - Updating file: results/results_lucas_sa-east-1_300.csv
2025-06-26 10:52:29 - INFO - Updating file: results/results_lucas_sa-east-1_300.csv
2025-06-26 10:52:29 - INFO - Updating file: results/results_lucas_sa-east-1_300.csv
2025-06-26 10:52:29 - INFO - Updating file: results/results_lucas_sa-east-1_300.csv
2025-06-26 10:52:29 - INFO - Updating file: results/results_lucas_sa-east-1_300.csv
2025-06-26 10:52:29 - INFO - Updating file: results/results_lucas_sa-east-1_300.csv
2025-06-26 10:52:29 - INFO - Updating file: results/results_lucas_sa-east-1_300.csv
2025-06-26 10:52:29 - INFO - Updating file: results/results_lucas_sa-east-1_300.csv
2025-06-26 10:52:29 - INFO - Updating file: results/results_lucas_sa-east-1_300.csv
2025-06-26 10:52:29 - INFO - Updating file: results/results_lucas_sa-east-1_300.csv
2025-06-26 10:52:29 - INFO - Updating file: results/results_lucas_sa-east-1_300.csv
2025-06-26 10:52:29 - INFO - Updating file: results/results_lucas_sa-east-1_300.csv
2025-06-26 10:52:29 - INFO - Updating file: results/results_lucas_sa-east-1_300.csv
2025-06-26 10:52:29 - INFO - Updating file: results/results_lucas_sa-east-1_300.csv
2025-06-26 10:52:29 - INFO - Updating file: results/results_lucas_sa-east-1_300.csv
2025-06-26 10:52:29 - INFO - Updating file: results/results_lucas_sa-east-1_300.csv
2025-06-26 10:52:29 - INFO - Updating file: results/results_lucas_sa-east-1_300.csv
2025-06-26 10:52:29 - INFO - Updating file: results/results_lucas_sa-east-1_300.csv
2025-06-26 10:52:29 - INFO - Updating file: results/results_lucas_sa-east-1_300.csv
2025-06-26 10:52:29 - INFO - Updating file: results/results_lucas_sa-east-1_300.csv
2025-06-26 10:52:29 - INFO - Updating file: results/results_lucas_sa-east-1_300.csv
2025-06-26 10:52:29 - INFO - Updating file: results/results_lucas_sa-east-1_300.csv
2025-06-26 10:52:29 - INFO - Updating file: results/results_lucas_sa-east-1_300.csv
2025-06-26 10:52:29 - INFO - Updating file: results/results_lucas_sa-east-1_300.csv
2025-06-26 10:52:29 - INFO - Updating file: results/results_lucas_sa-east-1_300.csv
2025-06-26 10:52:29 - INFO - Updating file: results/results_lucas_sa-east-1_300.csv
2025-06-26 10:52:29 - INFO - Updating file: results/results_lucas_sa-east-1_300.csv
2025-06-26 10:52:29 - INFO - Updating file: results/results_lucas_sa-east-1_300.csv
2025-06-26 10:52:29 - INFO - Updating file: results/results_lucas_sa-east-1_300.csv
2025-06-26 10:52:29 - INFO - Updating file: results/results_lucas_sa-east-1_300.csv
2025-06-26 10:52:29 - INFO - Updating file: results/results_lucas_sa-east-1_300.csv
2025-06-26 10:52:29 - INFO - Updating file: results/results_lucas_sa-east-1_300.csv
2025-06-26 10:52:29 - INFO - Updating file: results/results_lucas_sa-east-1_300.csv
2025-06-26 10:52:29 - INFO - Updating file: results/results_lucas_sa-east-1_300.csv
2025-06-26 10:52:29 - INFO - Updating file: results/results_lucas_sa-east-1_300.csv
2025-06-26 10:52:29 - INFO - Updating file: results/results_lucas_sa-east-1_300.csv
2025-06-26 10:52:29 - INFO - Updating file: results/results_lucas_sa-east-1_300.csv
2025-06-26 10:52:29 - INFO - Updating file: results/results_lucas_sa-east-1_300.csv
2025-06-26 10:52:29 - INFO - Updating file: results/results_lucas_sa-east-1_300.csv
2025-06-26 10:52:29 - INFO - Updating file: results/results_lucas_sa-east-1_300.csv
2025-06-26 10:52:29 - INFO - Updating file: results/results_lucas_sa-east-1_300.csv
2025-06-26 10:52:29 - INFO - Updating file: results/results_lucas_sa-east-1_300.csv
2025-06-26 10:52:29 - INFO - Updating file: results/results_lucas_sa-east-1_300.csv
2025-06-26 10:52:29 - INFO - Updating file: results/results_lucas_sa-east-1_300.csv
2025-06-26 10:52:29 - INFO - Updating file: results/results_lucas_sa-east-1_300.csv
2025-06-26 10:52:29 - INFO - Updating file: results/results_lucas_sa-east-1_300.csv
2025-06-26 10:52:29 - INFO - Updating file: results/results_lucas_sa-east-1_300.csv
2025-06-26 10:52:29 - INFO - Updating file: results/results_lucas_sa-east-1_300.csv
2025-06-26 10:52:29 - INFO - Updating file: results/results_lucas_sa-east-1_300.csv
2025-06-26 10:52:29 - INFO - Updating file: results/results_lucas_sa-east-1_300.csv
2025-06-26 10:52:29 - INFO - Updating file: results/results_lucas_sa-east-1_300.csv
2025-06-26 10:52:29 - INFO - Updating file: results/results_lucas_sa-east-1_300.csv
2025-06-26 10:52:29 - INFO - Updating file: results/results_lucas_sa-east-1_300.csv
2025-06-26 10:52:29 - INFO - Updating file: results/results_lucas_sa-east-1_300.csv
2025-06-26 10:52:30 - INFO - Updating file: results/results_lucas_sa-east-1_300.csv
2025-06-26 10:52:30 - INFO - Updating file: results/results_lucas_sa-east-1_300.csv
2025-06-26 10:52:30 - INFO - Updating file: results/results_lucas_sa-east-1_300.csv
2025-06-26 10:52:30 - INFO - Updating file: results/results_lucas_sa-east-1_300.csv
2025-06-26 10:52:30 - INFO - Updating file: results/results_lucas_sa-east-1_300.csv
2025-06-26 10:52:30 - INFO - Updating file: results/results_lucas_sa-east-1_300.csv
2025-06-26 10:52:30 - INFO - Updating file: results/results_lucas_sa-east-1_300.csv
2025-06-26 10:52:30 - INFO - Updating file: results/results_lucas_sa-east-1_300.csv
2025-06-26 10:52:30 - INFO - Updating file: results/results_lucas_sa-east-1_300.csv
2025-06-26 10:52:30 - INFO - Updating file: results/results_lucas_sa-east-1_300.csv
2025-06-26 10:52:30 - INFO - Updating file: results/results_lucas_sa-east-1_300.csv
2025-06-26 10:52:30 - INFO - Updating file: results/results_lucas_sa-east-1_300.csv
2025-06-26 10:52:30 - INFO - Updating file: results/results_lucas_sa-east-1_300.csv
2025-06-26 10:52:30 - INFO - Updating file: results/results_lucas_sa-east-1_300.csv
2025-06-26 10:52:30 - INFO - Updating file: results/results_lucas_sa-east-1_300.csv
2025-06-26 10:52:30 - INFO - Updating file: results/results_lucas_sa-east-1_300.csv
2025-06-26 10:52:30 - INFO - Updating file: results/results_lucas_sa-east-1_300.csv
2025-06-26 10:52:30 - INFO - Updating file: results/results_lucas_sa-east-1_300.csv
2025-06-26 10:52:30 - INFO - Updating file: results/results_lucas_sa-east-1_300.csv
2025-06-26 10:52:30 - INFO - Updating file: results/results_lucas_sa-east-1_300.csv
2025-06-26 10:52:30 - INFO - Updating file: results/results_lucas_sa-east-1_300.csv
2025-06-26 10:52:30 - INFO - Updating file: results/results_lucas_sa-east-1_300.csv
2025-06-26 10:52:30 - INFO - Updating file: results/results_lucas_sa-east-1_300.csv
2025-06-26 10:52:30 - INFO - Updating file: results/results_lucas_sa-east-1_300.csv
2025-06-26 10:52:30 - INFO - Updating file: results/results_lucas_sa-east-1_300.csv
2025-06-26 10:52:30 - INFO - Updating file: results/results_lucas_sa-east-1_300.csv
2025-06-26 10:52:30 - INFO - Updating file: results/results_lucas_sa-east-1_300.csv
2025-06-26 10:52:30 - INFO - Updating file: results/results_lucas_sa-east-1_300.csv
2025-06-26 10:52:30 - INFO - Updating file: results/results_lucas_sa-east-1_300.csv
2025-06-26 10:52:30 - INFO - Updating file: results/results_lucas_sa-east-1_300.csv
2025-06-26 10:52:30 - INFO - Updating file: results/results_lucas_sa-east-1_300.csv
2025-06-26 10:52:30 - INFO - Updating file: results/results_lucas_sa-east-1_300.csv
2025-06-26 10:52:30 - INFO - Updating file: results/results_lucas_sa-east-1_300.csv
2025-06-26 10:52:30 - INFO - Updating file: results/results_lucas_sa-east-1_300.csv
2025-06-26 10:52:30 - INFO - Updating file: results/results_lucas_sa-east-1_300.csv
2025-06-26 10:52:30 - INFO - Updating file: results/results_lucas_sa-east-1_300.csv
2025-06-26 10:52:30 - INFO - Updating file: results/results_lucas_sa-east-1_300.csv
2025-06-26 10:52:30 - INFO - Updating file: results/results_lucas_sa-east-1_300.csv
2025-06-26 10:52:30 - INFO - Updating file: results/results_lucas_sa-east-1_300.csv
2025-06-26 10:52:30 - INFO - Updating file: results/results_lucas_sa-east-1_300.csv
2025-06-26 10:52:30 - INFO - Updating file: results/results_lucas_sa-east-1_300.csv
2025-06-26 10:52:30 - INFO - Updating file: results/results_lucas_sa-east-1_300.csv
2025-06-26 10:52:30 - INFO - Updating file: results/results_lucas_sa-east-1_300.csv
2025-06-26 10:52:30 - INFO - Updating file: results/results_lucas_sa-east-1_300.csv
2025-06-26 10:52:30 - INFO - Updating file: results/results_lucas_sa-east-1_300.csv
2025-06-26 10:52:30 - INFO - Updating file: results/results_lucas_sa-east-1_300.csv
2025-06-26 10:52:30 - INFO - Updating file: results/results_lucas_sa-east-1_300.csv
2025-06-26 10:52:30 - INFO - Updating file: results/results_lucas_sa-east-1_300.csv
2025-06-26 10:52:30 - INFO - Updating file: results/results_lucas_sa-east-1_300.csv
2025-06-26 10:52:30 - INFO - Updating file: results/results_lucas_sa-east-1_300.csv
2025-06-26 10:52:30 - INFO - Updating file: results/results_lucas_sa-east-1_300.csv
2025-06-26 10:52:30 - INFO - Updating file: results/results_lucas_sa-east-1_300.csv
2025-06-26 10:52:30 - INFO - Updating file: results/results_lucas_sa-east-1_300.csv
2025-06-26 10:52:30 - INFO - Updating file: results/results_lucas_sa-east-1_300.csv
2025-06-26 10:52:30 - INFO - Updating file: results/results_lucas_sa-east-1_300.csv
2025-06-26 10:52:31 - INFO - Updating file: results/results_lucas_sa-east-1_300.csv
2025-06-26 10:52:31 - INFO - Updating file: results/results_lucas_sa-east-1_300.csv
2025-06-26 10:52:31 - INFO - Updating file: results/results_lucas_sa-east-1_300.csv
2025-06-26 10:52:31 - INFO - Updating file: results/results_lucas_sa-east-1_300.csv
2025-06-26 10:52:31 - INFO - Updating file: results/results_lucas_sa-east-1_300.csv
2025-06-26 10:52:31 - INFO - Updating file: results/results_lucas_sa-east-1_300.csv
2025-06-26 10:52:31 - INFO - Updating file: results/results_lucas_sa-east-1_300.csv
2025-06-26 10:52:31 - INFO - Updating file: results/results_lucas_sa-east-1_300.csv
2025-06-26 10:52:31 - INFO - Updating file: results/results_lucas_sa-east-1_300.csv
2025-06-26 10:52:31 - INFO - Updating file: results/results_lucas_sa-east-1_300.csv
2025-06-26 10:52:31 - INFO - Updating file: results/results_lucas_sa-east-1_300.csv
2025-06-26 10:52:31 - INFO - Updating file: results/results_lucas_sa-east-1_300.csv
2025-06-26 10:52:31 - INFO - Updating file: results/results_lucas_sa-east-1_300.csv
2025-06-26 10:52:44 - INFO - All instances have been terminated.
2025-07-02 12:21:22 - INFO - Start execution in sa-east-1 Nodes=100 Benchmark=bt.A.x Allocation Strategy=lowest-price
2025-07-02 12:21:22 - INFO - Found credentials in shared credentials file: ~/.aws/credentials
2025-07-02 12:21:52 - INFO - Tempo que levou para receber response AWS: 29.128685 segundos
2025-07-02 12:21:52 - INFO - Fleet created with instances: ['i-0c3a70e0a3803a04f', 'i-088fb941df3e6380e', 'i-0deb606f0e255b08f', 'i-0f71319e950b85750', 'i-074c666cde17c342c', 'i-08d455c31f8c53c71', 'i-0d4e59064e7511e6c', 'i-000b229941448088a', 'i-0e770e042b732ece7', 'i-0502b7e9bcae15b74', 'i-0f9c470212a8a29dd', 'i-05968e01db2fd50a8', 'i-062f4298a055cdfa1', 'i-0bfe4cc0ed57f480c', 'i-04e34a39046a6ea7b', 'i-0cbe8e36e50cb0bba', 'i-0251e1ff85a9df6e9', 'i-0d751dd84f50cea8b', 'i-0b77a00300c9722c6', 'i-036affe1e2fe51045', 'i-0241a66c1f6b4f9a9', 'i-043285e70d9eb46d5', 'i-0dacec8530169cad9', 'i-0681ced4f5623bd0a', 'i-0a816802e93c5bed4', 'i-00e067dc4c48ef134', 'i-055e31952aa4367ee', 'i-0748b3ebee9706a71', 'i-0e17b219ac9f11a78', 'i-03a18387b626f9dcf', 'i-031c2b5f1dbc8c0b2', 'i-0b8171af8b7aa2e70', 'i-017fa66aa631f546a', 'i-0f10520d578f9e51f', 'i-00148cbf3c25451d8', 'i-0c64ba31a2be1c3fd', 'i-0207948ccd87da3c4', 'i-04e78707661f19e13', 'i-0edfa2897beed936d', 'i-025c3689e7eef5d17', 'i-01eb67a1ad31bfbb3', 'i-0dc944448c974f373', 'i-076615896e18536e7', 'i-04e85e5b94a7ec51a', 'i-0bdceac288f1a8ad7', 'i-05feaa94576fedd0b', 'i-0c3f68d8c601a55d0', 'i-0b52a61929e90482e', 'i-080509de104e6a492', 'i-0a5259c92969559dd', 'i-0e8556351620b3c71', 'i-0242fd72c4e90d22a', 'i-09a43e4406e70809d', 'i-019b1eaf419808b70', 'i-0bae9221e7c8b1687', 'i-0b91659d0b41995e5', 'i-08cc87865c7def1cd', 'i-0b0fad4d29e937f61', 'i-06b92f68acdf98f7e', 'i-016580e8964b05520', 'i-0a6b30884758211af', 'i-0d74bc4d69d549705', 'i-0ee1dec46a5acd944', 'i-09cab21eb5d4c4d08', 'i-04d539a7350b46737', 'i-05814a4edd479f755', 'i-0d96c699fc75c6df7', 'i-0b75a70c187c28722', 'i-02c8ea474800234a0', 'i-0f832cb190ce3a07c', 'i-029cdce77256d339a', 'i-02cab82709c0d5a7d', 'i-01ce50a25aca34536', 'i-03c25193bce0582c6', 'i-0948d49e331384bf7', 'i-046dc4192553a7674', 'i-0cdba9d37891570b4', 'i-0207c77a4740dc32b', 'i-0bf8d2c0b4ec353e8', 'i-0e0c76a8215680619', 'i-0206cb07da24f15c2', 'i-08fffb24236f93b39', 'i-0a8b7070ecc840689', 'i-031f0ed0c06bd939e', 'i-079842fc2447f8211', 'i-094f94765c1de4d4c', 'i-0516f6116cd90e470', 'i-02ab243a4bfb2c716', 'i-0a28b888b75675f59', 'i-0d51a388678331201', 'i-0fe22f1af226e4170', 'i-00920722591375d19', 'i-047d25e4b4180ead7', 'i-06a7ee0f3e306f45e', 'i-02834f2a21f6c1368', 'i-0fd1e53e6f9fa77c4', 'i-033af84abfe8c67e9', 'i-09fdadb97580998e9', 'i-0aeaf61a647926d08', 'i-0eb94c780a670118e']
2025-07-02 12:22:13 - INFO - Tempo que levou para as máquinas estarem running: 20.855206 segundos
2025-07-02 12:22:13 - INFO - Tempo total gasto: 49.983891 segundos
2025-07-02 12:22:13 - INFO - Found credentials in shared credentials file: ~/.aws/credentials
2025-07-02 12:22:14 - WARNING - No spot price history found.
2025-07-02 12:22:14 - INFO - Updating file: results/results_lucas_sa-east-1_100.csv
2025-07-02 12:22:14 - INFO - Found credentials in shared credentials file: ~/.aws/credentials
2025-07-02 12:22:15 - WARNING - No spot price history found.
2025-07-02 12:22:15 - INFO - Updating file: results/results_lucas_sa-east-1_100.csv
2025-07-02 12:22:15 - INFO - Found credentials in shared credentials file: ~/.aws/credentials
2025-07-02 12:22:15 - WARNING - No spot price history found.
2025-07-02 12:22:15 - INFO - Updating file: results/results_lucas_sa-east-1_100.csv
2025-07-02 12:22:15 - INFO - Found credentials in shared credentials file: ~/.aws/credentials
2025-07-02 12:22:16 - WARNING - No spot price history found.
2025-07-02 12:22:16 - INFO - Updating file: results/results_lucas_sa-east-1_100.csv
2025-07-02 12:22:16 - INFO - Found credentials in shared credentials file: ~/.aws/credentials
2025-07-02 12:22:16 - WARNING - No spot price history found.
2025-07-02 12:22:16 - INFO - Updating file: results/results_lucas_sa-east-1_100.csv
2025-07-02 12:22:16 - INFO - Found credentials in shared credentials file: ~/.aws/credentials
2025-07-02 12:22:16 - INFO - Updating file: results/results_lucas_sa-east-1_100.csv
2025-07-02 12:22:16 - INFO - Found credentials in shared credentials file: ~/.aws/credentials
2025-07-02 12:22:17 - INFO - Updating file: results/results_lucas_sa-east-1_100.csv
2025-07-02 12:22:17 - INFO - Found credentials in shared credentials file: ~/.aws/credentials
2025-07-02 12:22:17 - INFO - Updating file: results/results_lucas_sa-east-1_100.csv
2025-07-02 12:22:17 - INFO - Found credentials in shared credentials file: ~/.aws/credentials
2025-07-02 12:22:18 - INFO - Updating file: results/results_lucas_sa-east-1_100.csv
2025-07-02 12:22:18 - INFO - Found credentials in shared credentials file: ~/.aws/credentials
2025-07-02 12:22:18 - INFO - Updating file: results/results_lucas_sa-east-1_100.csv
2025-07-02 12:22:18 - INFO - Found credentials in shared credentials file: ~/.aws/credentials
2025-07-02 12:22:19 - INFO - Updating file: results/results_lucas_sa-east-1_100.csv
2025-07-02 12:22:19 - INFO - Found credentials in shared credentials file: ~/.aws/credentials
2025-07-02 12:22:19 - INFO - Updating file: results/results_lucas_sa-east-1_100.csv
2025-07-02 12:22:19 - INFO - Found credentials in shared credentials file: ~/.aws/credentials
2025-07-02 12:22:20 - INFO - Updating file: results/results_lucas_sa-east-1_100.csv
2025-07-02 12:22:20 - INFO - Found credentials in shared credentials file: ~/.aws/credentials
2025-07-02 12:22:20 - INFO - Updating file: results/results_lucas_sa-east-1_100.csv
2025-07-02 12:22:20 - INFO - Found credentials in shared credentials file: ~/.aws/credentials
2025-07-02 12:22:20 - INFO - Updating file: results/results_lucas_sa-east-1_100.csv
2025-07-02 12:22:20 - INFO - Found credentials in shared credentials file: ~/.aws/credentials
2025-07-02 12:22:22 - INFO - Updating file: results/results_lucas_sa-east-1_100.csv
2025-07-02 12:22:22 - INFO - Found credentials in shared credentials file: ~/.aws/credentials
2025-07-02 12:22:22 - INFO - Updating file: results/results_lucas_sa-east-1_100.csv
2025-07-02 12:22:22 - INFO - 100 instâncias no total. Iniciando benchmark em paralelo...
2025-07-02 12:22:22 - INFO - Found credentials in shared credentials file: ~/.aws/credentials
2025-07-02 12:22:22 - INFO - Found credentials in shared credentials file: ~/.aws/credentials
2025-07-02 12:22:22 - INFO - Found credentials in shared credentials file: ~/.aws/credentials
2025-07-02 12:22:22 - INFO - Found credentials in shared credentials file: ~/.aws/credentials
2025-07-02 12:22:22 - INFO - Found credentials in shared credentials file: ~/.aws/credentials
2025-07-02 12:22:22 - INFO - Found credentials in shared credentials file: ~/.aws/credentials
2025-07-02 12:22:22 - INFO - Found credentials in shared credentials file: ~/.aws/credentials
2025-07-02 12:22:23 - INFO - Found credentials in shared credentials file: ~/.aws/credentials
2025-07-02 12:22:23 - INFO - Found credentials in shared credentials file: ~/.aws/credentials
2025-07-02 12:22:23 - INFO - Found credentials in shared credentials file: ~/.aws/credentials
2025-07-02 12:22:23 - INFO - Found credentials in shared credentials file: ~/.aws/credentials
2025-07-02 12:22:23 - INFO - Found credentials in shared credentials file: ~/.aws/credentials
2025-07-02 12:22:23 - INFO - Found credentials in shared credentials file: ~/.aws/credentials
2025-07-02 12:22:23 - INFO - Found credentials in shared credentials file: ~/.aws/credentials
2025-07-02 12:22:23 - INFO - Found credentials in shared credentials file: ~/.aws/credentials
2025-07-02 12:22:24 - INFO - Found credentials in shared credentials file: ~/.aws/credentials
2025-07-02 12:22:24 - INFO - Found credentials in shared credentials file: ~/.aws/credentials
2025-07-02 12:22:24 - INFO - Found credentials in shared credentials file: ~/.aws/credentials
2025-07-02 12:22:24 - INFO - Found credentials in shared credentials file: ~/.aws/credentials
2025-07-02 12:22:24 - INFO - Found credentials in shared credentials file: ~/.aws/credentials
2025-07-02 12:22:24 - INFO - Found credentials in shared credentials file: ~/.aws/credentials
2025-07-02 12:22:24 - INFO - Found credentials in shared credentials file: ~/.aws/credentials
2025-07-02 12:22:24 - INFO - Found credentials in shared credentials file: ~/.aws/credentials
2025-07-02 12:22:24 - INFO - Found credentials in shared credentials file: ~/.aws/credentials
2025-07-02 12:22:24 - INFO - Found credentials in shared credentials file: ~/.aws/credentials
2025-07-02 12:22:24 - INFO - Found credentials in shared credentials file: ~/.aws/credentials
2025-07-02 12:22:24 - INFO - Found credentials in shared credentials file: ~/.aws/credentials
2025-07-02 12:22:24 - INFO - Found credentials in shared credentials file: ~/.aws/credentials
2025-07-02 12:22:24 - INFO - Found credentials in shared credentials file: ~/.aws/credentials
2025-07-02 12:22:24 - INFO - Found credentials in shared credentials file: ~/.aws/credentials
2025-07-02 12:22:24 - INFO - Found credentials in shared credentials file: ~/.aws/credentials
2025-07-02 12:22:24 - INFO - Found credentials in shared credentials file: ~/.aws/credentials
2025-07-02 12:22:24 - INFO - Found credentials in shared credentials file: ~/.aws/credentials
2025-07-02 12:22:25 - INFO - Found credentials in shared credentials file: ~/.aws/credentials
2025-07-02 12:22:25 - INFO - Found credentials in shared credentials file: ~/.aws/credentials
2025-07-02 12:22:25 - INFO - Found credentials in shared credentials file: ~/.aws/credentials
2025-07-02 12:22:25 - INFO - Found credentials in shared credentials file: ~/.aws/credentials
2025-07-02 12:22:25 - INFO - Found credentials in shared credentials file: ~/.aws/credentials
2025-07-02 12:22:25 - INFO - Found credentials in shared credentials file: ~/.aws/credentials
2025-07-02 12:22:25 - INFO - Found credentials in shared credentials file: ~/.aws/credentials
2025-07-02 12:22:25 - INFO - Found credentials in shared credentials file: ~/.aws/credentials
2025-07-02 12:22:25 - INFO - Found credentials in shared credentials file: ~/.aws/credentials
2025-07-02 12:22:25 - INFO - Found credentials in shared credentials file: ~/.aws/credentials
2025-07-02 12:22:25 - INFO - Found credentials in shared credentials file: ~/.aws/credentials
2025-07-02 12:22:26 - INFO - Found credentials in shared credentials file: ~/.aws/credentials
2025-07-02 12:22:26 - INFO - Found credentials in shared credentials file: ~/.aws/credentials
2025-07-02 12:22:26 - INFO - Found credentials in shared credentials file: ~/.aws/credentials
2025-07-02 12:22:26 - INFO - Found credentials in shared credentials file: ~/.aws/credentials
2025-07-02 12:22:26 - INFO - Found credentials in shared credentials file: ~/.aws/credentials
2025-07-02 12:22:26 - INFO - Found credentials in shared credentials file: ~/.aws/credentials
2025-07-02 12:22:26 - INFO - Found credentials in shared credentials file: ~/.aws/credentials
2025-07-02 12:22:26 - INFO - Found credentials in shared credentials file: ~/.aws/credentials
2025-07-02 12:22:26 - INFO - Found credentials in shared credentials file: ~/.aws/credentials
2025-07-02 12:22:27 - INFO - Found credentials in shared credentials file: ~/.aws/credentials
2025-07-02 12:22:27 - INFO - Found credentials in shared credentials file: ~/.aws/credentials
2025-07-02 12:22:27 - INFO - Found credentials in shared credentials file: ~/.aws/credentials
2025-07-02 12:22:27 - INFO - Found credentials in shared credentials file: ~/.aws/credentials
2025-07-02 12:22:27 - INFO - Found credentials in shared credentials file: ~/.aws/credentials
2025-07-02 12:22:27 - INFO - Found credentials in shared credentials file: ~/.aws/credentials
2025-07-02 12:22:27 - INFO - Found credentials in shared credentials file: ~/.aws/credentials
2025-07-02 12:22:27 - INFO - Found credentials in shared credentials file: ~/.aws/credentials
2025-07-02 12:22:28 - INFO - Found credentials in shared credentials file: ~/.aws/credentials
2025-07-02 12:22:28 - INFO - Found credentials in shared credentials file: ~/.aws/credentials
2025-07-02 12:22:28 - INFO - Found credentials in shared credentials file: ~/.aws/credentials
2025-07-02 12:22:28 - INFO - Found credentials in shared credentials file: ~/.aws/credentials
2025-07-02 12:22:28 - INFO - Found credentials in shared credentials file: ~/.aws/credentials
2025-07-02 12:22:28 - INFO - Found credentials in shared credentials file: ~/.aws/credentials
2025-07-02 12:22:28 - INFO - Found credentials in shared credentials file: ~/.aws/credentials
2025-07-02 12:22:28 - INFO - Found credentials in shared credentials file: ~/.aws/credentials
2025-07-02 12:22:28 - INFO - Found credentials in shared credentials file: ~/.aws/credentials
2025-07-02 12:22:28 - INFO - Found credentials in shared credentials file: ~/.aws/credentials
2025-07-02 12:22:28 - INFO - Found credentials in shared credentials file: ~/.aws/credentials
2025-07-02 12:22:28 - INFO - Found credentials in shared credentials file: ~/.aws/credentials
2025-07-02 12:22:28 - INFO - Found credentials in shared credentials file: ~/.aws/credentials
2025-07-02 12:22:28 - INFO - Found credentials in shared credentials file: ~/.aws/credentials
2025-07-02 12:22:28 - INFO - Found credentials in shared credentials file: ~/.aws/credentials
2025-07-02 12:22:29 - INFO - Found credentials in shared credentials file: ~/.aws/credentials
2025-07-02 12:22:29 - INFO - Found credentials in shared credentials file: ~/.aws/credentials
2025-07-02 12:22:29 - INFO - Found credentials in shared credentials file: ~/.aws/credentials
2025-07-02 12:22:29 - INFO - Found credentials in shared credentials file: ~/.aws/credentials
2025-07-02 12:22:29 - INFO - Found credentials in shared credentials file: ~/.aws/credentials
2025-07-02 12:22:29 - INFO - Found credentials in shared credentials file: ~/.aws/credentials
2025-07-02 12:22:29 - INFO - Found credentials in shared credentials file: ~/.aws/credentials
2025-07-02 12:22:29 - INFO - Found credentials in shared credentials file: ~/.aws/credentials
2025-07-02 12:22:29 - INFO - Found credentials in shared credentials file: ~/.aws/credentials
2025-07-02 12:22:30 - INFO - Found credentials in shared credentials file: ~/.aws/credentials
2025-07-02 12:22:30 - INFO - Found credentials in shared credentials file: ~/.aws/credentials
2025-07-02 12:22:30 - INFO - Found credentials in shared credentials file: ~/.aws/credentials
2025-07-02 12:22:30 - INFO - Found credentials in shared credentials file: ~/.aws/credentials
2025-07-02 12:22:30 - INFO - Found credentials in shared credentials file: ~/.aws/credentials
2025-07-02 12:22:30 - INFO - Found credentials in shared credentials file: ~/.aws/credentials
2025-07-02 12:22:30 - INFO - Found credentials in shared credentials file: ~/.aws/credentials
2025-07-02 12:22:30 - INFO - Found credentials in shared credentials file: ~/.aws/credentials
2025-07-02 12:22:30 - INFO - Found credentials in shared credentials file: ~/.aws/credentials
2025-07-02 12:22:30 - INFO - Found credentials in shared credentials file: ~/.aws/credentials
2025-07-02 12:22:30 - INFO - Found credentials in shared credentials file: ~/.aws/credentials
2025-07-02 12:22:30 - INFO - Found credentials in shared credentials file: ~/.aws/credentials
2025-07-02 12:22:30 - INFO - Found credentials in shared credentials file: ~/.aws/credentials
2025-07-02 12:22:30 - INFO - Found credentials in shared credentials file: ~/.aws/credentials
2025-07-02 12:22:30 - INFO - Found credentials in shared credentials file: ~/.aws/credentials
2025-07-02 12:22:50 - INFO - Updating file: results/results_lucas_sa-east-1_100.csv
2025-07-02 12:22:50 - INFO - Updating file: results/results_lucas_sa-east-1_100.csv
2025-07-02 12:22:52 - INFO - Updating file: results/results_lucas_sa-east-1_100.csv
2025-07-02 12:22:53 - INFO - Updating file: results/results_lucas_sa-east-1_100.csv
2025-07-02 12:22:53 - INFO - Updating file: results/results_lucas_sa-east-1_100.csv
2025-07-02 12:22:53 - INFO - Updating file: results/results_lucas_sa-east-1_100.csv
2025-07-02 12:22:53 - INFO - Updating file: results/results_lucas_sa-east-1_100.csv
2025-07-02 12:22:53 - INFO - Updating file: results/results_lucas_sa-east-1_100.csv
2025-07-02 12:22:53 - INFO - Updating file: results/results_lucas_sa-east-1_100.csv
2025-07-02 12:22:53 - INFO - Updating file: results/results_lucas_sa-east-1_100.csv
2025-07-02 12:22:53 - INFO - Updating file: results/results_lucas_sa-east-1_100.csv
2025-07-02 12:22:53 - INFO - Updating file: results/results_lucas_sa-east-1_100.csv
2025-07-02 12:22:53 - INFO - Updating file: results/results_lucas_sa-east-1_100.csv
2025-07-02 12:22:53 - INFO - Updating file: results/results_lucas_sa-east-1_100.csv
2025-07-02 12:22:53 - INFO - Updating file: results/results_lucas_sa-east-1_100.csv
2025-07-02 12:22:53 - INFO - Updating file: results/results_lucas_sa-east-1_100.csv
2025-07-02 12:22:53 - INFO - Updating file: results/results_lucas_sa-east-1_100.csv
2025-07-02 12:22:53 - INFO - Updating file: results/results_lucas_sa-east-1_100.csv
2025-07-02 12:22:54 - INFO - Updating file: results/results_lucas_sa-east-1_100.csv
2025-07-02 12:22:54 - INFO - Updating file: results/results_lucas_sa-east-1_100.csv
2025-07-02 12:22:54 - INFO - Updating file: results/results_lucas_sa-east-1_100.csv
2025-07-02 12:22:54 - INFO - Updating file: results/results_lucas_sa-east-1_100.csv
2025-07-02 12:22:54 - INFO - Updating file: results/results_lucas_sa-east-1_100.csv
2025-07-02 12:22:54 - INFO - Updating file: results/results_lucas_sa-east-1_100.csv
2025-07-02 12:22:54 - INFO - Updating file: results/results_lucas_sa-east-1_100.csv
2025-07-02 12:22:54 - INFO - Updating file: results/results_lucas_sa-east-1_100.csv
2025-07-02 12:22:54 - INFO - Updating file: results/results_lucas_sa-east-1_100.csv
2025-07-02 12:22:54 - INFO - Updating file: results/results_lucas_sa-east-1_100.csv
2025-07-02 12:22:54 - INFO - Updating file: results/results_lucas_sa-east-1_100.csv
2025-07-02 12:22:54 - INFO - Updating file: results/results_lucas_sa-east-1_100.csv
2025-07-02 12:22:54 - INFO - Updating file: results/results_lucas_sa-east-1_100.csv
2025-07-02 12:22:54 - INFO - Updating file: results/results_lucas_sa-east-1_100.csv
2025-07-02 12:22:54 - INFO - Updating file: results/results_lucas_sa-east-1_100.csv
2025-07-02 12:22:54 - INFO - Updating file: results/results_lucas_sa-east-1_100.csv
2025-07-02 12:22:54 - INFO - Updating file: results/results_lucas_sa-east-1_100.csv
2025-07-02 12:22:54 - INFO - Updating file: results/results_lucas_sa-east-1_100.csv
2025-07-02 12:22:54 - INFO - Updating file: results/results_lucas_sa-east-1_100.csv
2025-07-02 12:22:54 - INFO - Updating file: results/results_lucas_sa-east-1_100.csv
2025-07-02 12:22:54 - INFO - Updating file: results/results_lucas_sa-east-1_100.csv
2025-07-02 12:22:55 - INFO - Updating file: results/results_lucas_sa-east-1_100.csv
2025-07-02 12:22:55 - INFO - Updating file: results/results_lucas_sa-east-1_100.csv
2025-07-02 12:22:55 - INFO - Updating file: results/results_lucas_sa-east-1_100.csv
2025-07-02 12:22:55 - INFO - Updating file: results/results_lucas_sa-east-1_100.csv
2025-07-02 12:22:55 - INFO - Updating file: results/results_lucas_sa-east-1_100.csv
2025-07-02 12:22:55 - INFO - Updating file: results/results_lucas_sa-east-1_100.csv
2025-07-02 12:22:55 - INFO - Updating file: results/results_lucas_sa-east-1_100.csv
2025-07-02 12:22:55 - INFO - Updating file: results/results_lucas_sa-east-1_100.csv
2025-07-02 12:22:55 - INFO - Updating file: results/results_lucas_sa-east-1_100.csv
2025-07-02 12:22:55 - INFO - Updating file: results/results_lucas_sa-east-1_100.csv
2025-07-02 12:22:55 - INFO - Updating file: results/results_lucas_sa-east-1_100.csv
2025-07-02 12:22:55 - INFO - Updating file: results/results_lucas_sa-east-1_100.csv
2025-07-02 12:22:55 - INFO - Updating file: results/results_lucas_sa-east-1_100.csv
2025-07-02 12:22:55 - INFO - Updating file: results/results_lucas_sa-east-1_100.csv
2025-07-02 12:22:55 - INFO - Updating file: results/results_lucas_sa-east-1_100.csv
2025-07-02 12:22:55 - INFO - Updating file: results/results_lucas_sa-east-1_100.csv
2025-07-02 12:22:55 - INFO - Updating file: results/results_lucas_sa-east-1_100.csv
2025-07-02 12:22:55 - INFO - Updating file: results/results_lucas_sa-east-1_100.csv
2025-07-02 12:22:55 - INFO - Updating file: results/results_lucas_sa-east-1_100.csv
2025-07-02 12:22:55 - INFO - Updating file: results/results_lucas_sa-east-1_100.csv
2025-07-02 12:22:55 - INFO - Updating file: results/results_lucas_sa-east-1_100.csv
2025-07-02 12:22:55 - INFO - Updating file: results/results_lucas_sa-east-1_100.csv
2025-07-02 12:22:55 - INFO - Updating file: results/results_lucas_sa-east-1_100.csv
2025-07-02 12:22:55 - INFO - Updating file: results/results_lucas_sa-east-1_100.csv
2025-07-02 12:22:55 - INFO - Updating file: results/results_lucas_sa-east-1_100.csv
2025-07-02 12:22:55 - INFO - Updating file: results/results_lucas_sa-east-1_100.csv
2025-07-02 12:22:55 - INFO - Updating file: results/results_lucas_sa-east-1_100.csv
2025-07-02 12:22:55 - INFO - Updating file: results/results_lucas_sa-east-1_100.csv
2025-07-02 12:22:55 - INFO - Updating file: results/results_lucas_sa-east-1_100.csv
2025-07-02 12:22:55 - INFO - Updating file: results/results_lucas_sa-east-1_100.csv
2025-07-02 12:22:55 - INFO - Updating file: results/results_lucas_sa-east-1_100.csv
2025-07-02 12:22:55 - INFO - Updating file: results/results_lucas_sa-east-1_100.csv
2025-07-02 12:22:55 - INFO - Updating file: results/results_lucas_sa-east-1_100.csv
2025-07-02 12:22:55 - INFO - Updating file: results/results_lucas_sa-east-1_100.csv
2025-07-02 12:22:55 - INFO - Updating file: results/results_lucas_sa-east-1_100.csv
2025-07-02 12:22:55 - INFO - Updating file: results/results_lucas_sa-east-1_100.csv
2025-07-02 12:22:55 - INFO - Updating file: results/results_lucas_sa-east-1_100.csv
2025-07-02 12:22:55 - INFO - Updating file: results/results_lucas_sa-east-1_100.csv
2025-07-02 12:22:55 - INFO - Updating file: results/results_lucas_sa-east-1_100.csv
2025-07-02 12:22:55 - INFO - Updating file: results/results_lucas_sa-east-1_100.csv
2025-07-02 12:22:55 - INFO - Updating file: results/results_lucas_sa-east-1_100.csv
2025-07-02 12:22:55 - INFO - Updating file: results/results_lucas_sa-east-1_100.csv
2025-07-02 12:22:55 - INFO - Updating file: results/results_lucas_sa-east-1_100.csv
2025-07-02 12:22:55 - INFO - Updating file: results/results_lucas_sa-east-1_100.csv
2025-07-02 12:22:55 - INFO - Updating file: results/results_lucas_sa-east-1_100.csv
2025-07-02 12:22:55 - INFO - Updating file: results/results_lucas_sa-east-1_100.csv
2025-07-02 12:22:55 - INFO - Updating file: results/results_lucas_sa-east-1_100.csv
2025-07-02 12:22:55 - INFO - Updating file: results/results_lucas_sa-east-1_100.csv
2025-07-02 12:22:55 - INFO - Updating file: results/results_lucas_sa-east-1_100.csv
2025-07-02 12:22:55 - INFO - Updating file: results/results_lucas_sa-east-1_100.csv
2025-07-02 12:22:55 - INFO - Updating file: results/results_lucas_sa-east-1_100.csv
2025-07-02 12:22:55 - INFO - Updating file: results/results_lucas_sa-east-1_100.csv
2025-07-02 12:22:55 - INFO - Updating file: results/results_lucas_sa-east-1_100.csv
2025-07-02 12:22:55 - INFO - Updating file: results/results_lucas_sa-east-1_100.csv
2025-07-02 12:22:55 - INFO - Updating file: results/results_lucas_sa-east-1_100.csv
2025-07-02 12:22:55 - INFO - Updating file: results/results_lucas_sa-east-1_100.csv
2025-07-02 12:22:55 - INFO - Updating file: results/results_lucas_sa-east-1_100.csv
2025-07-02 12:22:55 - INFO - Updating file: results/results_lucas_sa-east-1_100.csv
2025-07-02 12:22:55 - INFO - Updating file: results/results_lucas_sa-east-1_100.csv
2025-07-02 12:22:55 - INFO - Updating file: results/results_lucas_sa-east-1_100.csv
2025-07-02 12:22:55 - INFO - Updating file: results/results_lucas_sa-east-1_100.csv
2025-07-02 12:23:04 - INFO - All instances have been terminated.
