2025-05-08 10:20:45 - INFO - Start execution in us-east-1 Nodes=10 Benchmark=bt.A.x Allocation Strategy=lowest-price
2025-05-08 10:20:45 - INFO - Found credentials in shared credentials file: ~/.aws/credentials
2025-05-08 10:20:52 - INFO - Found credentials in shared credentials file: ~/.aws/credentials
2025-05-08 10:20:53 - INFO - m6a.24xlarge - 1.053800 - us-east-1f
2025-05-08 10:20:53 - INFO - Updating file: results/results_lucas_us-east-1.csv
2025-05-08 10:20:53 - INFO - Fleet created with instances: ['i-0e16d482999a64af0', 'i-0df1ec5500116c889', 'i-0e0478b53cc0fb88b', 'i-00242483fa273b3e5', 'i-022ed9284409ce0ed', 'i-0f9de778a25ae1f65', 'i-05fb0c7b008336bf8', 'i-07006e8e64203689b', 'i-0f900cd4e1fe7f51f', 'i-0648bf3913de4db7f']
2025-05-08 10:20:59 - INFO - Tempo que levou para criar o Fleet com 10 instâncias: 14.18274 segundos
2025-05-08 10:20:59 - INFO - 10 instâncias no total. Iniciando benchmark em paralelo...
2025-05-08 10:21:00 - INFO - Found credentials in shared credentials file: ~/.aws/credentials
2025-05-08 10:21:00 - INFO - Found credentials in shared credentials file: ~/.aws/credentials
2025-05-08 10:21:00 - INFO - Found credentials in shared credentials file: ~/.aws/credentials
2025-05-08 10:21:00 - INFO - Found credentials in shared credentials file: ~/.aws/credentials
2025-05-08 10:21:00 - INFO - Found credentials in shared credentials file: ~/.aws/credentials
2025-05-08 10:21:00 - INFO - Found credentials in shared credentials file: ~/.aws/credentials
2025-05-08 10:21:00 - INFO - Found credentials in shared credentials file: ~/.aws/credentials
2025-05-08 10:21:00 - INFO - Found credentials in shared credentials file: ~/.aws/credentials
2025-05-08 10:21:00 - INFO - Found credentials in shared credentials file: ~/.aws/credentials
2025-05-08 10:21:00 - INFO - Found credentials in shared credentials file: ~/.aws/credentials
2025-05-08 10:21:16 - INFO - Connected (version 2.0, client OpenSSH_7.4)
2025-05-08 10:21:26 - INFO - Authentication (publickey) failed.
2025-05-08 10:21:26 - WARNING - Attempt 1/5 failed for i-022ed9284409ce0ed: Authentication failed.
2025-05-08 10:21:26 - INFO - Connected (version 2.0, client OpenSSH_7.4)
2025-05-08 10:21:36 - INFO - Found credentials in shared credentials file: ~/.aws/credentials
2025-05-08 10:21:47 - INFO - Authentication (publickey) failed.
2025-05-08 10:21:47 - WARNING - Attempt 1/5 failed for i-07006e8e64203689b: Authentication failed.
2025-05-08 10:21:47 - INFO - Connected (version 2.0, client OpenSSH_7.4)
2025-05-08 10:21:57 - INFO - Found credentials in shared credentials file: ~/.aws/credentials
2025-05-08 10:22:08 - INFO - Authentication (publickey) failed.
2025-05-08 10:22:08 - WARNING - Attempt 1/5 failed for i-0648bf3913de4db7f: Authentication failed.
2025-05-08 10:22:08 - INFO - Connected (version 2.0, client OpenSSH_7.4)
2025-05-08 10:22:18 - INFO - Found credentials in shared credentials file: ~/.aws/credentials
2025-05-08 10:22:39 - WARNING - Attempt 1/5 failed for i-00242483fa273b3e5: Authentication timeout.
2025-05-08 10:22:39 - INFO - Connected (version 2.0, client OpenSSH_7.4)
2025-05-08 10:22:39 - INFO - Authentication (publickey) failed.
2025-05-08 10:22:49 - INFO - Found credentials in shared credentials file: ~/.aws/credentials
2025-05-08 10:23:10 - WARNING - Attempt 1/5 failed for i-0df1ec5500116c889: Authentication timeout.
2025-05-08 10:23:10 - INFO - Connected (version 2.0, client OpenSSH_7.4)
2025-05-08 10:23:20 - INFO - Found credentials in shared credentials file: ~/.aws/credentials
2025-05-08 10:23:37 - INFO - Authentication (publickey) successful!
2025-05-08 10:23:37 - INFO - Running command in i-0e16d482999a64af0 (us-east-1, spot): /u/fvbr/bt.A.x
2025-05-08 10:23:38 - INFO - Connected (version 2.0, client OpenSSH_7.4)
2025-05-08 10:23:42 - INFO - Found credentials in shared credentials file: ~/.aws/credentials
2025-05-08 10:23:43 - INFO - c5.24xlarge - 1.102800 - us-east-1b
2025-05-08 10:23:43 - INFO - Updating file: results/results_lucas_us-east-1.csv
2025-05-08 10:24:02 - INFO - Authentication (publickey) successful!
2025-05-08 10:24:02 - INFO - Running command in i-0f9de778a25ae1f65 (us-east-1, spot): /u/fvbr/bt.A.x
2025-05-08 10:24:03 - INFO - Connected (version 2.0, client OpenSSH_7.4)
2025-05-08 10:24:06 - INFO - Found credentials in shared credentials file: ~/.aws/credentials
2025-05-08 10:24:07 - INFO - c5.24xlarge - 1.102800 - us-east-1b
2025-05-08 10:24:07 - INFO - Updating file: results/results_lucas_us-east-1.csv
2025-05-08 10:24:27 - INFO - Authentication (publickey) successful!
2025-05-08 10:24:27 - INFO - Running command in i-05fb0c7b008336bf8 (us-east-1, spot): /u/fvbr/bt.A.x
2025-05-08 10:24:27 - INFO - Connected (version 2.0, client OpenSSH_7.4)
2025-05-08 10:24:31 - INFO - Found credentials in shared credentials file: ~/.aws/credentials
2025-05-08 10:24:32 - INFO - c5.24xlarge - 1.102800 - us-east-1b
2025-05-08 10:24:32 - INFO - Updating file: results/results_lucas_us-east-1.csv
2025-05-08 10:24:52 - INFO - Authentication (publickey) successful!
2025-05-08 10:24:52 - INFO - Running command in i-0e0478b53cc0fb88b (us-east-1, spot): /u/fvbr/bt.A.x
2025-05-08 10:24:52 - INFO - Connected (version 2.0, client OpenSSH_7.4)
2025-05-08 10:24:56 - INFO - Found credentials in shared credentials file: ~/.aws/credentials
2025-05-08 10:24:57 - INFO - c5.24xlarge - 1.102800 - us-east-1b
2025-05-08 10:24:57 - INFO - Updating file: results/results_lucas_us-east-1.csv
2025-05-08 10:25:17 - INFO - Authentication (publickey) successful!
2025-05-08 10:25:17 - INFO - Running command in i-0f900cd4e1fe7f51f (us-east-1, spot): /u/fvbr/bt.A.x
2025-05-08 10:25:18 - INFO - Connected (version 2.0, client OpenSSH_7.4)
2025-05-08 10:25:21 - INFO - Found credentials in shared credentials file: ~/.aws/credentials
2025-05-08 10:25:23 - INFO - c5.24xlarge - 1.102800 - us-east-1b
2025-05-08 10:25:23 - INFO - Updating file: results/results_lucas_us-east-1.csv
2025-05-08 10:25:43 - INFO - Authentication (publickey) successful!
2025-05-08 10:25:43 - INFO - Running command in i-022ed9284409ce0ed (us-east-1, spot): /u/fvbr/bt.A.x
2025-05-08 10:25:44 - INFO - Connected (version 2.0, client OpenSSH_7.4)
2025-05-08 10:25:47 - INFO - Found credentials in shared credentials file: ~/.aws/credentials
2025-05-08 10:25:48 - INFO - c5.24xlarge - 1.102800 - us-east-1b
2025-05-08 10:25:48 - INFO - Updating file: results/results_lucas_us-east-1.csv
2025-05-08 10:26:07 - INFO - Authentication (publickey) successful!
2025-05-08 10:26:07 - INFO - Running command in i-07006e8e64203689b (us-east-1, spot): /u/fvbr/bt.A.x
2025-05-08 10:26:07 - INFO - Connected (version 2.0, client OpenSSH_7.4)
2025-05-08 10:26:11 - INFO - Found credentials in shared credentials file: ~/.aws/credentials
2025-05-08 10:26:12 - INFO - c5.24xlarge - 1.102800 - us-east-1b
2025-05-08 10:26:12 - INFO - Updating file: results/results_lucas_us-east-1.csv
2025-05-08 10:26:30 - INFO - Authentication (publickey) successful!
2025-05-08 10:26:30 - INFO - Running command in i-0648bf3913de4db7f (us-east-1, spot): /u/fvbr/bt.A.x
2025-05-08 10:26:30 - INFO - Connected (version 2.0, client OpenSSH_7.4)
2025-05-08 10:26:33 - INFO - Found credentials in shared credentials file: ~/.aws/credentials
2025-05-08 10:26:35 - INFO - c5.24xlarge - 1.102800 - us-east-1b
2025-05-08 10:26:35 - INFO - Updating file: results/results_lucas_us-east-1.csv
2025-05-08 10:26:53 - INFO - Authentication (publickey) successful!
2025-05-08 10:26:53 - INFO - Running command in i-00242483fa273b3e5 (us-east-1, spot): /u/fvbr/bt.A.x
2025-05-08 10:26:53 - INFO - Connected (version 2.0, client OpenSSH_7.4)
2025-05-08 10:26:57 - INFO - Found credentials in shared credentials file: ~/.aws/credentials
2025-05-08 10:26:58 - INFO - c5.24xlarge - 1.102800 - us-east-1b
2025-05-08 10:26:58 - INFO - Updating file: results/results_lucas_us-east-1.csv
2025-05-08 10:27:01 - INFO - Authentication (publickey) successful!
2025-05-08 10:27:01 - INFO - Running command in i-0df1ec5500116c889 (us-east-1, spot): /u/fvbr/bt.A.x
2025-05-08 10:27:04 - INFO - Found credentials in shared credentials file: ~/.aws/credentials
2025-05-08 10:27:05 - INFO - c5.24xlarge - 1.102800 - us-east-1b
2025-05-08 10:27:05 - INFO - Updating file: results/results_lucas_us-east-1.csv
2025-05-08 10:27:05 - INFO - Found credentials in shared credentials file: ~/.aws/credentials
2025-05-08 10:27:06 - INFO - Spot price data saved to ./results/spot_prices_us-east-1a.csv
2025-05-08 10:27:06 - INFO - Found credentials in shared credentials file: ~/.aws/credentials
2025-05-08 10:27:08 - INFO - Spot price data saved to ./results/spot_prices_us-east-1b.csv
2025-05-08 10:27:08 - INFO - Found credentials in shared credentials file: ~/.aws/credentials
2025-05-08 10:27:09 - INFO - Spot price data saved to ./results/spot_prices_us-east-1c.csv
2025-05-08 10:27:09 - INFO - Found credentials in shared credentials file: ~/.aws/credentials
2025-05-08 10:27:10 - INFO - Spot price data saved to ./results/spot_prices_us-east-1d.csv
2025-05-08 10:27:10 - INFO - Found credentials in shared credentials file: ~/.aws/credentials
2025-05-08 10:27:11 - WARNING - No spot price history found.
2025-05-08 10:27:11 - INFO - Found credentials in shared credentials file: ~/.aws/credentials
2025-05-08 10:27:12 - INFO - Spot price data saved to ./results/spot_prices_us-east-1f.csv
2025-05-08 10:27:18 - INFO - All instances have been terminated.
2025-05-10 20:16:20 - INFO - Start execution in us-east-1 Nodes=10 Benchmark=bt.A.x Allocation Strategy=lowest-price
2025-05-10 20:16:20 - INFO - Found credentials in shared credentials file: ~/.aws/credentials
2025-05-10 20:16:24 - INFO - Found credentials in shared credentials file: ~/.aws/credentials
2025-05-10 20:16:25 - INFO - m6a.24xlarge - 1.058500 - us-east-1f
2025-05-10 20:16:25 - INFO - Updating file: results/results_lucas_us-east-1.csv
2025-05-10 20:16:25 - INFO - Fleet created with instances: ['i-07f29abbcfdf227f8', 'i-0926dc4b40d1aff36', 'i-06891ab871ec586b0', 'i-0b45aaa74bec5cd23', 'i-0a6818f9e4a0377d7', 'i-0dbdaced745dea883', 'i-0900a914365dda3ce', 'i-07d7bfe8c16a426b9', 'i-0006f47e5588c3576', 'i-0b15783bacf9353cd']
2025-05-10 20:16:46 - INFO - Tempo que levou para criar o Fleet com 10 instâncias: 26.379497 segundos
2025-05-10 20:16:46 - INFO - 10 instâncias no total. Iniciando benchmark em paralelo...
2025-05-10 20:16:46 - INFO - Found credentials in shared credentials file: ~/.aws/credentials
2025-05-10 20:16:46 - INFO - Found credentials in shared credentials file: ~/.aws/credentials
2025-05-10 20:16:46 - INFO - Found credentials in shared credentials file: ~/.aws/credentials
2025-05-10 20:16:46 - INFO - Found credentials in shared credentials file: ~/.aws/credentials
2025-05-10 20:16:46 - INFO - Found credentials in shared credentials file: ~/.aws/credentials
2025-05-10 20:16:46 - INFO - Found credentials in shared credentials file: ~/.aws/credentials
2025-05-10 20:16:46 - INFO - Found credentials in shared credentials file: ~/.aws/credentials
2025-05-10 20:16:46 - INFO - Found credentials in shared credentials file: ~/.aws/credentials
2025-05-10 20:16:46 - INFO - Found credentials in shared credentials file: ~/.aws/credentials
2025-05-10 20:16:47 - INFO - Found credentials in shared credentials file: ~/.aws/credentials
2025-05-10 20:16:50 - WARNING - Attempt 1/5 failed for i-07f29abbcfdf227f8: [Errno None] Unable to connect to port 22 on 10.108.65.25
2025-05-10 20:16:55 - INFO - Connected (version 2.0, client OpenSSH_7.4)
2025-05-10 20:17:00 - INFO - Found credentials in shared credentials file: ~/.aws/credentials
2025-05-10 20:17:00 - INFO - Authentication (publickey) failed.
2025-05-10 20:17:00 - WARNING - Attempt 1/5 failed for i-0dbdaced745dea883: Authentication failed.
2025-05-10 20:17:01 - INFO - Connected (version 2.0, client OpenSSH_7.4)
2025-05-10 20:17:10 - INFO - Found credentials in shared credentials file: ~/.aws/credentials
2025-05-10 20:17:21 - INFO - Authentication (publickey) successful!
2025-05-10 20:17:21 - INFO - Running command in i-0900a914365dda3ce (us-east-1, spot): /u/fvbr/bt.A.x
2025-05-10 20:17:21 - INFO - Connected (version 2.0, client OpenSSH_7.4)
2025-05-10 20:17:25 - INFO - Found credentials in shared credentials file: ~/.aws/credentials
2025-05-10 20:17:26 - INFO - c5.24xlarge - 1.080200 - us-east-1b
2025-05-10 20:17:26 - INFO - Updating file: results/results_lucas_us-east-1.csv
2025-05-10 20:17:42 - INFO - Authentication (publickey) successful!
2025-05-10 20:17:42 - INFO - Running command in i-0b15783bacf9353cd (us-east-1, spot): /u/fvbr/bt.A.x
2025-05-10 20:17:42 - INFO - Connected (version 2.0, client OpenSSH_7.4)
2025-05-10 20:17:45 - INFO - Found credentials in shared credentials file: ~/.aws/credentials
2025-05-10 20:17:46 - INFO - c5.24xlarge - 1.080200 - us-east-1b
2025-05-10 20:17:46 - INFO - Updating file: results/results_lucas_us-east-1.csv
2025-05-10 20:35:13 - INFO - Start execution in us-east-1 Nodes=10 Benchmark=bt.A.x Allocation Strategy=lowest-price
2025-05-10 20:35:13 - INFO - Found credentials in shared credentials file: ~/.aws/credentials
2025-05-10 20:35:16 - INFO - Fleet created with instances: ['i-0ff55b35c76260bef', 'i-0fa7b451b8cca87f7', 'i-0b0611f3e3d1659e8', 'i-0d928eb2721c04b4f', 'i-03558732b3f81e5ac', 'i-08a4b2172d2289e9a', 'i-047ba480c5c91772b', 'i-02a87f3a82a479746', 'i-0d3a916f58690798d', 'i-04d323ffafa0a0fdc']
2025-05-10 20:35:38 - INFO - Tempo que levou para criar o Fleet com 10 instâncias: 24.732604 segundos
2025-05-10 20:35:38 - INFO - 10 instâncias no total. Iniciando benchmark em paralelo...
2025-05-10 20:35:38 - INFO - Found credentials in shared credentials file: ~/.aws/credentials
2025-05-10 20:35:38 - INFO - Found credentials in shared credentials file: ~/.aws/credentials
2025-05-10 20:35:38 - INFO - Found credentials in shared credentials file: ~/.aws/credentials
2025-05-10 20:35:38 - INFO - Found credentials in shared credentials file: ~/.aws/credentials
2025-05-10 20:35:38 - INFO - Found credentials in shared credentials file: ~/.aws/credentials
2025-05-10 20:35:38 - INFO - Found credentials in shared credentials file: ~/.aws/credentials
2025-05-10 20:35:38 - INFO - Found credentials in shared credentials file: ~/.aws/credentials
2025-05-10 20:35:38 - INFO - Found credentials in shared credentials file: ~/.aws/credentials
2025-05-10 20:35:38 - INFO - Found credentials in shared credentials file: ~/.aws/credentials
2025-05-10 20:35:38 - INFO - Found credentials in shared credentials file: ~/.aws/credentials
2025-05-10 20:35:41 - INFO - Connected (version 2.0, client OpenSSH_7.4)
2025-05-10 20:35:46 - INFO - Authentication (publickey) failed.
2025-05-10 20:35:46 - WARNING - Attempt 1/5 failed for i-0ff55b35c76260bef: Authentication failed.
2025-05-10 20:35:47 - INFO - Connected (version 2.0, client OpenSSH_7.4)
2025-05-10 20:35:52 - INFO - Authentication (publickey) failed.
2025-05-10 20:35:52 - WARNING - Attempt 1/5 failed for i-04d323ffafa0a0fdc: Authentication failed.
2025-05-10 20:35:52 - INFO - Connected (version 2.0, client OpenSSH_7.4)
2025-05-10 20:35:56 - INFO - Found credentials in shared credentials file: ~/.aws/credentials
2025-05-10 20:36:02 - INFO - Found credentials in shared credentials file: ~/.aws/credentials
2025-05-10 20:36:15 - INFO - Authentication (publickey) successful!
2025-05-10 20:36:15 - INFO - Running command in i-08a4b2172d2289e9a (us-east-1, spot): /u/fvbr/bt.A.x
2025-05-10 20:36:15 - INFO - Connected (version 2.0, client OpenSSH_7.4)
2025-05-10 20:36:16 - INFO - Authentication (publickey) failed.
2025-05-10 20:36:16 - WARNING - Attempt 1/5 failed for i-03558732b3f81e5ac: Authentication failed.
2025-05-10 20:36:16 - INFO - Connected (version 2.0, client OpenSSH_7.4)
2025-05-10 20:36:19 - INFO - Found credentials in shared credentials file: ~/.aws/credentials
2025-05-10 20:36:20 - INFO - m6a.24xlarge - 1.058500 - us-east-1f
2025-05-10 20:36:20 - INFO - Updating file: results/results_lucas_us-east-1.csv
2025-05-10 20:36:26 - INFO - Found credentials in shared credentials file: ~/.aws/credentials
2025-05-10 20:36:39 - INFO - Authentication (publickey) successful!
2025-05-10 20:36:39 - INFO - Running command in i-0fa7b451b8cca87f7 (us-east-1, spot): /u/fvbr/bt.A.x
2025-05-10 20:36:39 - INFO - Connected (version 2.0, client OpenSSH_7.4)
2025-05-10 20:36:43 - INFO - Found credentials in shared credentials file: ~/.aws/credentials
2025-05-10 20:36:44 - INFO - m6a.24xlarge - 1.058500 - us-east-1f
2025-05-10 20:36:44 - INFO - Updating file: results/results_lucas_us-east-1.csv
2025-05-10 20:37:03 - INFO - Authentication (publickey) successful!
2025-05-10 20:37:03 - INFO - Running command in i-0d928eb2721c04b4f (us-east-1, spot): /u/fvbr/bt.A.x
2025-05-10 20:37:03 - INFO - Connected (version 2.0, client OpenSSH_7.4)
2025-05-10 20:37:07 - INFO - Found credentials in shared credentials file: ~/.aws/credentials
2025-05-10 20:37:08 - INFO - m6a.24xlarge - 1.058500 - us-east-1f
2025-05-10 20:37:08 - INFO - Updating file: results/results_lucas_us-east-1.csv
2025-05-10 20:37:28 - INFO - Authentication (publickey) successful!
2025-05-10 20:37:28 - INFO - Running command in i-0d3a916f58690798d (us-east-1, spot): /u/fvbr/bt.A.x
2025-05-10 20:37:28 - INFO - Connected (version 2.0, client OpenSSH_7.4)
2025-05-10 20:37:32 - INFO - Found credentials in shared credentials file: ~/.aws/credentials
2025-05-10 20:37:33 - INFO - m6a.24xlarge - 1.058500 - us-east-1f
2025-05-10 20:37:33 - INFO - Updating file: results/results_lucas_us-east-1.csv
2025-05-10 20:37:55 - INFO - Authentication (publickey) successful!
2025-05-10 20:37:55 - INFO - Running command in i-02a87f3a82a479746 (us-east-1, spot): /u/fvbr/bt.A.x
2025-05-10 20:37:56 - INFO - Connected (version 2.0, client OpenSSH_7.4)
2025-05-10 20:37:59 - INFO - Found credentials in shared credentials file: ~/.aws/credentials
2025-05-10 20:38:00 - INFO - m6a.24xlarge - 1.058500 - us-east-1f
2025-05-10 20:38:00 - INFO - Updating file: results/results_lucas_us-east-1.csv
2025-05-10 20:38:21 - INFO - Authentication (publickey) successful!
2025-05-10 20:38:21 - INFO - Running command in i-047ba480c5c91772b (us-east-1, spot): /u/fvbr/bt.A.x
2025-05-10 20:38:21 - INFO - Connected (version 2.0, client OpenSSH_7.4)
2025-05-10 20:38:25 - INFO - Found credentials in shared credentials file: ~/.aws/credentials
2025-05-10 20:38:26 - INFO - m6a.24xlarge - 1.058500 - us-east-1f
2025-05-10 20:38:26 - INFO - Updating file: results/results_lucas_us-east-1.csv
2025-05-10 20:38:48 - INFO - Authentication (publickey) successful!
2025-05-10 20:38:48 - INFO - Running command in i-0b0611f3e3d1659e8 (us-east-1, spot): /u/fvbr/bt.A.x
2025-05-10 20:38:49 - INFO - Connected (version 2.0, client OpenSSH_7.4)
2025-05-10 20:38:52 - INFO - Found credentials in shared credentials file: ~/.aws/credentials
2025-05-10 20:38:53 - INFO - m6a.24xlarge - 1.058500 - us-east-1f
2025-05-10 20:38:53 - INFO - Updating file: results/results_lucas_us-east-1.csv
2025-05-10 20:39:18 - INFO - Authentication (publickey) successful!
2025-05-10 20:39:18 - INFO - Running command in i-0ff55b35c76260bef (us-east-1, spot): /u/fvbr/bt.A.x
2025-05-10 20:39:18 - INFO - Connected (version 2.0, client OpenSSH_7.4)
2025-05-10 20:39:21 - INFO - Found credentials in shared credentials file: ~/.aws/credentials
2025-05-10 20:39:22 - INFO - m6a.24xlarge - 1.058500 - us-east-1f
2025-05-10 20:39:22 - INFO - Updating file: results/results_lucas_us-east-1.csv
2025-05-10 20:39:42 - INFO - Authentication (publickey) successful!
2025-05-10 20:39:42 - INFO - Running command in i-04d323ffafa0a0fdc (us-east-1, spot): /u/fvbr/bt.A.x
2025-05-10 20:39:42 - INFO - Connected (version 2.0, client OpenSSH_7.4)
2025-05-10 20:39:46 - INFO - Found credentials in shared credentials file: ~/.aws/credentials
2025-05-10 20:39:47 - INFO - m6a.24xlarge - 1.058500 - us-east-1f
2025-05-10 20:39:47 - INFO - Updating file: results/results_lucas_us-east-1.csv
2025-05-10 20:40:07 - INFO - Authentication (publickey) successful!
2025-05-10 20:40:07 - INFO - Running command in i-03558732b3f81e5ac (us-east-1, spot): /u/fvbr/bt.A.x
2025-05-10 20:40:11 - INFO - Found credentials in shared credentials file: ~/.aws/credentials
2025-05-10 20:40:12 - INFO - m6a.24xlarge - 1.058500 - us-east-1f
2025-05-10 20:40:12 - INFO - Updating file: results/results_lucas_us-east-1.csv
2025-05-10 20:40:18 - INFO - All instances have been terminated.
2025-05-10 20:53:59 - INFO - Start execution in us-east-1 Nodes=10 Benchmark=bt.A.x Allocation Strategy=lowest-price
2025-05-10 20:53:59 - INFO - Found credentials in shared credentials file: ~/.aws/credentials
2025-05-10 20:54:00 - INFO - Spot price data saved to ./results/spot_prices_us-east-1a.csv
2025-05-10 20:54:00 - INFO - Found credentials in shared credentials file: ~/.aws/credentials
2025-05-10 20:54:01 - INFO - Spot price data saved to ./results/spot_prices_us-east-1b.csv
2025-05-10 20:54:01 - INFO - Found credentials in shared credentials file: ~/.aws/credentials
2025-05-10 20:54:02 - INFO - Spot price data saved to ./results/spot_prices_us-east-1c.csv
2025-05-10 20:54:02 - INFO - Found credentials in shared credentials file: ~/.aws/credentials
2025-05-10 20:54:04 - INFO - Spot price data saved to ./results/spot_prices_us-east-1d.csv
2025-05-10 20:54:04 - INFO - Found credentials in shared credentials file: ~/.aws/credentials
2025-05-10 20:54:04 - WARNING - No spot price history found.
2025-05-10 20:54:04 - INFO - Found credentials in shared credentials file: ~/.aws/credentials
2025-05-10 20:54:06 - INFO - Spot price data saved to ./results/spot_prices_us-east-1f.csv
2025-05-10 20:54:10 - INFO - All instances have been terminated.
2025-05-12 12:14:38 - INFO - Start execution in us-east-1 Nodes=10 Benchmark=bt.A.x Allocation Strategy=lowest-price
2025-05-12 12:14:38 - INFO - Found credentials in shared credentials file: ~/.aws/credentials
2025-05-12 12:14:41 - INFO - Fleet created with instances: ['i-063e95fc5780aefed']
2025-05-12 12:14:59 - INFO - Found credentials in shared credentials file: ~/.aws/credentials
2025-05-12 12:15:02 - INFO - Fleet created with instances: ['i-06cbcd6b42546f2c7']
2025-05-12 12:15:19 - INFO - Found credentials in shared credentials file: ~/.aws/credentials
2025-05-12 12:15:24 - INFO - Fleet created with instances: ['i-096ad4eb98efafab0']
2025-05-12 12:15:40 - INFO - Found credentials in shared credentials file: ~/.aws/credentials
2025-05-12 12:15:44 - INFO - Fleet created with instances: ['i-0399df37c0c745ec7']
2025-05-12 12:16:01 - INFO - Found credentials in shared credentials file: ~/.aws/credentials
2025-05-12 12:16:05 - INFO - Fleet created with instances: ['i-079eba563b39d57ce']
2025-05-12 12:16:22 - INFO - Found credentials in shared credentials file: ~/.aws/credentials
2025-05-12 12:16:28 - INFO - Fleet created with instances: ['i-0a94bed1167530f1c']
2025-05-12 12:16:29 - INFO - Found credentials in shared credentials file: ~/.aws/credentials
2025-05-12 12:16:33 - INFO - Fleet created with instances: ['i-0ca8436a5fcbec8a0']
2025-05-12 12:16:49 - INFO - Found credentials in shared credentials file: ~/.aws/credentials
2025-05-12 12:16:54 - INFO - Fleet created with instances: ['i-05d7925ea2251c8ce']
2025-05-12 12:17:11 - INFO - Found credentials in shared credentials file: ~/.aws/credentials
2025-05-12 12:17:16 - INFO - Fleet created with instances: ['i-0252e5dc0c6a1b1ab']
2025-05-12 12:17:33 - INFO - Found credentials in shared credentials file: ~/.aws/credentials
2025-05-12 12:17:37 - INFO - Fleet created with instances: ['i-0762914910046608e']
2025-05-12 12:17:53 - INFO - Tempo que levou para criar o Fleet com 10 instâncias: 195.536756 segundos
2025-05-12 12:17:53 - INFO - 10 instâncias no total. Iniciando benchmark em paralelo...
2025-05-12 12:17:54 - INFO - Found credentials in shared credentials file: ~/.aws/credentials
2025-05-12 12:17:54 - INFO - Found credentials in shared credentials file: ~/.aws/credentials
2025-05-12 12:17:54 - INFO - Found credentials in shared credentials file: ~/.aws/credentials
2025-05-12 12:17:54 - INFO - Found credentials in shared credentials file: ~/.aws/credentials
2025-05-12 12:17:54 - INFO - Found credentials in shared credentials file: ~/.aws/credentials
2025-05-12 12:17:54 - INFO - Found credentials in shared credentials file: ~/.aws/credentials
2025-05-12 12:17:54 - INFO - Found credentials in shared credentials file: ~/.aws/credentials
2025-05-12 12:17:54 - INFO - Found credentials in shared credentials file: ~/.aws/credentials
2025-05-12 12:17:54 - INFO - Found credentials in shared credentials file: ~/.aws/credentials
2025-05-12 12:17:54 - INFO - Found credentials in shared credentials file: ~/.aws/credentials
2025-05-12 12:17:58 - INFO - Connected (version 2.0, client OpenSSH_7.4)
2025-05-12 12:18:12 - INFO - Authentication (publickey) successful!
2025-05-12 12:18:12 - INFO - Running command in i-0252e5dc0c6a1b1ab (us-east-1, spot): /u/fvbr/bt.A.x
2025-05-12 12:18:12 - INFO - Connected (version 2.0, client OpenSSH_7.4)
2025-05-12 12:18:16 - INFO - Found credentials in shared credentials file: ~/.aws/credentials
2025-05-12 12:18:17 - INFO - c5d.24xlarge - 1.052300 - us-east-1b
2025-05-12 12:18:17 - INFO - Updating file: results/results_lucas_us-east-1.csv
2025-05-12 12:18:27 - INFO - Authentication (publickey) successful!
2025-05-12 12:18:27 - INFO - Running command in i-079eba563b39d57ce (us-east-1, spot): /u/fvbr/bt.A.x
2025-05-12 12:18:27 - INFO - Connected (version 2.0, client OpenSSH_7.4)
2025-05-12 12:18:31 - INFO - Found credentials in shared credentials file: ~/.aws/credentials
2025-05-12 12:18:32 - INFO - c5d.24xlarge - 1.052300 - us-east-1b
2025-05-12 12:18:32 - INFO - Updating file: results/results_lucas_us-east-1.csv
2025-05-12 12:18:41 - INFO - Authentication (publickey) successful!
2025-05-12 12:18:41 - INFO - Running command in i-063e95fc5780aefed (us-east-1, spot): /u/fvbr/bt.A.x
2025-05-12 12:18:41 - INFO - Connected (version 2.0, client OpenSSH_7.4)
2025-05-12 12:18:44 - INFO - Found credentials in shared credentials file: ~/.aws/credentials
2025-05-12 12:18:45 - INFO - c5d.24xlarge - 1.052300 - us-east-1b
2025-05-12 12:18:45 - INFO - Updating file: results/results_lucas_us-east-1.csv
2025-05-12 12:18:56 - INFO - Authentication (publickey) successful!
2025-05-12 12:18:56 - INFO - Running command in i-096ad4eb98efafab0 (us-east-1, spot): /u/fvbr/bt.A.x
2025-05-12 12:18:56 - INFO - Connected (version 2.0, client OpenSSH_7.4)
2025-05-12 12:18:59 - INFO - Found credentials in shared credentials file: ~/.aws/credentials
2025-05-12 12:19:01 - INFO - c5d.24xlarge - 1.052300 - us-east-1b
2025-05-12 12:19:01 - INFO - Updating file: results/results_lucas_us-east-1.csv
2025-05-12 12:19:10 - INFO - Authentication (publickey) successful!
2025-05-12 12:19:10 - INFO - Running command in i-05d7925ea2251c8ce (us-east-1, spot): /u/fvbr/bt.A.x
2025-05-12 12:19:10 - INFO - Connected (version 2.0, client OpenSSH_7.4)
2025-05-12 12:19:14 - INFO - Found credentials in shared credentials file: ~/.aws/credentials
2025-05-12 12:19:16 - INFO - c5d.24xlarge - 1.052300 - us-east-1b
2025-05-12 12:19:16 - INFO - Updating file: results/results_lucas_us-east-1.csv
2025-05-12 12:19:25 - INFO - Authentication (publickey) successful!
2025-05-12 12:19:25 - INFO - Running command in i-0a94bed1167530f1c (us-east-1, spot): /u/fvbr/bt.A.x
2025-05-12 12:19:25 - INFO - Connected (version 2.0, client OpenSSH_7.4)
2025-05-12 12:19:29 - INFO - Found credentials in shared credentials file: ~/.aws/credentials
2025-05-12 12:19:30 - INFO - c5d.24xlarge - 1.052300 - us-east-1b
2025-05-12 12:19:30 - INFO - Updating file: results/results_lucas_us-east-1.csv
2025-05-12 12:19:40 - INFO - Authentication (publickey) successful!
2025-05-12 12:19:40 - INFO - Running command in i-0ca8436a5fcbec8a0 (us-east-1, spot): /u/fvbr/bt.A.x
2025-05-12 12:19:40 - INFO - Connected (version 2.0, client OpenSSH_7.4)
2025-05-12 12:19:44 - INFO - Found credentials in shared credentials file: ~/.aws/credentials
2025-05-12 12:19:45 - INFO - c5d.24xlarge - 1.052300 - us-east-1b
2025-05-12 12:19:45 - INFO - Updating file: results/results_lucas_us-east-1.csv
2025-05-12 12:19:54 - INFO - Authentication (publickey) successful!
2025-05-12 12:19:54 - INFO - Running command in i-06cbcd6b42546f2c7 (us-east-1, spot): /u/fvbr/bt.A.x
2025-05-12 12:19:55 - INFO - Connected (version 2.0, client OpenSSH_7.4)
2025-05-12 12:19:58 - INFO - Found credentials in shared credentials file: ~/.aws/credentials
2025-05-12 12:19:59 - INFO - c5d.24xlarge - 1.052300 - us-east-1b
2025-05-12 12:19:59 - INFO - Updating file: results/results_lucas_us-east-1.csv
2025-05-12 12:20:09 - INFO - Authentication (publickey) successful!
2025-05-12 12:20:09 - INFO - Running command in i-0399df37c0c745ec7 (us-east-1, spot): /u/fvbr/bt.A.x
2025-05-12 12:20:10 - INFO - Connected (version 2.0, client OpenSSH_7.4)
2025-05-12 12:20:13 - INFO - Found credentials in shared credentials file: ~/.aws/credentials
2025-05-12 12:20:15 - INFO - c5d.24xlarge - 1.052300 - us-east-1b
2025-05-12 12:20:15 - INFO - Updating file: results/results_lucas_us-east-1.csv
2025-05-12 12:20:24 - INFO - Authentication (publickey) successful!
2025-05-12 12:20:24 - INFO - Running command in i-0762914910046608e (us-east-1, spot): /u/fvbr/bt.A.x
2025-05-12 12:20:27 - INFO - Found credentials in shared credentials file: ~/.aws/credentials
2025-05-12 12:20:28 - INFO - c5d.24xlarge - 1.052300 - us-east-1b
2025-05-12 12:20:28 - INFO - Updating file: results/results_lucas_us-east-1.csv
2025-05-12 12:20:35 - INFO - All instances have been terminated.
2025-05-12 15:10:55 - INFO - Start execution in us-east-1 Nodes=10 Benchmark=bt.A.x Allocation Strategy=lowest-price
2025-05-12 15:10:55 - INFO - Found credentials in shared credentials file: ~/.aws/credentials
2025-05-12 15:11:00 - INFO - Fleet created with instances: ['i-05e6711d8ec1e3dfe', 'i-06a4ac8f0d163b563', 'i-092c3d81b80d45714', 'i-0e5ad285fa184cd54', 'i-0b35880e6425e3b02', 'i-03cdd278d417954fb', 'i-05ef07597e0ba6820', 'i-0704176d83cce00f8', 'i-00058f1a3657275a6', 'i-0905ebc4f11aa5e3a']
2025-05-12 15:11:21 - INFO - Tempo que levou para criar o Fleet com 10 instâncias: 26.064389 segundos
2025-05-12 15:11:21 - INFO - 10 instâncias no total. Iniciando benchmark em paralelo...
2025-05-12 15:11:21 - INFO - Found credentials in shared credentials file: ~/.aws/credentials
2025-05-12 15:11:21 - INFO - Found credentials in shared credentials file: ~/.aws/credentials
2025-05-12 15:11:21 - INFO - Found credentials in shared credentials file: ~/.aws/credentials
2025-05-12 15:11:21 - INFO - Found credentials in shared credentials file: ~/.aws/credentials
2025-05-12 15:11:21 - INFO - Found credentials in shared credentials file: ~/.aws/credentials
2025-05-12 15:11:21 - INFO - Found credentials in shared credentials file: ~/.aws/credentials
2025-05-12 15:11:22 - INFO - Found credentials in shared credentials file: ~/.aws/credentials
2025-05-12 15:11:22 - INFO - Found credentials in shared credentials file: ~/.aws/credentials
2025-05-12 15:11:22 - INFO - Found credentials in shared credentials file: ~/.aws/credentials
2025-05-12 15:11:22 - INFO - Found credentials in shared credentials file: ~/.aws/credentials
2025-05-12 15:11:30 - INFO - Connected (version 2.0, client OpenSSH_7.4)
2025-05-12 15:11:36 - INFO - Authentication (publickey) failed.
2025-05-12 15:11:36 - WARNING - Attempt 1/5 failed for i-03cdd278d417954fb: Authentication failed.
2025-05-12 15:11:36 - INFO - Connected (version 2.0, client OpenSSH_7.4)
2025-05-12 15:11:46 - INFO - Found credentials in shared credentials file: ~/.aws/credentials
2025-05-12 15:11:49 - INFO - Authentication (publickey) failed.
2025-05-12 15:11:49 - WARNING - Attempt 1/5 failed for i-06a4ac8f0d163b563: Authentication failed.
2025-05-12 15:11:50 - INFO - Connected (version 2.0, client OpenSSH_7.4)
2025-05-12 15:11:59 - INFO - Found credentials in shared credentials file: ~/.aws/credentials
2025-05-12 15:12:08 - INFO - Authentication (publickey) successful!
2025-05-12 15:12:08 - INFO - Running command in i-0704176d83cce00f8 (us-east-1, spot): /u/fvbr/bt.A.x
2025-05-12 15:12:08 - INFO - Connected (version 2.0, client OpenSSH_7.4)
2025-05-12 15:12:12 - INFO - Found credentials in shared credentials file: ~/.aws/credentials
2025-05-12 15:12:13 - INFO - c5d.24xlarge - 1.052300 - us-east-1b
2025-05-12 15:12:13 - INFO - Updating file: results/results_lucas_us-east-1.csv
2025-05-12 15:12:26 - INFO - Authentication (publickey) successful!
2025-05-12 15:12:26 - INFO - Running command in i-05ef07597e0ba6820 (us-east-1, spot): /u/fvbr/bt.A.x
2025-05-12 15:12:26 - INFO - Connected (version 2.0, client OpenSSH_7.4)
2025-05-12 15:12:30 - INFO - Found credentials in shared credentials file: ~/.aws/credentials
2025-05-12 15:12:30 - INFO - c5d.24xlarge - 1.052300 - us-east-1b
2025-05-12 15:12:30 - INFO - Updating file: results/results_lucas_us-east-1.csv
2025-05-12 15:12:44 - INFO - Authentication (publickey) successful!
2025-05-12 15:12:44 - INFO - Running command in i-0e5ad285fa184cd54 (us-east-1, spot): /u/fvbr/bt.A.x
2025-05-12 15:12:45 - INFO - Connected (version 2.0, client OpenSSH_7.4)
2025-05-12 15:12:49 - INFO - Found credentials in shared credentials file: ~/.aws/credentials
2025-05-12 15:12:50 - INFO - c5d.24xlarge - 1.052300 - us-east-1b
2025-05-12 15:12:50 - INFO - Updating file: results/results_lucas_us-east-1.csv
2025-05-12 15:13:02 - INFO - Authentication (publickey) successful!
2025-05-12 15:13:02 - INFO - Running command in i-092c3d81b80d45714 (us-east-1, spot): /u/fvbr/bt.A.x
2025-05-12 15:13:02 - INFO - Connected (version 2.0, client OpenSSH_7.4)
2025-05-12 15:13:06 - INFO - Found credentials in shared credentials file: ~/.aws/credentials
2025-05-12 15:13:07 - INFO - c5d.24xlarge - 1.052300 - us-east-1b
2025-05-12 15:13:07 - INFO - Updating file: results/results_lucas_us-east-1.csv
2025-05-12 15:13:20 - INFO - Authentication (publickey) successful!
2025-05-12 15:13:20 - INFO - Running command in i-05e6711d8ec1e3dfe (us-east-1, spot): /u/fvbr/bt.A.x
2025-05-12 15:13:20 - INFO - Connected (version 2.0, client OpenSSH_7.4)
2025-05-12 15:13:23 - INFO - Found credentials in shared credentials file: ~/.aws/credentials
2025-05-12 15:13:24 - INFO - c5d.24xlarge - 1.052300 - us-east-1b
2025-05-12 15:13:24 - INFO - Updating file: results/results_lucas_us-east-1.csv
2025-05-12 15:13:37 - INFO - Authentication (publickey) successful!
2025-05-12 15:13:37 - INFO - Running command in i-0905ebc4f11aa5e3a (us-east-1, spot): /u/fvbr/bt.A.x
2025-05-12 15:13:37 - INFO - Connected (version 2.0, client OpenSSH_7.4)
2025-05-12 15:13:41 - INFO - Found credentials in shared credentials file: ~/.aws/credentials
2025-05-12 15:13:42 - INFO - c5d.24xlarge - 1.052300 - us-east-1b
2025-05-12 15:13:42 - INFO - Updating file: results/results_lucas_us-east-1.csv
2025-05-12 15:13:55 - INFO - Authentication (publickey) successful!
2025-05-12 15:13:55 - INFO - Running command in i-0b35880e6425e3b02 (us-east-1, spot): /u/fvbr/bt.A.x
2025-05-12 15:13:55 - INFO - Connected (version 2.0, client OpenSSH_7.4)
2025-05-12 15:13:59 - INFO - Found credentials in shared credentials file: ~/.aws/credentials
2025-05-12 15:14:00 - INFO - c5d.24xlarge - 1.052300 - us-east-1b
2025-05-12 15:14:00 - INFO - Updating file: results/results_lucas_us-east-1.csv
2025-05-12 15:14:12 - INFO - Authentication (publickey) successful!
2025-05-12 15:14:12 - INFO - Running command in i-00058f1a3657275a6 (us-east-1, spot): /u/fvbr/bt.A.x
2025-05-12 15:14:12 - INFO - Connected (version 2.0, client OpenSSH_7.4)
2025-05-12 15:14:16 - INFO - Found credentials in shared credentials file: ~/.aws/credentials
2025-05-12 15:14:17 - INFO - c5d.24xlarge - 1.052300 - us-east-1b
2025-05-12 15:14:17 - INFO - Updating file: results/results_lucas_us-east-1.csv
2025-05-12 15:14:29 - INFO - Authentication (publickey) successful!
2025-05-12 15:14:29 - INFO - Running command in i-03cdd278d417954fb (us-east-1, spot): /u/fvbr/bt.A.x
2025-05-12 15:14:30 - INFO - Connected (version 2.0, client OpenSSH_7.4)
2025-05-12 15:14:33 - INFO - Found credentials in shared credentials file: ~/.aws/credentials
2025-05-12 15:14:34 - INFO - c5d.24xlarge - 1.052300 - us-east-1b
2025-05-12 15:14:34 - INFO - Updating file: results/results_lucas_us-east-1.csv
2025-05-12 15:14:43 - INFO - Authentication (publickey) successful!
2025-05-12 15:14:43 - INFO - Running command in i-06a4ac8f0d163b563 (us-east-1, spot): /u/fvbr/bt.A.x
2025-05-12 15:14:47 - INFO - Found credentials in shared credentials file: ~/.aws/credentials
2025-05-12 15:14:48 - INFO - c5d.24xlarge - 1.052300 - us-east-1b
2025-05-12 15:14:48 - INFO - Updating file: results/results_lucas_us-east-1.csv
2025-05-12 15:14:54 - INFO - All instances have been terminated.
2025-05-17 12:07:24 - INFO - Start execution in us-east-1 Nodes=10 Benchmark=bt.A.x Allocation Strategy=capacity-optimized
2025-05-17 12:07:24 - INFO - Found credentials in shared credentials file: ~/.aws/credentials
2025-05-17 12:07:28 - INFO - Tempo que levou para receber response AWS: 2.943854 segundos
2025-05-17 12:07:28 - INFO - Fleet created with instances: ['i-035caadee8621ba17', 'i-020ec7d17f09ec1ab', 'i-04b3aae7c838e795c', 'i-02926413c5bc553e1', 'i-0f4bf0fee960ee31a', 'i-0b829acf6562a082b', 'i-0b3772ce0767e88a4', 'i-0f866c59ceb5ac4d4', 'i-039fe86cf1d9101dd', 'i-034690946d5c90486']
2025-05-17 12:07:49 - INFO - Tempo que levou para as máquinas estarem running: 20.09228 segundos
2025-05-17 12:07:49 - INFO - Tempo que levou para criar o Fleet com 10 instâncias: 25.072279 segundos
2025-05-17 12:07:49 - INFO - 10 instâncias no total. Iniciando benchmark em paralelo...
2025-05-17 12:07:49 - INFO - Found credentials in shared credentials file: ~/.aws/credentials
2025-05-17 12:07:49 - INFO - Found credentials in shared credentials file: ~/.aws/credentials
2025-05-17 12:07:49 - INFO - Found credentials in shared credentials file: ~/.aws/credentials
2025-05-17 12:07:49 - INFO - Found credentials in shared credentials file: ~/.aws/credentials
2025-05-17 12:07:49 - INFO - Found credentials in shared credentials file: ~/.aws/credentials
2025-05-17 12:07:49 - INFO - Found credentials in shared credentials file: ~/.aws/credentials
2025-05-17 12:07:49 - INFO - Found credentials in shared credentials file: ~/.aws/credentials
2025-05-17 12:07:49 - INFO - Found credentials in shared credentials file: ~/.aws/credentials
2025-05-17 12:07:49 - INFO - Found credentials in shared credentials file: ~/.aws/credentials
2025-05-17 12:07:49 - INFO - Found credentials in shared credentials file: ~/.aws/credentials
2025-05-17 12:07:58 - INFO - Connected (version 2.0, client OpenSSH_7.4)
2025-05-17 12:08:03 - INFO - Authentication (publickey) failed.
2025-05-17 12:08:03 - WARNING - Attempt 1/5 failed for i-035caadee8621ba17: Authentication failed.
2025-05-17 12:08:04 - INFO - Connected (version 2.0, client OpenSSH_7.4)
2025-05-17 12:08:04 - INFO - Authentication (publickey) failed.
2025-05-17 12:08:04 - WARNING - Attempt 1/5 failed for i-0f866c59ceb5ac4d4: Authentication failed.
2025-05-17 12:08:05 - INFO - Connected (version 2.0, client OpenSSH_7.4)
2025-05-17 12:08:05 - INFO - Authentication (publickey) failed.
2025-05-17 12:08:05 - WARNING - Attempt 1/5 failed for i-04b3aae7c838e795c: Authentication failed.
2025-05-17 12:08:06 - INFO - Connected (version 2.0, client OpenSSH_7.4)
2025-05-17 12:08:06 - INFO - Authentication (publickey) failed.
2025-05-17 12:08:06 - WARNING - Attempt 1/5 failed for i-0f4bf0fee960ee31a: Authentication failed.
2025-05-17 12:08:07 - INFO - Connected (version 2.0, client OpenSSH_7.4)
2025-05-17 12:08:09 - INFO - Authentication (publickey) failed.
2025-05-17 12:08:09 - WARNING - Attempt 1/5 failed for i-0b829acf6562a082b: Authentication failed.
2025-05-17 12:08:10 - INFO - Connected (version 2.0, client OpenSSH_7.4)
2025-05-17 12:08:13 - INFO - Found credentials in shared credentials file: ~/.aws/credentials
2025-05-17 12:08:14 - INFO - Found credentials in shared credentials file: ~/.aws/credentials
2025-05-17 12:08:15 - INFO - Found credentials in shared credentials file: ~/.aws/credentials
2025-05-17 12:08:15 - INFO - Authentication (publickey) failed.
2025-05-17 12:08:15 - WARNING - Attempt 1/5 failed for i-039fe86cf1d9101dd: Authentication failed.
2025-05-17 12:08:16 - INFO - Connected (version 2.0, client OpenSSH_7.4)
2025-05-17 12:08:16 - INFO - Found credentials in shared credentials file: ~/.aws/credentials
2025-05-17 12:08:19 - INFO - Found credentials in shared credentials file: ~/.aws/credentials
2025-05-17 12:08:25 - INFO - Found credentials in shared credentials file: ~/.aws/credentials
2025-05-17 12:08:42 - INFO - Authentication (publickey) successful!
2025-05-17 12:08:42 - INFO - Running command in i-020ec7d17f09ec1ab (us-east-1, spot): /u/fvbr/bt.A.x
2025-05-17 12:08:43 - INFO - Connected (version 2.0, client OpenSSH_7.4)
2025-05-17 12:08:46 - INFO - Found credentials in shared credentials file: ~/.aws/credentials
2025-05-17 12:08:47 - INFO - c5.24xlarge - 1.326000 - us-east-1f
2025-05-17 12:08:47 - INFO - Updating file: results/results_lucas_us-east-1.csv
2025-05-17 12:09:09 - INFO - Authentication (publickey) successful!
2025-05-17 12:09:09 - INFO - Running command in i-034690946d5c90486 (us-east-1, spot): /u/fvbr/bt.A.x
2025-05-17 12:09:09 - INFO - Connected (version 2.0, client OpenSSH_7.4)
2025-05-17 12:09:13 - INFO - Found credentials in shared credentials file: ~/.aws/credentials
2025-05-17 12:09:14 - INFO - c5.24xlarge - 1.326000 - us-east-1f
2025-05-17 12:09:14 - INFO - Updating file: results/results_lucas_us-east-1.csv
2025-05-17 12:09:35 - INFO - Authentication (publickey) successful!
2025-05-17 12:09:35 - INFO - Running command in i-0b3772ce0767e88a4 (us-east-1, spot): /u/fvbr/bt.A.x
2025-05-17 12:09:36 - INFO - Connected (version 2.0, client OpenSSH_7.4)
2025-05-17 12:09:39 - INFO - Found credentials in shared credentials file: ~/.aws/credentials
2025-05-17 12:09:40 - INFO - c5.24xlarge - 1.326000 - us-east-1f
2025-05-17 12:09:40 - INFO - Updating file: results/results_lucas_us-east-1.csv
2025-05-17 12:10:02 - INFO - Authentication (publickey) successful!
2025-05-17 12:10:02 - INFO - Running command in i-02926413c5bc553e1 (us-east-1, spot): /u/fvbr/bt.A.x
2025-05-17 12:10:02 - INFO - Connected (version 2.0, client OpenSSH_7.4)
2025-05-17 12:10:06 - INFO - Found credentials in shared credentials file: ~/.aws/credentials
2025-05-17 12:10:07 - INFO - c5.24xlarge - 1.326000 - us-east-1f
2025-05-17 12:10:07 - INFO - Updating file: results/results_lucas_us-east-1.csv
2025-05-17 12:10:18 - INFO - Authentication (publickey) successful!
2025-05-17 12:10:18 - INFO - Running command in i-035caadee8621ba17 (us-east-1, spot): /u/fvbr/bt.A.x
2025-05-17 12:10:18 - INFO - Connected (version 2.0, client OpenSSH_7.4)
2025-05-17 12:10:22 - INFO - Found credentials in shared credentials file: ~/.aws/credentials
2025-05-17 12:10:23 - INFO - c5.24xlarge - 1.326000 - us-east-1f
2025-05-17 12:10:23 - INFO - Updating file: results/results_lucas_us-east-1.csv
2025-05-17 12:10:34 - INFO - Authentication (publickey) successful!
2025-05-17 12:10:34 - INFO - Running command in i-0f866c59ceb5ac4d4 (us-east-1, spot): /u/fvbr/bt.A.x
2025-05-17 12:10:34 - INFO - Connected (version 2.0, client OpenSSH_7.4)
2025-05-17 12:10:37 - INFO - Found credentials in shared credentials file: ~/.aws/credentials
2025-05-17 12:10:39 - INFO - c5.24xlarge - 1.326000 - us-east-1f
2025-05-17 12:10:39 - INFO - Updating file: results/results_lucas_us-east-1.csv
2025-05-17 12:10:49 - INFO - Authentication (publickey) successful!
2025-05-17 12:10:49 - INFO - Running command in i-04b3aae7c838e795c (us-east-1, spot): /u/fvbr/bt.A.x
2025-05-17 12:10:50 - INFO - Connected (version 2.0, client OpenSSH_7.4)
2025-05-17 12:10:53 - INFO - Found credentials in shared credentials file: ~/.aws/credentials
2025-05-17 12:10:54 - INFO - c5.24xlarge - 1.326000 - us-east-1f
2025-05-17 12:10:54 - INFO - Updating file: results/results_lucas_us-east-1.csv
2025-05-17 12:11:05 - INFO - Authentication (publickey) successful!
2025-05-17 12:11:05 - INFO - Running command in i-0f4bf0fee960ee31a (us-east-1, spot): /u/fvbr/bt.A.x
2025-05-17 12:11:05 - INFO - Connected (version 2.0, client OpenSSH_7.4)
2025-05-17 12:11:09 - INFO - Found credentials in shared credentials file: ~/.aws/credentials
2025-05-17 12:11:10 - INFO - c5.24xlarge - 1.326000 - us-east-1f
2025-05-17 12:11:10 - INFO - Updating file: results/results_lucas_us-east-1.csv
2025-05-17 12:11:20 - INFO - Authentication (publickey) successful!
2025-05-17 12:11:20 - INFO - Running command in i-0b829acf6562a082b (us-east-1, spot): /u/fvbr/bt.A.x
2025-05-17 12:11:20 - INFO - Connected (version 2.0, client OpenSSH_7.4)
2025-05-17 12:11:24 - INFO - Found credentials in shared credentials file: ~/.aws/credentials
2025-05-17 12:11:25 - INFO - c5.24xlarge - 1.326000 - us-east-1f
2025-05-17 12:11:25 - INFO - Updating file: results/results_lucas_us-east-1.csv
2025-05-17 12:11:36 - INFO - Authentication (publickey) successful!
2025-05-17 12:11:36 - INFO - Running command in i-039fe86cf1d9101dd (us-east-1, spot): /u/fvbr/bt.A.x
2025-05-17 12:11:40 - INFO - Found credentials in shared credentials file: ~/.aws/credentials
2025-05-17 12:11:41 - INFO - c5.24xlarge - 1.326000 - us-east-1f
2025-05-17 12:11:41 - INFO - Updating file: results/results_lucas_us-east-1.csv
2025-05-17 12:11:47 - INFO - All instances have been terminated.
2025-05-19 18:38:57 - INFO - Start execution in us-east-1 Nodes=10 Benchmark=bt.A.x Allocation Strategy=capacity-optimized
2025-05-19 18:38:57 - INFO - Found credentials in shared credentials file: ~/.aws/credentials
2025-05-19 18:39:01 - INFO - Tempo que levou para receber response AWS: 3.001723 segundos
2025-05-19 18:39:01 - INFO - Fleet created with instances: ['i-08cd6b67757347bfb', 'i-03843a929c3791892', 'i-0c8c618b398c59551', 'i-00766eff94c61791a', 'i-0868631eb631aeba3', 'i-04e9b6180397b11ae', 'i-0bb4493c0e9cacab9', 'i-093cbd08e4761e068', 'i-0d094b726089f5039', 'i-09d4765e57b13dc92']
2025-05-19 18:39:22 - INFO - Tempo que levou para as máquinas estarem running: 19.906262 segundos
2025-05-19 18:39:22 - INFO - Tempo que levou para criar o Fleet com 10 instâncias: 24.801746 segundos
2025-05-19 18:39:22 - INFO - 10 instâncias no total. Iniciando benchmark em paralelo...
2025-05-19 18:39:22 - INFO - Found credentials in shared credentials file: ~/.aws/credentials
2025-05-19 18:39:22 - INFO - Found credentials in shared credentials file: ~/.aws/credentials
2025-05-19 18:39:22 - INFO - Found credentials in shared credentials file: ~/.aws/credentials
2025-05-19 18:39:22 - INFO - Found credentials in shared credentials file: ~/.aws/credentials
2025-05-19 18:39:22 - INFO - Found credentials in shared credentials file: ~/.aws/credentials
2025-05-19 18:39:22 - INFO - Found credentials in shared credentials file: ~/.aws/credentials
2025-05-19 18:39:22 - INFO - Found credentials in shared credentials file: ~/.aws/credentials
2025-05-19 18:39:22 - INFO - Found credentials in shared credentials file: ~/.aws/credentials
2025-05-19 18:39:22 - INFO - Found credentials in shared credentials file: ~/.aws/credentials
2025-05-19 18:39:22 - INFO - Found credentials in shared credentials file: ~/.aws/credentials
2025-05-19 18:39:30 - INFO - Connected (version 2.0, client OpenSSH_7.4)
2025-05-19 18:39:36 - INFO - Authentication (publickey) failed.
2025-05-19 18:39:36 - WARNING - Attempt 1/5 failed for i-0868631eb631aeba3: Authentication failed.
2025-05-19 18:39:37 - INFO - Connected (version 2.0, client OpenSSH_7.4)
2025-05-19 18:39:42 - INFO - Authentication (publickey) failed.
2025-05-19 18:39:42 - WARNING - Attempt 1/5 failed for i-04e9b6180397b11ae: Authentication failed.
2025-05-19 18:39:42 - INFO - Connected (version 2.0, client OpenSSH_7.4)
2025-05-19 18:39:46 - INFO - Found credentials in shared credentials file: ~/.aws/credentials
2025-05-19 18:39:52 - INFO - Found credentials in shared credentials file: ~/.aws/credentials
2025-05-19 18:39:58 - INFO - Authentication (publickey) successful!
2025-05-19 18:39:58 - INFO - Running command in i-0bb4493c0e9cacab9 (us-east-1, spot): /u/fvbr/bt.A.x
2025-05-19 18:39:58 - INFO - Connected (version 2.0, client OpenSSH_7.4)
2025-05-19 18:40:02 - INFO - Found credentials in shared credentials file: ~/.aws/credentials
2025-05-19 18:40:03 - INFO - c5.24xlarge - 1.382600 - us-east-1f
2025-05-19 18:40:03 - INFO - Updating file: results/results_lucas_us-east-1.csv
2025-05-19 18:40:15 - INFO - Authentication (publickey) successful!
2025-05-19 18:40:15 - INFO - Running command in i-093cbd08e4761e068 (us-east-1, spot): /u/fvbr/bt.A.x
2025-05-19 18:40:15 - INFO - Connected (version 2.0, client OpenSSH_7.4)
2025-05-19 18:40:19 - INFO - Found credentials in shared credentials file: ~/.aws/credentials
2025-05-19 18:40:20 - INFO - c5.24xlarge - 1.382600 - us-east-1f
2025-05-19 18:40:20 - INFO - Updating file: results/results_lucas_us-east-1.csv
2025-05-19 18:40:32 - INFO - Authentication (publickey) successful!
2025-05-19 18:40:32 - INFO - Running command in i-09d4765e57b13dc92 (us-east-1, spot): /u/fvbr/bt.A.x
2025-05-19 18:40:32 - INFO - Connected (version 2.0, client OpenSSH_7.4)
2025-05-19 18:40:36 - INFO - Found credentials in shared credentials file: ~/.aws/credentials
2025-05-19 18:40:37 - INFO - c5.24xlarge - 1.382600 - us-east-1f
2025-05-19 18:40:37 - INFO - Updating file: results/results_lucas_us-east-1.csv
2025-05-19 18:40:48 - INFO - Authentication (publickey) successful!
2025-05-19 18:40:48 - INFO - Running command in i-08cd6b67757347bfb (us-east-1, spot): /u/fvbr/bt.A.x
2025-05-19 18:40:49 - INFO - Connected (version 2.0, client OpenSSH_7.4)
2025-05-19 18:40:52 - INFO - Found credentials in shared credentials file: ~/.aws/credentials
2025-05-19 18:40:53 - INFO - c5.24xlarge - 1.382600 - us-east-1f
2025-05-19 18:40:53 - INFO - Updating file: results/results_lucas_us-east-1.csv
2025-05-19 18:41:05 - INFO - Authentication (publickey) successful!
2025-05-19 18:41:05 - INFO - Running command in i-0d094b726089f5039 (us-east-1, spot): /u/fvbr/bt.A.x
2025-05-19 18:41:05 - INFO - Connected (version 2.0, client OpenSSH_7.4)
2025-05-19 18:41:08 - INFO - Found credentials in shared credentials file: ~/.aws/credentials
2025-05-19 18:41:10 - INFO - c5.24xlarge - 1.382600 - us-east-1f
2025-05-19 18:41:10 - INFO - Updating file: results/results_lucas_us-east-1.csv
2025-05-19 18:41:20 - INFO - Authentication (publickey) successful!
2025-05-19 18:41:20 - INFO - Running command in i-03843a929c3791892 (us-east-1, spot): /u/fvbr/bt.A.x
2025-05-19 18:41:21 - INFO - Connected (version 2.0, client OpenSSH_7.4)
2025-05-19 18:41:24 - INFO - Found credentials in shared credentials file: ~/.aws/credentials
2025-05-19 18:41:25 - INFO - c5.24xlarge - 1.382600 - us-east-1f
2025-05-19 18:41:25 - INFO - Updating file: results/results_lucas_us-east-1.csv
2025-05-19 18:41:36 - INFO - Authentication (publickey) successful!
2025-05-19 18:41:36 - INFO - Running command in i-0c8c618b398c59551 (us-east-1, spot): /u/fvbr/bt.A.x
2025-05-19 18:41:36 - INFO - Connected (version 2.0, client OpenSSH_7.4)
2025-05-19 18:41:40 - INFO - Found credentials in shared credentials file: ~/.aws/credentials
2025-05-19 18:41:41 - INFO - c5.24xlarge - 1.382600 - us-east-1f
2025-05-19 18:41:41 - INFO - Updating file: results/results_lucas_us-east-1.csv
2025-05-19 18:41:52 - INFO - Authentication (publickey) successful!
2025-05-19 18:41:52 - INFO - Running command in i-00766eff94c61791a (us-east-1, spot): /u/fvbr/bt.A.x
2025-05-19 18:41:52 - INFO - Connected (version 2.0, client OpenSSH_7.4)
2025-05-19 18:41:56 - INFO - Found credentials in shared credentials file: ~/.aws/credentials
2025-05-19 18:41:57 - INFO - c5.24xlarge - 1.382600 - us-east-1f
2025-05-19 18:41:57 - INFO - Updating file: results/results_lucas_us-east-1.csv
2025-05-19 18:42:12 - INFO - Authentication (publickey) successful!
2025-05-19 18:42:12 - INFO - Running command in i-0868631eb631aeba3 (us-east-1, spot): /u/fvbr/bt.A.x
2025-05-19 18:42:13 - INFO - Connected (version 2.0, client OpenSSH_7.4)
2025-05-19 18:42:16 - INFO - Found credentials in shared credentials file: ~/.aws/credentials
2025-05-19 18:42:18 - INFO - c5.24xlarge - 1.382600 - us-east-1f
2025-05-19 18:42:18 - INFO - Updating file: results/results_lucas_us-east-1.csv
2025-05-19 18:42:29 - INFO - Authentication (publickey) successful!
2025-05-19 18:42:29 - INFO - Running command in i-04e9b6180397b11ae (us-east-1, spot): /u/fvbr/bt.A.x
2025-05-19 18:42:33 - INFO - Found credentials in shared credentials file: ~/.aws/credentials
2025-05-19 18:42:34 - INFO - c5.24xlarge - 1.382600 - us-east-1f
2025-05-19 18:42:34 - INFO - Updating file: results/results_lucas_us-east-1.csv
2025-05-19 18:42:40 - INFO - All instances have been terminated.
2025-05-20 19:40:14 - INFO - Start execution in us-east-1 Nodes=10 Benchmark=bt.A.x Allocation Strategy=capacity-optimized
2025-05-20 19:40:14 - INFO - Found credentials in shared credentials file: ~/.aws/credentials
2025-05-20 19:40:17 - INFO - Tempo que levou para receber response AWS: 3.130137 segundos
2025-05-20 19:40:17 - INFO - Fleet created with instances: ['i-0696010af90e25b13', 'i-0e8c7c49e250fbe4e', 'i-00cb847568aa7a030', 'i-036ab41a9f860682d', 'i-02b54030c2ff52d47', 'i-05f376e41e41a68ab', 'i-0717fbf906244c33b', 'i-00409e30db96f4f31', 'i-0b96ecec53b24ae1c', 'i-01c29b5d96d6ab35f']
2025-05-20 19:40:39 - INFO - Tempo que levou para as máquinas estarem running: 20.197211 segundos
2025-05-20 19:40:39 - INFO - Tempo que levou para criar o Fleet com 10 instâncias: 25.207558 segundos
2025-05-20 19:40:39 - INFO - 10 instâncias no total. Iniciando benchmark em paralelo...
2025-05-20 19:40:39 - INFO - Found credentials in shared credentials file: ~/.aws/credentials
2025-05-20 19:40:39 - INFO - Found credentials in shared credentials file: ~/.aws/credentials
2025-05-20 19:40:39 - INFO - Found credentials in shared credentials file: ~/.aws/credentials
2025-05-20 19:40:39 - INFO - Found credentials in shared credentials file: ~/.aws/credentials
2025-05-20 19:40:39 - INFO - Found credentials in shared credentials file: ~/.aws/credentials
2025-05-20 19:40:39 - INFO - Found credentials in shared credentials file: ~/.aws/credentials
2025-05-20 19:40:39 - INFO - Found credentials in shared credentials file: ~/.aws/credentials
2025-05-20 19:40:39 - INFO - Found credentials in shared credentials file: ~/.aws/credentials
2025-05-20 19:40:39 - INFO - Found credentials in shared credentials file: ~/.aws/credentials
2025-05-20 19:40:39 - INFO - Found credentials in shared credentials file: ~/.aws/credentials
2025-05-20 19:40:47 - INFO - Connected (version 2.0, client OpenSSH_7.4)
2025-05-20 19:40:53 - INFO - Authentication (publickey) failed.
2025-05-20 19:40:53 - WARNING - Attempt 1/5 failed for i-0b96ecec53b24ae1c: Authentication failed.
2025-05-20 19:40:53 - INFO - Connected (version 2.0, client OpenSSH_7.4)
2025-05-20 19:41:03 - INFO - Found credentials in shared credentials file: ~/.aws/credentials
2025-05-20 19:41:17 - INFO - Authentication (publickey) successful!
2025-05-20 19:41:17 - INFO - Running command in i-0717fbf906244c33b (us-east-1, spot): /u/fvbr/bt.A.x
2025-05-20 19:41:18 - INFO - Connected (version 2.0, client OpenSSH_7.4)
2025-05-20 19:41:21 - INFO - Found credentials in shared credentials file: ~/.aws/credentials
2025-05-20 19:41:22 - INFO - c5.24xlarge - 1.383700 - us-east-1f
2025-05-20 19:41:22 - INFO - Updating file: results/results_lucas_us-east-1.csv
2025-05-20 19:41:42 - INFO - Authentication (publickey) successful!
2025-05-20 19:41:42 - INFO - Running command in i-00cb847568aa7a030 (us-east-1, spot): /u/fvbr/bt.A.x
2025-05-20 19:41:42 - INFO - Connected (version 2.0, client OpenSSH_7.4)
2025-05-20 19:41:46 - INFO - Found credentials in shared credentials file: ~/.aws/credentials
2025-05-20 19:41:46 - INFO - c5.24xlarge - 1.383700 - us-east-1f
2025-05-20 19:41:47 - INFO - Updating file: results/results_lucas_us-east-1.csv
2025-05-20 19:42:06 - INFO - Authentication (publickey) successful!
2025-05-20 19:42:06 - INFO - Running command in i-02b54030c2ff52d47 (us-east-1, spot): /u/fvbr/bt.A.x
2025-05-20 19:42:06 - INFO - Connected (version 2.0, client OpenSSH_7.4)
2025-05-20 19:42:09 - INFO - Found credentials in shared credentials file: ~/.aws/credentials
2025-05-20 19:42:10 - INFO - c5.24xlarge - 1.383700 - us-east-1f
2025-05-20 19:42:10 - INFO - Updating file: results/results_lucas_us-east-1.csv
2025-05-20 19:42:31 - INFO - Authentication (publickey) successful!
2025-05-20 19:42:31 - INFO - Running command in i-01c29b5d96d6ab35f (us-east-1, spot): /u/fvbr/bt.A.x
2025-05-20 19:42:32 - INFO - Connected (version 2.0, client OpenSSH_7.4)
2025-05-20 19:42:35 - INFO - Found credentials in shared credentials file: ~/.aws/credentials
2025-05-20 19:42:36 - INFO - c5.24xlarge - 1.383700 - us-east-1f
2025-05-20 19:42:36 - INFO - Updating file: results/results_lucas_us-east-1.csv
2025-05-20 19:42:57 - INFO - Authentication (publickey) successful!
2025-05-20 19:42:57 - INFO - Running command in i-05f376e41e41a68ab (us-east-1, spot): /u/fvbr/bt.A.x
2025-05-20 19:42:57 - INFO - Connected (version 2.0, client OpenSSH_7.4)
2025-05-20 19:43:01 - INFO - Found credentials in shared credentials file: ~/.aws/credentials
2025-05-20 19:43:02 - INFO - c5.24xlarge - 1.383700 - us-east-1f
2025-05-20 19:43:02 - INFO - Updating file: results/results_lucas_us-east-1.csv
2025-05-20 19:43:22 - INFO - Authentication (publickey) successful!
2025-05-20 19:43:22 - INFO - Running command in i-0696010af90e25b13 (us-east-1, spot): /u/fvbr/bt.A.x
2025-05-20 19:43:22 - INFO - Connected (version 2.0, client OpenSSH_7.4)
2025-05-20 19:43:26 - INFO - Found credentials in shared credentials file: ~/.aws/credentials
2025-05-20 19:43:27 - INFO - c5.24xlarge - 1.383700 - us-east-1f
2025-05-20 19:43:27 - INFO - Updating file: results/results_lucas_us-east-1.csv
2025-05-20 19:43:47 - INFO - Authentication (publickey) successful!
2025-05-20 19:43:47 - INFO - Running command in i-0e8c7c49e250fbe4e (us-east-1, spot): /u/fvbr/bt.A.x
2025-05-20 19:43:48 - INFO - Connected (version 2.0, client OpenSSH_7.4)
2025-05-20 19:43:51 - INFO - Found credentials in shared credentials file: ~/.aws/credentials
2025-05-20 19:43:53 - INFO - c5.24xlarge - 1.383700 - us-east-1f
2025-05-20 19:43:53 - INFO - Updating file: results/results_lucas_us-east-1.csv
2025-05-20 19:44:12 - INFO - Authentication (publickey) successful!
2025-05-20 19:44:12 - INFO - Running command in i-036ab41a9f860682d (us-east-1, spot): /u/fvbr/bt.A.x
2025-05-20 19:44:12 - INFO - Connected (version 2.0, client OpenSSH_7.4)
2025-05-20 19:44:16 - INFO - Found credentials in shared credentials file: ~/.aws/credentials
2025-05-20 19:44:17 - INFO - c5.24xlarge - 1.383700 - us-east-1f
2025-05-20 19:44:17 - INFO - Updating file: results/results_lucas_us-east-1.csv
2025-05-20 19:44:37 - INFO - Authentication (publickey) successful!
2025-05-20 19:44:37 - INFO - Running command in i-00409e30db96f4f31 (us-east-1, spot): /u/fvbr/bt.A.x
2025-05-20 19:44:38 - INFO - Connected (version 2.0, client OpenSSH_7.4)
2025-05-20 19:44:41 - INFO - Found credentials in shared credentials file: ~/.aws/credentials
2025-05-20 19:44:42 - INFO - c5.24xlarge - 1.383700 - us-east-1f
2025-05-20 19:44:42 - INFO - Updating file: results/results_lucas_us-east-1.csv
2025-05-20 19:45:05 - INFO - Authentication (publickey) successful!
2025-05-20 19:45:05 - INFO - Running command in i-0b96ecec53b24ae1c (us-east-1, spot): /u/fvbr/bt.A.x
2025-05-20 19:45:08 - INFO - Found credentials in shared credentials file: ~/.aws/credentials
2025-05-20 19:45:10 - INFO - c5.24xlarge - 1.383700 - us-east-1f
2025-05-20 19:45:10 - INFO - Updating file: results/results_lucas_us-east-1.csv
2025-05-20 19:45:16 - INFO - All instances have been terminated.
2025-05-22 16:16:01 - INFO - Start execution in us-east-1 Nodes=10 Benchmark=bt.A.x Allocation Strategy=price-capacity-optimized
2025-05-22 16:16:01 - INFO - Found credentials in shared credentials file: ~/.aws/credentials
2025-05-22 16:16:04 - INFO - Tempo que levou para receber response AWS: 3.104091 segundos
2025-05-22 16:16:04 - INFO - Fleet created with instances: ['i-0fc2cb501b723e341', 'i-06a27baeda732089f', 'i-06dae6df2fd3bb5ab', 'i-0031d15b33c3b681a', 'i-0f99f8719c2a13646', 'i-0f1628d18668b0319', 'i-0754f1026d917a70c', 'i-068be3c1908d070cc', 'i-049a30be952ae8cc5', 'i-03ee913a9ecbb5d8b']
2025-05-22 16:16:26 - INFO - Tempo que levou para as máquinas estarem running: 20.086421 segundos
2025-05-22 16:16:26 - INFO - Tempo que levou para criar o Fleet com 10 instâncias: 25.097988 segundos
2025-05-22 16:16:26 - INFO - 10 instâncias no total. Iniciando benchmark em paralelo...
2025-05-22 16:16:26 - INFO - Found credentials in shared credentials file: ~/.aws/credentials
2025-05-22 16:16:26 - INFO - Found credentials in shared credentials file: ~/.aws/credentials
2025-05-22 16:16:26 - INFO - Found credentials in shared credentials file: ~/.aws/credentials
2025-05-22 16:16:26 - INFO - Found credentials in shared credentials file: ~/.aws/credentials
2025-05-22 16:16:26 - INFO - Found credentials in shared credentials file: ~/.aws/credentials
2025-05-22 16:16:26 - INFO - Found credentials in shared credentials file: ~/.aws/credentials
2025-05-22 16:16:26 - INFO - Found credentials in shared credentials file: ~/.aws/credentials
2025-05-22 16:16:26 - INFO - Found credentials in shared credentials file: ~/.aws/credentials
2025-05-22 16:16:26 - INFO - Found credentials in shared credentials file: ~/.aws/credentials
2025-05-22 16:16:26 - INFO - Found credentials in shared credentials file: ~/.aws/credentials
2025-05-22 16:16:34 - INFO - Connected (version 2.0, client OpenSSH_7.4)
2025-05-22 16:16:50 - INFO - Authentication (publickey) failed.
2025-05-22 16:16:50 - WARNING - Attempt 1/5 failed for i-0fc2cb501b723e341: Authentication failed.
2025-05-22 16:16:50 - INFO - Connected (version 2.0, client OpenSSH_7.4)
2025-05-22 16:17:00 - INFO - Found credentials in shared credentials file: ~/.aws/credentials
2025-05-22 16:17:05 - INFO - Authentication (publickey) successful!
2025-05-22 16:17:05 - INFO - Running command in i-068be3c1908d070cc (us-east-1, spot): /u/fvbr/bt.A.x
2025-05-22 16:17:06 - INFO - Connected (version 2.0, client OpenSSH_7.4)
2025-05-22 16:17:09 - INFO - Found credentials in shared credentials file: ~/.aws/credentials
2025-05-22 16:17:10 - INFO - c5.24xlarge - 1.361300 - us-east-1f
2025-05-22 16:17:10 - INFO - Updating file: results/results_lucas_us-east-1.csv
2025-05-22 16:17:21 - INFO - Authentication (publickey) successful!
2025-05-22 16:17:21 - INFO - Running command in i-049a30be952ae8cc5 (us-east-1, spot): /u/fvbr/bt.A.x
2025-05-22 16:17:21 - INFO - Connected (version 2.0, client OpenSSH_7.4)
2025-05-22 16:17:25 - INFO - Found credentials in shared credentials file: ~/.aws/credentials
2025-05-22 16:17:26 - INFO - c5.24xlarge - 1.361300 - us-east-1f
2025-05-22 16:17:26 - INFO - Updating file: results/results_lucas_us-east-1.csv
2025-05-22 16:17:40 - INFO - Authentication (publickey) successful!
2025-05-22 16:17:40 - INFO - Running command in i-06a27baeda732089f (us-east-1, spot): /u/fvbr/bt.A.x
2025-05-22 16:17:41 - INFO - Connected (version 2.0, client OpenSSH_7.4)
2025-05-22 16:17:44 - INFO - Found credentials in shared credentials file: ~/.aws/credentials
2025-05-22 16:17:45 - INFO - c5.24xlarge - 1.361300 - us-east-1f
2025-05-22 16:17:45 - INFO - Updating file: results/results_lucas_us-east-1.csv
2025-05-22 16:17:57 - INFO - Authentication (publickey) successful!
2025-05-22 16:17:57 - INFO - Running command in i-0754f1026d917a70c (us-east-1, spot): /u/fvbr/bt.A.x
2025-05-22 16:17:57 - INFO - Connected (version 2.0, client OpenSSH_7.4)
2025-05-22 16:18:00 - INFO - Found credentials in shared credentials file: ~/.aws/credentials
2025-05-22 16:18:02 - INFO - c5.24xlarge - 1.361300 - us-east-1f
2025-05-22 16:18:02 - INFO - Updating file: results/results_lucas_us-east-1.csv
2025-05-22 16:18:16 - INFO - Authentication (publickey) successful!
2025-05-22 16:18:16 - INFO - Running command in i-0f1628d18668b0319 (us-east-1, spot): /u/fvbr/bt.A.x
2025-05-22 16:18:16 - INFO - Connected (version 2.0, client OpenSSH_7.4)
2025-05-22 16:18:20 - INFO - Found credentials in shared credentials file: ~/.aws/credentials
2025-05-22 16:18:21 - INFO - c5.24xlarge - 1.361300 - us-east-1f
2025-05-22 16:18:21 - INFO - Updating file: results/results_lucas_us-east-1.csv
2025-05-22 16:18:31 - INFO - Authentication (publickey) successful!
2025-05-22 16:18:31 - INFO - Running command in i-0031d15b33c3b681a (us-east-1, spot): /u/fvbr/bt.A.x
2025-05-22 16:18:32 - INFO - Connected (version 2.0, client OpenSSH_7.4)
2025-05-22 16:18:35 - INFO - Found credentials in shared credentials file: ~/.aws/credentials
2025-05-22 16:18:36 - INFO - c5.24xlarge - 1.361300 - us-east-1f
2025-05-22 16:18:36 - INFO - Updating file: results/results_lucas_us-east-1.csv
2025-05-22 16:18:47 - INFO - Authentication (publickey) successful!
2025-05-22 16:18:47 - INFO - Running command in i-0f99f8719c2a13646 (us-east-1, spot): /u/fvbr/bt.A.x
2025-05-22 16:18:47 - INFO - Connected (version 2.0, client OpenSSH_7.4)
2025-05-22 16:18:51 - INFO - Found credentials in shared credentials file: ~/.aws/credentials
2025-05-22 16:18:52 - INFO - c5.24xlarge - 1.361300 - us-east-1f
2025-05-22 16:18:52 - INFO - Updating file: results/results_lucas_us-east-1.csv
2025-05-22 16:19:03 - INFO - Authentication (publickey) successful!
2025-05-22 16:19:03 - INFO - Running command in i-03ee913a9ecbb5d8b (us-east-1, spot): /u/fvbr/bt.A.x
2025-05-22 16:19:03 - INFO - Connected (version 2.0, client OpenSSH_7.4)
2025-05-22 16:19:07 - INFO - Found credentials in shared credentials file: ~/.aws/credentials
2025-05-22 16:19:08 - INFO - c5.24xlarge - 1.361300 - us-east-1f
2025-05-22 16:19:08 - INFO - Updating file: results/results_lucas_us-east-1.csv
2025-05-22 16:19:18 - INFO - Authentication (publickey) successful!
2025-05-22 16:19:18 - INFO - Running command in i-06dae6df2fd3bb5ab (us-east-1, spot): /u/fvbr/bt.A.x
2025-05-22 16:19:19 - INFO - Connected (version 2.0, client OpenSSH_7.4)
2025-05-22 16:19:22 - INFO - Found credentials in shared credentials file: ~/.aws/credentials
2025-05-22 16:19:23 - INFO - c5.24xlarge - 1.361300 - us-east-1f
2025-05-22 16:19:23 - INFO - Updating file: results/results_lucas_us-east-1.csv
2025-05-22 16:19:34 - INFO - Authentication (publickey) successful!
2025-05-22 16:19:34 - INFO - Running command in i-0fc2cb501b723e341 (us-east-1, spot): /u/fvbr/bt.A.x
2025-05-22 16:19:38 - INFO - Found credentials in shared credentials file: ~/.aws/credentials
2025-05-22 16:19:39 - INFO - c5.24xlarge - 1.361300 - us-east-1f
2025-05-22 16:19:39 - INFO - Updating file: results/results_lucas_us-east-1.csv
2025-05-22 16:19:44 - INFO - All instances have been terminated.
2025-05-24 13:13:51 - INFO - Start execution in us-east-1 Nodes=10 Benchmark=bt.A.x Allocation Strategy=price-capacity-optimized
2025-05-24 13:13:51 - INFO - Found credentials in shared credentials file: ~/.aws/credentials
2025-05-24 13:13:55 - INFO - Tempo que levou para receber response AWS: 2.859991 segundos
2025-05-24 13:13:55 - INFO - Fleet created with instances: ['i-0ed3f199331cafc64', 'i-04f202afb0fcf75b8', 'i-0e2143b443236bb60', 'i-06290efbf650bb458', 'i-0e93151702caa29f3', 'i-060db73dac1cee137', 'i-07c2ef02058f17fc5', 'i-0002fc8c506df46bc', 'i-06daf0c85a1d931ed', 'i-06c18a124b3f07f04']
2025-05-24 13:14:16 - INFO - Tempo que levou para as máquinas estarem running: 19.90424 segundos
2025-05-24 13:14:16 - INFO - Tempo que levou para criar o Fleet com 10 instâncias: 24.601788 segundos
2025-05-24 13:14:16 - INFO - 10 instâncias no total. Iniciando benchmark em paralelo...
2025-05-24 13:14:16 - INFO - Found credentials in shared credentials file: ~/.aws/credentials
2025-05-24 13:14:16 - INFO - Found credentials in shared credentials file: ~/.aws/credentials
2025-05-24 13:14:16 - INFO - Found credentials in shared credentials file: ~/.aws/credentials
2025-05-24 13:14:16 - INFO - Found credentials in shared credentials file: ~/.aws/credentials
2025-05-24 13:14:16 - INFO - Found credentials in shared credentials file: ~/.aws/credentials
2025-05-24 13:14:16 - INFO - Found credentials in shared credentials file: ~/.aws/credentials
2025-05-24 13:14:16 - INFO - Found credentials in shared credentials file: ~/.aws/credentials
2025-05-24 13:14:16 - INFO - Found credentials in shared credentials file: ~/.aws/credentials
2025-05-24 13:14:16 - INFO - Found credentials in shared credentials file: ~/.aws/credentials
2025-05-24 13:14:16 - INFO - Found credentials in shared credentials file: ~/.aws/credentials
2025-05-24 13:14:25 - INFO - Connected (version 2.0, client OpenSSH_7.4)
2025-05-24 13:14:31 - INFO - Authentication (publickey) failed.
2025-05-24 13:14:31 - WARNING - Attempt 1/5 failed for i-0ed3f199331cafc64: Authentication failed.
2025-05-24 13:14:31 - INFO - Connected (version 2.0, client OpenSSH_7.4)
2025-05-24 13:14:32 - INFO - Authentication (publickey) failed.
2025-05-24 13:14:32 - WARNING - Attempt 1/5 failed for i-06290efbf650bb458: Authentication failed.
2025-05-24 13:14:32 - INFO - Connected (version 2.0, client OpenSSH_7.4)
2025-05-24 13:14:33 - INFO - Authentication (publickey) failed.
2025-05-24 13:14:33 - WARNING - Attempt 1/5 failed for i-06c18a124b3f07f04: Authentication failed.
2025-05-24 13:14:33 - INFO - Connected (version 2.0, client OpenSSH_7.4)
2025-05-24 13:14:41 - INFO - Found credentials in shared credentials file: ~/.aws/credentials
2025-05-24 13:14:42 - INFO - Found credentials in shared credentials file: ~/.aws/credentials
2025-05-24 13:14:43 - INFO - Found credentials in shared credentials file: ~/.aws/credentials
2025-05-24 13:14:55 - INFO - Authentication (publickey) successful!
2025-05-24 13:14:55 - INFO - Running command in i-06daf0c85a1d931ed (us-east-1, spot): /u/fvbr/bt.A.x
2025-05-24 13:14:55 - INFO - Connected (version 2.0, client OpenSSH_7.4)
2025-05-24 13:14:59 - INFO - Found credentials in shared credentials file: ~/.aws/credentials
2025-05-24 13:15:00 - INFO - c5.24xlarge - 1.334200 - us-east-1f
2025-05-24 13:15:00 - INFO - Updating file: results/results_lucas_us-east-1.csv
2025-05-24 13:15:16 - INFO - Authentication (publickey) successful!
2025-05-24 13:15:16 - INFO - Running command in i-060db73dac1cee137 (us-east-1, spot): /u/fvbr/bt.A.x
2025-05-24 13:15:17 - INFO - Connected (version 2.0, client OpenSSH_7.4)
2025-05-24 13:15:20 - INFO - Found credentials in shared credentials file: ~/.aws/credentials
2025-05-24 13:15:21 - INFO - c5.24xlarge - 1.334200 - us-east-1f
2025-05-24 13:15:21 - INFO - Updating file: results/results_lucas_us-east-1.csv
2025-05-24 13:15:39 - INFO - Authentication (publickey) successful!
2025-05-24 13:15:39 - INFO - Running command in i-04f202afb0fcf75b8 (us-east-1, spot): /u/fvbr/bt.A.x
2025-05-24 13:15:40 - INFO - Connected (version 2.0, client OpenSSH_7.4)
2025-05-24 13:15:43 - INFO - Found credentials in shared credentials file: ~/.aws/credentials
2025-05-24 13:15:44 - INFO - c5.24xlarge - 1.334200 - us-east-1f
2025-05-24 13:15:44 - INFO - Updating file: results/results_lucas_us-east-1.csv
2025-05-24 13:16:02 - INFO - Authentication (publickey) successful!
2025-05-24 13:16:02 - INFO - Running command in i-0e93151702caa29f3 (us-east-1, spot): /u/fvbr/bt.A.x
2025-05-24 13:16:02 - INFO - Connected (version 2.0, client OpenSSH_7.4)
2025-05-24 13:16:06 - INFO - Found credentials in shared credentials file: ~/.aws/credentials
2025-05-24 13:16:07 - INFO - c5.24xlarge - 1.334200 - us-east-1f
2025-05-24 13:16:07 - INFO - Updating file: results/results_lucas_us-east-1.csv
2025-05-24 13:16:24 - INFO - Authentication (publickey) successful!
2025-05-24 13:16:24 - INFO - Running command in i-0002fc8c506df46bc (us-east-1, spot): /u/fvbr/bt.A.x
2025-05-24 13:16:24 - INFO - Connected (version 2.0, client OpenSSH_7.4)
2025-05-24 13:16:28 - INFO - Found credentials in shared credentials file: ~/.aws/credentials
2025-05-24 13:16:29 - INFO - c5.24xlarge - 1.334200 - us-east-1f
2025-05-24 13:16:29 - INFO - Updating file: results/results_lucas_us-east-1.csv
2025-05-24 13:16:46 - INFO - Authentication (publickey) successful!
2025-05-24 13:16:46 - INFO - Running command in i-07c2ef02058f17fc5 (us-east-1, spot): /u/fvbr/bt.A.x
2025-05-24 13:16:47 - INFO - Connected (version 2.0, client OpenSSH_7.4)
2025-05-24 13:16:50 - INFO - Found credentials in shared credentials file: ~/.aws/credentials
2025-05-24 13:16:51 - INFO - c5.24xlarge - 1.334200 - us-east-1f
2025-05-24 13:16:51 - INFO - Updating file: results/results_lucas_us-east-1.csv
2025-05-24 13:17:08 - INFO - Authentication (publickey) successful!
2025-05-24 13:17:08 - INFO - Running command in i-0e2143b443236bb60 (us-east-1, spot): /u/fvbr/bt.A.x
2025-05-24 13:17:08 - INFO - Connected (version 2.0, client OpenSSH_7.4)
2025-05-24 13:17:12 - INFO - Found credentials in shared credentials file: ~/.aws/credentials
2025-05-24 13:17:13 - INFO - c5.24xlarge - 1.334200 - us-east-1f
2025-05-24 13:17:13 - INFO - Updating file: results/results_lucas_us-east-1.csv
2025-05-24 13:17:30 - INFO - Authentication (publickey) successful!
2025-05-24 13:17:30 - INFO - Running command in i-0ed3f199331cafc64 (us-east-1, spot): /u/fvbr/bt.A.x
2025-05-24 13:17:31 - INFO - Connected (version 2.0, client OpenSSH_7.4)
2025-05-24 13:17:34 - INFO - Found credentials in shared credentials file: ~/.aws/credentials
2025-05-24 13:17:35 - INFO - c5.24xlarge - 1.334200 - us-east-1f
2025-05-24 13:17:35 - INFO - Updating file: results/results_lucas_us-east-1.csv
2025-05-24 13:17:52 - INFO - Authentication (publickey) successful!
2025-05-24 13:17:52 - INFO - Running command in i-06290efbf650bb458 (us-east-1, spot): /u/fvbr/bt.A.x
2025-05-24 13:17:53 - INFO - Connected (version 2.0, client OpenSSH_7.4)
2025-05-24 13:17:56 - INFO - Found credentials in shared credentials file: ~/.aws/credentials
2025-05-24 13:17:57 - INFO - c5.24xlarge - 1.334200 - us-east-1f
2025-05-24 13:17:57 - INFO - Updating file: results/results_lucas_us-east-1.csv
2025-05-24 13:18:21 - INFO - Authentication (publickey) successful!
2025-05-24 13:18:21 - INFO - Running command in i-06c18a124b3f07f04 (us-east-1, spot): /u/fvbr/bt.A.x
2025-05-24 13:18:25 - INFO - Found credentials in shared credentials file: ~/.aws/credentials
2025-05-24 13:18:26 - INFO - c5.24xlarge - 1.334200 - us-east-1f
2025-05-24 13:18:26 - INFO - Updating file: results/results_lucas_us-east-1.csv
2025-05-24 13:18:32 - INFO - All instances have been terminated.
2025-05-24 22:47:09 - INFO - Start execution in us-east-1 Nodes=10 Benchmark=bt.A.x Allocation Strategy=price-capacity-optimized
2025-05-24 22:47:09 - INFO - Found credentials in shared credentials file: ~/.aws/credentials
2025-05-24 22:47:14 - INFO - Tempo que levou para receber response AWS: 4.179098 segundos
2025-05-24 22:47:14 - INFO - Fleet created with instances: ['i-04d9c1df60b4a4c4b', 'i-0ad19623abe5b75a9', 'i-0c46bb50d11b84315', 'i-0a01968102465ddba', 'i-08a4983185aa7e14b', 'i-0bf89d31e18852dc8', 'i-0077f71ade257bf23', 'i-039f05576d17117f2', 'i-0427b2e1abcd57f13', 'i-0a96f0d049c0279d1']
2025-05-24 22:47:35 - INFO - Tempo que levou para as máquinas estarem running: 19.902497 segundos
2025-05-24 22:47:35 - INFO - Tempo que levou para criar o Fleet com 10 instâncias: 25.935653 segundos
2025-05-24 22:47:35 - INFO - 10 instâncias no total. Iniciando benchmark em paralelo...
2025-05-24 22:47:35 - INFO - Found credentials in shared credentials file: ~/.aws/credentials
2025-05-24 22:47:35 - INFO - Found credentials in shared credentials file: ~/.aws/credentials
2025-05-24 22:47:35 - INFO - Found credentials in shared credentials file: ~/.aws/credentials
2025-05-24 22:47:35 - INFO - Found credentials in shared credentials file: ~/.aws/credentials
2025-05-24 22:47:35 - INFO - Found credentials in shared credentials file: ~/.aws/credentials
2025-05-24 22:47:35 - INFO - Found credentials in shared credentials file: ~/.aws/credentials
2025-05-24 22:47:35 - INFO - Found credentials in shared credentials file: ~/.aws/credentials
2025-05-24 22:47:35 - INFO - Found credentials in shared credentials file: ~/.aws/credentials
2025-05-24 22:47:35 - INFO - Found credentials in shared credentials file: ~/.aws/credentials
2025-05-24 22:47:35 - INFO - Found credentials in shared credentials file: ~/.aws/credentials
2025-05-24 22:47:44 - INFO - Connected (version 2.0, client OpenSSH_7.4)
2025-05-24 22:47:46 - INFO - Authentication (publickey) failed.
2025-05-24 22:47:46 - WARNING - Attempt 1/5 failed for i-08a4983185aa7e14b: Authentication failed.
2025-05-24 22:47:46 - INFO - Connected (version 2.0, client OpenSSH_7.4)
2025-05-24 22:47:52 - INFO - Authentication (publickey) failed.
2025-05-24 22:47:52 - WARNING - Attempt 1/5 failed for i-039f05576d17117f2: Authentication failed.
2025-05-24 22:47:52 - INFO - Connected (version 2.0, client OpenSSH_7.4)
2025-05-24 22:47:56 - INFO - Found credentials in shared credentials file: ~/.aws/credentials
2025-05-24 22:48:02 - INFO - Found credentials in shared credentials file: ~/.aws/credentials
2025-05-24 22:48:15 - INFO - Authentication (publickey) successful!
2025-05-24 22:48:15 - INFO - Running command in i-0ad19623abe5b75a9 (us-east-1, spot): /u/fvbr/bt.A.x
2025-05-24 22:48:15 - INFO - Connected (version 2.0, client OpenSSH_7.4)
2025-05-24 22:48:19 - INFO - Found credentials in shared credentials file: ~/.aws/credentials
2025-05-24 22:48:20 - INFO - c5.24xlarge - 1.332600 - us-east-1f
2025-05-24 22:48:20 - INFO - Updating file: results/results_lucas_us-east-1.csv
2025-05-24 22:48:39 - INFO - Authentication (publickey) successful!
2025-05-24 22:48:39 - INFO - Running command in i-0427b2e1abcd57f13 (us-east-1, spot): /u/fvbr/bt.A.x
2025-05-24 22:48:39 - INFO - Connected (version 2.0, client OpenSSH_7.4)
2025-05-24 22:48:43 - INFO - Found credentials in shared credentials file: ~/.aws/credentials
2025-05-24 22:48:44 - INFO - c5.24xlarge - 1.332600 - us-east-1f
2025-05-24 22:48:44 - INFO - Updating file: results/results_lucas_us-east-1.csv
2025-05-24 22:49:03 - INFO - Authentication (publickey) successful!
2025-05-24 22:49:03 - INFO - Running command in i-0c46bb50d11b84315 (us-east-1, spot): /u/fvbr/bt.A.x
2025-05-24 22:49:03 - INFO - Connected (version 2.0, client OpenSSH_7.4)
2025-05-24 22:49:07 - INFO - Found credentials in shared credentials file: ~/.aws/credentials
2025-05-24 22:49:08 - INFO - c5.24xlarge - 1.332600 - us-east-1f
2025-05-24 22:49:08 - INFO - Updating file: results/results_lucas_us-east-1.csv
2025-05-24 22:49:27 - INFO - Authentication (publickey) successful!
2025-05-24 22:49:27 - INFO - Running command in i-0bf89d31e18852dc8 (us-east-1, spot): /u/fvbr/bt.A.x
2025-05-24 22:49:27 - INFO - Connected (version 2.0, client OpenSSH_7.4)
2025-05-24 22:49:31 - INFO - Found credentials in shared credentials file: ~/.aws/credentials
2025-05-24 22:49:32 - INFO - c5.24xlarge - 1.332600 - us-east-1f
2025-05-24 22:49:32 - INFO - Updating file: results/results_lucas_us-east-1.csv
2025-05-24 22:49:50 - INFO - Authentication (publickey) successful!
2025-05-24 22:49:50 - INFO - Running command in i-0077f71ade257bf23 (us-east-1, spot): /u/fvbr/bt.A.x
2025-05-24 22:49:50 - INFO - Connected (version 2.0, client OpenSSH_7.4)
2025-05-24 22:49:54 - INFO - Found credentials in shared credentials file: ~/.aws/credentials
2025-05-24 22:49:55 - INFO - c5.24xlarge - 1.332600 - us-east-1f
2025-05-24 22:49:55 - INFO - Updating file: results/results_lucas_us-east-1.csv
2025-05-24 22:50:14 - INFO - Authentication (publickey) successful!
2025-05-24 22:50:14 - INFO - Running command in i-0a01968102465ddba (us-east-1, spot): /u/fvbr/bt.A.x
2025-05-24 22:50:14 - INFO - Connected (version 2.0, client OpenSSH_7.4)
2025-05-24 22:50:18 - INFO - Found credentials in shared credentials file: ~/.aws/credentials
2025-05-24 22:50:19 - INFO - c5.24xlarge - 1.332600 - us-east-1f
2025-05-24 22:50:19 - INFO - Updating file: results/results_lucas_us-east-1.csv
2025-05-24 22:50:39 - INFO - Authentication (publickey) successful!
2025-05-24 22:50:39 - INFO - Running command in i-04d9c1df60b4a4c4b (us-east-1, spot): /u/fvbr/bt.A.x
2025-05-24 22:50:39 - INFO - Connected (version 2.0, client OpenSSH_7.4)
2025-05-24 22:50:43 - INFO - Found credentials in shared credentials file: ~/.aws/credentials
2025-05-24 22:50:44 - INFO - c5ad.24xlarge - 1.293700 - us-east-1f
2025-05-24 22:50:44 - INFO - Updating file: results/results_lucas_us-east-1.csv
2025-05-24 22:51:05 - INFO - Authentication (publickey) successful!
2025-05-24 22:51:05 - INFO - Running command in i-0a96f0d049c0279d1 (us-east-1, spot): /u/fvbr/bt.A.x
2025-05-24 22:51:05 - INFO - Connected (version 2.0, client OpenSSH_7.4)
2025-05-24 22:51:09 - INFO - Found credentials in shared credentials file: ~/.aws/credentials
2025-05-24 22:51:10 - INFO - c5.24xlarge - 1.332600 - us-east-1f
2025-05-24 22:51:10 - INFO - Updating file: results/results_lucas_us-east-1.csv
2025-05-24 22:51:30 - INFO - Authentication (publickey) successful!
2025-05-24 22:51:30 - INFO - Running command in i-08a4983185aa7e14b (us-east-1, spot): /u/fvbr/bt.A.x
2025-05-24 22:51:30 - INFO - Connected (version 2.0, client OpenSSH_7.4)
2025-05-24 22:51:33 - INFO - Found credentials in shared credentials file: ~/.aws/credentials
2025-05-24 22:51:34 - INFO - c5.24xlarge - 1.332600 - us-east-1f
2025-05-24 22:51:34 - INFO - Updating file: results/results_lucas_us-east-1.csv
2025-05-24 22:51:55 - INFO - Authentication (publickey) successful!
2025-05-24 22:51:55 - INFO - Running command in i-039f05576d17117f2 (us-east-1, spot): /u/fvbr/bt.A.x
2025-05-24 22:51:59 - INFO - Found credentials in shared credentials file: ~/.aws/credentials
2025-05-24 22:52:00 - INFO - c5.24xlarge - 1.332600 - us-east-1f
2025-05-24 22:52:00 - INFO - Updating file: results/results_lucas_us-east-1.csv
2025-05-24 22:52:06 - INFO - All instances have been terminated.
2025-06-03 21:12:24 - INFO - Start execution in us-east-1 Nodes=10 Benchmark=bt.A.x Allocation Strategy=lowest-price
2025-06-03 21:12:24 - INFO - Found credentials in shared credentials file: ~/.aws/credentials
2025-06-03 21:12:28 - INFO - Tempo que levou para receber response AWS: 3.774195 segundos
2025-06-03 21:12:28 - INFO - Found credentials in shared credentials file: ~/.aws/credentials
2025-06-03 21:12:29 - WARNING - No spot price history found.
2025-06-03 21:12:29 - INFO - Updating file: results/results_lucas_us-east-1.csv
2025-06-03 21:12:29 - INFO - Found credentials in shared credentials file: ~/.aws/credentials
2025-06-03 21:12:30 - WARNING - No spot price history found.
2025-06-03 21:12:30 - INFO - Updating file: results/results_lucas_us-east-1.csv
2025-06-03 21:12:30 - INFO - Found credentials in shared credentials file: ~/.aws/credentials
2025-06-03 21:12:31 - WARNING - No spot price history found.
2025-06-03 21:12:31 - INFO - Updating file: results/results_lucas_us-east-1.csv
2025-06-03 21:12:31 - INFO - Found credentials in shared credentials file: ~/.aws/credentials
2025-06-03 21:12:32 - WARNING - No spot price history found.
2025-06-03 21:12:32 - INFO - Updating file: results/results_lucas_us-east-1.csv
2025-06-03 21:12:32 - INFO - Found credentials in shared credentials file: ~/.aws/credentials
2025-06-03 21:12:33 - WARNING - No spot price history found.
2025-06-03 21:12:33 - INFO - Updating file: results/results_lucas_us-east-1.csv
2025-06-03 21:12:33 - INFO - Found credentials in shared credentials file: ~/.aws/credentials
2025-06-03 21:12:34 - WARNING - No spot price history found.
2025-06-03 21:12:34 - INFO - Updating file: results/results_lucas_us-east-1.csv
2025-06-03 21:12:34 - INFO - Found credentials in shared credentials file: ~/.aws/credentials
2025-06-03 21:12:35 - WARNING - No spot price history found.
2025-06-03 21:12:35 - INFO - Updating file: results/results_lucas_us-east-1.csv
2025-06-03 21:12:35 - INFO - Found credentials in shared credentials file: ~/.aws/credentials
2025-06-03 21:12:36 - WARNING - No spot price history found.
2025-06-03 21:12:36 - INFO - Updating file: results/results_lucas_us-east-1.csv
2025-06-03 21:12:36 - INFO - Found credentials in shared credentials file: ~/.aws/credentials
2025-06-03 21:12:37 - WARNING - No spot price history found.
2025-06-03 21:12:37 - INFO - Updating file: results/results_lucas_us-east-1.csv
2025-06-03 21:12:37 - INFO - Found credentials in shared credentials file: ~/.aws/credentials
2025-06-03 21:12:38 - WARNING - No spot price history found.
2025-06-03 21:12:38 - INFO - Updating file: results/results_lucas_us-east-1.csv
2025-06-03 21:12:38 - INFO - Found credentials in shared credentials file: ~/.aws/credentials
2025-06-03 21:12:38 - WARNING - No spot price history found.
2025-06-03 21:12:38 - INFO - Updating file: results/results_lucas_us-east-1.csv
2025-06-03 21:12:38 - INFO - Found credentials in shared credentials file: ~/.aws/credentials
2025-06-03 21:12:39 - WARNING - No spot price history found.
2025-06-03 21:12:39 - INFO - Updating file: results/results_lucas_us-east-1.csv
2025-06-03 21:12:39 - INFO - Found credentials in shared credentials file: ~/.aws/credentials
2025-06-03 21:12:40 - WARNING - No spot price history found.
2025-06-03 21:12:40 - INFO - Updating file: results/results_lucas_us-east-1.csv
2025-06-03 21:12:40 - INFO - Found credentials in shared credentials file: ~/.aws/credentials
2025-06-03 21:12:41 - WARNING - No spot price history found.
2025-06-03 21:12:41 - INFO - Updating file: results/results_lucas_us-east-1.csv
2025-06-03 21:12:41 - INFO - Found credentials in shared credentials file: ~/.aws/credentials
2025-06-03 21:12:42 - WARNING - No spot price history found.
2025-06-03 21:12:42 - INFO - Updating file: results/results_lucas_us-east-1.csv
2025-06-03 21:12:42 - INFO - Found credentials in shared credentials file: ~/.aws/credentials
2025-06-03 21:12:43 - WARNING - No spot price history found.
2025-06-03 21:12:43 - INFO - Updating file: results/results_lucas_us-east-1.csv
2025-06-03 21:12:43 - INFO - Found credentials in shared credentials file: ~/.aws/credentials
2025-06-03 21:12:44 - WARNING - No spot price history found.
2025-06-03 21:12:44 - INFO - Updating file: results/results_lucas_us-east-1.csv
2025-06-03 21:12:44 - INFO - Found credentials in shared credentials file: ~/.aws/credentials
2025-06-03 21:12:45 - WARNING - No spot price history found.
2025-06-03 21:12:45 - INFO - Updating file: results/results_lucas_us-east-1.csv
2025-06-03 21:12:45 - INFO - Found credentials in shared credentials file: ~/.aws/credentials
2025-06-03 21:12:46 - WARNING - No spot price history found.
2025-06-03 21:12:46 - INFO - Updating file: results/results_lucas_us-east-1.csv
2025-06-03 21:12:46 - INFO - Found credentials in shared credentials file: ~/.aws/credentials
2025-06-03 21:12:47 - WARNING - No spot price history found.
2025-06-03 21:12:47 - INFO - Updating file: results/results_lucas_us-east-1.csv
2025-06-03 21:12:47 - INFO - Found credentials in shared credentials file: ~/.aws/credentials
2025-06-03 21:12:48 - WARNING - No spot price history found.
2025-06-03 21:12:48 - INFO - Updating file: results/results_lucas_us-east-1.csv
2025-06-03 21:12:48 - INFO - Found credentials in shared credentials file: ~/.aws/credentials
2025-06-03 21:12:49 - WARNING - No spot price history found.
2025-06-03 21:12:49 - INFO - Updating file: results/results_lucas_us-east-1.csv
2025-06-03 21:12:49 - INFO - Found credentials in shared credentials file: ~/.aws/credentials
2025-06-03 21:12:50 - WARNING - No spot price history found.
2025-06-03 21:12:50 - INFO - Updating file: results/results_lucas_us-east-1.csv
2025-06-03 21:12:50 - INFO - Found credentials in shared credentials file: ~/.aws/credentials
2025-06-03 21:12:50 - WARNING - No spot price history found.
2025-06-03 21:12:50 - INFO - Updating file: results/results_lucas_us-east-1.csv
2025-06-03 21:12:50 - INFO - Found credentials in shared credentials file: ~/.aws/credentials
2025-06-03 21:12:51 - WARNING - No spot price history found.
2025-06-03 21:12:51 - INFO - Updating file: results/results_lucas_us-east-1.csv
2025-06-03 21:12:51 - INFO - Found credentials in shared credentials file: ~/.aws/credentials
2025-06-03 21:12:52 - WARNING - No spot price history found.
2025-06-03 21:12:52 - INFO - Updating file: results/results_lucas_us-east-1.csv
2025-06-03 21:12:52 - INFO - Found credentials in shared credentials file: ~/.aws/credentials
2025-06-03 21:12:53 - WARNING - No spot price history found.
2025-06-03 21:12:53 - INFO - Updating file: results/results_lucas_us-east-1.csv
2025-06-03 21:12:53 - INFO - Found credentials in shared credentials file: ~/.aws/credentials
2025-06-03 21:12:54 - WARNING - No spot price history found.
2025-06-03 21:12:54 - INFO - Updating file: results/results_lucas_us-east-1.csv
2025-06-03 21:12:54 - INFO - Found credentials in shared credentials file: ~/.aws/credentials
2025-06-03 21:12:55 - WARNING - No spot price history found.
2025-06-03 21:12:55 - INFO - Updating file: results/results_lucas_us-east-1.csv
2025-06-03 21:12:55 - INFO - Found credentials in shared credentials file: ~/.aws/credentials
2025-06-03 21:12:56 - WARNING - No spot price history found.
2025-06-03 21:12:56 - INFO - Updating file: results/results_lucas_us-east-1.csv
2025-06-03 21:12:56 - INFO - Found credentials in shared credentials file: ~/.aws/credentials
2025-06-03 21:12:57 - WARNING - No spot price history found.
2025-06-03 21:12:57 - INFO - Updating file: results/results_lucas_us-east-1.csv
2025-06-03 21:12:57 - INFO - Found credentials in shared credentials file: ~/.aws/credentials
2025-06-03 21:12:58 - WARNING - No spot price history found.
2025-06-03 21:12:58 - INFO - Updating file: results/results_lucas_us-east-1.csv
2025-06-03 21:12:58 - INFO - Found credentials in shared credentials file: ~/.aws/credentials
2025-06-03 21:12:59 - WARNING - No spot price history found.
2025-06-03 21:12:59 - INFO - Updating file: results/results_lucas_us-east-1.csv
2025-06-03 21:12:59 - INFO - Found credentials in shared credentials file: ~/.aws/credentials
2025-06-03 21:13:00 - WARNING - No spot price history found.
2025-06-03 21:13:00 - INFO - Updating file: results/results_lucas_us-east-1.csv
2025-06-03 21:13:00 - INFO - Found credentials in shared credentials file: ~/.aws/credentials
2025-06-03 21:13:01 - WARNING - No spot price history found.
2025-06-03 21:13:01 - INFO - Updating file: results/results_lucas_us-east-1.csv
2025-06-03 21:13:01 - INFO - Found credentials in shared credentials file: ~/.aws/credentials
2025-06-03 21:13:02 - WARNING - No spot price history found.
2025-06-03 21:13:02 - INFO - Updating file: results/results_lucas_us-east-1.csv
2025-06-03 21:13:02 - INFO - Found credentials in shared credentials file: ~/.aws/credentials
2025-06-03 21:13:03 - WARNING - No spot price history found.
2025-06-03 21:13:03 - INFO - Updating file: results/results_lucas_us-east-1.csv
2025-06-03 21:13:03 - INFO - Found credentials in shared credentials file: ~/.aws/credentials
2025-06-03 21:13:04 - WARNING - No spot price history found.
2025-06-03 21:13:04 - INFO - Updating file: results/results_lucas_us-east-1.csv
2025-06-03 21:13:04 - INFO - Fleet created with instances: ['i-06ae7680e463a3524', 'i-0cf49dc4c12f09cb4', 'i-08fe4a8c566dec5ce', 'i-025ab85feaa0d952e', 'i-01fed4990e1bb094b', 'i-0be110a2f0a9343b0', 'i-0cb4675e5e5b9e2ef', 'i-0ed36254ce17ac3ef', 'i-0117f363d06836a97', 'i-02ac4a618bd3ffdda']
2025-06-03 21:13:10 - INFO - Tempo que levou para as máquinas estarem running: 4.814888 segundos
2025-06-03 21:13:10 - INFO - Tempo que levou para criar o Fleet com 10 instâncias: 45.977133 segundos
2025-06-03 21:13:10 - INFO - 10 instâncias no total. Iniciando benchmark em paralelo...
2025-06-03 21:13:10 - INFO - Found credentials in shared credentials file: ~/.aws/credentials
2025-06-03 21:13:10 - INFO - Found credentials in shared credentials file: ~/.aws/credentials
2025-06-03 21:13:10 - INFO - Found credentials in shared credentials file: ~/.aws/credentials
2025-06-03 21:13:10 - INFO - Found credentials in shared credentials file: ~/.aws/credentials
2025-06-03 21:13:10 - INFO - Found credentials in shared credentials file: ~/.aws/credentials
2025-06-03 21:13:10 - INFO - Found credentials in shared credentials file: ~/.aws/credentials
2025-06-03 21:13:10 - INFO - Found credentials in shared credentials file: ~/.aws/credentials
2025-06-03 21:13:10 - INFO - Found credentials in shared credentials file: ~/.aws/credentials
2025-06-03 21:13:10 - INFO - Found credentials in shared credentials file: ~/.aws/credentials
2025-06-03 21:13:10 - INFO - Found credentials in shared credentials file: ~/.aws/credentials
2025-06-03 21:13:13 - INFO - Connected (version 2.0, client OpenSSH_7.4)
2025-06-03 21:13:32 - INFO - Authentication (publickey) successful!
2025-06-03 21:13:32 - INFO - Running command in i-0cb4675e5e5b9e2ef (us-east-1, spot): /u/fvbr/bt.A.x
2025-06-03 21:13:32 - INFO - Connected (version 2.0, client OpenSSH_7.4)
2025-06-03 21:13:36 - INFO - Found credentials in shared credentials file: ~/.aws/credentials
2025-06-03 21:13:37 - INFO - c5.24xlarge - 0.837200 - us-east-1b
2025-06-03 21:13:37 - INFO - Updating file: results/results_lucas_us-east-1.csv
2025-06-03 21:13:52 - INFO - Authentication (publickey) successful!
2025-06-03 21:13:52 - INFO - Running command in i-0117f363d06836a97 (us-east-1, spot): /u/fvbr/bt.A.x
2025-06-03 21:13:53 - INFO - Connected (version 2.0, client OpenSSH_7.4)
2025-06-03 21:13:56 - INFO - Found credentials in shared credentials file: ~/.aws/credentials
2025-06-03 21:13:58 - INFO - c5.24xlarge - 0.837200 - us-east-1b
2025-06-03 21:13:58 - INFO - Updating file: results/results_lucas_us-east-1.csv
2025-06-03 21:14:16 - INFO - Authentication (publickey) successful!
2025-06-03 21:14:16 - INFO - Running command in i-01fed4990e1bb094b (us-east-1, spot): /u/fvbr/bt.A.x
2025-06-03 21:14:16 - INFO - Connected (version 2.0, client OpenSSH_7.4)
2025-06-03 21:14:20 - INFO - Found credentials in shared credentials file: ~/.aws/credentials
2025-06-03 21:14:21 - INFO - c5.24xlarge - 0.837200 - us-east-1b
2025-06-03 21:14:21 - INFO - Updating file: results/results_lucas_us-east-1.csv
2025-06-03 21:14:32 - INFO - Authentication (publickey) successful!
2025-06-03 21:14:32 - INFO - Running command in i-0ed36254ce17ac3ef (us-east-1, spot): /u/fvbr/bt.A.x
2025-06-03 21:14:33 - INFO - Connected (version 2.0, client OpenSSH_7.4)
2025-06-03 21:14:36 - INFO - Found credentials in shared credentials file: ~/.aws/credentials
2025-06-03 21:14:37 - INFO - c5.24xlarge - 0.837200 - us-east-1b
2025-06-03 21:14:37 - INFO - Updating file: results/results_lucas_us-east-1.csv
2025-06-03 21:14:52 - INFO - Authentication (publickey) successful!
2025-06-03 21:14:52 - INFO - Running command in i-0cf49dc4c12f09cb4 (us-east-1, spot): /u/fvbr/bt.A.x
2025-06-03 21:14:52 - INFO - Connected (version 2.0, client OpenSSH_7.4)
2025-06-03 21:14:56 - INFO - Found credentials in shared credentials file: ~/.aws/credentials
2025-06-03 21:14:57 - INFO - c5.24xlarge - 0.837200 - us-east-1b
2025-06-03 21:14:57 - INFO - Updating file: results/results_lucas_us-east-1.csv
2025-06-03 21:15:09 - INFO - Authentication (publickey) successful!
2025-06-03 21:15:09 - INFO - Running command in i-0be110a2f0a9343b0 (us-east-1, spot): /u/fvbr/bt.A.x
2025-06-03 21:15:10 - INFO - Connected (version 2.0, client OpenSSH_7.4)
2025-06-03 21:15:13 - INFO - Found credentials in shared credentials file: ~/.aws/credentials
2025-06-03 21:15:14 - INFO - c5.24xlarge - 0.837200 - us-east-1b
2025-06-03 21:15:14 - INFO - Updating file: results/results_lucas_us-east-1.csv
2025-06-03 21:15:36 - INFO - Authentication (publickey) successful!
2025-06-03 21:15:36 - INFO - Running command in i-02ac4a618bd3ffdda (us-east-1, spot): /u/fvbr/bt.A.x
2025-06-03 21:15:36 - INFO - Connected (version 2.0, client OpenSSH_7.4)
2025-06-03 21:15:40 - INFO - Found credentials in shared credentials file: ~/.aws/credentials
2025-06-03 21:15:41 - INFO - c5.24xlarge - 0.837200 - us-east-1b
2025-06-03 21:15:41 - INFO - Updating file: results/results_lucas_us-east-1.csv
2025-06-03 21:15:59 - INFO - Authentication (publickey) successful!
2025-06-03 21:15:59 - INFO - Running command in i-06ae7680e463a3524 (us-east-1, spot): /u/fvbr/bt.A.x
2025-06-03 21:15:59 - INFO - Connected (version 2.0, client OpenSSH_7.4)
2025-06-03 21:16:02 - INFO - Found credentials in shared credentials file: ~/.aws/credentials
2025-06-03 21:16:03 - INFO - c5.24xlarge - 0.837200 - us-east-1b
2025-06-03 21:16:03 - INFO - Updating file: results/results_lucas_us-east-1.csv
2025-06-03 21:16:18 - INFO - Authentication (publickey) successful!
2025-06-03 21:16:18 - INFO - Running command in i-08fe4a8c566dec5ce (us-east-1, spot): /u/fvbr/bt.A.x
2025-06-03 21:16:19 - INFO - Connected (version 2.0, client OpenSSH_7.4)
2025-06-03 21:16:22 - INFO - Found credentials in shared credentials file: ~/.aws/credentials
2025-06-03 21:16:23 - INFO - c5.24xlarge - 0.837200 - us-east-1b
2025-06-03 21:16:23 - INFO - Updating file: results/results_lucas_us-east-1.csv
2025-06-03 21:16:39 - INFO - Authentication (publickey) successful!
2025-06-03 21:16:39 - INFO - Running command in i-025ab85feaa0d952e (us-east-1, spot): /u/fvbr/bt.A.x
2025-06-03 21:16:43 - INFO - Found credentials in shared credentials file: ~/.aws/credentials
2025-06-03 21:16:44 - INFO - c5.24xlarge - 0.837200 - us-east-1b
2025-06-03 21:16:44 - INFO - Updating file: results/results_lucas_us-east-1.csv
2025-06-03 21:16:49 - INFO - All instances have been terminated.
2025-06-03 22:03:28 - INFO - Start execution in us-east-1 Nodes=10 Benchmark=bt.A.x Allocation Strategy=lowest-price
2025-06-03 22:03:28 - INFO - Found credentials in shared credentials file: ~/.aws/credentials
2025-06-03 22:03:31 - INFO - Tempo que levou para receber response AWS: 2.890254 segundos
2025-06-03 22:03:31 - INFO - Found credentials in shared credentials file: ~/.aws/credentials
2025-06-03 22:03:33 - WARNING - No spot price history found.
2025-06-03 22:03:33 - INFO - Updating file: results/results_lucas_us-east-1.csv
2025-06-03 22:03:33 - INFO - Found credentials in shared credentials file: ~/.aws/credentials
2025-06-03 22:03:34 - WARNING - No spot price history found.
2025-06-03 22:03:34 - INFO - Updating file: results/results_lucas_us-east-1.csv
2025-06-03 22:03:34 - INFO - Found credentials in shared credentials file: ~/.aws/credentials
2025-06-03 22:03:35 - WARNING - No spot price history found.
2025-06-03 22:03:35 - INFO - Updating file: results/results_lucas_us-east-1.csv
2025-06-03 22:03:35 - INFO - Found credentials in shared credentials file: ~/.aws/credentials
2025-06-03 22:03:37 - WARNING - No spot price history found.
2025-06-03 22:03:37 - INFO - Updating file: results/results_lucas_us-east-1.csv
2025-06-03 22:03:37 - INFO - Found credentials in shared credentials file: ~/.aws/credentials
2025-06-03 22:03:38 - WARNING - No spot price history found.
2025-06-03 22:03:38 - INFO - Updating file: results/results_lucas_us-east-1.csv
2025-06-03 22:03:39 - INFO - Found credentials in shared credentials file: ~/.aws/credentials
2025-06-03 22:03:41 - WARNING - No spot price history found.
2025-06-03 22:03:41 - INFO - Updating file: results/results_lucas_us-east-1.csv
2025-06-03 22:03:41 - INFO - Found credentials in shared credentials file: ~/.aws/credentials
2025-06-03 22:03:42 - WARNING - No spot price history found.
2025-06-03 22:03:42 - INFO - Updating file: results/results_lucas_us-east-1.csv
2025-06-03 22:03:43 - INFO - Found credentials in shared credentials file: ~/.aws/credentials
2025-06-03 22:03:44 - WARNING - No spot price history found.
2025-06-03 22:03:44 - INFO - Updating file: results/results_lucas_us-east-1.csv
2025-06-03 22:03:45 - INFO - Found credentials in shared credentials file: ~/.aws/credentials
2025-06-03 22:03:45 - WARNING - No spot price history found.
2025-06-03 22:03:45 - INFO - Updating file: results/results_lucas_us-east-1.csv
2025-06-03 22:03:45 - INFO - Found credentials in shared credentials file: ~/.aws/credentials
2025-06-03 22:03:47 - WARNING - No spot price history found.
2025-06-03 22:03:47 - INFO - Updating file: results/results_lucas_us-east-1.csv
2025-06-03 22:03:47 - INFO - Found credentials in shared credentials file: ~/.aws/credentials
2025-06-03 22:03:48 - WARNING - No spot price history found.
2025-06-03 22:03:48 - INFO - Updating file: results/results_lucas_us-east-1.csv
2025-06-03 22:03:48 - INFO - Found credentials in shared credentials file: ~/.aws/credentials
2025-06-03 22:03:49 - WARNING - No spot price history found.
2025-06-03 22:03:49 - INFO - Updating file: results/results_lucas_us-east-1.csv
2025-06-03 22:03:49 - INFO - Found credentials in shared credentials file: ~/.aws/credentials
2025-06-03 22:03:50 - WARNING - No spot price history found.
2025-06-03 22:03:50 - INFO - Updating file: results/results_lucas_us-east-1.csv
2025-06-03 22:03:50 - INFO - Found credentials in shared credentials file: ~/.aws/credentials
2025-06-03 22:03:51 - WARNING - No spot price history found.
2025-06-03 22:03:51 - INFO - Updating file: results/results_lucas_us-east-1.csv
2025-06-03 22:03:51 - INFO - Found credentials in shared credentials file: ~/.aws/credentials
2025-06-03 22:03:52 - WARNING - No spot price history found.
2025-06-03 22:03:52 - INFO - Updating file: results/results_lucas_us-east-1.csv
2025-06-03 22:03:52 - INFO - Found credentials in shared credentials file: ~/.aws/credentials
2025-06-03 22:03:54 - WARNING - No spot price history found.
2025-06-03 22:03:54 - INFO - Updating file: results/results_lucas_us-east-1.csv
2025-06-03 22:03:54 - INFO - Found credentials in shared credentials file: ~/.aws/credentials
2025-06-03 22:03:56 - WARNING - No spot price history found.
2025-06-03 22:03:56 - INFO - Updating file: results/results_lucas_us-east-1.csv
2025-06-03 22:03:56 - INFO - Found credentials in shared credentials file: ~/.aws/credentials
2025-06-03 22:03:57 - WARNING - No spot price history found.
2025-06-03 22:03:57 - INFO - Updating file: results/results_lucas_us-east-1.csv
2025-06-03 22:03:57 - INFO - Found credentials in shared credentials file: ~/.aws/credentials
2025-06-03 22:03:58 - WARNING - No spot price history found.
2025-06-03 22:03:58 - INFO - Updating file: results/results_lucas_us-east-1.csv
2025-06-03 22:03:58 - INFO - Found credentials in shared credentials file: ~/.aws/credentials
2025-06-03 22:03:59 - WARNING - No spot price history found.
2025-06-03 22:03:59 - INFO - Updating file: results/results_lucas_us-east-1.csv
2025-06-03 22:03:59 - INFO - Found credentials in shared credentials file: ~/.aws/credentials
2025-06-03 22:04:00 - WARNING - No spot price history found.
2025-06-03 22:04:00 - INFO - Updating file: results/results_lucas_us-east-1.csv
2025-06-03 22:04:00 - INFO - Found credentials in shared credentials file: ~/.aws/credentials
2025-06-03 22:04:01 - WARNING - No spot price history found.
2025-06-03 22:04:01 - INFO - Updating file: results/results_lucas_us-east-1.csv
2025-06-03 22:04:01 - INFO - Found credentials in shared credentials file: ~/.aws/credentials
2025-06-03 22:04:02 - WARNING - No spot price history found.
2025-06-03 22:04:02 - INFO - Updating file: results/results_lucas_us-east-1.csv
2025-06-03 22:04:02 - INFO - Found credentials in shared credentials file: ~/.aws/credentials
2025-06-03 22:04:03 - WARNING - No spot price history found.
2025-06-03 22:04:03 - INFO - Updating file: results/results_lucas_us-east-1.csv
2025-06-03 22:04:03 - INFO - Found credentials in shared credentials file: ~/.aws/credentials
2025-06-03 22:04:05 - WARNING - No spot price history found.
2025-06-03 22:04:05 - INFO - Updating file: results/results_lucas_us-east-1.csv
2025-06-03 22:04:06 - INFO - Found credentials in shared credentials file: ~/.aws/credentials
2025-06-03 22:04:07 - WARNING - No spot price history found.
2025-06-03 22:04:07 - INFO - Updating file: results/results_lucas_us-east-1.csv
2025-06-03 22:04:07 - INFO - Found credentials in shared credentials file: ~/.aws/credentials
2025-06-03 22:04:08 - WARNING - No spot price history found.
2025-06-03 22:04:08 - INFO - Updating file: results/results_lucas_us-east-1.csv
2025-06-03 22:04:08 - INFO - Found credentials in shared credentials file: ~/.aws/credentials
2025-06-03 22:04:09 - WARNING - No spot price history found.
2025-06-03 22:04:09 - INFO - Updating file: results/results_lucas_us-east-1.csv
2025-06-03 22:04:09 - INFO - Found credentials in shared credentials file: ~/.aws/credentials
2025-06-03 22:04:11 - WARNING - No spot price history found.
2025-06-03 22:04:11 - INFO - Updating file: results/results_lucas_us-east-1.csv
2025-06-03 22:04:11 - INFO - Found credentials in shared credentials file: ~/.aws/credentials
2025-06-03 22:04:12 - WARNING - No spot price history found.
2025-06-03 22:04:12 - INFO - Updating file: results/results_lucas_us-east-1.csv
2025-06-03 22:04:12 - INFO - Found credentials in shared credentials file: ~/.aws/credentials
2025-06-03 22:04:13 - WARNING - No spot price history found.
2025-06-03 22:04:13 - INFO - Updating file: results/results_lucas_us-east-1.csv
2025-06-03 22:04:13 - INFO - Found credentials in shared credentials file: ~/.aws/credentials
2025-06-03 22:04:14 - WARNING - No spot price history found.
2025-06-03 22:04:14 - INFO - Updating file: results/results_lucas_us-east-1.csv
2025-06-03 22:04:14 - INFO - Found credentials in shared credentials file: ~/.aws/credentials
2025-06-03 22:04:15 - WARNING - No spot price history found.
2025-06-03 22:04:15 - INFO - Updating file: results/results_lucas_us-east-1.csv
2025-06-03 22:04:15 - INFO - Found credentials in shared credentials file: ~/.aws/credentials
2025-06-03 22:04:17 - WARNING - No spot price history found.
2025-06-03 22:04:17 - INFO - Updating file: results/results_lucas_us-east-1.csv
2025-06-03 22:04:17 - INFO - Found credentials in shared credentials file: ~/.aws/credentials
2025-06-03 22:04:18 - WARNING - No spot price history found.
2025-06-03 22:04:18 - INFO - Updating file: results/results_lucas_us-east-1.csv
2025-06-03 22:04:18 - INFO - Found credentials in shared credentials file: ~/.aws/credentials
2025-06-03 22:04:19 - WARNING - No spot price history found.
2025-06-03 22:04:19 - INFO - Updating file: results/results_lucas_us-east-1.csv
2025-06-03 22:04:19 - INFO - Found credentials in shared credentials file: ~/.aws/credentials
2025-06-03 22:04:21 - WARNING - No spot price history found.
2025-06-03 22:04:21 - INFO - Updating file: results/results_lucas_us-east-1.csv
2025-06-03 22:04:21 - INFO - Found credentials in shared credentials file: ~/.aws/credentials
2025-06-03 22:04:22 - WARNING - No spot price history found.
2025-06-03 22:04:22 - INFO - Updating file: results/results_lucas_us-east-1.csv
2025-06-03 22:04:22 - INFO - Fleet created with instances: ['i-001db2f67f8ed5e83', 'i-008001c829c3679c4', 'i-0c555d94b5e3bc33b', 'i-03afd6d00585c3b2d', 'i-0cd0a7d19c8c6b1a0', 'i-0059746ef141cee49', 'i-0c6c0b41e10ef5f90', 'i-092f6399dd2497e7a', 'i-0d16cbd5d88a880f0', 'i-06f2e053c307a41e5']
2025-06-03 22:04:29 - INFO - Tempo que levou para as máquinas estarem running: 5.293771 segundos
2025-06-03 22:04:29 - INFO - Tempo que levou para criar o Fleet com 10 instâncias: 60.942586 segundos
2025-06-03 22:04:29 - INFO - 10 instâncias no total. Iniciando benchmark em paralelo...
2025-06-03 22:04:29 - INFO - Found credentials in shared credentials file: ~/.aws/credentials
2025-06-03 22:04:29 - INFO - Found credentials in shared credentials file: ~/.aws/credentials
2025-06-03 22:04:29 - INFO - Found credentials in shared credentials file: ~/.aws/credentials
2025-06-03 22:04:29 - INFO - Found credentials in shared credentials file: ~/.aws/credentials
2025-06-03 22:04:29 - INFO - Found credentials in shared credentials file: ~/.aws/credentials
2025-06-03 22:04:29 - INFO - Found credentials in shared credentials file: ~/.aws/credentials
2025-06-03 22:04:29 - INFO - Found credentials in shared credentials file: ~/.aws/credentials
2025-06-03 22:04:29 - INFO - Found credentials in shared credentials file: ~/.aws/credentials
2025-06-03 22:04:29 - INFO - Found credentials in shared credentials file: ~/.aws/credentials
2025-06-03 22:04:29 - INFO - Found credentials in shared credentials file: ~/.aws/credentials
2025-06-03 22:04:32 - INFO - Connected (version 2.0, client OpenSSH_7.4)
2025-06-03 22:04:50 - INFO - Authentication (publickey) successful!
2025-06-03 22:04:50 - INFO - Running command in i-0d16cbd5d88a880f0 (us-east-1, spot): /u/fvbr/bt.A.x
2025-06-03 22:04:50 - INFO - Connected (version 2.0, client OpenSSH_7.4)
2025-06-03 22:04:54 - INFO - Found credentials in shared credentials file: ~/.aws/credentials
2025-06-03 22:04:55 - INFO - c5.24xlarge - 0.837200 - us-east-1b
2025-06-03 22:04:55 - INFO - Updating file: results/results_lucas_us-east-1.csv
2025-06-03 22:05:07 - INFO - Authentication (publickey) successful!
2025-06-03 22:05:07 - INFO - Running command in i-092f6399dd2497e7a (us-east-1, spot): /u/fvbr/bt.A.x
2025-06-03 22:05:08 - INFO - Connected (version 2.0, client OpenSSH_7.4)
2025-06-03 22:05:11 - INFO - Found credentials in shared credentials file: ~/.aws/credentials
2025-06-03 22:05:13 - INFO - c5.24xlarge - 0.837200 - us-east-1b
2025-06-03 22:05:13 - INFO - Updating file: results/results_lucas_us-east-1.csv
2025-06-03 22:05:25 - INFO - Authentication (publickey) successful!
2025-06-03 22:05:25 - INFO - Running command in i-001db2f67f8ed5e83 (us-east-1, spot): /u/fvbr/bt.A.x
2025-06-03 22:05:26 - INFO - Connected (version 2.0, client OpenSSH_7.4)
2025-06-04 09:06:16 - INFO - Start execution in us-east-1 Nodes=10 Benchmark=bt.A.x Allocation Strategy=lowest-price
2025-06-04 09:06:16 - INFO - Found credentials in shared credentials file: ~/.aws/credentials
2025-06-04 09:06:19 - INFO - Tempo que levou para receber response AWS: 2.950605 segundos
2025-06-04 09:06:19 - INFO - Found credentials in shared credentials file: ~/.aws/credentials
2025-06-04 09:06:20 - WARNING - No spot price history found.
2025-06-04 09:06:20 - INFO - Updating file: results/results_lucas_us-east-1.csv
2025-06-04 09:06:20 - INFO - Found credentials in shared credentials file: ~/.aws/credentials
2025-06-04 09:06:21 - WARNING - No spot price history found.
2025-06-04 09:06:21 - INFO - Updating file: results/results_lucas_us-east-1.csv
2025-06-04 09:06:21 - INFO - Found credentials in shared credentials file: ~/.aws/credentials
2025-06-04 09:06:22 - WARNING - No spot price history found.
2025-06-04 09:06:22 - INFO - Updating file: results/results_lucas_us-east-1.csv
2025-06-04 09:06:22 - INFO - Found credentials in shared credentials file: ~/.aws/credentials
2025-06-04 09:06:23 - WARNING - No spot price history found.
2025-06-04 09:06:23 - INFO - Updating file: results/results_lucas_us-east-1.csv
2025-06-04 09:06:23 - INFO - Found credentials in shared credentials file: ~/.aws/credentials
2025-06-04 09:06:24 - WARNING - No spot price history found.
2025-06-04 09:06:24 - INFO - Updating file: results/results_lucas_us-east-1.csv
2025-06-04 09:06:24 - INFO - Found credentials in shared credentials file: ~/.aws/credentials
2025-06-04 09:06:25 - WARNING - No spot price history found.
2025-06-04 09:06:25 - INFO - Updating file: results/results_lucas_us-east-1.csv
2025-06-04 09:06:25 - INFO - Found credentials in shared credentials file: ~/.aws/credentials
2025-06-04 09:06:26 - WARNING - No spot price history found.
2025-06-04 09:06:26 - INFO - Updating file: results/results_lucas_us-east-1.csv
2025-06-04 09:06:26 - INFO - Found credentials in shared credentials file: ~/.aws/credentials
2025-06-04 09:06:27 - WARNING - No spot price history found.
2025-06-04 09:06:27 - INFO - Updating file: results/results_lucas_us-east-1.csv
2025-06-04 09:06:27 - INFO - Found credentials in shared credentials file: ~/.aws/credentials
2025-06-04 09:06:28 - WARNING - No spot price history found.
2025-06-04 09:06:28 - INFO - Updating file: results/results_lucas_us-east-1.csv
2025-06-04 09:06:28 - INFO - Found credentials in shared credentials file: ~/.aws/credentials
2025-06-04 09:06:29 - WARNING - No spot price history found.
2025-06-04 09:06:29 - INFO - Updating file: results/results_lucas_us-east-1.csv
2025-06-04 09:06:29 - INFO - Found credentials in shared credentials file: ~/.aws/credentials
2025-06-04 09:06:30 - WARNING - No spot price history found.
2025-06-04 09:06:30 - INFO - Updating file: results/results_lucas_us-east-1.csv
2025-06-04 09:06:30 - INFO - Found credentials in shared credentials file: ~/.aws/credentials
2025-06-04 09:06:31 - WARNING - No spot price history found.
2025-06-04 09:06:31 - INFO - Updating file: results/results_lucas_us-east-1.csv
2025-06-04 09:06:31 - INFO - Found credentials in shared credentials file: ~/.aws/credentials
2025-06-04 09:06:32 - WARNING - No spot price history found.
2025-06-04 09:06:32 - INFO - Updating file: results/results_lucas_us-east-1.csv
2025-06-04 09:06:32 - INFO - Found credentials in shared credentials file: ~/.aws/credentials
2025-06-04 09:06:33 - WARNING - No spot price history found.
2025-06-04 09:06:33 - INFO - Updating file: results/results_lucas_us-east-1.csv
2025-06-04 09:06:33 - INFO - Found credentials in shared credentials file: ~/.aws/credentials
2025-06-04 09:06:34 - WARNING - No spot price history found.
2025-06-04 09:06:34 - INFO - Updating file: results/results_lucas_us-east-1.csv
2025-06-04 09:06:34 - INFO - Found credentials in shared credentials file: ~/.aws/credentials
2025-06-04 09:06:35 - WARNING - No spot price history found.
2025-06-04 09:06:35 - INFO - Updating file: results/results_lucas_us-east-1.csv
2025-06-04 09:06:35 - INFO - Found credentials in shared credentials file: ~/.aws/credentials
2025-06-04 09:06:36 - WARNING - No spot price history found.
2025-06-04 09:06:36 - INFO - Updating file: results/results_lucas_us-east-1.csv
2025-06-04 09:06:36 - INFO - Found credentials in shared credentials file: ~/.aws/credentials
2025-06-04 09:06:36 - WARNING - No spot price history found.
2025-06-04 09:06:36 - INFO - Updating file: results/results_lucas_us-east-1.csv
2025-06-04 09:06:36 - INFO - Found credentials in shared credentials file: ~/.aws/credentials
2025-06-04 09:06:37 - WARNING - No spot price history found.
2025-06-04 09:06:37 - INFO - Updating file: results/results_lucas_us-east-1.csv
2025-06-04 09:06:37 - INFO - Found credentials in shared credentials file: ~/.aws/credentials
2025-06-04 09:06:38 - WARNING - No spot price history found.
2025-06-04 09:06:38 - INFO - Updating file: results/results_lucas_us-east-1.csv
2025-06-04 09:06:38 - INFO - Found credentials in shared credentials file: ~/.aws/credentials
2025-06-04 09:06:39 - WARNING - No spot price history found.
2025-06-04 09:06:39 - INFO - Updating file: results/results_lucas_us-east-1.csv
2025-06-04 09:06:39 - INFO - Found credentials in shared credentials file: ~/.aws/credentials
2025-06-04 09:06:40 - WARNING - No spot price history found.
2025-06-04 09:06:40 - INFO - Updating file: results/results_lucas_us-east-1.csv
2025-06-04 09:06:40 - INFO - Found credentials in shared credentials file: ~/.aws/credentials
2025-06-04 09:06:41 - WARNING - No spot price history found.
2025-06-04 09:06:41 - INFO - Updating file: results/results_lucas_us-east-1.csv
2025-06-04 09:06:41 - INFO - Found credentials in shared credentials file: ~/.aws/credentials
2025-06-04 09:06:42 - WARNING - No spot price history found.
2025-06-04 09:06:42 - INFO - Updating file: results/results_lucas_us-east-1.csv
2025-06-04 09:06:42 - INFO - Found credentials in shared credentials file: ~/.aws/credentials
2025-06-04 09:06:43 - WARNING - No spot price history found.
2025-06-04 09:06:43 - INFO - Updating file: results/results_lucas_us-east-1.csv
2025-06-04 09:06:43 - INFO - Found credentials in shared credentials file: ~/.aws/credentials
2025-06-04 09:06:44 - WARNING - No spot price history found.
2025-06-04 09:06:44 - INFO - Updating file: results/results_lucas_us-east-1.csv
2025-06-04 09:06:44 - INFO - Found credentials in shared credentials file: ~/.aws/credentials
2025-06-04 09:06:45 - WARNING - No spot price history found.
2025-06-04 09:06:45 - INFO - Updating file: results/results_lucas_us-east-1.csv
2025-06-04 09:06:45 - INFO - Found credentials in shared credentials file: ~/.aws/credentials
2025-06-04 09:06:46 - WARNING - No spot price history found.
2025-06-04 09:06:46 - INFO - Updating file: results/results_lucas_us-east-1.csv
2025-06-04 09:06:46 - INFO - Found credentials in shared credentials file: ~/.aws/credentials
2025-06-04 09:06:47 - WARNING - No spot price history found.
2025-06-04 09:06:47 - INFO - Updating file: results/results_lucas_us-east-1.csv
2025-06-04 09:06:47 - INFO - Found credentials in shared credentials file: ~/.aws/credentials
2025-06-04 09:06:48 - WARNING - No spot price history found.
2025-06-04 09:06:48 - INFO - Updating file: results/results_lucas_us-east-1.csv
2025-06-04 09:06:48 - INFO - Found credentials in shared credentials file: ~/.aws/credentials
2025-06-04 09:06:49 - WARNING - No spot price history found.
2025-06-04 09:06:49 - INFO - Updating file: results/results_lucas_us-east-1.csv
2025-06-04 09:06:49 - INFO - Found credentials in shared credentials file: ~/.aws/credentials
2025-06-04 09:06:50 - WARNING - No spot price history found.
2025-06-04 09:06:50 - INFO - Updating file: results/results_lucas_us-east-1.csv
2025-06-04 09:06:50 - INFO - Found credentials in shared credentials file: ~/.aws/credentials
2025-06-04 09:06:50 - WARNING - No spot price history found.
2025-06-04 09:06:50 - INFO - Updating file: results/results_lucas_us-east-1.csv
2025-06-04 09:06:50 - INFO - Found credentials in shared credentials file: ~/.aws/credentials
2025-06-04 09:06:51 - WARNING - No spot price history found.
2025-06-04 09:06:51 - INFO - Updating file: results/results_lucas_us-east-1.csv
2025-06-04 09:06:51 - INFO - Found credentials in shared credentials file: ~/.aws/credentials
2025-06-04 09:06:52 - WARNING - No spot price history found.
2025-06-04 09:06:52 - INFO - Updating file: results/results_lucas_us-east-1.csv
2025-06-04 09:06:52 - INFO - Found credentials in shared credentials file: ~/.aws/credentials
2025-06-04 09:06:53 - WARNING - No spot price history found.
2025-06-04 09:06:53 - INFO - Updating file: results/results_lucas_us-east-1.csv
2025-06-04 09:06:53 - INFO - Found credentials in shared credentials file: ~/.aws/credentials
2025-06-04 09:06:54 - WARNING - No spot price history found.
2025-06-04 09:06:54 - INFO - Updating file: results/results_lucas_us-east-1.csv
2025-06-04 09:06:54 - INFO - Found credentials in shared credentials file: ~/.aws/credentials
2025-06-04 09:06:55 - WARNING - No spot price history found.
2025-06-04 09:06:55 - INFO - Updating file: results/results_lucas_us-east-1.csv
2025-06-04 09:06:55 - INFO - Fleet created with instances: ['i-0d7608515540545e8', 'i-06c71af2f914becfc', 'i-0bc92a7c2f046470d', 'i-017ba58a49cf25a5a', 'i-080270c10ec9a990c', 'i-0ac201528241b2930', 'i-039adc195e0b5d43b', 'i-03ecd73ecbf638038', 'i-09c6d5d26bc435621', 'i-040f0cc1073ffb7b1']
2025-06-04 09:07:01 - INFO - Tempo que levou para as máquinas estarem running: 4.675152 segundos
2025-06-04 09:07:01 - INFO - Tempo que levou para criar o Fleet com 10 instâncias: 44.948729 segundos
2025-06-04 09:07:01 - INFO - 10 instâncias no total. Iniciando benchmark em paralelo...
2025-06-04 09:07:01 - INFO - Found credentials in shared credentials file: ~/.aws/credentials
2025-06-04 09:07:01 - INFO - Found credentials in shared credentials file: ~/.aws/credentials
2025-06-04 09:07:01 - INFO - Found credentials in shared credentials file: ~/.aws/credentials
2025-06-04 09:07:01 - INFO - Found credentials in shared credentials file: ~/.aws/credentials
2025-06-04 09:07:01 - INFO - Found credentials in shared credentials file: ~/.aws/credentials
2025-06-04 09:07:01 - INFO - Found credentials in shared credentials file: ~/.aws/credentials
2025-06-04 09:07:01 - INFO - Found credentials in shared credentials file: ~/.aws/credentials
2025-06-04 09:07:01 - INFO - Found credentials in shared credentials file: ~/.aws/credentials
2025-06-04 09:07:01 - INFO - Found credentials in shared credentials file: ~/.aws/credentials
2025-06-04 09:07:01 - INFO - Found credentials in shared credentials file: ~/.aws/credentials
2025-06-04 09:07:04 - INFO - Connected (version 2.0, client OpenSSH_7.4)
2025-06-04 09:07:23 - INFO - Authentication (publickey) successful!
2025-06-04 09:07:23 - INFO - Running command in i-040f0cc1073ffb7b1 (us-east-1, spot): /u/fvbr/bt.A.x
2025-06-04 09:07:23 - INFO - Connected (version 2.0, client OpenSSH_7.4)
2025-06-04 09:07:27 - INFO - Found credentials in shared credentials file: ~/.aws/credentials
2025-06-04 09:07:28 - INFO - c5.24xlarge - 0.830700 - us-east-1b
2025-06-04 09:07:28 - INFO - Updating file: results/results_lucas_us-east-1.csv
2025-06-04 09:07:41 - INFO - Authentication (publickey) successful!
2025-06-04 09:07:41 - INFO - Running command in i-0bc92a7c2f046470d (us-east-1, spot): /u/fvbr/bt.A.x
2025-06-04 09:07:41 - INFO - Connected (version 2.0, client OpenSSH_7.4)
2025-06-04 09:07:44 - INFO - Found credentials in shared credentials file: ~/.aws/credentials
2025-06-04 09:07:46 - INFO - c5.24xlarge - 0.830700 - us-east-1b
2025-06-04 09:07:46 - INFO - Updating file: results/results_lucas_us-east-1.csv
2025-06-04 09:07:59 - INFO - Authentication (publickey) successful!
2025-06-04 09:07:59 - INFO - Running command in i-03ecd73ecbf638038 (us-east-1, spot): /u/fvbr/bt.A.x
2025-06-04 09:08:00 - INFO - Connected (version 2.0, client OpenSSH_7.4)
2025-06-04 09:08:03 - INFO - Found credentials in shared credentials file: ~/.aws/credentials
2025-06-04 09:08:04 - INFO - c5.24xlarge - 0.830700 - us-east-1b
2025-06-04 09:08:04 - INFO - Updating file: results/results_lucas_us-east-1.csv
2025-06-04 09:08:18 - INFO - Authentication (publickey) successful!
2025-06-04 09:08:18 - INFO - Running command in i-0ac201528241b2930 (us-east-1, spot): /u/fvbr/bt.A.x
2025-06-04 09:08:19 - INFO - Connected (version 2.0, client OpenSSH_7.4)
2025-06-04 09:08:22 - INFO - Found credentials in shared credentials file: ~/.aws/credentials
2025-06-04 09:08:23 - INFO - c5.24xlarge - 0.830700 - us-east-1b
2025-06-04 09:08:23 - INFO - Updating file: results/results_lucas_us-east-1.csv
2025-06-04 09:08:36 - INFO - Authentication (publickey) successful!
2025-06-04 09:08:36 - INFO - Running command in i-017ba58a49cf25a5a (us-east-1, spot): /u/fvbr/bt.A.x
2025-06-04 09:08:37 - INFO - Connected (version 2.0, client OpenSSH_7.4)
2025-06-04 09:08:40 - INFO - Found credentials in shared credentials file: ~/.aws/credentials
2025-06-04 09:08:41 - INFO - c5.24xlarge - 0.830700 - us-east-1b
2025-06-04 09:08:41 - INFO - Updating file: results/results_lucas_us-east-1.csv
2025-06-04 09:08:56 - INFO - Authentication (publickey) successful!
2025-06-04 09:08:56 - INFO - Running command in i-039adc195e0b5d43b (us-east-1, spot): /u/fvbr/bt.A.x
2025-06-04 09:08:56 - INFO - Connected (version 2.0, client OpenSSH_7.4)
2025-06-04 09:09:00 - INFO - Found credentials in shared credentials file: ~/.aws/credentials
2025-06-04 09:09:01 - INFO - c5.24xlarge - 0.830700 - us-east-1b
2025-06-04 09:09:01 - INFO - Updating file: results/results_lucas_us-east-1.csv
2025-06-04 09:09:19 - INFO - Authentication (publickey) successful!
2025-06-04 09:09:19 - INFO - Running command in i-06c71af2f914becfc (us-east-1, spot): /u/fvbr/bt.A.x
2025-06-04 09:09:20 - INFO - Connected (version 2.0, client OpenSSH_7.4)
2025-06-04 09:09:23 - INFO - Found credentials in shared credentials file: ~/.aws/credentials
2025-06-04 09:09:24 - INFO - c5.24xlarge - 0.830700 - us-east-1b
2025-06-04 09:09:24 - INFO - Updating file: results/results_lucas_us-east-1.csv
2025-06-04 09:09:45 - INFO - Authentication (publickey) successful!
2025-06-04 09:09:45 - INFO - Running command in i-080270c10ec9a990c (us-east-1, spot): /u/fvbr/bt.A.x
2025-06-04 09:09:45 - INFO - Connected (version 2.0, client OpenSSH_7.4)
2025-06-04 09:09:49 - INFO - Found credentials in shared credentials file: ~/.aws/credentials
2025-06-04 09:09:50 - INFO - c5.24xlarge - 0.830700 - us-east-1b
2025-06-04 09:09:50 - INFO - Updating file: results/results_lucas_us-east-1.csv
2025-06-04 09:10:10 - INFO - Authentication (publickey) successful!
2025-06-04 09:10:10 - INFO - Running command in i-09c6d5d26bc435621 (us-east-1, spot): /u/fvbr/bt.A.x
2025-06-04 09:10:11 - INFO - Connected (version 2.0, client OpenSSH_7.4)
2025-06-04 09:10:14 - INFO - Found credentials in shared credentials file: ~/.aws/credentials
2025-06-04 09:10:18 - INFO - c5.24xlarge - 0.830700 - us-east-1b
2025-06-04 09:10:18 - INFO - Updating file: results/results_lucas_us-east-1.csv
2025-06-04 09:10:30 - INFO - Authentication (publickey) successful!
2025-06-04 09:10:30 - INFO - Running command in i-0d7608515540545e8 (us-east-1, spot): /u/fvbr/bt.A.x
2025-06-04 09:10:34 - INFO - Found credentials in shared credentials file: ~/.aws/credentials
2025-06-04 09:10:41 - INFO - c5.24xlarge - 0.830700 - us-east-1b
2025-06-04 09:10:41 - INFO - Updating file: results/results_lucas_us-east-1.csv
2025-06-04 09:10:49 - INFO - All instances have been terminated.
2025-06-04 10:57:23 - INFO - Start execution in us-east-1 Nodes=10 Benchmark=bt.A.x Allocation Strategy=lowest-price
2025-06-04 10:57:23 - INFO - Found credentials in shared credentials file: ~/.aws/credentials
2025-06-04 10:57:26 - INFO - Tempo que levou para receber response AWS: 2.829317 segundos
2025-06-04 10:57:26 - INFO - Fleet created with instances: ['i-0371a5a6e89da0e2b', 'i-009de816924b5dc8b', 'i-09ebff74083648d00', 'i-0dd4119552090f797', 'i-00c28c5353084ee36', 'i-0a5cd8b5a2465eddb', 'i-0c7bce19ad6079d9d', 'i-0622994d27a93312f', 'i-0164e9cc3362e23f2', 'i-0f6b5c2a3359f6500']
2025-06-04 10:57:47 - INFO - Tempo que levou para as máquinas estarem running: 19.91817 segundos
2025-06-04 10:57:47 - INFO - Tempo que levou para criar o Fleet com 10 instâncias: 24.396071 segundos
2025-06-04 10:57:47 - INFO - 10 instâncias no total. Iniciando benchmark em paralelo...
2025-06-04 10:57:47 - INFO - Found credentials in shared credentials file: ~/.aws/credentials
2025-06-04 10:57:48 - INFO - Found credentials in shared credentials file: ~/.aws/credentials
2025-06-04 10:57:48 - INFO - Found credentials in shared credentials file: ~/.aws/credentials
2025-06-04 10:57:48 - INFO - Found credentials in shared credentials file: ~/.aws/credentials
2025-06-04 10:57:48 - INFO - Found credentials in shared credentials file: ~/.aws/credentials
2025-06-04 10:57:48 - INFO - Found credentials in shared credentials file: ~/.aws/credentials
2025-06-04 10:57:48 - INFO - Found credentials in shared credentials file: ~/.aws/credentials
2025-06-04 10:57:48 - INFO - Found credentials in shared credentials file: ~/.aws/credentials
2025-06-04 10:57:48 - INFO - Found credentials in shared credentials file: ~/.aws/credentials
2025-06-04 10:57:48 - INFO - Found credentials in shared credentials file: ~/.aws/credentials
2025-06-04 10:57:54 - INFO - Connected (version 2.0, client OpenSSH_7.4)
2025-06-04 10:58:48 - INFO - Start execution in us-east-1 Nodes=10 Benchmark=bt.A.x Allocation Strategy=lowest-price
2025-06-04 10:58:48 - INFO - Found credentials in shared credentials file: ~/.aws/credentials
2025-06-04 10:58:52 - INFO - Tempo que levou para receber response AWS: 3.657896 segundos
2025-06-04 10:58:52 - INFO - Fleet created with instances: ['i-0a5b6cc127fe819f0', 'i-06ef9f4a6265e0fdd', 'i-020cd061b34bdb7d0', 'i-0d3f64020b3035a1a', 'i-0e8a2950a5aed9163', 'i-0c931570ff32b9f29', 'i-03bd4f02da52e52ba', 'i-03dea64431967c668', 'i-09715ceb2d0d13dc3', 'i-0ed0df903009f0dad']
2025-06-04 10:59:14 - INFO - Tempo que levou para as máquinas estarem running: 20.050377 segundos
2025-06-04 10:59:14 - INFO - Tempo que levou para criar o Fleet com 10 instâncias: 25.502291 segundos
2025-06-04 10:59:14 - INFO - 10 instâncias no total. Iniciando benchmark em paralelo...
2025-06-04 10:59:14 - INFO - Found credentials in shared credentials file: ~/.aws/credentials
2025-06-04 10:59:14 - INFO - Found credentials in shared credentials file: ~/.aws/credentials
2025-06-04 10:59:14 - INFO - Found credentials in shared credentials file: ~/.aws/credentials
2025-06-04 10:59:14 - INFO - Found credentials in shared credentials file: ~/.aws/credentials
2025-06-04 10:59:14 - INFO - Found credentials in shared credentials file: ~/.aws/credentials
2025-06-04 10:59:14 - INFO - Found credentials in shared credentials file: ~/.aws/credentials
2025-06-04 10:59:14 - INFO - Found credentials in shared credentials file: ~/.aws/credentials
2025-06-04 10:59:14 - INFO - Found credentials in shared credentials file: ~/.aws/credentials
2025-06-04 10:59:14 - INFO - Found credentials in shared credentials file: ~/.aws/credentials
2025-06-04 10:59:14 - INFO - Found credentials in shared credentials file: ~/.aws/credentials
2025-06-04 16:56:10 - INFO - Start execution in us-east-1 Nodes=10 Benchmark=bt.A.x Allocation Strategy=lowest-price
2025-06-04 16:56:10 - INFO - Found credentials in shared credentials file: ~/.aws/credentials
2025-06-04 16:56:13 - INFO - Tempo que levou para receber response AWS: 2.911531 segundos
2025-06-04 16:56:13 - INFO - Fleet created with instances: ['i-0ac8b6d547f3983de', 'i-00890b2a2a14b429c', 'i-0631f462b0b2caaa7', 'i-07b0a455ed13f1a13', 'i-0d82c9a0eea4c2808', 'i-0f4f28e917c1ddaf6', 'i-00cdaf1d890916603', 'i-06332c1b145c44c1d', 'i-012f5dbe42a247624', 'i-0b1b0a226f5b52418']
2025-06-04 16:56:35 - INFO - Tempo que levou para as máquinas estarem running: 19.821071 segundos
2025-06-04 16:56:35 - INFO - Tempo que levou para criar o Fleet com 10 instâncias: 24.353681 segundos
2025-06-04 16:56:35 - INFO - 10 instâncias no total. Iniciando benchmark em paralelo...
2025-06-04 16:56:35 - INFO - Found credentials in shared credentials file: ~/.aws/credentials
2025-06-04 16:56:35 - INFO - Found credentials in shared credentials file: ~/.aws/credentials
2025-06-04 16:56:35 - INFO - Found credentials in shared credentials file: ~/.aws/credentials
2025-06-04 16:56:35 - INFO - Found credentials in shared credentials file: ~/.aws/credentials
2025-06-04 16:56:35 - INFO - Found credentials in shared credentials file: ~/.aws/credentials
2025-06-04 16:56:35 - INFO - Found credentials in shared credentials file: ~/.aws/credentials
2025-06-04 16:56:35 - INFO - Found credentials in shared credentials file: ~/.aws/credentials
2025-06-04 16:56:35 - INFO - Found credentials in shared credentials file: ~/.aws/credentials
2025-06-04 16:56:35 - INFO - Found credentials in shared credentials file: ~/.aws/credentials
2025-06-04 16:56:35 - INFO - Found credentials in shared credentials file: ~/.aws/credentials
2025-06-04 16:56:44 - INFO - Connected (version 2.0, client OpenSSH_7.4)
2025-06-04 16:56:50 - INFO - Authentication (publickey) failed.
2025-06-04 16:56:50 - WARNING - Attempt 1/5 failed for i-0b1b0a226f5b52418: Authentication failed.
2025-06-04 16:56:50 - INFO - Connected (version 2.0, client OpenSSH_7.4)
2025-06-04 16:56:53 - INFO - Authentication (publickey) failed.
2025-06-04 16:56:53 - WARNING - Attempt 1/5 failed for i-0631f462b0b2caaa7: Authentication failed.
2025-06-04 16:56:53 - INFO - Connected (version 2.0, client OpenSSH_7.4)
2025-06-04 16:56:57 - INFO - Authentication (publickey) failed.
2025-06-04 16:56:57 - WARNING - Attempt 1/5 failed for i-00890b2a2a14b429c: Authentication failed.
2025-06-04 16:56:57 - INFO - Connected (version 2.0, client OpenSSH_7.4)
2025-06-04 16:57:00 - INFO - Found credentials in shared credentials file: ~/.aws/credentials
2025-06-04 16:57:03 - INFO - Found credentials in shared credentials file: ~/.aws/credentials
2025-06-04 16:57:07 - INFO - Found credentials in shared credentials file: ~/.aws/credentials
2025-06-04 16:57:15 - INFO - Authentication (publickey) successful!
2025-06-04 16:57:15 - INFO - Running command in i-06332c1b145c44c1d (us-east-1, spot): /u/fvbr/bt.A.x
2025-06-04 16:57:15 - INFO - Connected (version 2.0, client OpenSSH_7.4)
2025-06-04 16:57:19 - INFO - Found credentials in shared credentials file: ~/.aws/credentials
2025-06-04 16:57:20 - INFO - c5.24xlarge - 0.825600 - us-east-1b
2025-06-04 16:57:20 - INFO - Updating file: results/results_lucas_us-east-1.csv
2025-06-04 16:57:33 - INFO - Authentication (publickey) successful!
2025-06-04 16:57:33 - INFO - Running command in i-0d82c9a0eea4c2808 (us-east-1, spot): /u/fvbr/bt.A.x
2025-06-04 16:57:33 - INFO - Connected (version 2.0, client OpenSSH_7.4)
2025-06-04 16:57:37 - INFO - Found credentials in shared credentials file: ~/.aws/credentials
2025-06-04 16:57:38 - INFO - c5.24xlarge - 0.825600 - us-east-1b
2025-06-04 16:57:38 - INFO - Updating file: results/results_lucas_us-east-1.csv
2025-06-04 16:57:51 - INFO - Authentication (publickey) successful!
2025-06-04 16:57:51 - INFO - Running command in i-00cdaf1d890916603 (us-east-1, spot): /u/fvbr/bt.A.x
2025-06-04 16:57:51 - INFO - Connected (version 2.0, client OpenSSH_7.4)
2025-06-04 16:57:55 - INFO - Found credentials in shared credentials file: ~/.aws/credentials
2025-06-04 16:57:55 - INFO - c5.24xlarge - 0.825600 - us-east-1b
2025-06-04 16:57:55 - INFO - Updating file: results/results_lucas_us-east-1.csv
2025-06-04 16:58:09 - INFO - Authentication (publickey) successful!
2025-06-04 16:58:09 - INFO - Running command in i-07b0a455ed13f1a13 (us-east-1, spot): /u/fvbr/bt.A.x
2025-06-04 16:58:09 - INFO - Connected (version 2.0, client OpenSSH_7.4)
2025-06-04 16:58:13 - INFO - Found credentials in shared credentials file: ~/.aws/credentials
2025-06-04 16:58:14 - INFO - c5.24xlarge - 0.825600 - us-east-1b
2025-06-04 16:58:14 - INFO - Updating file: results/results_lucas_us-east-1.csv
2025-06-04 16:58:28 - INFO - Authentication (publickey) successful!
2025-06-04 16:58:28 - INFO - Running command in i-0ac8b6d547f3983de (us-east-1, spot): /u/fvbr/bt.A.x
2025-06-04 16:58:28 - INFO - Connected (version 2.0, client OpenSSH_7.4)
2025-06-04 16:58:31 - INFO - Found credentials in shared credentials file: ~/.aws/credentials
2025-06-04 16:58:32 - INFO - c5.24xlarge - 0.825600 - us-east-1b
2025-06-04 16:58:32 - INFO - Updating file: results/results_lucas_us-east-1.csv
2025-06-04 16:58:47 - INFO - Authentication (publickey) successful!
2025-06-04 16:58:47 - INFO - Running command in i-012f5dbe42a247624 (us-east-1, spot): /u/fvbr/bt.A.x
2025-06-04 16:58:47 - INFO - Connected (version 2.0, client OpenSSH_7.4)
2025-06-04 16:58:51 - INFO - Found credentials in shared credentials file: ~/.aws/credentials
2025-06-04 16:58:51 - INFO - c5.24xlarge - 0.825600 - us-east-1b
2025-06-04 16:58:51 - INFO - Updating file: results/results_lucas_us-east-1.csv
2025-06-04 16:59:05 - INFO - Authentication (publickey) successful!
2025-06-04 16:59:05 - INFO - Running command in i-0b1b0a226f5b52418 (us-east-1, spot): /u/fvbr/bt.A.x
2025-06-04 16:59:05 - INFO - Connected (version 2.0, client OpenSSH_7.4)
2025-06-04 16:59:09 - INFO - Found credentials in shared credentials file: ~/.aws/credentials
2025-06-04 16:59:10 - INFO - c5.24xlarge - 0.825600 - us-east-1b
2025-06-04 16:59:10 - INFO - Updating file: results/results_lucas_us-east-1.csv
2025-06-04 16:59:23 - INFO - Authentication (publickey) successful!
2025-06-04 16:59:23 - INFO - Running command in i-0631f462b0b2caaa7 (us-east-1, spot): /u/fvbr/bt.A.x
2025-06-04 16:59:23 - INFO - Connected (version 2.0, client OpenSSH_7.4)
2025-06-04 16:59:27 - INFO - Found credentials in shared credentials file: ~/.aws/credentials
2025-06-04 16:59:28 - INFO - c5.24xlarge - 0.825600 - us-east-1b
2025-06-04 16:59:28 - INFO - Updating file: results/results_lucas_us-east-1.csv
2025-06-04 16:59:42 - INFO - Authentication (publickey) successful!
2025-06-04 16:59:42 - INFO - Running command in i-00890b2a2a14b429c (us-east-1, spot): /u/fvbr/bt.A.x
2025-06-04 16:59:46 - INFO - Found credentials in shared credentials file: ~/.aws/credentials
2025-06-04 16:59:47 - INFO - c5.24xlarge - 0.825600 - us-east-1b
2025-06-04 16:59:47 - INFO - Updating file: results/results_lucas_us-east-1.csv
2025-06-04 17:01:38 - WARNING - Attempt 1/5 failed for i-0f4f28e917c1ddaf6: SSH timeout: 10.108.65.82:22 not reachable after 300 seconds.
2025-06-04 17:01:48 - INFO - Found credentials in shared credentials file: ~/.aws/credentials
2025-06-04 17:06:49 - WARNING - Attempt 2/5 failed for i-0f4f28e917c1ddaf6: SSH timeout: 10.108.65.82:22 not reachable after 300 seconds.
2025-06-04 17:07:09 - INFO - Found credentials in shared credentials file: ~/.aws/credentials
2025-06-04 17:12:11 - WARNING - Attempt 3/5 failed for i-0f4f28e917c1ddaf6: SSH timeout: 10.108.65.82:22 not reachable after 300 seconds.
2025-06-04 17:12:41 - INFO - Found credentials in shared credentials file: ~/.aws/credentials
2025-06-04 17:17:42 - WARNING - Attempt 4/5 failed for i-0f4f28e917c1ddaf6: SSH timeout: 10.108.65.82:22 not reachable after 300 seconds.
2025-06-04 17:18:22 - INFO - Found credentials in shared credentials file: ~/.aws/credentials
2025-06-04 17:23:24 - WARNING - Attempt 5/5 failed for i-0f4f28e917c1ddaf6: SSH timeout: 10.108.65.82:22 not reachable after 300 seconds.
2025-06-04 17:23:24 - ERROR - All attempts failed for i-0f4f28e917c1ddaf6. Last error: SSH timeout: 10.108.65.82:22 not reachable after 300 seconds.
2025-06-04 17:23:24 - INFO - Found credentials in shared credentials file: ~/.aws/credentials
2025-06-04 17:23:25 - INFO - c5.24xlarge - 0.825600 - us-east-1b
2025-06-04 17:23:25 - INFO - Updating file: results/results_lucas_us-east-1.csv
2025-06-04 17:23:31 - INFO - All instances have been terminated.
2025-06-19 22:32:03 - INFO - Start execution in us-east-1 Nodes=100 Benchmark=bt.A.x Allocation Strategy=lowest-price
2025-06-19 22:32:03 - INFO - Found credentials in shared credentials file: ~/.aws/credentials
2025-06-19 22:32:11 - INFO - Tempo que levou para receber response AWS: 7.991515 segundos
2025-06-19 22:32:11 - INFO - Found credentials in shared credentials file: ~/.aws/credentials
2025-06-19 22:32:12 - INFO - r5.24xlarge - 0.604800 - us-east-1c
2025-06-19 22:32:12 - INFO - Updating file: results/results_lucas_us-east-1.csv
2025-06-19 22:32:12 - INFO - Found credentials in shared credentials file: ~/.aws/credentials
2025-06-19 22:32:13 - INFO - m5.24xlarge - 0.703800 - us-east-1f
2025-06-19 22:32:13 - INFO - Updating file: results/results_lucas_us-east-1.csv
2025-06-19 22:32:13 - INFO - Found credentials in shared credentials file: ~/.aws/credentials
2025-06-19 22:32:14 - INFO - r7a.24xlarge - 0.730300 - us-east-1c
2025-06-19 22:32:14 - INFO - Updating file: results/results_lucas_us-east-1.csv
2025-06-19 22:32:14 - INFO - Fleet created with instances: ['i-0753109e635559d36', 'i-0c500d6822e09b586', 'i-0f3d8992e3aefc469', 'i-062560787df55d577', 'i-043f54469a7bf76a5', 'i-0a46098bc67dba551', 'i-004288dd734487f05', 'i-03d7f7135ef675081', 'i-0d2240083f30b71fa', 'i-0c7a82ad5040bc7ec', 'i-097f5fbdcaa24d338', 'i-0de640be450d088fb', 'i-0a1dd278afef11597', 'i-0ca5907bedb595237', 'i-0464404e9d700b63a', 'i-0189c105d7bbfaedb', 'i-0b50d60854c548fe2', 'i-03a4a6ba66c86923b', 'i-02ac1505da9ac12d3', 'i-0c08c69d09e2a1951', 'i-0c88405ff929a29c1', 'i-0cf1ef0bb13db9387', 'i-0816ef78a48bc1c00', 'i-09571cf038de24bfc', 'i-0efb896e9d7582090', 'i-0e70520e09407b409', 'i-073f4d2b36ba914de', 'i-09ae74d6f6bfa9f55', 'i-02bc895a7eb45beb3', 'i-08785014dfe0a97d7', 'i-03d75818a04a46fa5', 'i-0a393f076308dd2f5', 'i-09ca2469a40b535f3', 'i-01b07b5f99d414d0c', 'i-0478fa47d4ab93ab5', 'i-0c61f794a84550134', 'i-0e330c3eac470416a', 'i-03e80c5750b9f4ac5', 'i-02a0ea3c9a2727be6', 'i-04b1f7d0773518c5b', 'i-0db622a24dd60c82d', 'i-003cc7b03a4eaef68', 'i-0e9d40290582758f6', 'i-029dacebb9917013b', 'i-004db8325f0f166c7', 'i-01dcfad5b7ee68bdb', 'i-021db0e69d3bf17ed', 'i-017febd1fd76ff4ee', 'i-0d40dfc871efd2531', 'i-09eafc6612186317e', 'i-09df3007da18381fe', 'i-0a84a6e5929b5a8f4', 'i-0f7cadbb400141197', 'i-01e35a7586a27ab2e', 'i-01134ab2622ae0f2e', 'i-05a2aba583416bbb9', 'i-01b6b8f63770288e9', 'i-06d47a624cb170621', 'i-0cc652d24a1988bb6', 'i-01918228d10a21fbd', 'i-0c9a5e3e0fb427b44', 'i-091047bd4628d6a31', 'i-0f25f5d8daef4c08a', 'i-0a2971792d8191bc1', 'i-0c02e3d125f57e842', 'i-099f0a5d2c6498ce2', 'i-0baab80a4388c3589', 'i-0ef93cc217df4ff32', 'i-056716b2353c3be8b', 'i-05705fd9b727a9895', 'i-0226bbb65d5ed897e', 'i-0930fdef336423588', 'i-0b442e94adea285fb', 'i-0607c1708b765d82e', 'i-0ca3b4d095e3d5cfd', 'i-05155495e5c3db9f5', 'i-01298cfd3e06e4707', 'i-0d5f3d416dbfcd764', 'i-026e6532f56bca7d2', 'i-00cb2050100b7c9ae', 'i-0f78963f136c21215', 'i-0c1e90b6f40336d0f', 'i-0633ca14c73a507c3', 'i-0f054069ce7f67122', 'i-09838d6d56f914d39', 'i-0e7ba2ad53055213b', 'i-085c2178000a70a7b', 'i-016d75b9241cbe314', 'i-079672b34ac944874', 'i-0d0a5293e9fcbc12b', 'i-05eafdde6ed5ca31b', 'i-067930bd83732ba59', 'i-0c8ec32f796d674b6', 'i-02e20fb05aec0b624', 'i-006c1aef1cdb1fb03', 'i-0136695bf2846ab69', 'i-0822b3c1b8108049b', 'i-0590c6f948a721da2', 'i-0f34dfbde1a34aac7', 'i-0ee1918bfc513ddc0']
2025-06-19 22:33:03 - INFO - Tempo que levou para as máquinas estarem running: 45.386384 segundos
2025-06-19 22:33:03 - INFO - Tempo que levou para criar o Fleet com 100 instâncias: 60.482312 segundos
2025-06-19 22:33:03 - INFO - 100 instâncias no total. Iniciando benchmark em paralelo...
2025-06-19 22:33:03 - INFO - Found credentials in shared credentials file: ~/.aws/credentials
2025-06-19 22:33:03 - INFO - Found credentials in shared credentials file: ~/.aws/credentials
2025-06-19 22:33:03 - INFO - Found credentials in shared credentials file: ~/.aws/credentials
2025-06-19 22:33:03 - INFO - Found credentials in shared credentials file: ~/.aws/credentials
2025-06-19 22:33:03 - INFO - Found credentials in shared credentials file: ~/.aws/credentials
2025-06-19 22:33:03 - INFO - Found credentials in shared credentials file: ~/.aws/credentials
2025-06-19 22:33:03 - INFO - Found credentials in shared credentials file: ~/.aws/credentials
2025-06-19 22:33:03 - INFO - Found credentials in shared credentials file: ~/.aws/credentials
2025-06-19 22:33:04 - INFO - Found credentials in shared credentials file: ~/.aws/credentials
2025-06-19 22:33:04 - INFO - Found credentials in shared credentials file: ~/.aws/credentials
2025-06-19 22:33:04 - INFO - Found credentials in shared credentials file: ~/.aws/credentials
2025-06-19 22:33:04 - INFO - Found credentials in shared credentials file: ~/.aws/credentials
2025-06-19 22:33:04 - INFO - Found credentials in shared credentials file: ~/.aws/credentials
2025-06-19 22:33:04 - INFO - Found credentials in shared credentials file: ~/.aws/credentials
2025-06-19 22:33:04 - INFO - Found credentials in shared credentials file: ~/.aws/credentials
2025-06-19 22:33:04 - INFO - Found credentials in shared credentials file: ~/.aws/credentials
2025-06-19 22:33:04 - INFO - Found credentials in shared credentials file: ~/.aws/credentials
2025-06-19 22:33:04 - INFO - Found credentials in shared credentials file: ~/.aws/credentials
2025-06-19 22:33:04 - INFO - Found credentials in shared credentials file: ~/.aws/credentials
2025-06-19 22:33:04 - INFO - Found credentials in shared credentials file: ~/.aws/credentials
2025-06-19 22:33:04 - INFO - Found credentials in shared credentials file: ~/.aws/credentials
2025-06-19 22:33:04 - INFO - Found credentials in shared credentials file: ~/.aws/credentials
2025-06-19 22:33:04 - INFO - Found credentials in shared credentials file: ~/.aws/credentials
2025-06-19 22:33:04 - INFO - Found credentials in shared credentials file: ~/.aws/credentials
2025-06-19 22:33:04 - INFO - Found credentials in shared credentials file: ~/.aws/credentials
2025-06-19 22:33:04 - INFO - Found credentials in shared credentials file: ~/.aws/credentials
2025-06-19 22:33:04 - INFO - Found credentials in shared credentials file: ~/.aws/credentials
2025-06-19 22:33:04 - INFO - Found credentials in shared credentials file: ~/.aws/credentials
2025-06-19 22:33:04 - INFO - Found credentials in shared credentials file: ~/.aws/credentials
2025-06-19 22:33:04 - INFO - Found credentials in shared credentials file: ~/.aws/credentials
2025-06-19 22:33:05 - INFO - Found credentials in shared credentials file: ~/.aws/credentials
2025-06-19 22:33:05 - INFO - Found credentials in shared credentials file: ~/.aws/credentials
2025-06-19 22:33:05 - INFO - Found credentials in shared credentials file: ~/.aws/credentials
2025-06-19 22:33:05 - INFO - Found credentials in shared credentials file: ~/.aws/credentials
2025-06-19 22:33:05 - INFO - Found credentials in shared credentials file: ~/.aws/credentials
2025-06-19 22:33:05 - INFO - Found credentials in shared credentials file: ~/.aws/credentials
2025-06-19 22:33:05 - INFO - Found credentials in shared credentials file: ~/.aws/credentials
2025-06-19 22:33:05 - INFO - Found credentials in shared credentials file: ~/.aws/credentials
2025-06-19 22:33:05 - INFO - Found credentials in shared credentials file: ~/.aws/credentials
2025-06-19 22:33:05 - INFO - Found credentials in shared credentials file: ~/.aws/credentials
2025-06-19 22:33:06 - INFO - Found credentials in shared credentials file: ~/.aws/credentials
2025-06-19 22:33:06 - INFO - Found credentials in shared credentials file: ~/.aws/credentials
2025-06-19 22:33:06 - INFO - Found credentials in shared credentials file: ~/.aws/credentials
2025-06-19 22:33:06 - INFO - Found credentials in shared credentials file: ~/.aws/credentials
2025-06-19 22:33:06 - INFO - Found credentials in shared credentials file: ~/.aws/credentials
2025-06-19 22:33:06 - INFO - Found credentials in shared credentials file: ~/.aws/credentials
2025-06-19 22:33:06 - INFO - Found credentials in shared credentials file: ~/.aws/credentials
2025-06-19 22:33:06 - INFO - Found credentials in shared credentials file: ~/.aws/credentials
2025-06-19 22:33:06 - INFO - Found credentials in shared credentials file: ~/.aws/credentials
2025-06-19 22:33:06 - INFO - Found credentials in shared credentials file: ~/.aws/credentials
2025-06-19 22:33:06 - INFO - Found credentials in shared credentials file: ~/.aws/credentials
2025-06-19 22:33:06 - INFO - Found credentials in shared credentials file: ~/.aws/credentials
2025-06-19 22:33:06 - INFO - Found credentials in shared credentials file: ~/.aws/credentials
2025-06-19 22:33:07 - INFO - Found credentials in shared credentials file: ~/.aws/credentials
2025-06-19 22:33:07 - INFO - Found credentials in shared credentials file: ~/.aws/credentials
2025-06-19 22:33:07 - INFO - Found credentials in shared credentials file: ~/.aws/credentials
2025-06-19 22:33:07 - INFO - Found credentials in shared credentials file: ~/.aws/credentials
2025-06-19 22:33:07 - INFO - Found credentials in shared credentials file: ~/.aws/credentials
2025-06-19 22:33:07 - INFO - Found credentials in shared credentials file: ~/.aws/credentials
2025-06-19 22:33:07 - INFO - Found credentials in shared credentials file: ~/.aws/credentials
2025-06-19 22:33:07 - INFO - Found credentials in shared credentials file: ~/.aws/credentials
2025-06-19 22:33:07 - INFO - Found credentials in shared credentials file: ~/.aws/credentials
2025-06-19 22:33:07 - INFO - Found credentials in shared credentials file: ~/.aws/credentials
2025-06-19 22:33:07 - INFO - Found credentials in shared credentials file: ~/.aws/credentials
2025-06-19 22:33:07 - INFO - Found credentials in shared credentials file: ~/.aws/credentials
2025-06-19 22:33:07 - INFO - Found credentials in shared credentials file: ~/.aws/credentials
2025-06-19 22:33:07 - INFO - Found credentials in shared credentials file: ~/.aws/credentials
2025-06-19 22:33:07 - INFO - Found credentials in shared credentials file: ~/.aws/credentials
2025-06-19 22:33:07 - INFO - Found credentials in shared credentials file: ~/.aws/credentials
2025-06-19 22:33:08 - INFO - Found credentials in shared credentials file: ~/.aws/credentials
2025-06-19 22:33:08 - INFO - Found credentials in shared credentials file: ~/.aws/credentials
2025-06-19 22:33:08 - INFO - Found credentials in shared credentials file: ~/.aws/credentials
2025-06-19 22:33:08 - INFO - Found credentials in shared credentials file: ~/.aws/credentials
2025-06-19 22:33:08 - INFO - Found credentials in shared credentials file: ~/.aws/credentials
2025-06-19 22:33:08 - INFO - Found credentials in shared credentials file: ~/.aws/credentials
2025-06-19 22:33:08 - INFO - Found credentials in shared credentials file: ~/.aws/credentials
2025-06-19 22:33:08 - INFO - Found credentials in shared credentials file: ~/.aws/credentials
2025-06-19 22:33:08 - INFO - Found credentials in shared credentials file: ~/.aws/credentials
2025-06-19 22:33:08 - INFO - Found credentials in shared credentials file: ~/.aws/credentials
2025-06-19 22:33:08 - INFO - Found credentials in shared credentials file: ~/.aws/credentials
2025-06-19 22:33:08 - INFO - Found credentials in shared credentials file: ~/.aws/credentials
2025-06-19 22:33:08 - INFO - Found credentials in shared credentials file: ~/.aws/credentials
2025-06-19 22:33:08 - INFO - Found credentials in shared credentials file: ~/.aws/credentials
2025-06-19 22:33:09 - INFO - Found credentials in shared credentials file: ~/.aws/credentials
2025-06-19 22:33:09 - INFO - Found credentials in shared credentials file: ~/.aws/credentials
2025-06-19 22:33:09 - INFO - Found credentials in shared credentials file: ~/.aws/credentials
2025-06-19 22:33:10 - INFO - Found credentials in shared credentials file: ~/.aws/credentials
2025-06-19 22:33:10 - INFO - Found credentials in shared credentials file: ~/.aws/credentials
2025-06-19 22:33:10 - INFO - Found credentials in shared credentials file: ~/.aws/credentials
2025-06-19 22:33:10 - INFO - Found credentials in shared credentials file: ~/.aws/credentials
2025-06-19 22:33:10 - INFO - Found credentials in shared credentials file: ~/.aws/credentials
2025-06-19 22:33:10 - INFO - Found credentials in shared credentials file: ~/.aws/credentials
2025-06-19 22:33:10 - INFO - Found credentials in shared credentials file: ~/.aws/credentials
2025-06-19 22:33:10 - INFO - Found credentials in shared credentials file: ~/.aws/credentials
2025-06-19 22:33:10 - INFO - Found credentials in shared credentials file: ~/.aws/credentials
2025-06-19 22:33:10 - INFO - Found credentials in shared credentials file: ~/.aws/credentials
2025-06-19 22:33:10 - INFO - Found credentials in shared credentials file: ~/.aws/credentials
2025-06-19 22:33:10 - INFO - Found credentials in shared credentials file: ~/.aws/credentials
2025-06-19 22:33:10 - INFO - Found credentials in shared credentials file: ~/.aws/credentials
2025-06-19 22:33:10 - INFO - Found credentials in shared credentials file: ~/.aws/credentials
2025-06-19 22:33:30 - INFO - c5.24xlarge - 0.732900 - us-east-1b
2025-06-19 22:33:30 - INFO - Updating file: results/results_lucas_us-east-1.csv
2025-06-19 22:33:31 - INFO - c5.24xlarge - 0.732900 - us-east-1b
2025-06-19 22:33:31 - INFO - c5.24xlarge - 0.732900 - us-east-1b
2025-06-19 22:33:31 - INFO - c5.24xlarge - 0.732900 - us-east-1b
2025-06-19 22:33:31 - INFO - Updating file: results/results_lucas_us-east-1.csv
2025-06-19 22:33:31 - INFO - c5.24xlarge - 0.732900 - us-east-1b
2025-06-19 22:33:31 - INFO - c5.24xlarge - 0.732900 - us-east-1b
2025-06-19 22:33:31 - INFO - c5.24xlarge - 0.732900 - us-east-1b
2025-06-19 22:33:31 - INFO - c5.24xlarge - 0.732900 - us-east-1b
2025-06-19 22:33:31 - INFO - Updating file: results/results_lucas_us-east-1.csv
2025-06-19 22:33:31 - INFO - c5.24xlarge - 0.732900 - us-east-1b
2025-06-19 22:33:31 - INFO - Updating file: results/results_lucas_us-east-1.csv
2025-06-19 22:33:31 - INFO - c5.24xlarge - 0.732900 - us-east-1b
2025-06-19 22:33:31 - INFO - c5.24xlarge - 0.732900 - us-east-1b
2025-06-19 22:33:31 - INFO - c5.24xlarge - 0.732900 - us-east-1b
2025-06-19 22:33:31 - INFO - c5.24xlarge - 0.732900 - us-east-1b
2025-06-19 22:33:31 - INFO - c5.24xlarge - 0.732900 - us-east-1b
2025-06-19 22:33:31 - INFO - c5.24xlarge - 0.732900 - us-east-1b
2025-06-19 22:33:31 - INFO - c5.24xlarge - 0.732900 - us-east-1b
2025-06-19 22:33:31 - INFO - Updating file: results/results_lucas_us-east-1.csv
2025-06-19 22:33:31 - INFO - c5.24xlarge - 0.732900 - us-east-1b
2025-06-19 22:33:31 - INFO - c5.24xlarge - 0.732900 - us-east-1b
2025-06-19 22:33:31 - INFO - c5.24xlarge - 0.732900 - us-east-1b
2025-06-19 22:33:31 - INFO - c5.24xlarge - 0.732900 - us-east-1b
2025-06-19 22:33:31 - INFO - c5.24xlarge - 0.732900 - us-east-1b
2025-06-19 22:33:31 - INFO - c5.24xlarge - 0.732900 - us-east-1b
2025-06-19 22:33:31 - INFO - c5.24xlarge - 0.732900 - us-east-1b
2025-06-19 22:33:31 - INFO - c5.24xlarge - 0.732900 - us-east-1b
2025-06-19 22:33:31 - INFO - c5.24xlarge - 0.732900 - us-east-1b
2025-06-19 22:33:31 - INFO - c5.24xlarge - 0.732900 - us-east-1b
2025-06-19 22:33:31 - INFO - c5.24xlarge - 0.732900 - us-east-1b
2025-06-19 22:33:31 - INFO - c5.24xlarge - 0.732900 - us-east-1b
2025-06-19 22:33:31 - INFO - c5.24xlarge - 0.732900 - us-east-1b
2025-06-19 22:33:31 - INFO - c5.24xlarge - 0.732900 - us-east-1b
2025-06-19 22:33:31 - INFO - Updating file: results/results_lucas_us-east-1.csv
2025-06-19 22:33:31 - INFO - c5.24xlarge - 0.732900 - us-east-1b
2025-06-19 22:33:31 - INFO - c5.24xlarge - 0.732900 - us-east-1b
2025-06-19 22:33:31 - INFO - c5.24xlarge - 0.732900 - us-east-1b
2025-06-19 22:33:31 - INFO - c5.24xlarge - 0.732900 - us-east-1b
2025-06-19 22:33:31 - INFO - c5.24xlarge - 0.732900 - us-east-1b
2025-06-19 22:33:31 - INFO - c5.24xlarge - 0.732900 - us-east-1b
2025-06-19 22:33:31 - INFO - c5.24xlarge - 0.732900 - us-east-1b
2025-06-19 22:33:31 - INFO - c5.24xlarge - 0.732900 - us-east-1b
2025-06-19 22:33:31 - INFO - c5.24xlarge - 0.732900 - us-east-1b
2025-06-19 22:33:31 - INFO - c5.24xlarge - 0.732900 - us-east-1b
2025-06-19 22:33:31 - INFO - Updating file: results/results_lucas_us-east-1.csv
2025-06-19 22:33:31 - INFO - c5.24xlarge - 0.732900 - us-east-1b
2025-06-19 22:33:31 - INFO - c5.24xlarge - 0.732900 - us-east-1b
2025-06-19 22:33:31 - INFO - Updating file: results/results_lucas_us-east-1.csv
2025-06-19 22:33:31 - INFO - c5.24xlarge - 0.732900 - us-east-1b
2025-06-19 22:33:31 - INFO - c5.24xlarge - 0.732900 - us-east-1b
2025-06-19 22:33:31 - INFO - c5.24xlarge - 0.732900 - us-east-1b
2025-06-19 22:33:31 - INFO - c5.24xlarge - 0.732900 - us-east-1b
2025-06-19 22:33:31 - INFO - Updating file: results/results_lucas_us-east-1.csv
2025-06-19 22:33:31 - INFO - c5.24xlarge - 0.732900 - us-east-1b
2025-06-19 22:33:31 - INFO - c5.24xlarge - 0.732900 - us-east-1b
2025-06-19 22:33:31 - INFO - c5.24xlarge - 0.732900 - us-east-1b
2025-06-19 22:33:31 - INFO - c5.24xlarge - 0.732900 - us-east-1b
2025-06-19 22:33:31 - INFO - c5.24xlarge - 0.732900 - us-east-1b
2025-06-19 22:33:31 - INFO - c5.24xlarge - 0.732900 - us-east-1b
2025-06-19 22:33:31 - INFO - Updating file: results/results_lucas_us-east-1.csv
2025-06-19 22:33:31 - INFO - c5.24xlarge - 0.732900 - us-east-1b
2025-06-19 22:33:32 - INFO - c5.24xlarge - 0.732900 - us-east-1b
2025-06-19 22:33:35 - INFO - c5.24xlarge - 0.732900 - us-east-1b
2025-06-19 22:33:35 - INFO - c5.24xlarge - 0.732900 - us-east-1b
2025-06-19 22:33:35 - INFO - c5.24xlarge - 0.732900 - us-east-1b
2025-06-19 22:33:35 - INFO - Updating file: results/results_lucas_us-east-1.csv
2025-06-19 22:33:35 - INFO - c5.24xlarge - 0.732900 - us-east-1b
2025-06-19 22:33:35 - INFO - c5.24xlarge - 0.732900 - us-east-1b
2025-06-19 22:33:35 - INFO - c5.24xlarge - 0.732900 - us-east-1b
2025-06-19 22:33:35 - INFO - c5.24xlarge - 0.732900 - us-east-1b
2025-06-19 22:33:35 - INFO - c5.24xlarge - 0.732900 - us-east-1b
2025-06-19 22:33:35 - INFO - c5.24xlarge - 0.732900 - us-east-1b
2025-06-19 22:33:35 - INFO - c5.24xlarge - 0.732900 - us-east-1b
2025-06-19 22:33:35 - INFO - Updating file: results/results_lucas_us-east-1.csv
2025-06-19 22:33:35 - INFO - Updating file: results/results_lucas_us-east-1.csv
2025-06-19 22:33:35 - INFO - Updating file: results/results_lucas_us-east-1.csv
2025-06-19 22:33:35 - INFO - Updating file: results/results_lucas_us-east-1.csv
2025-06-19 22:33:35 - INFO - c5.24xlarge - 0.732900 - us-east-1b
2025-06-19 22:33:35 - INFO - Updating file: results/results_lucas_us-east-1.csv
2025-06-19 22:33:35 - INFO - c5.24xlarge - 0.732900 - us-east-1b
2025-06-19 22:33:35 - INFO - c5.24xlarge - 0.732900 - us-east-1b
2025-06-19 22:33:35 - INFO - c5.24xlarge - 0.732900 - us-east-1b
2025-06-19 22:33:35 - INFO - c5.24xlarge - 0.732900 - us-east-1b
2025-06-19 22:33:35 - INFO - c5.24xlarge - 0.732900 - us-east-1b
2025-06-19 22:33:35 - INFO - Updating file: results/results_lucas_us-east-1.csv
2025-06-19 22:33:35 - INFO - Updating file: results/results_lucas_us-east-1.csv
2025-06-19 22:33:35 - INFO - Updating file: results/results_lucas_us-east-1.csv
2025-06-19 22:33:35 - INFO - Updating file: results/results_lucas_us-east-1.csv
2025-06-19 22:33:35 - INFO - Updating file: results/results_lucas_us-east-1.csv
2025-06-19 22:33:35 - INFO - Updating file: results/results_lucas_us-east-1.csv
2025-06-19 22:33:35 - INFO - Updating file: results/results_lucas_us-east-1.csv
2025-06-19 22:33:35 - INFO - Updating file: results/results_lucas_us-east-1.csv
2025-06-19 22:33:35 - INFO - c5.24xlarge - 0.732900 - us-east-1b
2025-06-19 22:33:35 - INFO - Updating file: results/results_lucas_us-east-1.csv
2025-06-19 22:33:35 - INFO - c5.24xlarge - 0.732900 - us-east-1b
2025-06-19 22:33:35 - INFO - c5.24xlarge - 0.732900 - us-east-1b
2025-06-19 22:33:35 - INFO - Updating file: results/results_lucas_us-east-1.csv
2025-06-19 22:33:35 - INFO - c5.24xlarge - 0.732900 - us-east-1b
2025-06-19 22:33:35 - INFO - c5.24xlarge - 0.732900 - us-east-1b
2025-06-19 22:33:35 - INFO - Updating file: results/results_lucas_us-east-1.csv
2025-06-19 22:33:35 - INFO - Updating file: results/results_lucas_us-east-1.csv
2025-06-19 22:33:35 - INFO - Updating file: results/results_lucas_us-east-1.csv
2025-06-19 22:33:35 - INFO - Updating file: results/results_lucas_us-east-1.csv
2025-06-19 22:33:35 - INFO - Updating file: results/results_lucas_us-east-1.csv
2025-06-19 22:33:35 - INFO - Updating file: results/results_lucas_us-east-1.csv
2025-06-19 22:33:36 - INFO - Updating file: results/results_lucas_us-east-1.csv
2025-06-19 22:33:36 - INFO - Updating file: results/results_lucas_us-east-1.csv
2025-06-19 22:33:36 - INFO - Updating file: results/results_lucas_us-east-1.csv
2025-06-19 22:33:36 - INFO - c5.24xlarge - 0.732900 - us-east-1b
2025-06-19 22:33:36 - INFO - c5.24xlarge - 0.732900 - us-east-1b
2025-06-19 22:33:36 - INFO - c5.24xlarge - 0.732900 - us-east-1b
2025-06-19 22:33:36 - INFO - c5.24xlarge - 0.732900 - us-east-1b
2025-06-19 22:33:36 - INFO - c5.24xlarge - 0.732900 - us-east-1b
2025-06-19 22:33:36 - INFO - c5.24xlarge - 0.732900 - us-east-1b
2025-06-19 22:33:36 - INFO - c5.24xlarge - 0.732900 - us-east-1b
2025-06-19 22:33:36 - INFO - c5.24xlarge - 0.732900 - us-east-1b
2025-06-19 22:33:36 - INFO - c5.24xlarge - 0.732900 - us-east-1b
2025-06-19 22:33:36 - INFO - Updating file: results/results_lucas_us-east-1.csv
2025-06-19 22:33:36 - INFO - c5.24xlarge - 0.732900 - us-east-1b
2025-06-19 22:33:36 - INFO - c5.24xlarge - 0.732900 - us-east-1b
2025-06-19 22:33:36 - INFO - Updating file: results/results_lucas_us-east-1.csv
2025-06-19 22:33:36 - INFO - Updating file: results/results_lucas_us-east-1.csv
2025-06-19 22:33:36 - INFO - Updating file: results/results_lucas_us-east-1.csv
2025-06-19 22:33:36 - INFO - Updating file: results/results_lucas_us-east-1.csv
2025-06-19 22:33:36 - INFO - Updating file: results/results_lucas_us-east-1.csv
2025-06-19 22:33:36 - INFO - Updating file: results/results_lucas_us-east-1.csv
2025-06-19 22:33:36 - INFO - Updating file: results/results_lucas_us-east-1.csv
2025-06-19 22:33:36 - INFO - Updating file: results/results_lucas_us-east-1.csv
2025-06-19 22:33:36 - INFO - Updating file: results/results_lucas_us-east-1.csv
2025-06-19 22:33:36 - INFO - c5.24xlarge - 0.732900 - us-east-1b
2025-06-19 22:33:36 - INFO - Updating file: results/results_lucas_us-east-1.csv
2025-06-19 22:33:36 - INFO - Updating file: results/results_lucas_us-east-1.csv
2025-06-19 22:33:36 - INFO - Updating file: results/results_lucas_us-east-1.csv
2025-06-19 22:33:36 - INFO - Updating file: results/results_lucas_us-east-1.csv
2025-06-19 22:33:36 - INFO - Updating file: results/results_lucas_us-east-1.csv
2025-06-19 22:33:36 - INFO - Updating file: results/results_lucas_us-east-1.csv
2025-06-19 22:33:36 - INFO - Updating file: results/results_lucas_us-east-1.csv
2025-06-19 22:33:36 - INFO - Updating file: results/results_lucas_us-east-1.csv
2025-06-19 22:33:36 - INFO - c5.24xlarge - 0.732900 - us-east-1b
2025-06-19 22:33:36 - INFO - Updating file: results/results_lucas_us-east-1.csv
2025-06-19 22:33:36 - INFO - Updating file: results/results_lucas_us-east-1.csv
2025-06-19 22:33:36 - INFO - Updating file: results/results_lucas_us-east-1.csv
2025-06-19 22:33:36 - INFO - c5.24xlarge - 0.732900 - us-east-1b
2025-06-19 22:33:36 - INFO - Updating file: results/results_lucas_us-east-1.csv
2025-06-19 22:33:36 - INFO - Updating file: results/results_lucas_us-east-1.csv
2025-06-19 22:33:36 - INFO - Updating file: results/results_lucas_us-east-1.csv
2025-06-19 22:33:36 - INFO - c5.24xlarge - 0.732900 - us-east-1b
2025-06-19 22:33:36 - INFO - Updating file: results/results_lucas_us-east-1.csv
2025-06-19 22:33:36 - INFO - Updating file: results/results_lucas_us-east-1.csv
2025-06-19 22:33:36 - INFO - Updating file: results/results_lucas_us-east-1.csv
2025-06-19 22:33:36 - INFO - Updating file: results/results_lucas_us-east-1.csv
2025-06-19 22:33:36 - INFO - c5.24xlarge - 0.732900 - us-east-1b
2025-06-19 22:33:36 - INFO - c5.24xlarge - 0.732900 - us-east-1b
2025-06-19 22:33:36 - INFO - c5.24xlarge - 0.732900 - us-east-1b
2025-06-19 22:33:36 - INFO - Updating file: results/results_lucas_us-east-1.csv
2025-06-19 22:33:36 - INFO - c5.24xlarge - 0.732900 - us-east-1b
2025-06-19 22:33:36 - INFO - Updating file: results/results_lucas_us-east-1.csv
2025-06-19 22:33:36 - INFO - Updating file: results/results_lucas_us-east-1.csv
2025-06-19 22:33:36 - INFO - Updating file: results/results_lucas_us-east-1.csv
2025-06-19 22:33:36 - INFO - Updating file: results/results_lucas_us-east-1.csv
2025-06-19 22:33:36 - INFO - Updating file: results/results_lucas_us-east-1.csv
2025-06-19 22:33:36 - INFO - c5.24xlarge - 0.732900 - us-east-1b
2025-06-19 22:33:36 - INFO - Updating file: results/results_lucas_us-east-1.csv
2025-06-19 22:33:36 - INFO - Updating file: results/results_lucas_us-east-1.csv
2025-06-19 22:33:36 - INFO - Updating file: results/results_lucas_us-east-1.csv
2025-06-19 22:33:36 - INFO - Updating file: results/results_lucas_us-east-1.csv
2025-06-19 22:33:36 - INFO - Updating file: results/results_lucas_us-east-1.csv
2025-06-19 22:33:36 - INFO - Updating file: results/results_lucas_us-east-1.csv
2025-06-19 22:33:36 - INFO - Updating file: results/results_lucas_us-east-1.csv
2025-06-19 22:33:36 - INFO - c5.24xlarge - 0.732900 - us-east-1b
2025-06-19 22:33:36 - INFO - Updating file: results/results_lucas_us-east-1.csv
2025-06-19 22:33:36 - INFO - Updating file: results/results_lucas_us-east-1.csv
2025-06-19 22:33:36 - INFO - c5.24xlarge - 0.732900 - us-east-1b
2025-06-19 22:33:36 - INFO - Updating file: results/results_lucas_us-east-1.csv
2025-06-19 22:33:36 - INFO - Updating file: results/results_lucas_us-east-1.csv
2025-06-19 22:33:36 - INFO - Updating file: results/results_lucas_us-east-1.csv
2025-06-19 22:33:36 - INFO - Updating file: results/results_lucas_us-east-1.csv
2025-06-19 22:33:36 - INFO - Updating file: results/results_lucas_us-east-1.csv
2025-06-19 22:33:36 - INFO - Updating file: results/results_lucas_us-east-1.csv
2025-06-19 22:33:36 - INFO - Updating file: results/results_lucas_us-east-1.csv
2025-06-19 22:33:36 - INFO - Updating file: results/results_lucas_us-east-1.csv
2025-06-19 22:33:36 - INFO - Updating file: results/results_lucas_us-east-1.csv
2025-06-19 22:33:36 - INFO - Updating file: results/results_lucas_us-east-1.csv
2025-06-19 22:33:36 - INFO - Updating file: results/results_lucas_us-east-1.csv
2025-06-19 22:33:36 - INFO - c5.24xlarge - 0.732900 - us-east-1b
2025-06-19 22:33:36 - INFO - Updating file: results/results_lucas_us-east-1.csv
2025-06-19 22:33:36 - INFO - Updating file: results/results_lucas_us-east-1.csv
2025-06-19 22:33:36 - INFO - Updating file: results/results_lucas_us-east-1.csv
2025-06-19 22:33:36 - INFO - Updating file: results/results_lucas_us-east-1.csv
2025-06-19 22:33:36 - INFO - c5.24xlarge - 0.732900 - us-east-1b
2025-06-19 22:33:36 - INFO - Updating file: results/results_lucas_us-east-1.csv
2025-06-19 22:33:36 - INFO - c5.24xlarge - 0.732900 - us-east-1b
2025-06-19 22:33:36 - INFO - Updating file: results/results_lucas_us-east-1.csv
2025-06-19 22:33:36 - INFO - Updating file: results/results_lucas_us-east-1.csv
2025-06-19 22:33:36 - INFO - Updating file: results/results_lucas_us-east-1.csv
2025-06-19 22:33:36 - INFO - Updating file: results/results_lucas_us-east-1.csv
2025-06-19 22:33:36 - INFO - Updating file: results/results_lucas_us-east-1.csv
2025-06-19 22:33:36 - INFO - Updating file: results/results_lucas_us-east-1.csv
2025-06-19 22:33:50 - INFO - All instances have been terminated.
2025-06-20 19:38:26 - INFO - Start execution in us-east-1 Nodes=200 Benchmark=bt.A.x Allocation Strategy=lowest-price
2025-06-20 19:38:26 - INFO - Found credentials in shared credentials file: ~/.aws/credentials
2025-06-20 19:39:08 - INFO - Tempo que levou para receber response AWS: 41.783179 segundos
2025-06-20 19:39:08 - INFO - Found credentials in shared credentials file: ~/.aws/credentials
2025-06-20 19:39:09 - INFO - r5.24xlarge - 0.604800 - us-east-1c
2025-06-20 19:39:09 - INFO - Updating file: results/results_lucas_us-east-1.csv
2025-06-20 19:39:09 - INFO - Found credentials in shared credentials file: ~/.aws/credentials
2025-06-20 19:39:10 - INFO - m5.24xlarge - 0.681200 - us-east-1f
2025-06-20 19:39:10 - INFO - Updating file: results/results_lucas_us-east-1.csv
2025-06-20 19:39:10 - INFO - Found credentials in shared credentials file: ~/.aws/credentials
2025-06-20 19:39:11 - INFO - r7a.24xlarge - 0.730300 - us-east-1c
2025-06-20 19:39:11 - INFO - Updating file: results/results_lucas_us-east-1.csv
2025-06-20 19:39:11 - INFO - Found credentials in shared credentials file: ~/.aws/credentials
2025-06-20 19:39:12 - INFO - m7i.24xlarge - 0.863200 - us-east-1d
2025-06-20 19:39:12 - INFO - Updating file: results/results_lucas_us-east-1.csv
2025-06-20 19:39:12 - INFO - Found credentials in shared credentials file: ~/.aws/credentials
2025-06-20 19:39:13 - INFO - r6a.24xlarge - 0.896900 - us-east-1b
2025-06-20 19:39:13 - INFO - Updating file: results/results_lucas_us-east-1.csv
2025-06-20 19:39:13 - INFO - Found credentials in shared credentials file: ~/.aws/credentials
2025-06-20 19:39:14 - INFO - m7a.24xlarge - 1.107500 - us-east-1c
2025-06-20 19:39:14 - INFO - Updating file: results/results_lucas_us-east-1.csv
2025-06-20 19:39:14 - INFO - Found credentials in shared credentials file: ~/.aws/credentials
2025-06-20 19:39:15 - INFO - m5.24xlarge - 1.110100 - us-east-1d
2025-06-20 19:39:15 - INFO - Updating file: results/results_lucas_us-east-1.csv
2025-06-20 19:39:15 - INFO - Found credentials in shared credentials file: ~/.aws/credentials
2025-06-20 19:39:16 - INFO - m5.24xlarge - 1.120700 - us-east-1c
2025-06-20 19:39:16 - INFO - Updating file: results/results_lucas_us-east-1.csv
2025-06-20 19:39:16 - INFO - Found credentials in shared credentials file: ~/.aws/credentials
2025-06-20 19:39:16 - INFO - m5.24xlarge - 1.197700 - us-east-1b
2025-06-20 19:39:16 - INFO - Updating file: results/results_lucas_us-east-1.csv
2025-06-20 19:39:16 - INFO - Fleet created with instances: ['i-02d9dcfff37bd82b4', 'i-05f71b472a33b1cf4', 'i-076bfc27b2268e8df', 'i-0edf3d7d979fa5b9e', 'i-07e5da0d767301cca', 'i-0798899a5a91f8c91', 'i-0e3c21082b25d2d24', 'i-037e57872ed7d5e00', 'i-0cc68c0af7c5df812', 'i-019d7a3b41a3e7397', 'i-0c276c30664e52539', 'i-0455a35b7e264dee3', 'i-06decc2ff8c568d9e', 'i-090f8c8a79f444b00', 'i-06f02632587562a67', 'i-081ef9b55514e851b', 'i-0894bf41b716b626a', 'i-008afd8182e499c01', 'i-0958acd2d3da435b4', 'i-02917d2e349f6e099', 'i-00906cc5856f1f74d', 'i-08f411a821265d0d0', 'i-0cfe1eb7811d33283', 'i-0c6cf317d160fbd1e', 'i-0a63bfcec00c17055', 'i-026f3f980e9421b7a', 'i-0f8f320aeea1073ef', 'i-046b9390ed69556b8', 'i-0bf0f8f25f072aac7', 'i-0d75e509a0ffd51a7', 'i-063618b0ca9478903', 'i-044e10f489469e2eb', 'i-026d64c5edbf03736', 'i-0cb6781e20a1c2070', 'i-0cac9dd302bee96d8', 'i-0a433f76357b39fb9', 'i-084ff3fcc74f1782f', 'i-0eeff1bc054e1d5f8', 'i-0a7adbfc2922b5c18', 'i-0473db7624222bf84', 'i-0246059240e1af838', 'i-0a26e5b6b710c832d', 'i-0dc0377a73b05fea5', 'i-0eb819df1ef959fb8', 'i-0b959a94d08186d1b', 'i-0680ad8755b57c98f', 'i-095b7c435782f62c7', 'i-0511762499e66bdde', 'i-0654b6223960e96eb', 'i-020d8df70da11b481', 'i-074a5e1cac7549519', 'i-07679d00e5ec7b57a', 'i-081a14143ad5adfa0', 'i-0e9af038efd947d77', 'i-012cfa33fc0d83fd1', 'i-0c545c06043919812', 'i-01e45a7e1ec595d0f', 'i-02df57a3778069bf4', 'i-0a04b915f58b95c9a', 'i-0c17d88beaa33b7a9', 'i-0c8ffc49788228014', 'i-009fbd1bd3f9884ff', 'i-0705eb5f619cf7a14', 'i-008d2be5fae3844ba', 'i-00ec8d1bad2046c76', 'i-03f832c22c0cad85e', 'i-0423e961728aa4426', 'i-042d1eda3e4f19a6f', 'i-0fbb7482538672c64', 'i-04b27eb9bf3adec4c', 'i-0e64547636d3e0d4b', 'i-01409d499f67aeada', 'i-0c60e6fd266415ed7', 'i-0949808ae4955795b', 'i-095c94c5279385caa', 'i-0b2bdad5aca6b9498', 'i-05d50fa2dfb2ddc4a', 'i-05087b78e87189dd1', 'i-0903fecea1d782442', 'i-04049e3d2714642cf', 'i-02423419c70e1eadd', 'i-01376102940426105', 'i-051648b35f02a9dbc', 'i-0578f2c727b66995b', 'i-0fac1d00e7cf167d3', 'i-0077b6a012b24ccf5', 'i-056f8b4219abcdd46', 'i-08c4f7bac34d89d2a', 'i-0d0b4c892480878d7', 'i-0b48373a97463db4d', 'i-0b0c2333c574ec866', 'i-045a6df0f64bf82e2', 'i-076dc835b35562f8d', 'i-0098daff33f1d892f', 'i-0876279d8599a1e28', 'i-061e292609d98a99f', 'i-08eeca8a3bee6cd14', 'i-0f72543e3feebab02', 'i-034609d1f0fb856da', 'i-0adc1b3a1576a9627', 'i-0f7f40d376cb9b807', 'i-003b6cb13ef51f612', 'i-0965b6fa3d981fd1c', 'i-0c2f7e6f7b4db8d72', 'i-0894079bd193929cf', 'i-049af7d09cf409a7e', 'i-0fde98a0e2aa3c5b8', 'i-0f434a3da29bb5aee', 'i-0f565892913b4d24c', 'i-0943a44728d69d775', 'i-0e08d3abd7ec19fed', 'i-0dd61c41f98932a66', 'i-06602c8cf4681b4fe']
2025-06-20 19:40:13 - INFO - Tempo que levou para as máquinas estarem running: 52.106134 segundos
2025-06-20 19:40:13 - INFO - Tempo que levou para criar o Fleet com 113 instâncias: 107.012203 segundos
2025-06-20 19:40:13 - INFO - 113 instâncias no total. Iniciando benchmark em paralelo...
2025-06-20 19:40:13 - INFO - Found credentials in shared credentials file: ~/.aws/credentials
2025-06-20 19:40:13 - INFO - Found credentials in shared credentials file: ~/.aws/credentials
2025-06-20 19:40:13 - INFO - Found credentials in shared credentials file: ~/.aws/credentials
2025-06-20 19:40:13 - INFO - Found credentials in shared credentials file: ~/.aws/credentials
2025-06-20 19:40:13 - INFO - Found credentials in shared credentials file: ~/.aws/credentials
2025-06-20 19:40:13 - INFO - Found credentials in shared credentials file: ~/.aws/credentials
2025-06-20 19:40:13 - INFO - Found credentials in shared credentials file: ~/.aws/credentials
2025-06-20 19:40:13 - INFO - Found credentials in shared credentials file: ~/.aws/credentials
2025-06-20 19:40:13 - INFO - Found credentials in shared credentials file: ~/.aws/credentials
2025-06-20 19:40:13 - INFO - Found credentials in shared credentials file: ~/.aws/credentials
2025-06-20 19:40:13 - INFO - Found credentials in shared credentials file: ~/.aws/credentials
2025-06-20 19:40:13 - INFO - Found credentials in shared credentials file: ~/.aws/credentials
2025-06-20 19:40:14 - INFO - Found credentials in shared credentials file: ~/.aws/credentials
2025-06-20 19:40:14 - INFO - Found credentials in shared credentials file: ~/.aws/credentials
2025-06-20 19:40:14 - INFO - Found credentials in shared credentials file: ~/.aws/credentials
2025-06-20 19:40:14 - INFO - Found credentials in shared credentials file: ~/.aws/credentials
2025-06-20 19:40:14 - INFO - Found credentials in shared credentials file: ~/.aws/credentials
2025-06-20 19:40:14 - INFO - Found credentials in shared credentials file: ~/.aws/credentials
2025-06-20 19:40:14 - INFO - Found credentials in shared credentials file: ~/.aws/credentials
2025-06-20 19:40:14 - INFO - Found credentials in shared credentials file: ~/.aws/credentials
2025-06-20 19:40:14 - INFO - Found credentials in shared credentials file: ~/.aws/credentials
2025-06-20 19:40:14 - INFO - Found credentials in shared credentials file: ~/.aws/credentials
2025-06-20 19:40:15 - INFO - Found credentials in shared credentials file: ~/.aws/credentials
2025-06-20 19:40:15 - INFO - Found credentials in shared credentials file: ~/.aws/credentials
2025-06-20 19:40:15 - INFO - Found credentials in shared credentials file: ~/.aws/credentials
2025-06-20 19:40:15 - INFO - Found credentials in shared credentials file: ~/.aws/credentials
2025-06-20 19:40:15 - INFO - Found credentials in shared credentials file: ~/.aws/credentials
2025-06-20 19:40:15 - INFO - Found credentials in shared credentials file: ~/.aws/credentials
2025-06-20 19:40:15 - INFO - Found credentials in shared credentials file: ~/.aws/credentials
2025-06-20 19:40:15 - INFO - Found credentials in shared credentials file: ~/.aws/credentials
2025-06-20 19:40:15 - INFO - Found credentials in shared credentials file: ~/.aws/credentials
2025-06-20 19:40:15 - INFO - Found credentials in shared credentials file: ~/.aws/credentials
2025-06-20 19:40:15 - INFO - Found credentials in shared credentials file: ~/.aws/credentials
2025-06-20 19:40:16 - INFO - Found credentials in shared credentials file: ~/.aws/credentials
2025-06-20 19:40:16 - INFO - Found credentials in shared credentials file: ~/.aws/credentials
2025-06-20 19:40:16 - INFO - Found credentials in shared credentials file: ~/.aws/credentials
2025-06-20 19:40:16 - INFO - Found credentials in shared credentials file: ~/.aws/credentials
2025-06-20 19:40:16 - INFO - Found credentials in shared credentials file: ~/.aws/credentials
2025-06-20 19:40:16 - INFO - Found credentials in shared credentials file: ~/.aws/credentials
2025-06-20 19:40:16 - INFO - Found credentials in shared credentials file: ~/.aws/credentials
2025-06-20 19:40:16 - INFO - Found credentials in shared credentials file: ~/.aws/credentials
2025-06-20 19:40:16 - INFO - Found credentials in shared credentials file: ~/.aws/credentials
2025-06-20 19:40:16 - INFO - Found credentials in shared credentials file: ~/.aws/credentials
2025-06-20 19:40:16 - INFO - Found credentials in shared credentials file: ~/.aws/credentials
2025-06-20 19:40:16 - INFO - Found credentials in shared credentials file: ~/.aws/credentials
2025-06-20 19:40:16 - INFO - Found credentials in shared credentials file: ~/.aws/credentials
2025-06-20 19:40:16 - INFO - Found credentials in shared credentials file: ~/.aws/credentials
2025-06-20 19:40:16 - INFO - Found credentials in shared credentials file: ~/.aws/credentials
2025-06-20 19:40:17 - INFO - Found credentials in shared credentials file: ~/.aws/credentials
2025-06-20 19:40:17 - INFO - Found credentials in shared credentials file: ~/.aws/credentials
2025-06-20 19:40:17 - INFO - Found credentials in shared credentials file: ~/.aws/credentials
2025-06-20 19:40:17 - INFO - Found credentials in shared credentials file: ~/.aws/credentials
2025-06-20 19:40:17 - INFO - Found credentials in shared credentials file: ~/.aws/credentials
2025-06-20 19:40:17 - INFO - Found credentials in shared credentials file: ~/.aws/credentials
2025-06-20 19:40:17 - INFO - Found credentials in shared credentials file: ~/.aws/credentials
2025-06-20 19:40:17 - INFO - Found credentials in shared credentials file: ~/.aws/credentials
2025-06-20 19:40:17 - INFO - Found credentials in shared credentials file: ~/.aws/credentials
2025-06-20 19:40:17 - INFO - Found credentials in shared credentials file: ~/.aws/credentials
2025-06-20 19:40:17 - INFO - Found credentials in shared credentials file: ~/.aws/credentials
2025-06-20 19:40:17 - INFO - Found credentials in shared credentials file: ~/.aws/credentials
2025-06-20 19:40:17 - INFO - Found credentials in shared credentials file: ~/.aws/credentials
2025-06-20 19:40:18 - INFO - Found credentials in shared credentials file: ~/.aws/credentials
2025-06-20 19:40:18 - INFO - Found credentials in shared credentials file: ~/.aws/credentials
2025-06-20 19:40:18 - INFO - Found credentials in shared credentials file: ~/.aws/credentials
2025-06-20 19:40:18 - INFO - Found credentials in shared credentials file: ~/.aws/credentials
2025-06-20 19:40:18 - INFO - Found credentials in shared credentials file: ~/.aws/credentials
2025-06-20 19:40:18 - INFO - Found credentials in shared credentials file: ~/.aws/credentials
2025-06-20 19:40:18 - INFO - Found credentials in shared credentials file: ~/.aws/credentials
2025-06-20 19:40:18 - INFO - Found credentials in shared credentials file: ~/.aws/credentials
2025-06-20 19:40:18 - INFO - Found credentials in shared credentials file: ~/.aws/credentials
2025-06-20 19:40:18 - INFO - Found credentials in shared credentials file: ~/.aws/credentials
2025-06-20 19:40:18 - INFO - Found credentials in shared credentials file: ~/.aws/credentials
2025-06-20 19:40:18 - INFO - Found credentials in shared credentials file: ~/.aws/credentials
2025-06-20 19:40:18 - INFO - Found credentials in shared credentials file: ~/.aws/credentials
2025-06-20 19:40:19 - INFO - Found credentials in shared credentials file: ~/.aws/credentials
2025-06-20 19:40:19 - INFO - Found credentials in shared credentials file: ~/.aws/credentials
2025-06-20 19:40:19 - INFO - Found credentials in shared credentials file: ~/.aws/credentials
2025-06-20 19:40:19 - INFO - Found credentials in shared credentials file: ~/.aws/credentials
2025-06-20 19:40:19 - INFO - Found credentials in shared credentials file: ~/.aws/credentials
2025-06-20 19:40:19 - INFO - Found credentials in shared credentials file: ~/.aws/credentials
2025-06-20 19:40:19 - INFO - Found credentials in shared credentials file: ~/.aws/credentials
2025-06-20 19:40:19 - INFO - Found credentials in shared credentials file: ~/.aws/credentials
2025-06-20 19:40:19 - INFO - Found credentials in shared credentials file: ~/.aws/credentials
2025-06-20 19:40:19 - INFO - Found credentials in shared credentials file: ~/.aws/credentials
2025-06-20 19:40:19 - INFO - Found credentials in shared credentials file: ~/.aws/credentials
2025-06-20 19:40:20 - INFO - Found credentials in shared credentials file: ~/.aws/credentials
2025-06-20 19:40:20 - INFO - Found credentials in shared credentials file: ~/.aws/credentials
2025-06-20 19:40:20 - INFO - Found credentials in shared credentials file: ~/.aws/credentials
2025-06-20 19:40:21 - INFO - Found credentials in shared credentials file: ~/.aws/credentials
2025-06-20 19:40:21 - INFO - Found credentials in shared credentials file: ~/.aws/credentials
2025-06-20 19:40:21 - INFO - Found credentials in shared credentials file: ~/.aws/credentials
2025-06-20 19:40:21 - INFO - Found credentials in shared credentials file: ~/.aws/credentials
2025-06-20 19:40:21 - INFO - Found credentials in shared credentials file: ~/.aws/credentials
2025-06-20 19:40:21 - INFO - Found credentials in shared credentials file: ~/.aws/credentials
2025-06-20 19:40:21 - INFO - Found credentials in shared credentials file: ~/.aws/credentials
2025-06-20 19:40:21 - INFO - Found credentials in shared credentials file: ~/.aws/credentials
2025-06-20 19:40:21 - INFO - Found credentials in shared credentials file: ~/.aws/credentials
2025-06-20 19:40:21 - INFO - Found credentials in shared credentials file: ~/.aws/credentials
2025-06-20 19:40:21 - INFO - Found credentials in shared credentials file: ~/.aws/credentials
2025-06-20 19:40:21 - INFO - Found credentials in shared credentials file: ~/.aws/credentials
2025-06-20 19:40:21 - INFO - Found credentials in shared credentials file: ~/.aws/credentials
2025-06-20 19:40:21 - INFO - Found credentials in shared credentials file: ~/.aws/credentials
2025-06-20 19:40:21 - INFO - Found credentials in shared credentials file: ~/.aws/credentials
2025-06-20 19:40:21 - INFO - Found credentials in shared credentials file: ~/.aws/credentials
2025-06-20 19:40:21 - INFO - Found credentials in shared credentials file: ~/.aws/credentials
2025-06-20 19:40:21 - INFO - Found credentials in shared credentials file: ~/.aws/credentials
2025-06-20 19:40:21 - INFO - Found credentials in shared credentials file: ~/.aws/credentials
2025-06-20 19:40:21 - INFO - Found credentials in shared credentials file: ~/.aws/credentials
2025-06-20 19:40:21 - INFO - Found credentials in shared credentials file: ~/.aws/credentials
2025-06-20 19:40:21 - INFO - Found credentials in shared credentials file: ~/.aws/credentials
2025-06-20 19:40:21 - INFO - Found credentials in shared credentials file: ~/.aws/credentials
2025-06-20 19:40:21 - INFO - Found credentials in shared credentials file: ~/.aws/credentials
2025-06-20 19:40:21 - INFO - Found credentials in shared credentials file: ~/.aws/credentials
2025-06-20 19:40:44 - INFO - c5.24xlarge - 0.715700 - us-east-1b
2025-06-20 19:40:44 - INFO - Updating file: results/results_lucas_us-east-1.csv
2025-06-20 19:40:44 - INFO - m5a.24xlarge - 0.984200 - us-east-1b
2025-06-20 19:40:44 - INFO - m5a.24xlarge - 0.984200 - us-east-1b
2025-06-20 19:40:45 - INFO - Updating file: results/results_lucas_us-east-1.csv
2025-06-20 19:40:45 - INFO - c5.24xlarge - 0.715700 - us-east-1b
2025-06-20 19:40:45 - INFO - r7a.24xlarge - 0.730300 - us-east-1c
2025-06-20 19:40:45 - INFO - m5a.24xlarge - 0.984200 - us-east-1b
2025-06-20 19:40:45 - INFO - m5a.24xlarge - 0.984200 - us-east-1b
2025-06-20 19:40:45 - INFO - m5a.24xlarge - 0.984200 - us-east-1b
2025-06-20 19:40:45 - INFO - m5a.24xlarge - 0.984200 - us-east-1b
2025-06-20 19:40:45 - INFO - m5a.24xlarge - 0.984200 - us-east-1b
2025-06-20 19:40:45 - INFO - m5a.24xlarge - 0.984200 - us-east-1b
2025-06-20 19:40:45 - INFO - m5a.24xlarge - 0.984200 - us-east-1b
2025-06-20 19:40:45 - INFO - m5a.24xlarge - 0.984200 - us-east-1b
2025-06-20 19:40:45 - INFO - Updating file: results/results_lucas_us-east-1.csv
2025-06-20 19:40:45 - INFO - c5.24xlarge - 0.715700 - us-east-1b
2025-06-20 19:40:45 - INFO - c5.24xlarge - 0.715700 - us-east-1b
2025-06-20 19:40:45 - INFO - m5a.24xlarge - 0.984200 - us-east-1b
2025-06-20 19:40:45 - INFO - r7a.24xlarge - 0.730300 - us-east-1c
2025-06-20 19:40:45 - INFO - m5a.24xlarge - 0.984200 - us-east-1b
2025-06-20 19:40:45 - INFO - Updating file: results/results_lucas_us-east-1.csv
2025-06-20 19:40:45 - INFO - m5a.24xlarge - 0.984200 - us-east-1b
2025-06-20 19:40:45 - INFO - c5.24xlarge - 0.715700 - us-east-1b
2025-06-20 19:40:45 - INFO - r7a.24xlarge - 0.730300 - us-east-1c
2025-06-20 19:40:45 - INFO - r7a.24xlarge - 0.730300 - us-east-1c
2025-06-20 19:40:45 - INFO - m5a.24xlarge - 0.984200 - us-east-1b
2025-06-20 19:40:45 - INFO - r7a.24xlarge - 0.730300 - us-east-1c
2025-06-20 19:40:45 - INFO - r7a.24xlarge - 0.730300 - us-east-1c
2025-06-20 19:40:45 - INFO - c5.24xlarge - 0.715700 - us-east-1b
2025-06-20 19:40:45 - INFO - m5a.24xlarge - 0.984200 - us-east-1b
2025-06-20 19:40:45 - INFO - Updating file: results/results_lucas_us-east-1.csv
2025-06-20 19:40:45 - INFO - m5a.24xlarge - 0.984200 - us-east-1b
2025-06-20 19:40:45 - INFO - c5.24xlarge - 0.715700 - us-east-1b
2025-06-20 19:40:45 - INFO - c5.24xlarge - 0.715700 - us-east-1b
2025-06-20 19:40:45 - INFO - c5.24xlarge - 0.715700 - us-east-1b
2025-06-20 19:40:45 - INFO - c5.24xlarge - 0.715700 - us-east-1b
2025-06-20 19:40:45 - INFO - m5a.24xlarge - 0.984200 - us-east-1b
2025-06-20 19:40:45 - INFO - r7a.24xlarge - 0.730300 - us-east-1c
2025-06-20 19:40:45 - INFO - Updating file: results/results_lucas_us-east-1.csv
2025-06-20 19:40:45 - INFO - r7a.24xlarge - 0.730300 - us-east-1c
2025-06-20 19:40:45 - INFO - c5.24xlarge - 0.715700 - us-east-1b
2025-06-20 19:40:45 - INFO - m5a.24xlarge - 0.984200 - us-east-1b
2025-06-20 19:40:45 - INFO - c5.24xlarge - 0.715700 - us-east-1b
2025-06-20 19:40:45 - INFO - c5.24xlarge - 0.715700 - us-east-1b
2025-06-20 19:40:45 - INFO - m5a.24xlarge - 0.984200 - us-east-1b
2025-06-20 19:40:45 - INFO - r7a.24xlarge - 0.730300 - us-east-1c
2025-06-20 19:40:45 - INFO - Updating file: results/results_lucas_us-east-1.csv
2025-06-20 19:40:45 - INFO - c5.24xlarge - 0.715700 - us-east-1b
2025-06-20 19:40:45 - INFO - c5.24xlarge - 0.715700 - us-east-1b
2025-06-20 19:40:45 - INFO - m5a.24xlarge - 0.984200 - us-east-1b
2025-06-20 19:40:45 - INFO - c5.24xlarge - 0.715700 - us-east-1b
2025-06-20 19:40:45 - INFO - m5a.24xlarge - 0.984200 - us-east-1b
2025-06-20 19:40:45 - INFO - m5a.24xlarge - 0.984200 - us-east-1b
2025-06-20 19:40:45 - INFO - Updating file: results/results_lucas_us-east-1.csv
2025-06-20 19:40:45 - INFO - m5a.24xlarge - 0.984200 - us-east-1b
2025-06-20 19:40:45 - INFO - m5a.24xlarge - 0.984200 - us-east-1b
2025-06-20 19:40:45 - INFO - c5.24xlarge - 0.715700 - us-east-1b
2025-06-20 19:40:46 - INFO - m5a.24xlarge - 0.984200 - us-east-1b
2025-06-20 19:40:46 - INFO - m5a.24xlarge - 0.984200 - us-east-1b
2025-06-20 19:40:46 - INFO - Updating file: results/results_lucas_us-east-1.csv
2025-06-20 19:40:46 - INFO - c5.24xlarge - 0.715700 - us-east-1b
2025-06-20 19:40:46 - INFO - c5.24xlarge - 0.715700 - us-east-1b
2025-06-20 19:40:46 - INFO - c5.24xlarge - 0.715700 - us-east-1b
2025-06-20 19:40:46 - INFO - c5.24xlarge - 0.715700 - us-east-1b
2025-06-20 19:40:46 - INFO - c5.24xlarge - 0.715700 - us-east-1b
2025-06-20 19:40:46 - INFO - Updating file: results/results_lucas_us-east-1.csv
2025-06-20 19:40:46 - INFO - c5.24xlarge - 0.715700 - us-east-1b
2025-06-20 19:40:46 - INFO - m5a.24xlarge - 0.984200 - us-east-1b
2025-06-20 19:40:46 - INFO - Updating file: results/results_lucas_us-east-1.csv
2025-06-20 19:40:46 - INFO - Updating file: results/results_lucas_us-east-1.csv
2025-06-20 19:40:46 - INFO - c5.24xlarge - 0.715700 - us-east-1b
2025-06-20 19:40:46 - INFO - Updating file: results/results_lucas_us-east-1.csv
2025-06-20 19:40:46 - INFO - m5a.24xlarge - 0.984200 - us-east-1b
2025-06-20 19:40:46 - INFO - Updating file: results/results_lucas_us-east-1.csv
2025-06-20 19:40:46 - INFO - c5.24xlarge - 0.715700 - us-east-1b
2025-06-20 19:40:46 - INFO - m5a.24xlarge - 0.984200 - us-east-1b
2025-06-20 19:40:46 - INFO - c5.24xlarge - 0.715700 - us-east-1b
2025-06-20 19:40:46 - INFO - r7a.24xlarge - 0.730300 - us-east-1c
2025-06-20 19:40:46 - INFO - m5a.24xlarge - 0.984200 - us-east-1b
2025-06-20 19:40:46 - INFO - Updating file: results/results_lucas_us-east-1.csv
2025-06-20 19:40:46 - INFO - c5.24xlarge - 0.715700 - us-east-1b
2025-06-20 19:40:46 - INFO - r7a.24xlarge - 0.730300 - us-east-1c
2025-06-20 19:40:46 - INFO - r7a.24xlarge - 0.730300 - us-east-1c
2025-06-20 19:40:46 - INFO - m5a.24xlarge - 0.984200 - us-east-1b
2025-06-20 19:40:46 - INFO - Updating file: results/results_lucas_us-east-1.csv
2025-06-20 19:40:46 - INFO - Updating file: results/results_lucas_us-east-1.csv
2025-06-20 19:40:46 - INFO - m5a.24xlarge - 0.984200 - us-east-1b
2025-06-20 19:40:46 - INFO - c5.24xlarge - 0.715700 - us-east-1b
2025-06-20 19:40:46 - INFO - Updating file: results/results_lucas_us-east-1.csv
2025-06-20 19:40:46 - INFO - c5.24xlarge - 0.715700 - us-east-1b
2025-06-20 19:40:46 - INFO - m5a.24xlarge - 0.984200 - us-east-1b
2025-06-20 19:40:46 - INFO - c5.24xlarge - 0.715700 - us-east-1b
2025-06-20 19:40:46 - INFO - m5a.24xlarge - 0.984200 - us-east-1b
2025-06-20 19:40:46 - INFO - Updating file: results/results_lucas_us-east-1.csv
2025-06-20 19:40:46 - INFO - c5.24xlarge - 0.715700 - us-east-1b
2025-06-20 19:40:46 - INFO - Updating file: results/results_lucas_us-east-1.csv
2025-06-20 19:40:46 - INFO - c5.24xlarge - 0.715700 - us-east-1b
2025-06-20 19:40:46 - INFO - r7a.24xlarge - 0.730300 - us-east-1c
2025-06-20 19:40:46 - INFO - m5a.24xlarge - 0.984200 - us-east-1b
2025-06-20 19:40:46 - INFO - r7a.24xlarge - 0.730300 - us-east-1c
2025-06-20 19:40:46 - INFO - Updating file: results/results_lucas_us-east-1.csv
2025-06-20 19:40:46 - INFO - c5.24xlarge - 0.715700 - us-east-1b
2025-06-20 19:40:46 - INFO - Updating file: results/results_lucas_us-east-1.csv
2025-06-20 19:40:46 - INFO - Updating file: results/results_lucas_us-east-1.csv
2025-06-20 19:40:46 - INFO - m5a.24xlarge - 0.984200 - us-east-1b
2025-06-20 19:40:46 - INFO - m5a.24xlarge - 0.984200 - us-east-1b
2025-06-20 19:40:46 - INFO - c5.24xlarge - 0.715700 - us-east-1b
2025-06-20 19:40:46 - INFO - Updating file: results/results_lucas_us-east-1.csv
2025-06-20 19:40:46 - INFO - c5.24xlarge - 0.715700 - us-east-1b
2025-06-20 19:40:46 - INFO - c5.24xlarge - 0.715700 - us-east-1b
2025-06-20 19:40:46 - INFO - Updating file: results/results_lucas_us-east-1.csv
2025-06-20 19:40:46 - INFO - c5.24xlarge - 0.715700 - us-east-1b
2025-06-20 19:40:46 - INFO - Updating file: results/results_lucas_us-east-1.csv
2025-06-20 19:40:46 - INFO - Updating file: results/results_lucas_us-east-1.csv
2025-06-20 19:40:46 - INFO - Updating file: results/results_lucas_us-east-1.csv
2025-06-20 19:40:46 - INFO - Updating file: results/results_lucas_us-east-1.csv
2025-06-20 19:40:46 - INFO - Updating file: results/results_lucas_us-east-1.csv
2025-06-20 19:40:46 - INFO - r7a.24xlarge - 0.730300 - us-east-1c
2025-06-20 19:40:46 - INFO - Updating file: results/results_lucas_us-east-1.csv
2025-06-20 19:40:46 - INFO - c5.24xlarge - 0.715700 - us-east-1b
2025-06-20 19:40:46 - INFO - Updating file: results/results_lucas_us-east-1.csv
2025-06-20 19:40:46 - INFO - Updating file: results/results_lucas_us-east-1.csv
2025-06-20 19:40:46 - INFO - c5.24xlarge - 0.715700 - us-east-1b
2025-06-20 19:40:46 - INFO - Updating file: results/results_lucas_us-east-1.csv
2025-06-20 19:40:46 - INFO - c5.24xlarge - 0.715700 - us-east-1b
2025-06-20 19:40:46 - INFO - r7a.24xlarge - 0.730300 - us-east-1c
2025-06-20 19:40:46 - INFO - Updating file: results/results_lucas_us-east-1.csv
2025-06-20 19:40:46 - INFO - Updating file: results/results_lucas_us-east-1.csv
2025-06-20 19:40:46 - INFO - Updating file: results/results_lucas_us-east-1.csv
2025-06-20 19:40:46 - INFO - Updating file: results/results_lucas_us-east-1.csv
2025-06-20 19:40:46 - INFO - Updating file: results/results_lucas_us-east-1.csv
2025-06-20 19:40:46 - INFO - Updating file: results/results_lucas_us-east-1.csv
2025-06-20 19:40:46 - INFO - Updating file: results/results_lucas_us-east-1.csv
2025-06-20 19:40:46 - INFO - c5.24xlarge - 0.715700 - us-east-1b
2025-06-20 19:40:46 - INFO - c5.24xlarge - 0.715700 - us-east-1b
2025-06-20 19:40:46 - INFO - Updating file: results/results_lucas_us-east-1.csv
2025-06-20 19:40:46 - INFO - Updating file: results/results_lucas_us-east-1.csv
2025-06-20 19:40:46 - INFO - Updating file: results/results_lucas_us-east-1.csv
2025-06-20 19:40:46 - INFO - Updating file: results/results_lucas_us-east-1.csv
2025-06-20 19:40:46 - INFO - c5.24xlarge - 0.715700 - us-east-1b
2025-06-20 19:40:46 - INFO - Updating file: results/results_lucas_us-east-1.csv
2025-06-20 19:40:46 - INFO - c5.24xlarge - 0.715700 - us-east-1b
2025-06-20 19:40:46 - INFO - c5.24xlarge - 0.715700 - us-east-1b
2025-06-20 19:40:46 - INFO - Updating file: results/results_lucas_us-east-1.csv
2025-06-20 19:40:46 - INFO - c5.24xlarge - 0.715700 - us-east-1b
2025-06-20 19:40:46 - INFO - Updating file: results/results_lucas_us-east-1.csv
2025-06-20 19:40:46 - INFO - Updating file: results/results_lucas_us-east-1.csv
2025-06-20 19:40:46 - INFO - Updating file: results/results_lucas_us-east-1.csv
2025-06-20 19:40:46 - INFO - r7a.24xlarge - 0.730300 - us-east-1c
2025-06-20 19:40:46 - INFO - Updating file: results/results_lucas_us-east-1.csv
2025-06-20 19:40:46 - INFO - Updating file: results/results_lucas_us-east-1.csv
2025-06-20 19:40:46 - INFO - Updating file: results/results_lucas_us-east-1.csv
2025-06-20 19:40:46 - INFO - Updating file: results/results_lucas_us-east-1.csv
2025-06-20 19:40:46 - INFO - Updating file: results/results_lucas_us-east-1.csv
2025-06-20 19:40:46 - INFO - Updating file: results/results_lucas_us-east-1.csv
2025-06-20 19:40:46 - INFO - Updating file: results/results_lucas_us-east-1.csv
2025-06-20 19:40:46 - INFO - c5.24xlarge - 0.715700 - us-east-1b
2025-06-20 19:40:46 - INFO - m5a.24xlarge - 0.984200 - us-east-1b
2025-06-20 19:40:46 - INFO - Updating file: results/results_lucas_us-east-1.csv
2025-06-20 19:40:47 - INFO - Updating file: results/results_lucas_us-east-1.csv
2025-06-20 19:40:47 - INFO - Updating file: results/results_lucas_us-east-1.csv
2025-06-20 19:40:47 - INFO - Updating file: results/results_lucas_us-east-1.csv
2025-06-20 19:40:47 - INFO - c5.24xlarge - 0.715700 - us-east-1b
2025-06-20 19:40:47 - INFO - c5.24xlarge - 0.715700 - us-east-1b
2025-06-20 19:40:47 - INFO - c5.24xlarge - 0.715700 - us-east-1b
2025-06-20 19:40:47 - INFO - Updating file: results/results_lucas_us-east-1.csv
2025-06-20 19:40:47 - INFO - Updating file: results/results_lucas_us-east-1.csv
2025-06-20 19:40:47 - INFO - Updating file: results/results_lucas_us-east-1.csv
2025-06-20 19:40:47 - INFO - Updating file: results/results_lucas_us-east-1.csv
2025-06-20 19:40:47 - INFO - Updating file: results/results_lucas_us-east-1.csv
2025-06-20 19:40:47 - INFO - Updating file: results/results_lucas_us-east-1.csv
2025-06-20 19:40:47 - INFO - Updating file: results/results_lucas_us-east-1.csv
2025-06-20 19:40:47 - INFO - c5.24xlarge - 0.715700 - us-east-1b
2025-06-20 19:40:47 - INFO - Updating file: results/results_lucas_us-east-1.csv
2025-06-20 19:40:47 - INFO - c5.24xlarge - 0.715700 - us-east-1b
2025-06-20 19:40:47 - INFO - Updating file: results/results_lucas_us-east-1.csv
2025-06-20 19:40:47 - INFO - Updating file: results/results_lucas_us-east-1.csv
2025-06-20 19:40:47 - INFO - Updating file: results/results_lucas_us-east-1.csv
2025-06-20 19:40:47 - INFO - c5.24xlarge - 0.715700 - us-east-1b
2025-06-20 19:40:47 - INFO - c5.24xlarge - 0.715700 - us-east-1b
2025-06-20 19:40:47 - INFO - Updating file: results/results_lucas_us-east-1.csv
2025-06-20 19:40:47 - INFO - Updating file: results/results_lucas_us-east-1.csv
2025-06-20 19:40:47 - INFO - Updating file: results/results_lucas_us-east-1.csv
2025-06-20 19:40:47 - INFO - Updating file: results/results_lucas_us-east-1.csv
2025-06-20 19:40:47 - INFO - Updating file: results/results_lucas_us-east-1.csv
2025-06-20 19:40:47 - INFO - Updating file: results/results_lucas_us-east-1.csv
2025-06-20 19:40:47 - INFO - Updating file: results/results_lucas_us-east-1.csv
2025-06-20 19:40:47 - INFO - Updating file: results/results_lucas_us-east-1.csv
2025-06-20 19:40:47 - INFO - Updating file: results/results_lucas_us-east-1.csv
2025-06-20 19:40:47 - INFO - Updating file: results/results_lucas_us-east-1.csv
2025-06-20 19:40:47 - INFO - Updating file: results/results_lucas_us-east-1.csv
2025-06-20 19:40:47 - INFO - c5.24xlarge - 0.715700 - us-east-1b
2025-06-20 19:40:47 - INFO - Updating file: results/results_lucas_us-east-1.csv
2025-06-20 19:40:47 - INFO - Updating file: results/results_lucas_us-east-1.csv
2025-06-20 19:40:47 - INFO - Updating file: results/results_lucas_us-east-1.csv
2025-06-20 19:40:47 - INFO - Updating file: results/results_lucas_us-east-1.csv
2025-06-20 19:40:47 - INFO - c5.24xlarge - 0.715700 - us-east-1b
2025-06-20 19:40:47 - INFO - Updating file: results/results_lucas_us-east-1.csv
2025-06-20 19:40:47 - INFO - c5.24xlarge - 0.715700 - us-east-1b
2025-06-20 19:40:47 - INFO - Updating file: results/results_lucas_us-east-1.csv
2025-06-20 19:40:47 - INFO - Updating file: results/results_lucas_us-east-1.csv
2025-06-20 19:40:47 - INFO - Updating file: results/results_lucas_us-east-1.csv
2025-06-20 19:40:47 - INFO - Updating file: results/results_lucas_us-east-1.csv
2025-06-20 19:40:47 - INFO - c5.24xlarge - 0.715700 - us-east-1b
2025-06-20 19:40:47 - INFO - Updating file: results/results_lucas_us-east-1.csv
2025-06-20 19:40:47 - INFO - Updating file: results/results_lucas_us-east-1.csv
2025-06-20 19:40:47 - INFO - Updating file: results/results_lucas_us-east-1.csv
2025-06-20 19:40:47 - INFO - Updating file: results/results_lucas_us-east-1.csv
2025-06-20 19:40:47 - INFO - Updating file: results/results_lucas_us-east-1.csv
2025-06-20 19:40:47 - INFO - Updating file: results/results_lucas_us-east-1.csv
2025-06-20 19:40:47 - INFO - Updating file: results/results_lucas_us-east-1.csv
2025-06-20 19:40:47 - INFO - Updating file: results/results_lucas_us-east-1.csv
2025-06-20 19:40:47 - INFO - Updating file: results/results_lucas_us-east-1.csv
2025-06-20 19:40:47 - INFO - Updating file: results/results_lucas_us-east-1.csv
2025-06-20 19:40:47 - INFO - Updating file: results/results_lucas_us-east-1.csv
2025-06-20 19:40:47 - INFO - Updating file: results/results_lucas_us-east-1.csv
2025-06-20 19:40:47 - INFO - Updating file: results/results_lucas_us-east-1.csv
2025-06-20 19:40:47 - INFO - Updating file: results/results_lucas_us-east-1.csv
2025-06-20 19:40:47 - INFO - Updating file: results/results_lucas_us-east-1.csv
2025-06-20 19:40:47 - INFO - Updating file: results/results_lucas_us-east-1.csv
2025-06-20 19:40:47 - INFO - Updating file: results/results_lucas_us-east-1.csv
2025-06-20 19:40:47 - INFO - Updating file: results/results_lucas_us-east-1.csv
2025-06-20 19:40:47 - INFO - Updating file: results/results_lucas_us-east-1.csv
2025-06-20 19:40:47 - INFO - Updating file: results/results_lucas_us-east-1.csv
2025-06-20 19:40:47 - INFO - Updating file: results/results_lucas_us-east-1.csv
2025-06-20 19:40:59 - INFO - All instances have been terminated.
2025-06-20 19:44:18 - INFO - Start execution in us-east-1 Nodes=200 Benchmark=bt.A.x Allocation Strategy=lowest-price
2025-06-20 19:44:18 - INFO - Found credentials in shared credentials file: ~/.aws/credentials
2025-06-20 19:44:31 - INFO - Tempo que levou para receber response AWS: 12.471733 segundos
2025-06-20 19:44:31 - INFO - Found credentials in shared credentials file: ~/.aws/credentials
2025-06-20 19:44:32 - INFO - r5.24xlarge - 0.604800 - us-east-1c
2025-06-20 19:44:32 - INFO - Updating file: results/results_lucas_us-east-1.csv
2025-06-20 19:44:32 - INFO - Found credentials in shared credentials file: ~/.aws/credentials
2025-06-20 19:44:33 - INFO - m5.24xlarge - 0.681200 - us-east-1f
2025-06-20 19:44:33 - INFO - Updating file: results/results_lucas_us-east-1.csv
2025-06-20 19:44:33 - INFO - Fleet created with instances: ['i-0ae251637a7a60fd4', 'i-03e37ccf5fa0e9925', 'i-05a9d3eacfd42ec37', 'i-0a555790233da91c7', 'i-030c32f5f64a394c9', 'i-05d4319cd141f0d0e', 'i-00b7b790801ff7913', 'i-05b95d83a8a876e63', 'i-076d4acde5d12dca0', 'i-0b5beac3ee47a36aa', 'i-03996a265330aac93', 'i-0916988abac2eb8e2', 'i-062a53f4e40b26128', 'i-0c64be29c068c68ca', 'i-09fcc52434da2e9a7', 'i-00638bf917b6ffc8f', 'i-08db61948655d3588', 'i-0339de630d5d79750', 'i-07279054efba1dec0', 'i-079bcec72e9138a48', 'i-03c835844d79a8c9e', 'i-04c6ef0394398c33f', 'i-07b1928e8492002ae', 'i-0c4b68a276aaf0e05', 'i-08c9b5df43c51f352', 'i-06926371422d3c058', 'i-06062a15c643aae9b', 'i-0f8e5f6edb5c86c1d', 'i-06ee8a971f54001d7', 'i-052cd648a26721316', 'i-0bf0458768f926b59', 'i-044d603180d998b0e', 'i-0c5e1ba4c026969cb', 'i-0b72c74321ea31910', 'i-0ceed0096c582b403', 'i-07b788eb081b5e6c7', 'i-0ef213196d668a836', 'i-0cc3935bf2682325a', 'i-0ef308152bfa3aa1e', 'i-0606cb7017fbd485f', 'i-067f09dc7217236c5', 'i-0f64e0493d85b0dae', 'i-0af923c8163ce6ae3', 'i-0cf96d99f632b7a48', 'i-06829ce10ac9940aa', 'i-01bcc0998c9b193cc', 'i-0a9281101dd2556c0', 'i-0da44599c0fc4f8c2', 'i-0a79447eef0e7d31d', 'i-05e29167990de8ed4', 'i-084d72b416cb407d4', 'i-0ff1b0646a95a12a5', 'i-08eb98c697eebcaf0', 'i-0e317170d01cf6151', 'i-05877303afd77bb3b', 'i-0618ab3f491c91395', 'i-0caa979560c7c6da0', 'i-0c5e03ac9e01e728d', 'i-0502729c000cd3192', 'i-09c6a93a59c77645d', 'i-08a206a1358dc7da4', 'i-0e526a14e85088bf1', 'i-0bfaa3b85a0541474', 'i-0c5974718f46d184c', 'i-02bc48f042ac68b30', 'i-03d64470ef075a64d', 'i-006e05b9810dab5a8', 'i-018106b84ba4c1628', 'i-060417350128437d9', 'i-07588b6a56d8a2748', 'i-00d8a7f4fdc6603a1', 'i-03e0fcac2e2f35221', 'i-07d7d87b53b2e64b4', 'i-029058352c961a6b8', 'i-06ebac648dc766d8e', 'i-0fa1a373895bca2bd', 'i-0e7fb8b70d0517582', 'i-04595ccb5a69240cc', 'i-0196c7118526dff85', 'i-053ac7820cab28dde', 'i-028af9c50133fc860', 'i-0b6384e9eb31e8e43', 'i-021b3e615f0112f48', 'i-009c3d145db3fb017', 'i-071f951e6a59a41cd', 'i-02f8cd9e98f20333b', 'i-03a2b683a91b0d52d', 'i-0f4f1e3529fb31a77', 'i-0e36b0fc4754d9ad7', 'i-064b3d3703f899f40', 'i-09dcb6331e5d0c193', 'i-0a717510ba0a37b42', 'i-06db0b24ed2b7abb5', 'i-05e331d0a60fa2cde', 'i-0e00d805a1a15d64e', 'i-0e2c3667428e53958', 'i-0aab2ee38ed6e93e8', 'i-0f5408a2ebae15a39', 'i-018ffb98ec2304a87', 'i-0beb19313f765c39d', 'i-082e23f434c6dc328', 'i-016c0466ebd61f0eb', 'i-0737065ba36366893', 'i-0d602ffebe48f40bb', 'i-0b0daeea11b815712', 'i-03a55c89fa105d8cd', 'i-03e5f652e3d750e2e', 'i-0965fa1b49ab99349', 'i-0a1eae3fe8adf8644', 'i-056937ae0ab5f908e', 'i-037e67d80e3a96b36', 'i-00348889791392063', 'i-0992dbf6184aaab0b', 'i-0ccbefe078d96e13d', 'i-0d90d8d50e2a867df', 'i-0d7a30d0e2d6e3452', 'i-0f7df13565967539a', 'i-01b8158e81dd52319', 'i-0ddaa7eb4ee78ac16', 'i-0c159d06915cad392', 'i-07c33566d448a7c87', 'i-0546c5655d2d0aea7', 'i-0c0163ae64543096d', 'i-0f0c521f601744bea', 'i-010524f3e4bd3e1f0', 'i-0a609cc0b14bc48c1', 'i-0741d00b17146c806', 'i-084b63887c9bee850', 'i-0fe7d0298ee372055', 'i-0efe2fd5a6b963ad9', 'i-0da6ec7d915d93cde', 'i-0a779694982cfb9cf', 'i-0d80d4d7b22044dbe', 'i-0f53a5185ee93a556', 'i-04e531cf5df0506ae', 'i-0899199f73178f80e', 'i-0deb24f02d51e8c23', 'i-06aef686517f59043', 'i-029e771da2d536f46', 'i-0b5e8e5e60181ccb8', 'i-0128ecd2520cb8446', 'i-0bacee5e5c2e90a0b', 'i-0b23025cf7575d7fd', 'i-0fb4bf8bda29e0f0f', 'i-066b17b8892cafba5', 'i-05428f0e6565c67b7', 'i-0d0efd0657f11240b', 'i-0682e9042d39fd16d', 'i-009e65f8951dc55bc', 'i-0eacba0d4210e9b1b', 'i-00a82c987531810aa', 'i-0eec52ce7d0d601a4', 'i-0d9855231223c3468', 'i-07ffd204d83aa9317', 'i-0f30e6441cd49a8ea', 'i-05cf492be47272659', 'i-03b922183436e2b66', 'i-00ab20c7c54acad1d', 'i-06b663b6dadaeeaec', 'i-01ddd427da76e6ef4', 'i-0541a86c0ddb470e4', 'i-07337c0b89221780e', 'i-0cf04ccb3a55bface', 'i-05e533f5afdfdf917', 'i-0f969e43d2601ace8', 'i-0a136e6733085377e', 'i-06141efd60cba8ffe', 'i-052e450a7e78bb897', 'i-091da370e37f42ac0', 'i-03241f2d386f9e075', 'i-0537ab34e4d7c9937', 'i-02f1029eabcf2dea7', 'i-0acbaa9fb91143345', 'i-054888dd9f9ef1066', 'i-04b084989f8848658', 'i-0a1ac67d777f79cc3', 'i-06da3d738b843539e', 'i-09084920d72e74892', 'i-0e649893373ae00b3', 'i-0c8a23e8c5ae680b6', 'i-0322b8fa352ce258e', 'i-0a397f64c90433bfd', 'i-0077d0ba20769800e', 'i-0981bc75bf3504781', 'i-02f4a9cac5a3ac549', 'i-022633dc3d43ebd95', 'i-0d03c4156ce189555', 'i-072fb51a10ef74d5e', 'i-032b14c7124f9b029', 'i-09471c4e75d0bf1fe', 'i-0130d60373602bd14', 'i-0f61b6b4d73a511d5', 'i-04cb389093a6a3944', 'i-0f6cfcf3d04f066ac', 'i-05d80f24f878627af', 'i-020b4cf4d4c77fb57', 'i-0091e32475aef47fd', 'i-0ae1880cf9d28dafd', 'i-0abf588d58cd7d3f9', 'i-0f66e161c484b02df']
2025-06-20 19:46:12 - INFO - Tempo que levou para as máquinas estarem running: 92.815469 segundos
2025-06-20 19:46:12 - INFO - Tempo que levou para criar o Fleet com 200 instâncias: 113.219112 segundos
2025-06-20 19:46:12 - INFO - 200 instâncias no total. Iniciando benchmark em paralelo...
2025-06-20 19:46:12 - INFO - Found credentials in shared credentials file: ~/.aws/credentials
2025-06-20 19:46:12 - INFO - Found credentials in shared credentials file: ~/.aws/credentials
2025-06-20 19:46:12 - INFO - Found credentials in shared credentials file: ~/.aws/credentials
2025-06-20 19:46:12 - INFO - Found credentials in shared credentials file: ~/.aws/credentials
2025-06-20 19:46:12 - INFO - Found credentials in shared credentials file: ~/.aws/credentials
2025-06-20 19:46:12 - INFO - Found credentials in shared credentials file: ~/.aws/credentials
2025-06-20 19:46:12 - INFO - Found credentials in shared credentials file: ~/.aws/credentials
2025-06-20 19:46:12 - INFO - Found credentials in shared credentials file: ~/.aws/credentials
2025-06-20 19:46:12 - INFO - Found credentials in shared credentials file: ~/.aws/credentials
2025-06-20 19:46:12 - INFO - Found credentials in shared credentials file: ~/.aws/credentials
2025-06-20 19:46:12 - INFO - Found credentials in shared credentials file: ~/.aws/credentials
2025-06-20 19:46:12 - INFO - Found credentials in shared credentials file: ~/.aws/credentials
2025-06-20 19:46:12 - INFO - Found credentials in shared credentials file: ~/.aws/credentials
2025-06-20 19:46:12 - INFO - Found credentials in shared credentials file: ~/.aws/credentials
2025-06-20 19:46:12 - INFO - Found credentials in shared credentials file: ~/.aws/credentials
2025-06-20 19:46:13 - INFO - Found credentials in shared credentials file: ~/.aws/credentials
2025-06-20 19:46:13 - INFO - Found credentials in shared credentials file: ~/.aws/credentials
2025-06-20 19:46:13 - INFO - Found credentials in shared credentials file: ~/.aws/credentials
2025-06-20 19:46:13 - INFO - Found credentials in shared credentials file: ~/.aws/credentials
2025-06-20 19:46:13 - INFO - Found credentials in shared credentials file: ~/.aws/credentials
2025-06-20 19:46:13 - INFO - Found credentials in shared credentials file: ~/.aws/credentials
2025-06-20 19:46:13 - INFO - Found credentials in shared credentials file: ~/.aws/credentials
2025-06-20 19:46:13 - INFO - Found credentials in shared credentials file: ~/.aws/credentials
2025-06-20 19:46:13 - INFO - Found credentials in shared credentials file: ~/.aws/credentials
2025-06-20 19:46:13 - INFO - Found credentials in shared credentials file: ~/.aws/credentials
2025-06-20 19:46:13 - INFO - Found credentials in shared credentials file: ~/.aws/credentials
2025-06-20 19:46:13 - INFO - Found credentials in shared credentials file: ~/.aws/credentials
2025-06-20 19:46:13 - INFO - Found credentials in shared credentials file: ~/.aws/credentials
2025-06-20 19:46:14 - INFO - Found credentials in shared credentials file: ~/.aws/credentials
2025-06-20 19:46:14 - INFO - Found credentials in shared credentials file: ~/.aws/credentials
2025-06-20 19:46:14 - INFO - Found credentials in shared credentials file: ~/.aws/credentials
2025-06-20 19:46:14 - INFO - Found credentials in shared credentials file: ~/.aws/credentials
2025-06-20 19:46:14 - INFO - Found credentials in shared credentials file: ~/.aws/credentials
2025-06-20 19:46:14 - INFO - Found credentials in shared credentials file: ~/.aws/credentials
2025-06-20 19:46:14 - INFO - Found credentials in shared credentials file: ~/.aws/credentials
2025-06-20 19:46:14 - INFO - Found credentials in shared credentials file: ~/.aws/credentials
2025-06-20 19:46:14 - INFO - Found credentials in shared credentials file: ~/.aws/credentials
2025-06-20 19:46:14 - INFO - Found credentials in shared credentials file: ~/.aws/credentials
2025-06-20 19:46:14 - INFO - Found credentials in shared credentials file: ~/.aws/credentials
2025-06-20 19:46:14 - INFO - Found credentials in shared credentials file: ~/.aws/credentials
2025-06-20 19:46:15 - INFO - Found credentials in shared credentials file: ~/.aws/credentials
2025-06-20 19:46:15 - INFO - Found credentials in shared credentials file: ~/.aws/credentials
2025-06-20 19:46:15 - INFO - Found credentials in shared credentials file: ~/.aws/credentials
2025-06-20 19:46:15 - INFO - Found credentials in shared credentials file: ~/.aws/credentials
2025-06-20 19:46:15 - INFO - Found credentials in shared credentials file: ~/.aws/credentials
2025-06-20 19:46:15 - INFO - Found credentials in shared credentials file: ~/.aws/credentials
2025-06-20 19:46:15 - INFO - Found credentials in shared credentials file: ~/.aws/credentials
2025-06-20 19:46:15 - INFO - Found credentials in shared credentials file: ~/.aws/credentials
2025-06-20 19:46:15 - INFO - Found credentials in shared credentials file: ~/.aws/credentials
2025-06-20 19:46:15 - INFO - Found credentials in shared credentials file: ~/.aws/credentials
2025-06-20 19:46:15 - INFO - Found credentials in shared credentials file: ~/.aws/credentials
2025-06-20 19:46:16 - INFO - Found credentials in shared credentials file: ~/.aws/credentials
2025-06-20 19:46:16 - INFO - Found credentials in shared credentials file: ~/.aws/credentials
2025-06-20 19:46:16 - INFO - Found credentials in shared credentials file: ~/.aws/credentials
2025-06-20 19:46:16 - INFO - Found credentials in shared credentials file: ~/.aws/credentials
2025-06-20 19:46:16 - INFO - Found credentials in shared credentials file: ~/.aws/credentials
2025-06-20 19:46:16 - INFO - Found credentials in shared credentials file: ~/.aws/credentials
2025-06-20 19:46:16 - INFO - Found credentials in shared credentials file: ~/.aws/credentials
2025-06-20 19:46:16 - INFO - Found credentials in shared credentials file: ~/.aws/credentials
2025-06-20 19:46:16 - INFO - Found credentials in shared credentials file: ~/.aws/credentials
2025-06-20 19:46:16 - INFO - Found credentials in shared credentials file: ~/.aws/credentials
2025-06-20 19:46:16 - INFO - Found credentials in shared credentials file: ~/.aws/credentials
2025-06-20 19:46:16 - INFO - Found credentials in shared credentials file: ~/.aws/credentials
2025-06-20 19:46:16 - INFO - Found credentials in shared credentials file: ~/.aws/credentials
2025-06-20 19:46:16 - INFO - Found credentials in shared credentials file: ~/.aws/credentials
2025-06-20 19:46:16 - INFO - Found credentials in shared credentials file: ~/.aws/credentials
2025-06-20 19:46:16 - INFO - Found credentials in shared credentials file: ~/.aws/credentials
2025-06-20 19:46:16 - INFO - Found credentials in shared credentials file: ~/.aws/credentials
2025-06-20 19:46:17 - INFO - Found credentials in shared credentials file: ~/.aws/credentials
2025-06-20 19:46:17 - INFO - Found credentials in shared credentials file: ~/.aws/credentials
2025-06-20 19:46:17 - INFO - Found credentials in shared credentials file: ~/.aws/credentials
2025-06-20 19:46:17 - INFO - Found credentials in shared credentials file: ~/.aws/credentials
2025-06-20 19:46:17 - INFO - Found credentials in shared credentials file: ~/.aws/credentials
2025-06-20 19:46:17 - INFO - Found credentials in shared credentials file: ~/.aws/credentials
2025-06-20 19:46:17 - INFO - Found credentials in shared credentials file: ~/.aws/credentials
2025-06-20 19:46:17 - INFO - Found credentials in shared credentials file: ~/.aws/credentials
2025-06-20 19:46:17 - INFO - Found credentials in shared credentials file: ~/.aws/credentials
2025-06-20 19:46:17 - INFO - Found credentials in shared credentials file: ~/.aws/credentials
2025-06-20 19:46:17 - INFO - Found credentials in shared credentials file: ~/.aws/credentials
2025-06-20 19:46:17 - INFO - Found credentials in shared credentials file: ~/.aws/credentials
2025-06-20 19:46:17 - INFO - Found credentials in shared credentials file: ~/.aws/credentials
2025-06-20 19:46:17 - INFO - Found credentials in shared credentials file: ~/.aws/credentials
2025-06-20 19:46:17 - INFO - Found credentials in shared credentials file: ~/.aws/credentials
2025-06-20 19:46:17 - INFO - Found credentials in shared credentials file: ~/.aws/credentials
2025-06-20 19:46:17 - INFO - Found credentials in shared credentials file: ~/.aws/credentials
2025-06-20 19:46:18 - INFO - Found credentials in shared credentials file: ~/.aws/credentials
2025-06-20 19:46:19 - INFO - Found credentials in shared credentials file: ~/.aws/credentials
2025-06-20 19:46:19 - INFO - Found credentials in shared credentials file: ~/.aws/credentials
2025-06-20 19:46:19 - INFO - Found credentials in shared credentials file: ~/.aws/credentials
2025-06-20 19:46:19 - INFO - Found credentials in shared credentials file: ~/.aws/credentials
2025-06-20 19:46:19 - INFO - Found credentials in shared credentials file: ~/.aws/credentials
2025-06-20 19:46:19 - INFO - Found credentials in shared credentials file: ~/.aws/credentials
2025-06-20 19:46:19 - INFO - Found credentials in shared credentials file: ~/.aws/credentials
2025-06-20 19:46:19 - INFO - Found credentials in shared credentials file: ~/.aws/credentials
2025-06-20 19:46:19 - INFO - Found credentials in shared credentials file: ~/.aws/credentials
2025-06-20 19:46:19 - INFO - Found credentials in shared credentials file: ~/.aws/credentials
2025-06-20 19:46:19 - INFO - Found credentials in shared credentials file: ~/.aws/credentials
2025-06-20 19:46:19 - INFO - Found credentials in shared credentials file: ~/.aws/credentials
2025-06-20 19:46:19 - INFO - Found credentials in shared credentials file: ~/.aws/credentials
2025-06-20 19:46:19 - INFO - Found credentials in shared credentials file: ~/.aws/credentials
2025-06-20 19:46:19 - INFO - Found credentials in shared credentials file: ~/.aws/credentials
2025-06-20 19:46:19 - INFO - Found credentials in shared credentials file: ~/.aws/credentials
2025-06-20 19:46:19 - INFO - Found credentials in shared credentials file: ~/.aws/credentials
2025-06-20 19:46:19 - INFO - Found credentials in shared credentials file: ~/.aws/credentials
2025-06-20 19:46:19 - INFO - Found credentials in shared credentials file: ~/.aws/credentials
2025-06-20 19:46:19 - INFO - Found credentials in shared credentials file: ~/.aws/credentials
2025-06-20 19:46:19 - INFO - Found credentials in shared credentials file: ~/.aws/credentials
2025-06-20 19:46:19 - INFO - Found credentials in shared credentials file: ~/.aws/credentials
2025-06-20 19:46:20 - INFO - Found credentials in shared credentials file: ~/.aws/credentials
2025-06-20 19:46:20 - INFO - Found credentials in shared credentials file: ~/.aws/credentials
2025-06-20 19:46:20 - INFO - Found credentials in shared credentials file: ~/.aws/credentials
2025-06-20 19:46:21 - INFO - Found credentials in shared credentials file: ~/.aws/credentials
2025-06-20 19:46:21 - INFO - Found credentials in shared credentials file: ~/.aws/credentials
2025-06-20 19:46:21 - INFO - Found credentials in shared credentials file: ~/.aws/credentials
2025-06-20 19:46:21 - INFO - Found credentials in shared credentials file: ~/.aws/credentials
2025-06-20 19:46:21 - INFO - Found credentials in shared credentials file: ~/.aws/credentials
2025-06-20 19:46:21 - INFO - Found credentials in shared credentials file: ~/.aws/credentials
2025-06-20 19:46:21 - INFO - Found credentials in shared credentials file: ~/.aws/credentials
2025-06-20 19:46:21 - INFO - Found credentials in shared credentials file: ~/.aws/credentials
2025-06-20 19:46:21 - INFO - Found credentials in shared credentials file: ~/.aws/credentials
2025-06-20 19:46:21 - INFO - Found credentials in shared credentials file: ~/.aws/credentials
2025-06-20 19:46:21 - INFO - Found credentials in shared credentials file: ~/.aws/credentials
2025-06-20 19:46:21 - INFO - Found credentials in shared credentials file: ~/.aws/credentials
2025-06-20 19:46:21 - INFO - Found credentials in shared credentials file: ~/.aws/credentials
2025-06-20 19:46:21 - INFO - Found credentials in shared credentials file: ~/.aws/credentials
2025-06-20 19:46:21 - INFO - Found credentials in shared credentials file: ~/.aws/credentials
2025-06-20 19:46:21 - INFO - Found credentials in shared credentials file: ~/.aws/credentials
2025-06-20 19:46:21 - INFO - Found credentials in shared credentials file: ~/.aws/credentials
2025-06-20 19:46:21 - INFO - Found credentials in shared credentials file: ~/.aws/credentials
2025-06-20 19:46:21 - INFO - Found credentials in shared credentials file: ~/.aws/credentials
2025-06-20 19:46:21 - INFO - Found credentials in shared credentials file: ~/.aws/credentials
2025-06-20 19:46:21 - INFO - Found credentials in shared credentials file: ~/.aws/credentials
2025-06-20 19:46:22 - INFO - Found credentials in shared credentials file: ~/.aws/credentials
2025-06-20 19:46:22 - INFO - Found credentials in shared credentials file: ~/.aws/credentials
2025-06-20 19:46:23 - INFO - Found credentials in shared credentials file: ~/.aws/credentials
2025-06-20 19:46:23 - INFO - Found credentials in shared credentials file: ~/.aws/credentials
2025-06-20 19:46:23 - INFO - Found credentials in shared credentials file: ~/.aws/credentials
2025-06-20 19:46:23 - INFO - Found credentials in shared credentials file: ~/.aws/credentials
2025-06-20 19:46:23 - INFO - Found credentials in shared credentials file: ~/.aws/credentials
2025-06-20 19:46:23 - INFO - Found credentials in shared credentials file: ~/.aws/credentials
2025-06-20 19:46:23 - INFO - Found credentials in shared credentials file: ~/.aws/credentials
2025-06-20 19:46:23 - INFO - Found credentials in shared credentials file: ~/.aws/credentials
2025-06-20 19:46:23 - INFO - Found credentials in shared credentials file: ~/.aws/credentials
2025-06-20 19:46:23 - INFO - Found credentials in shared credentials file: ~/.aws/credentials
2025-06-20 19:46:23 - INFO - Found credentials in shared credentials file: ~/.aws/credentials
2025-06-20 19:46:23 - INFO - Found credentials in shared credentials file: ~/.aws/credentials
2025-06-20 19:46:23 - INFO - Found credentials in shared credentials file: ~/.aws/credentials
2025-06-20 19:46:23 - INFO - Found credentials in shared credentials file: ~/.aws/credentials
2025-06-20 19:46:24 - INFO - Found credentials in shared credentials file: ~/.aws/credentials
2025-06-20 19:46:24 - INFO - Found credentials in shared credentials file: ~/.aws/credentials
2025-06-20 19:46:24 - INFO - Found credentials in shared credentials file: ~/.aws/credentials
2025-06-20 19:46:24 - INFO - Found credentials in shared credentials file: ~/.aws/credentials
2025-06-20 19:46:24 - INFO - Found credentials in shared credentials file: ~/.aws/credentials
2025-06-20 19:46:24 - INFO - Found credentials in shared credentials file: ~/.aws/credentials
2025-06-20 19:46:24 - INFO - Found credentials in shared credentials file: ~/.aws/credentials
2025-06-20 19:46:24 - INFO - Found credentials in shared credentials file: ~/.aws/credentials
2025-06-20 19:46:24 - INFO - Found credentials in shared credentials file: ~/.aws/credentials
2025-06-20 19:46:24 - INFO - Found credentials in shared credentials file: ~/.aws/credentials
2025-06-20 19:46:24 - INFO - Found credentials in shared credentials file: ~/.aws/credentials
2025-06-20 19:46:24 - INFO - Found credentials in shared credentials file: ~/.aws/credentials
2025-06-20 19:46:24 - INFO - Found credentials in shared credentials file: ~/.aws/credentials
2025-06-20 19:46:24 - INFO - Found credentials in shared credentials file: ~/.aws/credentials
2025-06-20 19:46:24 - INFO - Found credentials in shared credentials file: ~/.aws/credentials
2025-06-20 19:46:24 - INFO - Found credentials in shared credentials file: ~/.aws/credentials
2025-06-20 19:46:24 - INFO - Found credentials in shared credentials file: ~/.aws/credentials
2025-06-20 19:46:24 - INFO - Found credentials in shared credentials file: ~/.aws/credentials
2025-06-20 19:46:24 - INFO - Found credentials in shared credentials file: ~/.aws/credentials
2025-06-20 19:46:24 - INFO - Found credentials in shared credentials file: ~/.aws/credentials
2025-06-20 19:46:24 - INFO - Found credentials in shared credentials file: ~/.aws/credentials
2025-06-20 19:46:26 - INFO - Found credentials in shared credentials file: ~/.aws/credentials
2025-06-20 19:46:26 - INFO - Found credentials in shared credentials file: ~/.aws/credentials
2025-06-20 19:46:26 - INFO - Found credentials in shared credentials file: ~/.aws/credentials
2025-06-20 19:46:26 - INFO - Found credentials in shared credentials file: ~/.aws/credentials
2025-06-20 19:46:26 - INFO - Found credentials in shared credentials file: ~/.aws/credentials
2025-06-20 19:46:26 - INFO - Found credentials in shared credentials file: ~/.aws/credentials
2025-06-20 19:46:26 - INFO - Found credentials in shared credentials file: ~/.aws/credentials
2025-06-20 19:46:27 - INFO - Found credentials in shared credentials file: ~/.aws/credentials
2025-06-20 19:46:27 - INFO - Found credentials in shared credentials file: ~/.aws/credentials
2025-06-20 19:46:27 - INFO - Found credentials in shared credentials file: ~/.aws/credentials
2025-06-20 19:46:27 - INFO - Found credentials in shared credentials file: ~/.aws/credentials
2025-06-20 19:46:27 - INFO - Found credentials in shared credentials file: ~/.aws/credentials
2025-06-20 19:46:27 - INFO - Found credentials in shared credentials file: ~/.aws/credentials
2025-06-20 19:46:27 - INFO - Found credentials in shared credentials file: ~/.aws/credentials
2025-06-20 19:46:27 - INFO - Found credentials in shared credentials file: ~/.aws/credentials
2025-06-20 19:46:27 - INFO - Found credentials in shared credentials file: ~/.aws/credentials
2025-06-20 19:46:27 - INFO - Found credentials in shared credentials file: ~/.aws/credentials
2025-06-20 19:46:27 - INFO - Found credentials in shared credentials file: ~/.aws/credentials
2025-06-20 19:46:27 - INFO - Found credentials in shared credentials file: ~/.aws/credentials
2025-06-20 19:46:27 - INFO - Found credentials in shared credentials file: ~/.aws/credentials
2025-06-20 19:46:27 - INFO - Found credentials in shared credentials file: ~/.aws/credentials
2025-06-20 19:46:27 - INFO - Found credentials in shared credentials file: ~/.aws/credentials
2025-06-20 19:46:27 - INFO - Found credentials in shared credentials file: ~/.aws/credentials
2025-06-20 19:46:27 - INFO - Found credentials in shared credentials file: ~/.aws/credentials
2025-06-20 19:46:27 - INFO - Found credentials in shared credentials file: ~/.aws/credentials
2025-06-20 19:46:27 - INFO - Found credentials in shared credentials file: ~/.aws/credentials
2025-06-20 19:46:27 - INFO - Found credentials in shared credentials file: ~/.aws/credentials
2025-06-20 19:46:27 - INFO - Found credentials in shared credentials file: ~/.aws/credentials
2025-06-20 19:46:27 - INFO - Found credentials in shared credentials file: ~/.aws/credentials
2025-06-20 19:46:27 - INFO - Found credentials in shared credentials file: ~/.aws/credentials
2025-06-20 19:46:27 - INFO - Found credentials in shared credentials file: ~/.aws/credentials
2025-06-20 19:47:08 - INFO - c5.24xlarge - 0.715700 - us-east-1b
2025-06-20 19:47:08 - INFO - c5.24xlarge - 0.715700 - us-east-1b
2025-06-20 19:47:08 - INFO - Updating file: results/results_lucas_us-east-1.csv
2025-06-20 19:47:08 - INFO - c5.24xlarge - 0.715700 - us-east-1b
2025-06-20 19:47:08 - INFO - Updating file: results/results_lucas_us-east-1.csv
2025-06-20 19:47:08 - INFO - c5.24xlarge - 0.715700 - us-east-1b
2025-06-20 19:47:08 - INFO - c5.24xlarge - 0.715700 - us-east-1b
2025-06-20 19:47:08 - INFO - c5.24xlarge - 0.715700 - us-east-1b
2025-06-20 19:47:08 - INFO - c5.24xlarge - 0.715700 - us-east-1b
2025-06-20 19:47:08 - INFO - c5.24xlarge - 0.715700 - us-east-1b
2025-06-20 19:47:08 - INFO - c5.24xlarge - 0.715700 - us-east-1b
2025-06-20 19:47:08 - INFO - c5.24xlarge - 0.715700 - us-east-1b
2025-06-20 19:47:08 - INFO - Updating file: results/results_lucas_us-east-1.csv
2025-06-20 19:47:08 - INFO - c5.24xlarge - 0.715700 - us-east-1b
2025-06-20 19:47:08 - INFO - c5.24xlarge - 0.715700 - us-east-1b
2025-06-20 19:47:08 - INFO - c5.24xlarge - 0.715700 - us-east-1b
2025-06-20 19:47:08 - INFO - c5.24xlarge - 0.715700 - us-east-1b
2025-06-20 19:47:08 - INFO - c5.24xlarge - 0.715700 - us-east-1b
2025-06-20 19:47:08 - INFO - c5.24xlarge - 0.715700 - us-east-1b
2025-06-20 19:47:08 - INFO - c5.24xlarge - 0.715700 - us-east-1b
2025-06-20 19:47:08 - INFO - c5.24xlarge - 0.715700 - us-east-1b
2025-06-20 19:47:08 - INFO - Updating file: results/results_lucas_us-east-1.csv
2025-06-20 19:47:08 - INFO - c5.24xlarge - 0.715700 - us-east-1b
2025-06-20 19:47:08 - INFO - c5.24xlarge - 0.715700 - us-east-1b
2025-06-20 19:47:08 - INFO - c5.24xlarge - 0.715700 - us-east-1b
2025-06-20 19:47:08 - INFO - c5.24xlarge - 0.715700 - us-east-1b
2025-06-20 19:47:08 - INFO - c5.24xlarge - 0.715700 - us-east-1b
2025-06-20 19:47:08 - INFO - c5.24xlarge - 0.715700 - us-east-1b
2025-06-20 19:47:08 - INFO - c5.24xlarge - 0.715700 - us-east-1b
2025-06-20 19:47:08 - INFO - c5.24xlarge - 0.715700 - us-east-1b
2025-06-20 19:47:08 - INFO - c5.24xlarge - 0.715700 - us-east-1b
2025-06-20 19:47:08 - INFO - c5.24xlarge - 0.715700 - us-east-1b
2025-06-20 19:47:08 - INFO - c5.24xlarge - 0.715700 - us-east-1b
2025-06-20 19:47:08 - INFO - c5.24xlarge - 0.715700 - us-east-1b
2025-06-20 19:47:08 - INFO - Updating file: results/results_lucas_us-east-1.csv
2025-06-20 19:47:08 - INFO - c5.24xlarge - 0.715700 - us-east-1b
2025-06-20 19:47:08 - INFO - c5.24xlarge - 0.715700 - us-east-1b
2025-06-20 19:47:08 - INFO - c5.24xlarge - 0.715700 - us-east-1b
2025-06-20 19:47:08 - INFO - c5.24xlarge - 0.715700 - us-east-1b
2025-06-20 19:47:09 - INFO - c5.24xlarge - 0.715700 - us-east-1b
2025-06-20 19:47:09 - INFO - c5.24xlarge - 0.715700 - us-east-1b
2025-06-20 19:47:09 - INFO - c5.24xlarge - 0.715700 - us-east-1b
2025-06-20 19:47:09 - INFO - c5.24xlarge - 0.715700 - us-east-1b
2025-06-20 19:47:09 - INFO - c5.24xlarge - 0.715700 - us-east-1b
2025-06-20 19:47:09 - INFO - c5.24xlarge - 0.715700 - us-east-1b
2025-06-20 19:47:09 - INFO - Updating file: results/results_lucas_us-east-1.csv
2025-06-20 19:47:09 - INFO - c5.24xlarge - 0.715700 - us-east-1b
2025-06-20 19:47:09 - INFO - c5.24xlarge - 0.715700 - us-east-1b
2025-06-20 19:47:09 - INFO - c5.24xlarge - 0.715700 - us-east-1b
2025-06-20 19:47:09 - INFO - c5.24xlarge - 0.715700 - us-east-1b
2025-06-20 19:47:09 - INFO - c5.24xlarge - 0.715700 - us-east-1b
2025-06-20 19:47:09 - INFO - Updating file: results/results_lucas_us-east-1.csv
2025-06-20 19:47:09 - INFO - c5.24xlarge - 0.715700 - us-east-1b
2025-06-20 19:47:09 - INFO - c5.24xlarge - 0.715700 - us-east-1b
2025-06-20 19:47:09 - INFO - c5.24xlarge - 0.715700 - us-east-1b
2025-06-20 19:47:09 - INFO - c5.24xlarge - 0.715700 - us-east-1b
2025-06-20 19:47:09 - INFO - c5.24xlarge - 0.715700 - us-east-1b
2025-06-20 19:47:09 - INFO - Updating file: results/results_lucas_us-east-1.csv
2025-06-20 19:47:09 - INFO - c5.24xlarge - 0.715700 - us-east-1b
2025-06-20 19:47:09 - INFO - c5.24xlarge - 0.715700 - us-east-1b
2025-06-20 19:47:09 - INFO - c5.24xlarge - 0.715700 - us-east-1b
2025-06-20 19:47:09 - INFO - c5.24xlarge - 0.715700 - us-east-1b
2025-06-20 19:47:09 - INFO - c5.24xlarge - 0.715700 - us-east-1b
2025-06-20 19:47:09 - INFO - c5.24xlarge - 0.715700 - us-east-1b
2025-06-20 19:47:09 - INFO - Updating file: results/results_lucas_us-east-1.csv
2025-06-20 19:47:09 - INFO - c5.24xlarge - 0.715700 - us-east-1b
2025-06-20 19:47:09 - INFO - c5.24xlarge - 0.715700 - us-east-1b
2025-06-20 19:47:09 - INFO - c5.24xlarge - 0.715700 - us-east-1b
2025-06-20 19:47:09 - INFO - c5.24xlarge - 0.715700 - us-east-1b
2025-06-20 19:47:09 - INFO - c5.24xlarge - 0.715700 - us-east-1b
2025-06-20 19:47:09 - INFO - c5.24xlarge - 0.715700 - us-east-1b
2025-06-20 19:47:09 - INFO - c5.24xlarge - 0.715700 - us-east-1b
2025-06-20 19:47:09 - INFO - c5.24xlarge - 0.715700 - us-east-1b
2025-06-20 19:47:09 - INFO - c5.24xlarge - 0.715700 - us-east-1b
2025-06-20 19:47:09 - INFO - Updating file: results/results_lucas_us-east-1.csv
2025-06-20 19:47:09 - INFO - c5.24xlarge - 0.715700 - us-east-1b
2025-06-20 19:47:09 - INFO - c5.24xlarge - 0.715700 - us-east-1b
2025-06-20 19:47:09 - INFO - c5.24xlarge - 0.715700 - us-east-1b
2025-06-20 19:47:09 - INFO - c5.24xlarge - 0.715700 - us-east-1b
2025-06-20 19:47:09 - INFO - c5.24xlarge - 0.715700 - us-east-1b
2025-06-20 19:47:09 - INFO - c5.24xlarge - 0.715700 - us-east-1b
2025-06-20 19:47:09 - INFO - c5.24xlarge - 0.715700 - us-east-1b
2025-06-20 19:47:10 - INFO - Updating file: results/results_lucas_us-east-1.csv
2025-06-20 19:47:10 - INFO - c5.24xlarge - 0.715700 - us-east-1b
2025-06-20 19:47:10 - INFO - c5.24xlarge - 0.715700 - us-east-1b
2025-06-20 19:47:10 - INFO - c5.24xlarge - 0.715700 - us-east-1b
2025-06-20 19:47:10 - INFO - c5.24xlarge - 0.715700 - us-east-1b
2025-06-20 19:47:10 - INFO - c5.24xlarge - 0.715700 - us-east-1b
2025-06-20 19:47:10 - INFO - Updating file: results/results_lucas_us-east-1.csv
2025-06-20 19:47:10 - INFO - c5.24xlarge - 0.715700 - us-east-1b
2025-06-20 19:47:10 - INFO - r5.24xlarge - 0.604800 - us-east-1c
2025-06-20 19:47:10 - INFO - c5.24xlarge - 0.715700 - us-east-1b
2025-06-20 19:47:10 - INFO - c5.24xlarge - 0.715700 - us-east-1b
2025-06-20 19:47:10 - INFO - c5.24xlarge - 0.715700 - us-east-1b
2025-06-20 19:47:10 - INFO - c5.24xlarge - 0.715700 - us-east-1b
2025-06-20 19:47:10 - INFO - Updating file: results/results_lucas_us-east-1.csv
2025-06-20 19:47:10 - INFO - c5.24xlarge - 0.715700 - us-east-1b
2025-06-20 19:47:10 - INFO - c5.24xlarge - 0.715700 - us-east-1b
2025-06-20 19:47:10 - INFO - c5.24xlarge - 0.715700 - us-east-1b
2025-06-20 19:47:10 - INFO - c5.24xlarge - 0.715700 - us-east-1b
2025-06-20 19:47:10 - INFO - c5.24xlarge - 0.715700 - us-east-1b
2025-06-20 19:47:10 - INFO - c5.24xlarge - 0.715700 - us-east-1b
2025-06-20 19:47:10 - INFO - c5.24xlarge - 0.715700 - us-east-1b
2025-06-20 19:47:10 - INFO - c5.24xlarge - 0.715700 - us-east-1b
2025-06-20 19:47:10 - INFO - Updating file: results/results_lucas_us-east-1.csv
2025-06-20 19:47:10 - INFO - c5.24xlarge - 0.715700 - us-east-1b
2025-06-20 19:47:10 - INFO - c5.24xlarge - 0.715700 - us-east-1b
2025-06-20 19:47:10 - INFO - c5.24xlarge - 0.715700 - us-east-1b
2025-06-20 19:47:10 - INFO - c5.24xlarge - 0.715700 - us-east-1b
2025-06-20 19:47:10 - INFO - c5.24xlarge - 0.715700 - us-east-1b
2025-06-20 19:47:10 - INFO - c5.24xlarge - 0.715700 - us-east-1b
2025-06-20 19:47:10 - INFO - c5.24xlarge - 0.715700 - us-east-1b
2025-06-20 19:47:10 - INFO - c5.24xlarge - 0.715700 - us-east-1b
2025-06-20 19:47:10 - INFO - c5.24xlarge - 0.715700 - us-east-1b
2025-06-20 19:47:10 - INFO - c5.24xlarge - 0.715700 - us-east-1b
2025-06-20 19:47:10 - INFO - c5.24xlarge - 0.715700 - us-east-1b
2025-06-20 19:47:10 - INFO - c5.24xlarge - 0.715700 - us-east-1b
2025-06-20 19:47:10 - INFO - c5.24xlarge - 0.715700 - us-east-1b
2025-06-20 19:47:10 - INFO - c5.24xlarge - 0.715700 - us-east-1b
2025-06-20 19:47:10 - INFO - c5.24xlarge - 0.715700 - us-east-1b
2025-06-20 19:47:10 - INFO - Updating file: results/results_lucas_us-east-1.csv
2025-06-20 19:47:10 - INFO - c5.24xlarge - 0.715700 - us-east-1b
2025-06-20 19:47:10 - INFO - c5.24xlarge - 0.715700 - us-east-1b
2025-06-20 19:47:10 - INFO - c5.24xlarge - 0.715700 - us-east-1b
2025-06-20 19:47:10 - INFO - c5.24xlarge - 0.715700 - us-east-1b
2025-06-20 19:47:10 - INFO - c5.24xlarge - 0.715700 - us-east-1b
2025-06-20 19:47:10 - INFO - c5.24xlarge - 0.715700 - us-east-1b
2025-06-20 19:47:10 - INFO - c5.24xlarge - 0.715700 - us-east-1b
2025-06-20 19:47:10 - INFO - c5.24xlarge - 0.715700 - us-east-1b
2025-06-20 19:47:11 - INFO - c5.24xlarge - 0.715700 - us-east-1b
2025-06-20 19:47:11 - INFO - c5.24xlarge - 0.715700 - us-east-1b
2025-06-20 19:47:11 - INFO - c5.24xlarge - 0.715700 - us-east-1b
2025-06-20 19:47:11 - INFO - r5.24xlarge - 0.604800 - us-east-1c
2025-06-20 19:47:11 - INFO - m5.24xlarge - 0.681200 - us-east-1f
2025-06-20 19:47:11 - INFO - Updating file: results/results_lucas_us-east-1.csv
2025-06-20 19:47:11 - INFO - r5.24xlarge - 0.604800 - us-east-1c
2025-06-20 19:47:11 - INFO - c5.24xlarge - 0.715700 - us-east-1b
2025-06-20 19:47:11 - INFO - c5.24xlarge - 0.715700 - us-east-1b
2025-06-20 19:47:11 - INFO - r5.24xlarge - 0.604800 - us-east-1c
2025-06-20 19:47:11 - INFO - c5.24xlarge - 0.715700 - us-east-1b
2025-06-20 19:47:11 - INFO - c5.24xlarge - 0.715700 - us-east-1b
2025-06-20 19:47:11 - INFO - c5.24xlarge - 0.715700 - us-east-1b
2025-06-20 19:47:11 - INFO - c5.24xlarge - 0.715700 - us-east-1b
2025-06-20 19:47:11 - INFO - c5.24xlarge - 0.715700 - us-east-1b
2025-06-20 19:47:11 - INFO - c5.24xlarge - 0.715700 - us-east-1b
2025-06-20 19:47:11 - INFO - m5.24xlarge - 0.681200 - us-east-1f
2025-06-20 19:47:11 - INFO - c5.24xlarge - 0.715700 - us-east-1b
2025-06-20 19:47:11 - INFO - c5.24xlarge - 0.715700 - us-east-1b
2025-06-20 19:47:11 - INFO - Updating file: results/results_lucas_us-east-1.csv
2025-06-20 19:47:11 - INFO - r5.24xlarge - 0.604800 - us-east-1c
2025-06-20 19:47:11 - INFO - r5.24xlarge - 0.604800 - us-east-1c
2025-06-20 19:47:11 - INFO - c5.24xlarge - 0.715700 - us-east-1b
2025-06-20 19:47:11 - INFO - c5.24xlarge - 0.715700 - us-east-1b
2025-06-20 19:47:11 - INFO - c5.24xlarge - 0.715700 - us-east-1b
2025-06-20 19:47:11 - INFO - c5.24xlarge - 0.715700 - us-east-1b
2025-06-20 19:47:11 - INFO - c5.24xlarge - 0.715700 - us-east-1b
2025-06-20 19:47:11 - INFO - c5.24xlarge - 0.715700 - us-east-1b
2025-06-20 19:47:11 - INFO - Updating file: results/results_lucas_us-east-1.csv
2025-06-20 19:47:11 - INFO - m5.24xlarge - 0.681200 - us-east-1f
2025-06-20 19:47:11 - INFO - c5.24xlarge - 0.715700 - us-east-1b
2025-06-20 19:47:11 - INFO - c5.24xlarge - 0.715700 - us-east-1b
2025-06-20 19:47:11 - INFO - c5.24xlarge - 0.715700 - us-east-1b
2025-06-20 19:47:11 - INFO - c5.24xlarge - 0.715700 - us-east-1b
2025-06-20 19:47:11 - INFO - c5.24xlarge - 0.715700 - us-east-1b
2025-06-20 19:47:11 - INFO - c5.24xlarge - 0.715700 - us-east-1b
2025-06-20 19:47:11 - INFO - c5.24xlarge - 0.715700 - us-east-1b
2025-06-20 19:47:11 - INFO - Updating file: results/results_lucas_us-east-1.csv
2025-06-20 19:47:11 - INFO - r5.24xlarge - 0.604800 - us-east-1c
2025-06-20 19:47:11 - INFO - m5.24xlarge - 0.681200 - us-east-1f
2025-06-20 19:47:11 - INFO - r5.24xlarge - 0.604800 - us-east-1c
2025-06-20 19:47:11 - INFO - c5.24xlarge - 0.715700 - us-east-1b
2025-06-20 19:47:11 - INFO - c5.24xlarge - 0.715700 - us-east-1b
2025-06-20 19:47:11 - INFO - c5.24xlarge - 0.715700 - us-east-1b
2025-06-20 19:47:11 - INFO - Updating file: results/results_lucas_us-east-1.csv
2025-06-20 19:47:11 - INFO - Updating file: results/results_lucas_us-east-1.csv
2025-06-20 19:47:11 - INFO - r5.24xlarge - 0.604800 - us-east-1c
2025-06-20 19:47:11 - INFO - r5.24xlarge - 0.604800 - us-east-1c
2025-06-20 19:47:11 - INFO - r5.24xlarge - 0.604800 - us-east-1c
2025-06-20 19:47:11 - INFO - Updating file: results/results_lucas_us-east-1.csv
2025-06-20 19:47:11 - INFO - c5.24xlarge - 0.715700 - us-east-1b
2025-06-20 19:47:11 - INFO - c5.24xlarge - 0.715700 - us-east-1b
2025-06-20 19:47:11 - INFO - c5.24xlarge - 0.715700 - us-east-1b
2025-06-20 19:47:11 - INFO - c5.24xlarge - 0.715700 - us-east-1b
2025-06-20 19:47:11 - INFO - Updating file: results/results_lucas_us-east-1.csv
2025-06-20 19:47:11 - INFO - Updating file: results/results_lucas_us-east-1.csv
2025-06-20 19:47:11 - INFO - r5.24xlarge - 0.604800 - us-east-1c
2025-06-20 19:47:11 - INFO - Updating file: results/results_lucas_us-east-1.csv
2025-06-20 19:47:11 - INFO - Updating file: results/results_lucas_us-east-1.csv
2025-06-20 19:47:11 - INFO - r5.24xlarge - 0.604800 - us-east-1c
2025-06-20 19:47:11 - INFO - Updating file: results/results_lucas_us-east-1.csv
2025-06-20 19:47:11 - INFO - r5.24xlarge - 0.604800 - us-east-1c
2025-06-20 19:47:11 - INFO - c5.24xlarge - 0.715700 - us-east-1b
2025-06-20 19:47:11 - INFO - c5.24xlarge - 0.715700 - us-east-1b
2025-06-20 19:47:11 - INFO - c5.24xlarge - 0.715700 - us-east-1b
2025-06-20 19:47:11 - INFO - Updating file: results/results_lucas_us-east-1.csv
2025-06-20 19:47:11 - INFO - r5.24xlarge - 0.604800 - us-east-1c
2025-06-20 19:47:11 - INFO - r5.24xlarge - 0.604800 - us-east-1c
2025-06-20 19:47:11 - INFO - Updating file: results/results_lucas_us-east-1.csv
2025-06-20 19:47:11 - INFO - Updating file: results/results_lucas_us-east-1.csv
2025-06-20 19:47:11 - INFO - r5.24xlarge - 0.604800 - us-east-1c
2025-06-20 19:47:11 - INFO - c5.24xlarge - 0.715700 - us-east-1b
2025-06-20 19:47:11 - INFO - Updating file: results/results_lucas_us-east-1.csv
2025-06-20 19:47:11 - INFO - r5.24xlarge - 0.604800 - us-east-1c
2025-06-20 19:47:11 - INFO - Updating file: results/results_lucas_us-east-1.csv
2025-06-20 19:47:12 - INFO - Updating file: results/results_lucas_us-east-1.csv
2025-06-20 19:47:12 - INFO - r5.24xlarge - 0.604800 - us-east-1c
2025-06-20 19:47:12 - INFO - Updating file: results/results_lucas_us-east-1.csv
2025-06-20 19:47:12 - INFO - c5.24xlarge - 0.715700 - us-east-1b
2025-06-20 19:47:12 - INFO - Updating file: results/results_lucas_us-east-1.csv
2025-06-20 19:47:12 - INFO - Updating file: results/results_lucas_us-east-1.csv
2025-06-20 19:47:12 - INFO - Updating file: results/results_lucas_us-east-1.csv
2025-06-20 19:47:12 - INFO - c5.24xlarge - 0.715700 - us-east-1b
2025-06-20 19:47:12 - INFO - c5.24xlarge - 0.715700 - us-east-1b
2025-06-20 19:47:12 - INFO - Updating file: results/results_lucas_us-east-1.csv
2025-06-20 19:47:12 - INFO - Updating file: results/results_lucas_us-east-1.csv
2025-06-20 19:47:12 - INFO - r5.24xlarge - 0.604800 - us-east-1c
2025-06-20 19:47:12 - INFO - r5.24xlarge - 0.604800 - us-east-1c
2025-06-20 19:47:12 - INFO - Updating file: results/results_lucas_us-east-1.csv
2025-06-20 19:47:12 - INFO - c5.24xlarge - 0.715700 - us-east-1b
2025-06-20 19:47:12 - INFO - c5.24xlarge - 0.715700 - us-east-1b
2025-06-20 19:47:12 - INFO - Updating file: results/results_lucas_us-east-1.csv
2025-06-20 19:47:12 - INFO - c5.24xlarge - 0.715700 - us-east-1b
2025-06-20 19:47:12 - INFO - r5.24xlarge - 0.604800 - us-east-1c
2025-06-20 19:47:12 - INFO - Updating file: results/results_lucas_us-east-1.csv
2025-06-20 19:47:12 - INFO - r5.24xlarge - 0.604800 - us-east-1c
2025-06-20 19:47:12 - INFO - Updating file: results/results_lucas_us-east-1.csv
2025-06-20 19:47:12 - INFO - Updating file: results/results_lucas_us-east-1.csv
2025-06-20 19:47:12 - INFO - Updating file: results/results_lucas_us-east-1.csv
2025-06-20 19:47:12 - INFO - r5.24xlarge - 0.604800 - us-east-1c
2025-06-20 19:47:12 - INFO - Updating file: results/results_lucas_us-east-1.csv
2025-06-20 19:47:12 - INFO - m5.24xlarge - 0.681200 - us-east-1f
2025-06-20 19:47:12 - INFO - Updating file: results/results_lucas_us-east-1.csv
2025-06-20 19:47:12 - INFO - Updating file: results/results_lucas_us-east-1.csv
2025-06-20 19:47:12 - INFO - Updating file: results/results_lucas_us-east-1.csv
2025-06-20 19:47:12 - INFO - Updating file: results/results_lucas_us-east-1.csv
2025-06-20 19:47:12 - INFO - r5.24xlarge - 0.604800 - us-east-1c
2025-06-20 19:47:12 - INFO - Updating file: results/results_lucas_us-east-1.csv
2025-06-20 19:47:12 - INFO - c5.24xlarge - 0.715700 - us-east-1b
2025-06-20 19:47:12 - INFO - c5.24xlarge - 0.715700 - us-east-1b
2025-06-20 19:47:12 - INFO - Updating file: results/results_lucas_us-east-1.csv
2025-06-20 19:47:12 - INFO - Updating file: results/results_lucas_us-east-1.csv
2025-06-20 19:47:12 - INFO - Updating file: results/results_lucas_us-east-1.csv
2025-06-20 19:47:12 - INFO - Updating file: results/results_lucas_us-east-1.csv
2025-06-20 19:47:12 - INFO - r5.24xlarge - 0.604800 - us-east-1c
2025-06-20 19:47:12 - INFO - Updating file: results/results_lucas_us-east-1.csv
2025-06-20 19:47:12 - INFO - Updating file: results/results_lucas_us-east-1.csv
2025-06-20 19:47:12 - INFO - Updating file: results/results_lucas_us-east-1.csv
2025-06-20 19:47:12 - INFO - Updating file: results/results_lucas_us-east-1.csv
2025-06-20 19:47:12 - INFO - Updating file: results/results_lucas_us-east-1.csv
2025-06-20 19:47:12 - INFO - r5.24xlarge - 0.604800 - us-east-1c
2025-06-20 19:47:12 - INFO - Updating file: results/results_lucas_us-east-1.csv
2025-06-20 19:47:12 - INFO - Updating file: results/results_lucas_us-east-1.csv
2025-06-20 19:47:12 - INFO - c5.24xlarge - 0.715700 - us-east-1b
2025-06-20 19:47:12 - INFO - Updating file: results/results_lucas_us-east-1.csv
2025-06-20 19:47:12 - INFO - c5.24xlarge - 0.715700 - us-east-1b
2025-06-20 19:47:12 - INFO - Updating file: results/results_lucas_us-east-1.csv
2025-06-20 19:47:12 - INFO - Updating file: results/results_lucas_us-east-1.csv
2025-06-20 19:47:12 - INFO - Updating file: results/results_lucas_us-east-1.csv
2025-06-20 19:47:12 - INFO - Updating file: results/results_lucas_us-east-1.csv
2025-06-20 19:47:12 - INFO - r5.24xlarge - 0.604800 - us-east-1c
2025-06-20 19:47:12 - INFO - Updating file: results/results_lucas_us-east-1.csv
2025-06-20 19:47:12 - INFO - Updating file: results/results_lucas_us-east-1.csv
2025-06-20 19:47:12 - INFO - Updating file: results/results_lucas_us-east-1.csv
2025-06-20 19:47:12 - INFO - m5.24xlarge - 0.681200 - us-east-1f
2025-06-20 19:47:12 - INFO - Updating file: results/results_lucas_us-east-1.csv
2025-06-20 19:47:12 - INFO - Updating file: results/results_lucas_us-east-1.csv
2025-06-20 19:47:12 - INFO - Updating file: results/results_lucas_us-east-1.csv
2025-06-20 19:47:12 - INFO - Updating file: results/results_lucas_us-east-1.csv
2025-06-20 19:47:12 - INFO - Updating file: results/results_lucas_us-east-1.csv
2025-06-20 19:47:12 - INFO - c5.24xlarge - 0.715700 - us-east-1b
2025-06-20 19:47:12 - INFO - Updating file: results/results_lucas_us-east-1.csv
2025-06-20 19:47:12 - INFO - c5.24xlarge - 0.715700 - us-east-1b
2025-06-20 19:47:12 - INFO - Updating file: results/results_lucas_us-east-1.csv
2025-06-20 19:47:12 - INFO - Updating file: results/results_lucas_us-east-1.csv
2025-06-20 19:47:12 - INFO - m5.24xlarge - 0.681200 - us-east-1f
2025-06-20 19:47:12 - INFO - Updating file: results/results_lucas_us-east-1.csv
2025-06-20 19:47:12 - INFO - Updating file: results/results_lucas_us-east-1.csv
2025-06-20 19:47:12 - INFO - Updating file: results/results_lucas_us-east-1.csv
2025-06-20 19:47:12 - INFO - Updating file: results/results_lucas_us-east-1.csv
2025-06-20 19:47:12 - INFO - Updating file: results/results_lucas_us-east-1.csv
2025-06-20 19:47:12 - INFO - Updating file: results/results_lucas_us-east-1.csv
2025-06-20 19:47:12 - INFO - Updating file: results/results_lucas_us-east-1.csv
2025-06-20 19:47:12 - INFO - Updating file: results/results_lucas_us-east-1.csv
2025-06-20 19:47:12 - INFO - Updating file: results/results_lucas_us-east-1.csv
2025-06-20 19:47:12 - INFO - Updating file: results/results_lucas_us-east-1.csv
2025-06-20 19:47:12 - INFO - r5.24xlarge - 0.604800 - us-east-1c
2025-06-20 19:47:12 - INFO - Updating file: results/results_lucas_us-east-1.csv
2025-06-20 19:47:12 - INFO - Updating file: results/results_lucas_us-east-1.csv
2025-06-20 19:47:12 - INFO - c5.24xlarge - 0.715700 - us-east-1b
2025-06-20 19:47:12 - INFO - Updating file: results/results_lucas_us-east-1.csv
2025-06-20 19:47:12 - INFO - Updating file: results/results_lucas_us-east-1.csv
2025-06-20 19:47:12 - INFO - Updating file: results/results_lucas_us-east-1.csv
2025-06-20 19:47:12 - INFO - Updating file: results/results_lucas_us-east-1.csv
2025-06-20 19:47:12 - INFO - r5.24xlarge - 0.604800 - us-east-1c
2025-06-20 19:47:12 - INFO - Updating file: results/results_lucas_us-east-1.csv
2025-06-20 19:47:12 - INFO - Updating file: results/results_lucas_us-east-1.csv
2025-06-20 19:47:12 - INFO - Updating file: results/results_lucas_us-east-1.csv
2025-06-20 19:47:12 - INFO - Updating file: results/results_lucas_us-east-1.csv
2025-06-20 19:47:12 - INFO - Updating file: results/results_lucas_us-east-1.csv
2025-06-20 19:47:12 - INFO - Updating file: results/results_lucas_us-east-1.csv
2025-06-20 19:47:12 - INFO - Updating file: results/results_lucas_us-east-1.csv
2025-06-20 19:47:12 - INFO - Updating file: results/results_lucas_us-east-1.csv
2025-06-20 19:47:12 - INFO - Updating file: results/results_lucas_us-east-1.csv
2025-06-20 19:47:12 - INFO - Updating file: results/results_lucas_us-east-1.csv
2025-06-20 19:47:12 - INFO - Updating file: results/results_lucas_us-east-1.csv
2025-06-20 19:47:12 - INFO - Updating file: results/results_lucas_us-east-1.csv
2025-06-20 19:47:12 - INFO - Updating file: results/results_lucas_us-east-1.csv
2025-06-20 19:47:12 - INFO - Updating file: results/results_lucas_us-east-1.csv
2025-06-20 19:47:12 - INFO - Updating file: results/results_lucas_us-east-1.csv
2025-06-20 19:47:12 - INFO - Updating file: results/results_lucas_us-east-1.csv
2025-06-20 19:47:12 - INFO - Updating file: results/results_lucas_us-east-1.csv
2025-06-20 19:47:12 - INFO - Updating file: results/results_lucas_us-east-1.csv
2025-06-20 19:47:12 - INFO - Updating file: results/results_lucas_us-east-1.csv
2025-06-20 19:47:12 - INFO - Updating file: results/results_lucas_us-east-1.csv
2025-06-20 19:47:12 - INFO - Updating file: results/results_lucas_us-east-1.csv
2025-06-20 19:47:12 - INFO - Updating file: results/results_lucas_us-east-1.csv
2025-06-20 19:47:13 - INFO - Updating file: results/results_lucas_us-east-1.csv
2025-06-20 19:47:13 - INFO - Updating file: results/results_lucas_us-east-1.csv
2025-06-20 19:47:13 - INFO - Updating file: results/results_lucas_us-east-1.csv
2025-06-20 19:47:13 - INFO - Updating file: results/results_lucas_us-east-1.csv
2025-06-20 19:47:13 - INFO - Updating file: results/results_lucas_us-east-1.csv
2025-06-20 19:47:13 - INFO - Updating file: results/results_lucas_us-east-1.csv
2025-06-20 19:47:13 - INFO - Updating file: results/results_lucas_us-east-1.csv
2025-06-20 19:47:13 - INFO - Updating file: results/results_lucas_us-east-1.csv
2025-06-20 19:47:13 - INFO - Updating file: results/results_lucas_us-east-1.csv
2025-06-20 19:47:13 - INFO - Updating file: results/results_lucas_us-east-1.csv
2025-06-20 19:47:13 - INFO - Updating file: results/results_lucas_us-east-1.csv
2025-06-20 19:47:13 - INFO - Updating file: results/results_lucas_us-east-1.csv
2025-06-20 19:47:13 - INFO - Updating file: results/results_lucas_us-east-1.csv
2025-06-20 19:47:13 - INFO - Updating file: results/results_lucas_us-east-1.csv
2025-06-20 19:47:13 - INFO - Updating file: results/results_lucas_us-east-1.csv
2025-06-20 19:47:13 - INFO - Updating file: results/results_lucas_us-east-1.csv
2025-06-20 19:47:13 - INFO - Updating file: results/results_lucas_us-east-1.csv
2025-06-20 19:47:13 - INFO - Updating file: results/results_lucas_us-east-1.csv
2025-06-20 19:47:13 - INFO - Updating file: results/results_lucas_us-east-1.csv
2025-06-20 19:47:13 - INFO - Updating file: results/results_lucas_us-east-1.csv
2025-06-20 19:47:13 - INFO - Updating file: results/results_lucas_us-east-1.csv
2025-06-20 19:47:13 - INFO - Updating file: results/results_lucas_us-east-1.csv
2025-06-20 19:47:13 - INFO - Updating file: results/results_lucas_us-east-1.csv
2025-06-20 19:47:13 - INFO - Updating file: results/results_lucas_us-east-1.csv
2025-06-20 19:47:13 - INFO - Updating file: results/results_lucas_us-east-1.csv
2025-06-20 19:47:13 - INFO - Updating file: results/results_lucas_us-east-1.csv
2025-06-20 19:47:13 - INFO - Updating file: results/results_lucas_us-east-1.csv
2025-06-20 19:47:13 - INFO - Updating file: results/results_lucas_us-east-1.csv
2025-06-20 19:47:13 - INFO - Updating file: results/results_lucas_us-east-1.csv
2025-06-20 19:47:13 - INFO - Updating file: results/results_lucas_us-east-1.csv
2025-06-20 19:47:13 - INFO - Updating file: results/results_lucas_us-east-1.csv
2025-06-20 19:47:13 - INFO - Updating file: results/results_lucas_us-east-1.csv
2025-06-20 19:47:13 - INFO - Updating file: results/results_lucas_us-east-1.csv
2025-06-20 19:47:13 - INFO - Updating file: results/results_lucas_us-east-1.csv
2025-06-20 19:47:13 - INFO - Updating file: results/results_lucas_us-east-1.csv
2025-06-20 19:47:13 - INFO - Updating file: results/results_lucas_us-east-1.csv
2025-06-20 19:47:13 - INFO - Updating file: results/results_lucas_us-east-1.csv
2025-06-20 19:47:13 - INFO - Updating file: results/results_lucas_us-east-1.csv
2025-06-20 19:47:13 - INFO - Updating file: results/results_lucas_us-east-1.csv
2025-06-20 19:47:13 - INFO - Updating file: results/results_lucas_us-east-1.csv
2025-06-20 19:47:13 - INFO - Updating file: results/results_lucas_us-east-1.csv
2025-06-20 19:47:13 - INFO - Updating file: results/results_lucas_us-east-1.csv
2025-06-20 19:47:13 - INFO - Updating file: results/results_lucas_us-east-1.csv
2025-06-20 19:47:13 - INFO - Updating file: results/results_lucas_us-east-1.csv
2025-06-20 19:47:13 - INFO - Updating file: results/results_lucas_us-east-1.csv
2025-06-20 19:47:13 - INFO - Updating file: results/results_lucas_us-east-1.csv
2025-06-20 19:47:13 - INFO - Updating file: results/results_lucas_us-east-1.csv
2025-06-20 19:47:13 - INFO - Updating file: results/results_lucas_us-east-1.csv
2025-06-20 19:47:13 - INFO - Updating file: results/results_lucas_us-east-1.csv
2025-06-20 19:47:13 - INFO - Updating file: results/results_lucas_us-east-1.csv
2025-06-20 19:47:13 - INFO - Updating file: results/results_lucas_us-east-1.csv
2025-06-20 19:47:13 - INFO - Updating file: results/results_lucas_us-east-1.csv
2025-06-20 19:47:13 - INFO - Updating file: results/results_lucas_us-east-1.csv
2025-06-20 19:47:13 - INFO - Updating file: results/results_lucas_us-east-1.csv
2025-06-20 19:47:13 - INFO - Updating file: results/results_lucas_us-east-1.csv
2025-06-20 19:47:13 - INFO - Updating file: results/results_lucas_us-east-1.csv
2025-06-20 19:47:13 - INFO - Updating file: results/results_lucas_us-east-1.csv
2025-06-20 19:47:13 - INFO - Updating file: results/results_lucas_us-east-1.csv
2025-06-20 19:47:13 - INFO - Updating file: results/results_lucas_us-east-1.csv
2025-06-20 19:47:13 - INFO - Updating file: results/results_lucas_us-east-1.csv
2025-06-20 19:47:13 - INFO - Updating file: results/results_lucas_us-east-1.csv
2025-06-20 19:47:13 - INFO - Updating file: results/results_lucas_us-east-1.csv
2025-06-20 19:47:13 - INFO - Updating file: results/results_lucas_us-east-1.csv
2025-06-20 19:47:13 - INFO - Updating file: results/results_lucas_us-east-1.csv
2025-06-20 19:47:13 - INFO - Updating file: results/results_lucas_us-east-1.csv
2025-06-20 19:47:13 - INFO - Updating file: results/results_lucas_us-east-1.csv
2025-06-20 19:47:13 - INFO - Updating file: results/results_lucas_us-east-1.csv
2025-06-20 19:47:13 - INFO - Updating file: results/results_lucas_us-east-1.csv
2025-06-20 19:47:13 - INFO - Updating file: results/results_lucas_us-east-1.csv
2025-06-20 19:47:13 - INFO - Updating file: results/results_lucas_us-east-1.csv
2025-06-20 19:47:13 - INFO - Updating file: results/results_lucas_us-east-1.csv
2025-06-20 19:47:13 - INFO - Updating file: results/results_lucas_us-east-1.csv
2025-06-20 19:47:13 - INFO - Updating file: results/results_lucas_us-east-1.csv
2025-06-20 19:47:13 - INFO - Updating file: results/results_lucas_us-east-1.csv
2025-06-20 19:47:13 - INFO - Updating file: results/results_lucas_us-east-1.csv
2025-06-20 19:47:13 - INFO - Updating file: results/results_lucas_us-east-1.csv
2025-06-20 19:47:13 - INFO - Updating file: results/results_lucas_us-east-1.csv
2025-06-20 19:47:13 - INFO - Updating file: results/results_lucas_us-east-1.csv
2025-06-20 19:47:13 - INFO - Updating file: results/results_lucas_us-east-1.csv
2025-06-20 19:47:13 - INFO - Updating file: results/results_lucas_us-east-1.csv
2025-06-20 19:47:13 - INFO - Updating file: results/results_lucas_us-east-1.csv
2025-06-20 19:47:13 - INFO - Updating file: results/results_lucas_us-east-1.csv
2025-06-20 19:47:13 - INFO - Updating file: results/results_lucas_us-east-1.csv
2025-06-20 19:47:13 - INFO - Updating file: results/results_lucas_us-east-1.csv
2025-06-20 19:47:32 - INFO - All instances have been terminated.
2025-06-20 20:11:45 - INFO - Start execution in us-east-1 Nodes=200 Benchmark=bt.A.x Allocation Strategy=lowest-price
2025-06-20 20:11:45 - INFO - Found credentials in shared credentials file: ~/.aws/credentials
2025-06-20 20:11:55 - INFO - Tempo que levou para receber response AWS: 9.438439 segundos
2025-06-20 20:11:55 - INFO - Found credentials in shared credentials file: ~/.aws/credentials
2025-06-20 20:11:56 - INFO - r5.24xlarge - 0.604800 - us-east-1c
2025-06-20 20:11:56 - INFO - Updating file: results/results_lucas_us-east-1.csv
2025-06-20 20:11:56 - INFO - Found credentials in shared credentials file: ~/.aws/credentials
2025-06-20 20:11:57 - INFO - m5.24xlarge - 0.681200 - us-east-1f
2025-06-20 20:11:57 - INFO - Updating file: results/results_lucas_us-east-1.csv
2025-06-20 20:11:57 - INFO - Fleet created with instances: ['i-0a542f29ba0ae1794', 'i-01b45d9bbf9cc3e4e', 'i-0874c9319a36c80ce', 'i-0d13941f658271df1', 'i-0b77c9a77bcc6c5a5', 'i-00331f955dc81215b', 'i-0b4422fe6b5374f0c', 'i-0b056b1020546b3ce', 'i-0bc1d54d2759a6283', 'i-0e5fcbb8e970a074e', 'i-053d131cb9c11106f', 'i-02f2a39b510c1d308', 'i-0cf2b277c92448619', 'i-0c65283411de81dc6', 'i-07847246a8fe350f5', 'i-0d652bf878f735787', 'i-0f137c8bcc7fe2414', 'i-0795c3628db6a6dc2', 'i-0105ba04b21630492', 'i-08d0014c4bddee88f', 'i-020fe7decc3277293', 'i-0228fa306b0383429', 'i-06db74de734ac6f45', 'i-0aa478d39ee3dd3fd', 'i-0d9ca30b03f1dead0', 'i-02eeefae9113b80be', 'i-08892bb00a5ab2ef3', 'i-0602f96b7019d3d7c', 'i-0c3da16cddc8f5152', 'i-0c41657b84aa23e0a', 'i-06873a7b0baaa0072', 'i-0cb1881279d1ae9c2', 'i-0b41f0edbcd5a631d', 'i-0e17260f62646d20d', 'i-0ae34a9d74577d07b', 'i-08ffc1411b03e59bc', 'i-00cb84025655cfabb', 'i-0c358a5685baf10da', 'i-07866cc5d3870e42a', 'i-097a700bf22e9e5ee', 'i-0082ec38465684644', 'i-0a38275afcb27380f', 'i-05feddc6c21ce7b5a', 'i-0fa75b535cf4b7e2b', 'i-0856aa80aa682f251', 'i-098b16070df7be406', 'i-0d21f1fbbda31cf41', 'i-0a252b4ceeb6e28dd', 'i-0659722c12ad722ca', 'i-05764c6f82f7ef527', 'i-034afa5a8b3067e7a', 'i-017aec0c6cc403f0b', 'i-0c7ac1f6f86ce98cd', 'i-04e6b25f1a93142c9', 'i-01fb370e74b205c43', 'i-0c6f7efc2ed31eed3', 'i-005c5ab0684b300b6', 'i-00523c254f6c38b78', 'i-0dcfbc2372113cbd9', 'i-0dba4808af5e08a84', 'i-0cf6e49a056494531', 'i-09be2bbb75403ff2c', 'i-0476b89255cafe995', 'i-07bd527904b6265ff', 'i-089e88816ca43e4e5', 'i-0840ade7befa183b5', 'i-0843076aae2d2a5b8', 'i-03f845df5607d6e2d', 'i-07edfbef8c651f568', 'i-06fe09fddd1e64cf9', 'i-09c3d70ba151a84a6', 'i-0081d88a97084bd93', 'i-0b1d56cdf50504ad3', 'i-060b044c63d36df93', 'i-0fbe5e52040195b07', 'i-069d46ca2feb9783b', 'i-00ec73ee220e505d9', 'i-09b39909986bb4be1', 'i-05390ad7207ec25c9', 'i-02284094db1cfc81f', 'i-0bd0e47f80006d48b', 'i-0764d93ec1731d617', 'i-042503dad293b6667', 'i-0831b909e390fe5bd', 'i-0b3788654a2516822', 'i-0906b4126e5e24216', 'i-009d6229615493823', 'i-0a20d605c71dde3f7', 'i-061dc203582756cc0', 'i-0a73aab7683373e3d', 'i-0dcfc5f321a8cf073', 'i-02229e8335dd6bcb6', 'i-0650311bd6c8c97bd', 'i-094dca8475ab66b65', 'i-0c89a0c562edf2823', 'i-08a7e3f20190bcc0b', 'i-0bfefb38fa4c2e8a6', 'i-0de021608e740ef90', 'i-01683ba868188bc5b', 'i-0a04dca2291b076e1', 'i-0dde6f12205c1207f', 'i-08d6511827ef623b0', 'i-0a3147b87c1b4a9d1', 'i-0bea77dd3258b82b7', 'i-0feb718cf8ac01976', 'i-032b48cf1a565de53', 'i-04902f51f97a5da3e', 'i-003c6d8590fe422cd', 'i-0c822e820b424fc2e', 'i-0c94c24946cc510e3', 'i-002b6d08f38ab5e6c', 'i-05a5e5e5159d87ae3', 'i-0ebfc7a9d44003b5a', 'i-09966a0a7764bb39c', 'i-0398827acc0ada3fe', 'i-01e8ef8d29370689f', 'i-06b2e81f394053b67', 'i-0f9146036dacaf153', 'i-03bdbcca87f8c9666', 'i-039ba184890d480a0', 'i-0a985aabedc04ad1f', 'i-0e169174145adb650', 'i-0b745ab0491ed8c04', 'i-01fe7fa326b2c587a', 'i-0db7d4613c8e2b7b4', 'i-0da1754efaa831c7c', 'i-03cbaa3b2013aecb3', 'i-014806f9adc7472b6', 'i-0539a87ad6af3e859', 'i-033765a1b27fe3e1b', 'i-0b626079f346a1d8e', 'i-0a4a52f8f18a634ce', 'i-073b7a6660b62bbf5', 'i-08198fe850a682b8a', 'i-0f02fe3669104c128', 'i-0588c047099b7b013', 'i-0e548d85caa1e8d34', 'i-0daf9eb58952e8c9a', 'i-0e17e8dff6f7e6c75', 'i-073d789ffa9e8ec35', 'i-039b3a3b363f5eb15', 'i-08c4baa5236789c8b', 'i-05bd323a641090c09', 'i-003fa20ad198a8b4a', 'i-05d9ea885ce9613ba', 'i-088020fb233c01238', 'i-0e4ec1e0547a70995', 'i-0604f9ca6363ee7c1', 'i-0721f487893f0c1df', 'i-08301a93bcac14302', 'i-02b6cfa6c66be8c8f', 'i-06cf5db972ebc827a', 'i-04501c5e73f411492', 'i-0d7148c0e38114a6d', 'i-0bce9940aa4f44a90', 'i-0083ddc8578fc498e', 'i-08e1b86993b8f9fa2', 'i-0d91fb05630c166e3', 'i-056356eb070760c21', 'i-08cab28a8afe0d32e', 'i-09ea9501b90af399a', 'i-06d0b7a762cdaef71', 'i-053f1e99524d61b5f', 'i-0fc69622394f92c67', 'i-0f67c5e095da66bfe', 'i-0a0b2d9141456bf70', 'i-054e35dd58df0e47b', 'i-0d7584fa91ea8dcc3', 'i-0d58f0f9b5ef2c67f', 'i-02367c6bd03fb1629', 'i-060cce5f7adf5d0fb', 'i-00f4d95997d2cb687', 'i-0fd8d23bd722d68ae', 'i-0495efa1dbf8f5301', 'i-0c1e5c3d870a26fc5', 'i-077f6704586888b69', 'i-0f8f05f1a1e7a9fc8', 'i-02a318202684eb4e3', 'i-028b88e63d34f1912', 'i-0adf8b80d11d50e0b', 'i-00d33edc6738a35fa', 'i-0c1f1167f0c07c2c2', 'i-078fb1fdffeddda7f', 'i-065c464a9b3b09098', 'i-0bf0bc10fc7e50edd', 'i-082c58423ad645607', 'i-0c851be8a433e859f', 'i-049e4dda2626e29e7', 'i-0e1a2e93e389da128', 'i-07791c3dba736ae0b', 'i-07fb38d91aedb93f1', 'i-0100787fd1ab0b650', 'i-087841e57d751fc4a', 'i-050534cf2b7e51d47', 'i-05db67c583a72cf14', 'i-02d95646ba981537f', 'i-0d2ebc64cea04766b', 'i-0914466d9107bf0d3', 'i-041d700f9d6f16dd7', 'i-024bf5f4d11a23f79']
2025-06-20 20:13:37 - INFO - Tempo que levou para as máquinas estarem running: 93.808051 segundos
2025-06-20 20:13:37 - INFO - Tempo que levou para criar o Fleet com 200 instâncias: 111.686718 segundos
2025-06-20 20:13:37 - INFO - 200 instâncias no total. Iniciando benchmark em paralelo...
2025-06-20 20:13:37 - INFO - Found credentials in shared credentials file: ~/.aws/credentials
2025-06-20 20:13:37 - INFO - Found credentials in shared credentials file: ~/.aws/credentials
2025-06-20 20:13:37 - INFO - Found credentials in shared credentials file: ~/.aws/credentials
2025-06-20 20:13:37 - INFO - Found credentials in shared credentials file: ~/.aws/credentials
2025-06-20 20:13:37 - INFO - Found credentials in shared credentials file: ~/.aws/credentials
2025-06-20 20:13:37 - INFO - Found credentials in shared credentials file: ~/.aws/credentials
2025-06-20 20:13:37 - INFO - Found credentials in shared credentials file: ~/.aws/credentials
2025-06-20 20:13:37 - INFO - Found credentials in shared credentials file: ~/.aws/credentials
2025-06-20 20:13:37 - INFO - Found credentials in shared credentials file: ~/.aws/credentials
2025-06-20 20:13:37 - INFO - Found credentials in shared credentials file: ~/.aws/credentials
2025-06-20 20:13:37 - INFO - Found credentials in shared credentials file: ~/.aws/credentials
2025-06-20 20:13:38 - INFO - Found credentials in shared credentials file: ~/.aws/credentials
2025-06-20 20:13:38 - INFO - Found credentials in shared credentials file: ~/.aws/credentials
2025-06-20 20:13:38 - INFO - Found credentials in shared credentials file: ~/.aws/credentials
2025-06-20 20:13:38 - INFO - Found credentials in shared credentials file: ~/.aws/credentials
2025-06-20 20:13:38 - INFO - Found credentials in shared credentials file: ~/.aws/credentials
2025-06-20 20:13:38 - INFO - Found credentials in shared credentials file: ~/.aws/credentials
2025-06-20 20:13:38 - INFO - Found credentials in shared credentials file: ~/.aws/credentials
2025-06-20 20:13:38 - INFO - Found credentials in shared credentials file: ~/.aws/credentials
2025-06-20 20:13:38 - INFO - Found credentials in shared credentials file: ~/.aws/credentials
2025-06-20 20:13:38 - INFO - Found credentials in shared credentials file: ~/.aws/credentials
2025-06-20 20:13:38 - INFO - Found credentials in shared credentials file: ~/.aws/credentials
2025-06-20 20:13:38 - INFO - Found credentials in shared credentials file: ~/.aws/credentials
2025-06-20 20:13:38 - INFO - Found credentials in shared credentials file: ~/.aws/credentials
2025-06-20 20:13:39 - INFO - Found credentials in shared credentials file: ~/.aws/credentials
2025-06-20 20:13:39 - INFO - Found credentials in shared credentials file: ~/.aws/credentials
2025-06-20 20:13:39 - INFO - Found credentials in shared credentials file: ~/.aws/credentials
2025-06-20 20:13:39 - INFO - Found credentials in shared credentials file: ~/.aws/credentials
2025-06-20 20:13:39 - INFO - Found credentials in shared credentials file: ~/.aws/credentials
2025-06-20 20:13:39 - INFO - Found credentials in shared credentials file: ~/.aws/credentials
2025-06-20 20:13:39 - INFO - Found credentials in shared credentials file: ~/.aws/credentials
2025-06-20 20:13:39 - INFO - Found credentials in shared credentials file: ~/.aws/credentials
2025-06-20 20:13:39 - INFO - Found credentials in shared credentials file: ~/.aws/credentials
2025-06-20 20:13:40 - INFO - Found credentials in shared credentials file: ~/.aws/credentials
2025-06-20 20:13:40 - INFO - Found credentials in shared credentials file: ~/.aws/credentials
2025-06-20 20:13:40 - INFO - Found credentials in shared credentials file: ~/.aws/credentials
2025-06-20 20:13:40 - INFO - Found credentials in shared credentials file: ~/.aws/credentials
2025-06-20 20:13:40 - INFO - Found credentials in shared credentials file: ~/.aws/credentials
2025-06-20 20:13:40 - INFO - Found credentials in shared credentials file: ~/.aws/credentials
2025-06-20 20:13:40 - INFO - Found credentials in shared credentials file: ~/.aws/credentials
2025-06-20 20:13:40 - INFO - Found credentials in shared credentials file: ~/.aws/credentials
2025-06-20 20:13:40 - INFO - Found credentials in shared credentials file: ~/.aws/credentials
2025-06-20 20:13:40 - INFO - Found credentials in shared credentials file: ~/.aws/credentials
2025-06-20 20:13:40 - INFO - Found credentials in shared credentials file: ~/.aws/credentials
2025-06-20 20:13:40 - INFO - Found credentials in shared credentials file: ~/.aws/credentials
2025-06-20 20:13:40 - INFO - Found credentials in shared credentials file: ~/.aws/credentials
2025-06-20 20:13:41 - INFO - Found credentials in shared credentials file: ~/.aws/credentials
2025-06-20 20:13:41 - INFO - Found credentials in shared credentials file: ~/.aws/credentials
2025-06-20 20:13:41 - INFO - Found credentials in shared credentials file: ~/.aws/credentials
2025-06-20 20:13:41 - INFO - Found credentials in shared credentials file: ~/.aws/credentials
2025-06-20 20:13:41 - INFO - Found credentials in shared credentials file: ~/.aws/credentials
2025-06-20 20:13:41 - INFO - Found credentials in shared credentials file: ~/.aws/credentials
2025-06-20 20:13:41 - INFO - Found credentials in shared credentials file: ~/.aws/credentials
2025-06-20 20:13:41 - INFO - Found credentials in shared credentials file: ~/.aws/credentials
2025-06-20 20:13:41 - INFO - Found credentials in shared credentials file: ~/.aws/credentials
2025-06-20 20:13:41 - INFO - Found credentials in shared credentials file: ~/.aws/credentials
2025-06-20 20:13:42 - INFO - Found credentials in shared credentials file: ~/.aws/credentials
2025-06-20 20:13:42 - INFO - Found credentials in shared credentials file: ~/.aws/credentials
2025-06-20 20:13:42 - INFO - Found credentials in shared credentials file: ~/.aws/credentials
2025-06-20 20:13:42 - INFO - Found credentials in shared credentials file: ~/.aws/credentials
2025-06-20 20:13:42 - INFO - Found credentials in shared credentials file: ~/.aws/credentials
2025-06-20 20:13:42 - INFO - Found credentials in shared credentials file: ~/.aws/credentials
2025-06-20 20:13:42 - INFO - Found credentials in shared credentials file: ~/.aws/credentials
2025-06-20 20:13:42 - INFO - Found credentials in shared credentials file: ~/.aws/credentials
2025-06-20 20:13:42 - INFO - Found credentials in shared credentials file: ~/.aws/credentials
2025-06-20 20:13:42 - INFO - Found credentials in shared credentials file: ~/.aws/credentials
2025-06-20 20:13:42 - INFO - Found credentials in shared credentials file: ~/.aws/credentials
2025-06-20 20:13:43 - INFO - Found credentials in shared credentials file: ~/.aws/credentials
2025-06-20 20:13:43 - INFO - Found credentials in shared credentials file: ~/.aws/credentials
2025-06-20 20:13:43 - INFO - Found credentials in shared credentials file: ~/.aws/credentials
2025-06-20 20:13:43 - INFO - Found credentials in shared credentials file: ~/.aws/credentials
2025-06-20 20:13:43 - INFO - Found credentials in shared credentials file: ~/.aws/credentials
2025-06-20 20:13:43 - INFO - Found credentials in shared credentials file: ~/.aws/credentials
2025-06-20 20:13:43 - INFO - Found credentials in shared credentials file: ~/.aws/credentials
2025-06-20 20:13:43 - INFO - Found credentials in shared credentials file: ~/.aws/credentials
2025-06-20 20:13:43 - INFO - Found credentials in shared credentials file: ~/.aws/credentials
2025-06-20 20:13:44 - INFO - Found credentials in shared credentials file: ~/.aws/credentials
2025-06-20 20:13:44 - INFO - Found credentials in shared credentials file: ~/.aws/credentials
2025-06-20 20:13:44 - INFO - Found credentials in shared credentials file: ~/.aws/credentials
2025-06-20 20:13:44 - INFO - Found credentials in shared credentials file: ~/.aws/credentials
2025-06-20 20:13:44 - INFO - Found credentials in shared credentials file: ~/.aws/credentials
2025-06-20 20:13:44 - INFO - Found credentials in shared credentials file: ~/.aws/credentials
2025-06-20 20:13:44 - INFO - Found credentials in shared credentials file: ~/.aws/credentials
2025-06-20 20:13:44 - INFO - Found credentials in shared credentials file: ~/.aws/credentials
2025-06-20 20:13:44 - INFO - Found credentials in shared credentials file: ~/.aws/credentials
2025-06-20 20:13:44 - INFO - Found credentials in shared credentials file: ~/.aws/credentials
2025-06-20 20:13:44 - INFO - Found credentials in shared credentials file: ~/.aws/credentials
2025-06-20 20:13:44 - INFO - Found credentials in shared credentials file: ~/.aws/credentials
2025-06-20 20:13:44 - INFO - Found credentials in shared credentials file: ~/.aws/credentials
2025-06-20 20:13:44 - INFO - Found credentials in shared credentials file: ~/.aws/credentials
2025-06-20 20:13:44 - INFO - Found credentials in shared credentials file: ~/.aws/credentials
2025-06-20 20:13:44 - INFO - Found credentials in shared credentials file: ~/.aws/credentials
2025-06-20 20:13:44 - INFO - Found credentials in shared credentials file: ~/.aws/credentials
2025-06-20 20:13:44 - INFO - Found credentials in shared credentials file: ~/.aws/credentials
2025-06-20 20:13:44 - INFO - Found credentials in shared credentials file: ~/.aws/credentials
2025-06-20 20:13:44 - INFO - Found credentials in shared credentials file: ~/.aws/credentials
2025-06-20 20:13:45 - INFO - Found credentials in shared credentials file: ~/.aws/credentials
2025-06-20 20:13:45 - INFO - Found credentials in shared credentials file: ~/.aws/credentials
2025-06-20 20:13:45 - INFO - Found credentials in shared credentials file: ~/.aws/credentials
2025-06-20 20:13:45 - INFO - Found credentials in shared credentials file: ~/.aws/credentials
2025-06-20 20:13:45 - INFO - Found credentials in shared credentials file: ~/.aws/credentials
2025-06-20 20:13:45 - INFO - Found credentials in shared credentials file: ~/.aws/credentials
2025-06-20 20:13:45 - INFO - Found credentials in shared credentials file: ~/.aws/credentials
2025-06-20 20:13:45 - INFO - Found credentials in shared credentials file: ~/.aws/credentials
2025-06-20 20:13:45 - INFO - Found credentials in shared credentials file: ~/.aws/credentials
2025-06-20 20:13:45 - INFO - Found credentials in shared credentials file: ~/.aws/credentials
2025-06-20 20:13:46 - INFO - Found credentials in shared credentials file: ~/.aws/credentials
2025-06-20 20:13:46 - INFO - Found credentials in shared credentials file: ~/.aws/credentials
2025-06-20 20:13:46 - INFO - Found credentials in shared credentials file: ~/.aws/credentials
2025-06-20 20:13:46 - INFO - Found credentials in shared credentials file: ~/.aws/credentials
2025-06-20 20:13:46 - INFO - Found credentials in shared credentials file: ~/.aws/credentials
2025-06-20 20:13:46 - INFO - Found credentials in shared credentials file: ~/.aws/credentials
2025-06-20 20:13:46 - INFO - Found credentials in shared credentials file: ~/.aws/credentials
2025-06-20 20:13:46 - INFO - Found credentials in shared credentials file: ~/.aws/credentials
2025-06-20 20:13:46 - INFO - Found credentials in shared credentials file: ~/.aws/credentials
2025-06-20 20:13:46 - INFO - Found credentials in shared credentials file: ~/.aws/credentials
2025-06-20 20:13:47 - INFO - Found credentials in shared credentials file: ~/.aws/credentials
2025-06-20 20:13:47 - INFO - Found credentials in shared credentials file: ~/.aws/credentials
2025-06-20 20:13:47 - INFO - Found credentials in shared credentials file: ~/.aws/credentials
2025-06-20 20:13:47 - INFO - Found credentials in shared credentials file: ~/.aws/credentials
2025-06-20 20:13:47 - INFO - Found credentials in shared credentials file: ~/.aws/credentials
2025-06-20 20:13:47 - INFO - Found credentials in shared credentials file: ~/.aws/credentials
2025-06-20 20:13:47 - INFO - Found credentials in shared credentials file: ~/.aws/credentials
2025-06-20 20:13:47 - INFO - Found credentials in shared credentials file: ~/.aws/credentials
2025-06-20 20:13:47 - INFO - Found credentials in shared credentials file: ~/.aws/credentials
2025-06-20 20:13:47 - INFO - Found credentials in shared credentials file: ~/.aws/credentials
2025-06-20 20:13:47 - INFO - Found credentials in shared credentials file: ~/.aws/credentials
2025-06-20 20:13:47 - INFO - Found credentials in shared credentials file: ~/.aws/credentials
2025-06-20 20:13:47 - INFO - Found credentials in shared credentials file: ~/.aws/credentials
2025-06-20 20:13:49 - INFO - Found credentials in shared credentials file: ~/.aws/credentials
2025-06-20 20:13:49 - INFO - Found credentials in shared credentials file: ~/.aws/credentials
2025-06-20 20:13:49 - INFO - Found credentials in shared credentials file: ~/.aws/credentials
2025-06-20 20:13:49 - INFO - Found credentials in shared credentials file: ~/.aws/credentials
2025-06-20 20:13:49 - INFO - Found credentials in shared credentials file: ~/.aws/credentials
2025-06-20 20:13:49 - INFO - Found credentials in shared credentials file: ~/.aws/credentials
2025-06-20 20:13:49 - INFO - Found credentials in shared credentials file: ~/.aws/credentials
2025-06-20 20:13:49 - INFO - Found credentials in shared credentials file: ~/.aws/credentials
2025-06-20 20:13:49 - INFO - Found credentials in shared credentials file: ~/.aws/credentials
2025-06-20 20:13:49 - INFO - Found credentials in shared credentials file: ~/.aws/credentials
2025-06-20 20:13:49 - INFO - Found credentials in shared credentials file: ~/.aws/credentials
2025-06-20 20:13:49 - INFO - Found credentials in shared credentials file: ~/.aws/credentials
2025-06-20 20:13:49 - INFO - Found credentials in shared credentials file: ~/.aws/credentials
2025-06-20 20:13:49 - INFO - Found credentials in shared credentials file: ~/.aws/credentials
2025-06-20 20:13:49 - INFO - Found credentials in shared credentials file: ~/.aws/credentials
2025-06-20 20:13:49 - INFO - Found credentials in shared credentials file: ~/.aws/credentials
2025-06-20 20:13:49 - INFO - Found credentials in shared credentials file: ~/.aws/credentials
2025-06-20 20:13:49 - INFO - Found credentials in shared credentials file: ~/.aws/credentials
2025-06-20 20:13:49 - INFO - Found credentials in shared credentials file: ~/.aws/credentials
2025-06-20 20:13:49 - INFO - Found credentials in shared credentials file: ~/.aws/credentials
2025-06-20 20:13:49 - INFO - Found credentials in shared credentials file: ~/.aws/credentials
2025-06-20 20:13:49 - INFO - Found credentials in shared credentials file: ~/.aws/credentials
2025-06-20 20:13:49 - INFO - Found credentials in shared credentials file: ~/.aws/credentials
2025-06-20 20:13:49 - INFO - Found credentials in shared credentials file: ~/.aws/credentials
2025-06-20 20:13:49 - INFO - Found credentials in shared credentials file: ~/.aws/credentials
2025-06-20 20:13:49 - INFO - Found credentials in shared credentials file: ~/.aws/credentials
2025-06-20 20:13:50 - INFO - Found credentials in shared credentials file: ~/.aws/credentials
2025-06-20 20:13:50 - INFO - Found credentials in shared credentials file: ~/.aws/credentials
2025-06-20 20:13:50 - INFO - Found credentials in shared credentials file: ~/.aws/credentials
2025-06-20 20:13:50 - INFO - Found credentials in shared credentials file: ~/.aws/credentials
2025-06-20 20:13:50 - INFO - Found credentials in shared credentials file: ~/.aws/credentials
2025-06-20 20:13:50 - INFO - Found credentials in shared credentials file: ~/.aws/credentials
2025-06-20 20:13:50 - INFO - Found credentials in shared credentials file: ~/.aws/credentials
2025-06-20 20:13:50 - INFO - Found credentials in shared credentials file: ~/.aws/credentials
2025-06-20 20:13:50 - INFO - Found credentials in shared credentials file: ~/.aws/credentials
2025-06-20 20:13:50 - INFO - Found credentials in shared credentials file: ~/.aws/credentials
2025-06-20 20:13:50 - INFO - Found credentials in shared credentials file: ~/.aws/credentials
2025-06-20 20:13:50 - INFO - Found credentials in shared credentials file: ~/.aws/credentials
2025-06-20 20:13:50 - INFO - Found credentials in shared credentials file: ~/.aws/credentials
2025-06-20 20:13:50 - INFO - Found credentials in shared credentials file: ~/.aws/credentials
2025-06-20 20:13:50 - INFO - Found credentials in shared credentials file: ~/.aws/credentials
2025-06-20 20:13:50 - INFO - Found credentials in shared credentials file: ~/.aws/credentials
2025-06-20 20:13:52 - INFO - Found credentials in shared credentials file: ~/.aws/credentials
2025-06-20 20:13:52 - INFO - Found credentials in shared credentials file: ~/.aws/credentials
2025-06-20 20:13:52 - INFO - Found credentials in shared credentials file: ~/.aws/credentials
2025-06-20 20:13:52 - INFO - Found credentials in shared credentials file: ~/.aws/credentials
2025-06-20 20:13:52 - INFO - Found credentials in shared credentials file: ~/.aws/credentials
2025-06-20 20:13:52 - INFO - Found credentials in shared credentials file: ~/.aws/credentials
2025-06-20 20:13:52 - INFO - Found credentials in shared credentials file: ~/.aws/credentials
2025-06-20 20:13:52 - INFO - Found credentials in shared credentials file: ~/.aws/credentials
2025-06-20 20:13:52 - INFO - Found credentials in shared credentials file: ~/.aws/credentials
2025-06-20 20:13:52 - INFO - Found credentials in shared credentials file: ~/.aws/credentials
2025-06-20 20:13:52 - INFO - Found credentials in shared credentials file: ~/.aws/credentials
2025-06-20 20:13:52 - INFO - Found credentials in shared credentials file: ~/.aws/credentials
2025-06-20 20:13:52 - INFO - Found credentials in shared credentials file: ~/.aws/credentials
2025-06-20 20:13:52 - INFO - Found credentials in shared credentials file: ~/.aws/credentials
2025-06-20 20:13:52 - INFO - Found credentials in shared credentials file: ~/.aws/credentials
2025-06-20 20:13:52 - INFO - Found credentials in shared credentials file: ~/.aws/credentials
2025-06-20 20:13:52 - INFO - Found credentials in shared credentials file: ~/.aws/credentials
2025-06-20 20:13:52 - INFO - Found credentials in shared credentials file: ~/.aws/credentials
2025-06-20 20:13:52 - INFO - Found credentials in shared credentials file: ~/.aws/credentials
2025-06-20 20:13:52 - INFO - Found credentials in shared credentials file: ~/.aws/credentials
2025-06-20 20:13:52 - INFO - Found credentials in shared credentials file: ~/.aws/credentials
2025-06-20 20:13:53 - INFO - Found credentials in shared credentials file: ~/.aws/credentials
2025-06-20 20:13:53 - INFO - Found credentials in shared credentials file: ~/.aws/credentials
2025-06-20 20:13:53 - INFO - Found credentials in shared credentials file: ~/.aws/credentials
2025-06-20 20:13:53 - INFO - Found credentials in shared credentials file: ~/.aws/credentials
2025-06-20 20:13:53 - INFO - Found credentials in shared credentials file: ~/.aws/credentials
2025-06-20 20:13:53 - INFO - Found credentials in shared credentials file: ~/.aws/credentials
2025-06-20 20:13:53 - INFO - Found credentials in shared credentials file: ~/.aws/credentials
2025-06-20 20:13:53 - INFO - Found credentials in shared credentials file: ~/.aws/credentials
2025-06-20 20:14:35 - INFO - c5.24xlarge - 0.715700 - us-east-1b
2025-06-20 20:14:35 - INFO - c5.24xlarge - 0.715700 - us-east-1b
2025-06-20 20:14:35 - INFO - Updating file: results/results_lucas_us-east-1.csv
2025-06-20 20:14:35 - INFO - c5.24xlarge - 0.715700 - us-east-1b
2025-06-20 20:14:35 - INFO - c5.24xlarge - 0.715700 - us-east-1b
2025-06-20 20:14:35 - INFO - c5.24xlarge - 0.715700 - us-east-1b
2025-06-20 20:14:35 - INFO - c5.24xlarge - 0.715700 - us-east-1b
2025-06-20 20:14:35 - INFO - c5.24xlarge - 0.715700 - us-east-1b
2025-06-20 20:14:35 - INFO - c5.24xlarge - 0.715700 - us-east-1b
2025-06-20 20:14:35 - INFO - c5.24xlarge - 0.715700 - us-east-1b
2025-06-20 20:14:35 - INFO - Updating file: results/results_lucas_us-east-1.csv
2025-06-20 20:14:35 - INFO - c5.24xlarge - 0.715700 - us-east-1b
2025-06-20 20:14:35 - INFO - c5.24xlarge - 0.715700 - us-east-1b
2025-06-20 20:14:35 - INFO - c5.24xlarge - 0.715700 - us-east-1b
2025-06-20 20:14:35 - INFO - c5.24xlarge - 0.715700 - us-east-1b
2025-06-20 20:14:35 - INFO - c5.24xlarge - 0.715700 - us-east-1b
2025-06-20 20:14:35 - INFO - c5.24xlarge - 0.715700 - us-east-1b
2025-06-20 20:14:35 - INFO - c5.24xlarge - 0.715700 - us-east-1b
2025-06-20 20:14:35 - INFO - c5.24xlarge - 0.715700 - us-east-1b
2025-06-20 20:14:35 - INFO - c5.24xlarge - 0.715700 - us-east-1b
2025-06-20 20:14:35 - INFO - c5.24xlarge - 0.715700 - us-east-1b
2025-06-20 20:14:35 - INFO - Updating file: results/results_lucas_us-east-1.csv
2025-06-20 20:14:35 - INFO - c5.24xlarge - 0.715700 - us-east-1b
2025-06-20 20:14:35 - INFO - c5.24xlarge - 0.715700 - us-east-1b
2025-06-20 20:14:35 - INFO - c5.24xlarge - 0.715700 - us-east-1b
2025-06-20 20:14:35 - INFO - c5.24xlarge - 0.715700 - us-east-1b
2025-06-20 20:14:35 - INFO - c5.24xlarge - 0.715700 - us-east-1b
2025-06-20 20:14:35 - INFO - c5.24xlarge - 0.715700 - us-east-1b
2025-06-20 20:14:35 - INFO - c5.24xlarge - 0.715700 - us-east-1b
2025-06-20 20:14:35 - INFO - c5.24xlarge - 0.715700 - us-east-1b
2025-06-20 20:14:35 - INFO - c5.24xlarge - 0.715700 - us-east-1b
2025-06-20 20:14:35 - INFO - c5.24xlarge - 0.715700 - us-east-1b
2025-06-20 20:14:35 - INFO - c5.24xlarge - 0.715700 - us-east-1b
2025-06-20 20:14:35 - INFO - c5.24xlarge - 0.715700 - us-east-1b
2025-06-20 20:14:35 - INFO - c5.24xlarge - 0.715700 - us-east-1b
2025-06-20 20:14:35 - INFO - Updating file: results/results_lucas_us-east-1.csv
2025-06-20 20:14:36 - INFO - c5.24xlarge - 0.715700 - us-east-1b
2025-06-20 20:14:36 - INFO - c5.24xlarge - 0.715700 - us-east-1b
2025-06-20 20:14:36 - INFO - c5.24xlarge - 0.715700 - us-east-1b
2025-06-20 20:14:36 - INFO - c5.24xlarge - 0.715700 - us-east-1b
2025-06-20 20:14:36 - INFO - c5.24xlarge - 0.715700 - us-east-1b
2025-06-20 20:14:36 - INFO - c5.24xlarge - 0.715700 - us-east-1b
2025-06-20 20:14:36 - INFO - c5.24xlarge - 0.715700 - us-east-1b
2025-06-20 20:14:36 - INFO - c5.24xlarge - 0.715700 - us-east-1b
2025-06-20 20:14:36 - INFO - c5.24xlarge - 0.715700 - us-east-1b
2025-06-20 20:14:36 - INFO - c5.24xlarge - 0.715700 - us-east-1b
2025-06-20 20:14:36 - INFO - c5.24xlarge - 0.715700 - us-east-1b
2025-06-20 20:14:36 - INFO - Updating file: results/results_lucas_us-east-1.csv
2025-06-20 20:14:36 - INFO - c5.24xlarge - 0.715700 - us-east-1b
2025-06-20 20:14:36 - INFO - c5.24xlarge - 0.715700 - us-east-1b
2025-06-20 20:14:36 - INFO - c5.24xlarge - 0.715700 - us-east-1b
2025-06-20 20:14:36 - INFO - c5.24xlarge - 0.715700 - us-east-1b
2025-06-20 20:14:36 - INFO - c5.24xlarge - 0.715700 - us-east-1b
2025-06-20 20:14:36 - INFO - c5.24xlarge - 0.715700 - us-east-1b
2025-06-20 20:14:36 - INFO - c5.24xlarge - 0.715700 - us-east-1b
2025-06-20 20:14:36 - INFO - c5.24xlarge - 0.715700 - us-east-1b
2025-06-20 20:14:36 - INFO - c5.24xlarge - 0.715700 - us-east-1b
2025-06-20 20:14:36 - INFO - c5.24xlarge - 0.715700 - us-east-1b
2025-06-20 20:14:36 - INFO - c5.24xlarge - 0.715700 - us-east-1b
2025-06-20 20:14:36 - INFO - c5.24xlarge - 0.715700 - us-east-1b
2025-06-20 20:14:36 - INFO - c5.24xlarge - 0.715700 - us-east-1b
2025-06-20 20:14:36 - INFO - c5.24xlarge - 0.715700 - us-east-1b
2025-06-20 20:14:36 - INFO - c5.24xlarge - 0.715700 - us-east-1b
2025-06-20 20:14:36 - INFO - Updating file: results/results_lucas_us-east-1.csv
2025-06-20 20:14:36 - INFO - c5.24xlarge - 0.715700 - us-east-1b
2025-06-20 20:14:36 - INFO - c5.24xlarge - 0.715700 - us-east-1b
2025-06-20 20:14:36 - INFO - c5.24xlarge - 0.715700 - us-east-1b
2025-06-20 20:14:36 - INFO - c5.24xlarge - 0.715700 - us-east-1b
2025-06-20 20:14:36 - INFO - c5.24xlarge - 0.715700 - us-east-1b
2025-06-20 20:14:36 - INFO - c5.24xlarge - 0.715700 - us-east-1b
2025-06-20 20:14:36 - INFO - c5.24xlarge - 0.715700 - us-east-1b
2025-06-20 20:14:36 - INFO - c5.24xlarge - 0.715700 - us-east-1b
2025-06-20 20:14:36 - INFO - c5.24xlarge - 0.715700 - us-east-1b
2025-06-20 20:14:36 - INFO - c5.24xlarge - 0.715700 - us-east-1b
2025-06-20 20:14:36 - INFO - c5.24xlarge - 0.715700 - us-east-1b
2025-06-20 20:14:36 - INFO - c5.24xlarge - 0.715700 - us-east-1b
2025-06-20 20:14:36 - INFO - c5.24xlarge - 0.715700 - us-east-1b
2025-06-20 20:14:36 - INFO - c5.24xlarge - 0.715700 - us-east-1b
2025-06-20 20:14:36 - INFO - c5.24xlarge - 0.715700 - us-east-1b
2025-06-20 20:14:36 - INFO - c5.24xlarge - 0.715700 - us-east-1b
2025-06-20 20:14:36 - INFO - Updating file: results/results_lucas_us-east-1.csv
2025-06-20 20:14:36 - INFO - c5.24xlarge - 0.715700 - us-east-1b
2025-06-20 20:14:36 - INFO - c5.24xlarge - 0.715700 - us-east-1b
2025-06-20 20:14:37 - INFO - c5.24xlarge - 0.715700 - us-east-1b
2025-06-20 20:14:37 - INFO - c5.24xlarge - 0.715700 - us-east-1b
2025-06-20 20:14:37 - INFO - c5.24xlarge - 0.715700 - us-east-1b
2025-06-20 20:14:37 - INFO - c5.24xlarge - 0.715700 - us-east-1b
2025-06-20 20:14:37 - INFO - c5.24xlarge - 0.715700 - us-east-1b
2025-06-20 20:14:37 - INFO - c5.24xlarge - 0.715700 - us-east-1b
2025-06-20 20:14:37 - INFO - c5.24xlarge - 0.715700 - us-east-1b
2025-06-20 20:14:37 - INFO - c5.24xlarge - 0.715700 - us-east-1b
2025-06-20 20:14:37 - INFO - c5.24xlarge - 0.715700 - us-east-1b
2025-06-20 20:14:37 - INFO - c5.24xlarge - 0.715700 - us-east-1b
2025-06-20 20:14:37 - INFO - c5.24xlarge - 0.715700 - us-east-1b
2025-06-20 20:14:37 - INFO - Updating file: results/results_lucas_us-east-1.csv
2025-06-20 20:14:37 - INFO - c5.24xlarge - 0.715700 - us-east-1b
2025-06-20 20:14:37 - INFO - c5.24xlarge - 0.715700 - us-east-1b
2025-06-20 20:14:37 - INFO - c5.24xlarge - 0.715700 - us-east-1b
2025-06-20 20:14:37 - INFO - c5.24xlarge - 0.715700 - us-east-1b
2025-06-20 20:14:37 - INFO - c5.24xlarge - 0.715700 - us-east-1b
2025-06-20 20:14:37 - INFO - c5.24xlarge - 0.715700 - us-east-1b
2025-06-20 20:14:37 - INFO - c5.24xlarge - 0.715700 - us-east-1b
2025-06-20 20:14:37 - INFO - c5.24xlarge - 0.715700 - us-east-1b
2025-06-20 20:14:37 - INFO - c5.24xlarge - 0.715700 - us-east-1b
2025-06-20 20:14:37 - INFO - c5.24xlarge - 0.715700 - us-east-1b
2025-06-20 20:14:37 - INFO - c5.24xlarge - 0.715700 - us-east-1b
2025-06-20 20:14:37 - INFO - c5.24xlarge - 0.715700 - us-east-1b
2025-06-20 20:14:37 - INFO - c5.24xlarge - 0.715700 - us-east-1b
2025-06-20 20:14:37 - INFO - c5.24xlarge - 0.715700 - us-east-1b
2025-06-20 20:14:37 - INFO - c5.24xlarge - 0.715700 - us-east-1b
2025-06-20 20:14:37 - INFO - c5.24xlarge - 0.715700 - us-east-1b
2025-06-20 20:14:37 - INFO - c5.24xlarge - 0.715700 - us-east-1b
2025-06-20 20:14:37 - INFO - c5.24xlarge - 0.715700 - us-east-1b
2025-06-20 20:14:37 - INFO - Updating file: results/results_lucas_us-east-1.csv
2025-06-20 20:14:37 - INFO - c5.24xlarge - 0.715700 - us-east-1b
2025-06-20 20:14:37 - INFO - c5.24xlarge - 0.715700 - us-east-1b
2025-06-20 20:14:37 - INFO - c5.24xlarge - 0.715700 - us-east-1b
2025-06-20 20:14:37 - INFO - c5.24xlarge - 0.715700 - us-east-1b
2025-06-20 20:14:37 - INFO - c5.24xlarge - 0.715700 - us-east-1b
2025-06-20 20:14:37 - INFO - c5.24xlarge - 0.715700 - us-east-1b
2025-06-20 20:14:37 - INFO - c5.24xlarge - 0.715700 - us-east-1b
2025-06-20 20:14:37 - INFO - c5.24xlarge - 0.715700 - us-east-1b
2025-06-20 20:14:37 - INFO - c5.24xlarge - 0.715700 - us-east-1b
2025-06-20 20:14:37 - INFO - c5.24xlarge - 0.715700 - us-east-1b
2025-06-20 20:14:37 - INFO - c5.24xlarge - 0.715700 - us-east-1b
2025-06-20 20:14:37 - INFO - c5.24xlarge - 0.715700 - us-east-1b
2025-06-20 20:14:37 - INFO - c5.24xlarge - 0.715700 - us-east-1b
2025-06-20 20:14:37 - INFO - c5.24xlarge - 0.715700 - us-east-1b
2025-06-20 20:14:37 - INFO - c5.24xlarge - 0.715700 - us-east-1b
2025-06-20 20:14:37 - INFO - Updating file: results/results_lucas_us-east-1.csv
2025-06-20 20:14:37 - INFO - c5.24xlarge - 0.715700 - us-east-1b
2025-06-20 20:14:37 - INFO - c5.24xlarge - 0.715700 - us-east-1b
2025-06-20 20:14:37 - INFO - c5.24xlarge - 0.715700 - us-east-1b
2025-06-20 20:14:37 - INFO - c5.24xlarge - 0.715700 - us-east-1b
2025-06-20 20:14:37 - INFO - c5.24xlarge - 0.715700 - us-east-1b
2025-06-20 20:14:38 - INFO - c5.24xlarge - 0.715700 - us-east-1b
2025-06-20 20:14:38 - INFO - c5.24xlarge - 0.715700 - us-east-1b
2025-06-20 20:14:38 - INFO - c5.24xlarge - 0.715700 - us-east-1b
2025-06-20 20:14:38 - INFO - c5.24xlarge - 0.715700 - us-east-1b
2025-06-20 20:14:38 - INFO - c5.24xlarge - 0.715700 - us-east-1b
2025-06-20 20:14:38 - INFO - c5.24xlarge - 0.715700 - us-east-1b
2025-06-20 20:14:38 - INFO - c5.24xlarge - 0.715700 - us-east-1b
2025-06-20 20:14:38 - INFO - c5.24xlarge - 0.715700 - us-east-1b
2025-06-20 20:14:38 - INFO - Updating file: results/results_lucas_us-east-1.csv
2025-06-20 20:14:38 - INFO - c5.24xlarge - 0.715700 - us-east-1b
2025-06-20 20:14:38 - INFO - c5.24xlarge - 0.715700 - us-east-1b
2025-06-20 20:14:38 - INFO - c5.24xlarge - 0.715700 - us-east-1b
2025-06-20 20:14:38 - INFO - c5.24xlarge - 0.715700 - us-east-1b
2025-06-20 20:14:38 - INFO - Updating file: results/results_lucas_us-east-1.csv
2025-06-20 20:14:38 - INFO - c5.24xlarge - 0.715700 - us-east-1b
2025-06-20 20:14:38 - INFO - c5.24xlarge - 0.715700 - us-east-1b
2025-06-20 20:14:38 - INFO - c5.24xlarge - 0.715700 - us-east-1b
2025-06-20 20:14:38 - INFO - c5.24xlarge - 0.715700 - us-east-1b
2025-06-20 20:14:38 - INFO - c5.24xlarge - 0.715700 - us-east-1b
2025-06-20 20:14:38 - INFO - Updating file: results/results_lucas_us-east-1.csv
2025-06-20 20:14:38 - INFO - c5.24xlarge - 0.715700 - us-east-1b
2025-06-20 20:14:38 - INFO - c5.24xlarge - 0.715700 - us-east-1b
2025-06-20 20:14:38 - INFO - c5.24xlarge - 0.715700 - us-east-1b
2025-06-20 20:14:38 - INFO - Updating file: results/results_lucas_us-east-1.csv
2025-06-20 20:14:38 - INFO - c5.24xlarge - 0.715700 - us-east-1b
2025-06-20 20:14:38 - INFO - c5.24xlarge - 0.715700 - us-east-1b
2025-06-20 20:14:38 - INFO - Updating file: results/results_lucas_us-east-1.csv
2025-06-20 20:14:38 - INFO - Updating file: results/results_lucas_us-east-1.csv
2025-06-20 20:14:38 - INFO - c5.24xlarge - 0.715700 - us-east-1b
2025-06-20 20:14:38 - INFO - c5.24xlarge - 0.715700 - us-east-1b
2025-06-20 20:14:38 - INFO - c5.24xlarge - 0.715700 - us-east-1b
2025-06-20 20:14:38 - INFO - Updating file: results/results_lucas_us-east-1.csv
2025-06-20 20:14:38 - INFO - c5.24xlarge - 0.715700 - us-east-1b
2025-06-20 20:14:38 - INFO - c5.24xlarge - 0.715700 - us-east-1b
2025-06-20 20:14:38 - INFO - c5.24xlarge - 0.715700 - us-east-1b
2025-06-20 20:14:38 - INFO - c5.24xlarge - 0.715700 - us-east-1b
2025-06-20 20:14:38 - INFO - c5.24xlarge - 0.715700 - us-east-1b
2025-06-20 20:14:38 - INFO - Updating file: results/results_lucas_us-east-1.csv
2025-06-20 20:14:38 - INFO - Updating file: results/results_lucas_us-east-1.csv
2025-06-20 20:14:38 - INFO - Updating file: results/results_lucas_us-east-1.csv
2025-06-20 20:14:38 - INFO - c5.24xlarge - 0.715700 - us-east-1b
2025-06-20 20:14:38 - INFO - c5.24xlarge - 0.715700 - us-east-1b
2025-06-20 20:14:38 - INFO - Updating file: results/results_lucas_us-east-1.csv
2025-06-20 20:14:38 - INFO - c5.24xlarge - 0.715700 - us-east-1b
2025-06-20 20:14:38 - INFO - c5.24xlarge - 0.715700 - us-east-1b
2025-06-20 20:14:38 - INFO - c5.24xlarge - 0.715700 - us-east-1b
2025-06-20 20:14:38 - INFO - Updating file: results/results_lucas_us-east-1.csv
2025-06-20 20:14:38 - INFO - c5.24xlarge - 0.715700 - us-east-1b
2025-06-20 20:14:38 - INFO - Updating file: results/results_lucas_us-east-1.csv
2025-06-20 20:14:38 - INFO - c5.24xlarge - 0.715700 - us-east-1b
2025-06-20 20:14:38 - INFO - c5.24xlarge - 0.715700 - us-east-1b
2025-06-20 20:14:38 - INFO - Updating file: results/results_lucas_us-east-1.csv
2025-06-20 20:14:38 - INFO - Updating file: results/results_lucas_us-east-1.csv
2025-06-20 20:14:38 - INFO - c5.24xlarge - 0.715700 - us-east-1b
2025-06-20 20:14:38 - INFO - Updating file: results/results_lucas_us-east-1.csv
2025-06-20 20:14:38 - INFO - c5.24xlarge - 0.715700 - us-east-1b
2025-06-20 20:14:38 - INFO - c5.24xlarge - 0.715700 - us-east-1b
2025-06-20 20:14:38 - INFO - Updating file: results/results_lucas_us-east-1.csv
2025-06-20 20:14:38 - INFO - Updating file: results/results_lucas_us-east-1.csv
2025-06-20 20:14:38 - INFO - c5.24xlarge - 0.715700 - us-east-1b
2025-06-20 20:14:38 - INFO - Updating file: results/results_lucas_us-east-1.csv
2025-06-20 20:14:38 - INFO - c5.24xlarge - 0.715700 - us-east-1b
2025-06-20 20:14:38 - INFO - Updating file: results/results_lucas_us-east-1.csv
2025-06-20 20:14:38 - INFO - c5.24xlarge - 0.715700 - us-east-1b
2025-06-20 20:14:38 - INFO - c5.24xlarge - 0.715700 - us-east-1b
2025-06-20 20:14:38 - INFO - Updating file: results/results_lucas_us-east-1.csv
2025-06-20 20:14:39 - INFO - Updating file: results/results_lucas_us-east-1.csv
2025-06-20 20:14:39 - INFO - c5.24xlarge - 0.715700 - us-east-1b
2025-06-20 20:14:39 - INFO - c5.24xlarge - 0.715700 - us-east-1b
2025-06-20 20:14:39 - INFO - Updating file: results/results_lucas_us-east-1.csv
2025-06-20 20:14:39 - INFO - Updating file: results/results_lucas_us-east-1.csv
2025-06-20 20:14:39 - INFO - c5.24xlarge - 0.715700 - us-east-1b
2025-06-20 20:14:39 - INFO - Updating file: results/results_lucas_us-east-1.csv
2025-06-20 20:14:39 - INFO - Updating file: results/results_lucas_us-east-1.csv
2025-06-20 20:14:39 - INFO - c5.24xlarge - 0.715700 - us-east-1b
2025-06-20 20:14:39 - INFO - c5.24xlarge - 0.715700 - us-east-1b
2025-06-20 20:14:39 - INFO - c5.24xlarge - 0.715700 - us-east-1b
2025-06-20 20:14:39 - INFO - Updating file: results/results_lucas_us-east-1.csv
2025-06-20 20:14:39 - INFO - c5.24xlarge - 0.715700 - us-east-1b
2025-06-20 20:14:39 - INFO - c5.24xlarge - 0.715700 - us-east-1b
2025-06-20 20:14:39 - INFO - Updating file: results/results_lucas_us-east-1.csv
2025-06-20 20:14:39 - INFO - c5.24xlarge - 0.715700 - us-east-1b
2025-06-20 20:14:39 - INFO - Updating file: results/results_lucas_us-east-1.csv
2025-06-20 20:14:39 - INFO - Updating file: results/results_lucas_us-east-1.csv
2025-06-20 20:14:39 - INFO - Updating file: results/results_lucas_us-east-1.csv
2025-06-20 20:14:39 - INFO - Updating file: results/results_lucas_us-east-1.csv
2025-06-20 20:14:39 - INFO - Updating file: results/results_lucas_us-east-1.csv
2025-06-20 20:14:39 - INFO - Updating file: results/results_lucas_us-east-1.csv
2025-06-20 20:14:39 - INFO - Updating file: results/results_lucas_us-east-1.csv
2025-06-20 20:14:39 - INFO - c5.24xlarge - 0.715700 - us-east-1b
2025-06-20 20:14:39 - INFO - Updating file: results/results_lucas_us-east-1.csv
2025-06-20 20:14:39 - INFO - c5.24xlarge - 0.715700 - us-east-1b
2025-06-20 20:14:39 - INFO - Updating file: results/results_lucas_us-east-1.csv
2025-06-20 20:14:39 - INFO - c5.24xlarge - 0.715700 - us-east-1b
2025-06-20 20:14:39 - INFO - c5.24xlarge - 0.715700 - us-east-1b
2025-06-20 20:14:39 - INFO - Updating file: results/results_lucas_us-east-1.csv
2025-06-20 20:14:39 - INFO - Updating file: results/results_lucas_us-east-1.csv
2025-06-20 20:14:39 - INFO - c5.24xlarge - 0.715700 - us-east-1b
2025-06-20 20:14:39 - INFO - Updating file: results/results_lucas_us-east-1.csv
2025-06-20 20:14:39 - INFO - c5.24xlarge - 0.715700 - us-east-1b
2025-06-20 20:14:39 - INFO - Updating file: results/results_lucas_us-east-1.csv
2025-06-20 20:14:39 - INFO - Updating file: results/results_lucas_us-east-1.csv
2025-06-20 20:14:39 - INFO - Updating file: results/results_lucas_us-east-1.csv
2025-06-20 20:14:39 - INFO - Updating file: results/results_lucas_us-east-1.csv
2025-06-20 20:14:39 - INFO - Updating file: results/results_lucas_us-east-1.csv
2025-06-20 20:14:39 - INFO - c5.24xlarge - 0.715700 - us-east-1b
2025-06-20 20:14:39 - INFO - Updating file: results/results_lucas_us-east-1.csv
2025-06-20 20:14:39 - INFO - c5.24xlarge - 0.715700 - us-east-1b
2025-06-20 20:14:39 - INFO - c5.24xlarge - 0.715700 - us-east-1b
2025-06-20 20:14:39 - INFO - Updating file: results/results_lucas_us-east-1.csv
2025-06-20 20:14:39 - INFO - Updating file: results/results_lucas_us-east-1.csv
2025-06-20 20:14:39 - INFO - Updating file: results/results_lucas_us-east-1.csv
2025-06-20 20:14:39 - INFO - Updating file: results/results_lucas_us-east-1.csv
2025-06-20 20:14:39 - INFO - Updating file: results/results_lucas_us-east-1.csv
2025-06-20 20:14:39 - INFO - Updating file: results/results_lucas_us-east-1.csv
2025-06-20 20:14:39 - INFO - Updating file: results/results_lucas_us-east-1.csv
2025-06-20 20:14:39 - INFO - c5.24xlarge - 0.715700 - us-east-1b
2025-06-20 20:14:39 - INFO - Updating file: results/results_lucas_us-east-1.csv
2025-06-20 20:14:39 - INFO - Updating file: results/results_lucas_us-east-1.csv
2025-06-20 20:14:39 - INFO - c5.24xlarge - 0.715700 - us-east-1b
2025-06-20 20:14:39 - INFO - Updating file: results/results_lucas_us-east-1.csv
2025-06-20 20:14:39 - INFO - Updating file: results/results_lucas_us-east-1.csv
2025-06-20 20:14:39 - INFO - Updating file: results/results_lucas_us-east-1.csv
2025-06-20 20:14:39 - INFO - c5.24xlarge - 0.715700 - us-east-1b
2025-06-20 20:14:39 - INFO - Updating file: results/results_lucas_us-east-1.csv
2025-06-20 20:14:39 - INFO - Updating file: results/results_lucas_us-east-1.csv
2025-06-20 20:14:39 - INFO - Updating file: results/results_lucas_us-east-1.csv
2025-06-20 20:14:39 - INFO - Updating file: results/results_lucas_us-east-1.csv
2025-06-20 20:14:39 - INFO - Updating file: results/results_lucas_us-east-1.csv
2025-06-20 20:14:39 - INFO - Updating file: results/results_lucas_us-east-1.csv
2025-06-20 20:14:39 - INFO - Updating file: results/results_lucas_us-east-1.csv
2025-06-20 20:14:39 - INFO - c5.24xlarge - 0.715700 - us-east-1b
2025-06-20 20:14:39 - INFO - Updating file: results/results_lucas_us-east-1.csv
2025-06-20 20:14:39 - INFO - Updating file: results/results_lucas_us-east-1.csv
2025-06-20 20:14:39 - INFO - c5.24xlarge - 0.715700 - us-east-1b
2025-06-20 20:14:39 - INFO - c5.24xlarge - 0.715700 - us-east-1b
2025-06-20 20:14:39 - INFO - Updating file: results/results_lucas_us-east-1.csv
2025-06-20 20:14:39 - INFO - Updating file: results/results_lucas_us-east-1.csv
2025-06-20 20:14:39 - INFO - Updating file: results/results_lucas_us-east-1.csv
2025-06-20 20:14:39 - INFO - c5.24xlarge - 0.715700 - us-east-1b
2025-06-20 20:14:39 - INFO - Updating file: results/results_lucas_us-east-1.csv
2025-06-20 20:14:39 - INFO - c5.24xlarge - 0.715700 - us-east-1b
2025-06-20 20:14:39 - INFO - Updating file: results/results_lucas_us-east-1.csv
2025-06-20 20:14:39 - INFO - Updating file: results/results_lucas_us-east-1.csv
2025-06-20 20:14:39 - INFO - Updating file: results/results_lucas_us-east-1.csv
2025-06-20 20:14:39 - INFO - Updating file: results/results_lucas_us-east-1.csv
2025-06-20 20:14:39 - INFO - Updating file: results/results_lucas_us-east-1.csv
2025-06-20 20:14:39 - INFO - c5.24xlarge - 0.715700 - us-east-1b
2025-06-20 20:14:39 - INFO - Updating file: results/results_lucas_us-east-1.csv
2025-06-20 20:14:39 - INFO - c5.24xlarge - 0.715700 - us-east-1b
2025-06-20 20:14:39 - INFO - Updating file: results/results_lucas_us-east-1.csv
2025-06-20 20:14:39 - INFO - Updating file: results/results_lucas_us-east-1.csv
2025-06-20 20:14:39 - INFO - Updating file: results/results_lucas_us-east-1.csv
2025-06-20 20:14:39 - INFO - Updating file: results/results_lucas_us-east-1.csv
2025-06-20 20:14:39 - INFO - Updating file: results/results_lucas_us-east-1.csv
2025-06-20 20:14:39 - INFO - Updating file: results/results_lucas_us-east-1.csv
2025-06-20 20:14:39 - INFO - Updating file: results/results_lucas_us-east-1.csv
2025-06-20 20:14:39 - INFO - c5.24xlarge - 0.715700 - us-east-1b
2025-06-20 20:14:39 - INFO - Updating file: results/results_lucas_us-east-1.csv
2025-06-20 20:14:39 - INFO - Updating file: results/results_lucas_us-east-1.csv
2025-06-20 20:14:39 - INFO - c5.24xlarge - 0.715700 - us-east-1b
2025-06-20 20:14:39 - INFO - Updating file: results/results_lucas_us-east-1.csv
2025-06-20 20:14:40 - INFO - Updating file: results/results_lucas_us-east-1.csv
2025-06-20 20:14:40 - INFO - Updating file: results/results_lucas_us-east-1.csv
2025-06-20 20:14:40 - INFO - Updating file: results/results_lucas_us-east-1.csv
2025-06-20 20:14:40 - INFO - Updating file: results/results_lucas_us-east-1.csv
2025-06-20 20:14:40 - INFO - Updating file: results/results_lucas_us-east-1.csv
2025-06-20 20:14:40 - INFO - Updating file: results/results_lucas_us-east-1.csv
2025-06-20 20:14:40 - INFO - Updating file: results/results_lucas_us-east-1.csv
2025-06-20 20:14:40 - INFO - Updating file: results/results_lucas_us-east-1.csv
2025-06-20 20:14:40 - INFO - Updating file: results/results_lucas_us-east-1.csv
2025-06-20 20:14:40 - INFO - Updating file: results/results_lucas_us-east-1.csv
2025-06-20 20:14:40 - INFO - Updating file: results/results_lucas_us-east-1.csv
2025-06-20 20:14:40 - INFO - Updating file: results/results_lucas_us-east-1.csv
2025-06-20 20:14:40 - INFO - Updating file: results/results_lucas_us-east-1.csv
2025-06-20 20:14:40 - INFO - Updating file: results/results_lucas_us-east-1.csv
2025-06-20 20:14:40 - INFO - Updating file: results/results_lucas_us-east-1.csv
2025-06-20 20:14:40 - INFO - Updating file: results/results_lucas_us-east-1.csv
2025-06-20 20:14:40 - INFO - Updating file: results/results_lucas_us-east-1.csv
2025-06-20 20:14:40 - INFO - Updating file: results/results_lucas_us-east-1.csv
2025-06-20 20:14:40 - INFO - Updating file: results/results_lucas_us-east-1.csv
2025-06-20 20:14:40 - INFO - Updating file: results/results_lucas_us-east-1.csv
2025-06-20 20:14:40 - INFO - Updating file: results/results_lucas_us-east-1.csv
2025-06-20 20:14:40 - INFO - Updating file: results/results_lucas_us-east-1.csv
2025-06-20 20:14:40 - INFO - Updating file: results/results_lucas_us-east-1.csv
2025-06-20 20:14:40 - INFO - Updating file: results/results_lucas_us-east-1.csv
2025-06-20 20:14:40 - INFO - Updating file: results/results_lucas_us-east-1.csv
2025-06-20 20:14:40 - INFO - Updating file: results/results_lucas_us-east-1.csv
2025-06-20 20:14:40 - INFO - Updating file: results/results_lucas_us-east-1.csv
2025-06-20 20:14:40 - INFO - Updating file: results/results_lucas_us-east-1.csv
2025-06-20 20:14:40 - INFO - Updating file: results/results_lucas_us-east-1.csv
2025-06-20 20:14:40 - INFO - Updating file: results/results_lucas_us-east-1.csv
2025-06-20 20:14:40 - INFO - Updating file: results/results_lucas_us-east-1.csv
2025-06-20 20:14:40 - INFO - Updating file: results/results_lucas_us-east-1.csv
2025-06-20 20:14:40 - INFO - Updating file: results/results_lucas_us-east-1.csv
2025-06-20 20:14:40 - INFO - Updating file: results/results_lucas_us-east-1.csv
2025-06-20 20:14:40 - INFO - Updating file: results/results_lucas_us-east-1.csv
2025-06-20 20:14:40 - INFO - Updating file: results/results_lucas_us-east-1.csv
2025-06-20 20:14:40 - INFO - Updating file: results/results_lucas_us-east-1.csv
2025-06-20 20:14:40 - INFO - Updating file: results/results_lucas_us-east-1.csv
2025-06-20 20:14:40 - INFO - Updating file: results/results_lucas_us-east-1.csv
2025-06-20 20:14:40 - INFO - Updating file: results/results_lucas_us-east-1.csv
2025-06-20 20:14:40 - INFO - Updating file: results/results_lucas_us-east-1.csv
2025-06-20 20:14:40 - INFO - Updating file: results/results_lucas_us-east-1.csv
2025-06-20 20:14:40 - INFO - Updating file: results/results_lucas_us-east-1.csv
2025-06-20 20:14:40 - INFO - Updating file: results/results_lucas_us-east-1.csv
2025-06-20 20:14:40 - INFO - Updating file: results/results_lucas_us-east-1.csv
2025-06-20 20:14:40 - INFO - Updating file: results/results_lucas_us-east-1.csv
2025-06-20 20:14:40 - INFO - Updating file: results/results_lucas_us-east-1.csv
2025-06-20 20:14:40 - INFO - Updating file: results/results_lucas_us-east-1.csv
2025-06-20 20:14:40 - INFO - Updating file: results/results_lucas_us-east-1.csv
2025-06-20 20:14:40 - INFO - Updating file: results/results_lucas_us-east-1.csv
2025-06-20 20:14:40 - INFO - Updating file: results/results_lucas_us-east-1.csv
2025-06-20 20:14:40 - INFO - Updating file: results/results_lucas_us-east-1.csv
2025-06-20 20:14:40 - INFO - Updating file: results/results_lucas_us-east-1.csv
2025-06-20 20:14:40 - INFO - Updating file: results/results_lucas_us-east-1.csv
2025-06-20 20:14:40 - INFO - Updating file: results/results_lucas_us-east-1.csv
2025-06-20 20:14:40 - INFO - Updating file: results/results_lucas_us-east-1.csv
2025-06-20 20:14:40 - INFO - Updating file: results/results_lucas_us-east-1.csv
2025-06-20 20:14:40 - INFO - Updating file: results/results_lucas_us-east-1.csv
2025-06-20 20:14:40 - INFO - Updating file: results/results_lucas_us-east-1.csv
2025-06-20 20:14:40 - INFO - Updating file: results/results_lucas_us-east-1.csv
2025-06-20 20:14:40 - INFO - Updating file: results/results_lucas_us-east-1.csv
2025-06-20 20:14:40 - INFO - Updating file: results/results_lucas_us-east-1.csv
2025-06-20 20:14:40 - INFO - Updating file: results/results_lucas_us-east-1.csv
2025-06-20 20:14:40 - INFO - Updating file: results/results_lucas_us-east-1.csv
2025-06-20 20:14:40 - INFO - Updating file: results/results_lucas_us-east-1.csv
2025-06-20 20:14:40 - INFO - Updating file: results/results_lucas_us-east-1.csv
2025-06-20 20:14:40 - INFO - Updating file: results/results_lucas_us-east-1.csv
2025-06-20 20:14:40 - INFO - Updating file: results/results_lucas_us-east-1.csv
2025-06-20 20:14:40 - INFO - Updating file: results/results_lucas_us-east-1.csv
2025-06-20 20:14:40 - INFO - Updating file: results/results_lucas_us-east-1.csv
2025-06-20 20:14:40 - INFO - Updating file: results/results_lucas_us-east-1.csv
2025-06-20 20:14:40 - INFO - Updating file: results/results_lucas_us-east-1.csv
2025-06-20 20:14:40 - INFO - Updating file: results/results_lucas_us-east-1.csv
2025-06-20 20:14:40 - INFO - Updating file: results/results_lucas_us-east-1.csv
2025-06-20 20:14:40 - INFO - Updating file: results/results_lucas_us-east-1.csv
2025-06-20 20:14:40 - INFO - Updating file: results/results_lucas_us-east-1.csv
2025-06-20 20:14:40 - INFO - Updating file: results/results_lucas_us-east-1.csv
2025-06-20 20:14:40 - INFO - Updating file: results/results_lucas_us-east-1.csv
2025-06-20 20:14:40 - INFO - Updating file: results/results_lucas_us-east-1.csv
2025-06-20 20:14:40 - INFO - Updating file: results/results_lucas_us-east-1.csv
2025-06-20 20:14:40 - INFO - Updating file: results/results_lucas_us-east-1.csv
2025-06-20 20:14:40 - INFO - Updating file: results/results_lucas_us-east-1.csv
2025-06-20 20:14:40 - INFO - Updating file: results/results_lucas_us-east-1.csv
2025-06-20 20:14:40 - INFO - Updating file: results/results_lucas_us-east-1.csv
2025-06-20 20:14:40 - INFO - Updating file: results/results_lucas_us-east-1.csv
2025-06-20 20:14:40 - INFO - Updating file: results/results_lucas_us-east-1.csv
2025-06-20 20:14:41 - INFO - Updating file: results/results_lucas_us-east-1.csv
2025-06-20 20:14:41 - INFO - Updating file: results/results_lucas_us-east-1.csv
2025-06-20 20:14:41 - INFO - Updating file: results/results_lucas_us-east-1.csv
2025-06-20 20:14:41 - INFO - Updating file: results/results_lucas_us-east-1.csv
2025-06-20 20:14:41 - INFO - Updating file: results/results_lucas_us-east-1.csv
2025-06-20 20:14:41 - INFO - Updating file: results/results_lucas_us-east-1.csv
2025-06-20 20:14:41 - INFO - Updating file: results/results_lucas_us-east-1.csv
2025-06-20 20:14:41 - INFO - Updating file: results/results_lucas_us-east-1.csv
2025-06-20 20:14:41 - INFO - Updating file: results/results_lucas_us-east-1.csv
2025-06-20 20:14:41 - INFO - Updating file: results/results_lucas_us-east-1.csv
2025-06-20 20:14:41 - INFO - Updating file: results/results_lucas_us-east-1.csv
2025-06-20 20:14:41 - INFO - Updating file: results/results_lucas_us-east-1.csv
2025-06-20 20:14:41 - INFO - Updating file: results/results_lucas_us-east-1.csv
2025-06-20 20:14:41 - INFO - Updating file: results/results_lucas_us-east-1.csv
2025-06-20 20:14:41 - INFO - Updating file: results/results_lucas_us-east-1.csv
2025-06-20 20:14:41 - INFO - Updating file: results/results_lucas_us-east-1.csv
2025-06-20 20:14:41 - INFO - Updating file: results/results_lucas_us-east-1.csv
2025-06-20 20:15:02 - INFO - All instances have been terminated.
2025-06-24 18:34:11 - INFO - Start execution in us-east-1 Nodes=200 Benchmark=bt.A.x Allocation Strategy=lowest-price
2025-06-24 18:34:11 - INFO - Found credentials in shared credentials file: ~/.aws/credentials
2025-06-24 18:34:21 - INFO - Tempo que levou para receber response AWS: 9.118458 segundos
2025-06-24 18:34:21 - INFO - Found credentials in shared credentials file: ~/.aws/credentials
2025-06-24 18:34:22 - INFO - m5.24xlarge - 0.591500 - us-east-1f
2025-06-24 18:34:22 - INFO - Updating file: results/results_lucas_us-east-1_200.csv
2025-06-24 18:34:22 - INFO - Found credentials in shared credentials file: ~/.aws/credentials
2025-06-24 18:34:22 - INFO - r5.24xlarge - 0.604800 - us-east-1c
2025-06-24 18:34:22 - INFO - Updating file: results/results_lucas_us-east-1_200.csv
2025-06-24 18:34:22 - INFO - Fleet created with instances: ['i-0a5083945c36d7b33', 'i-06082ae69937b24af', 'i-0f069b29418a8a844', 'i-0610a7cd0a8156a78', 'i-05ca1e9aea8c36279', 'i-0e689ff370fb06087', 'i-0485fa8c7abb4c407', 'i-04280f33897d1d8c3', 'i-02d3beb69b6e6adf7', 'i-00a02000c3d143947', 'i-07560fe400c9bc76b', 'i-0ffb8b3c8a8ed7bd7', 'i-043a4617eeac78e28', 'i-0110a7eecbc9d421f', 'i-0264e41399b5bb12d', 'i-00fa3f787c3dda576', 'i-03867c1fedec10f60', 'i-0e71d2e9ec1cadbed', 'i-08e9042209535b787', 'i-05c2a67c39b5fc079', 'i-01b91b9ba7a9a9a73', 'i-083f133ddaac9fe22', 'i-0f3a44f7789b8d6ed', 'i-0afdf7319d2bca873', 'i-050fcb7fe482265ef', 'i-0e3971f7892ffcfd4', 'i-073d3de7b7f878ce6', 'i-08deb1c6bc6a08753', 'i-0064f7829496e30ae', 'i-067779d02d9c85547', 'i-01a065ae0bc8cc58f', 'i-0a267d33ed87b4fee', 'i-06d48e1627478bcc9', 'i-0b81286f7341b4077', 'i-034c0b034eed3b478', 'i-09d81ba15240cd513', 'i-07305845a5955d3cf', 'i-000b10889d4c19fb5', 'i-0796659d5b659fddc', 'i-0aa58087d1bfadf67', 'i-0c472d28168cbd31e', 'i-0587080e73fe30f8b', 'i-06c4f47a45c89a7c5', 'i-09e4082f82257d7a3', 'i-06848464b23b4ed53', 'i-0a3e2459604756665', 'i-026707632fe77bd9b', 'i-08ab7b601bb8104b5', 'i-02257de33ed031ff3', 'i-06c5174ae54f5e227', 'i-0e7869bf2698a983c', 'i-0b51e5fdb9ee456fa', 'i-06501ae5711111185', 'i-08669b31f31abd182', 'i-08ba1498c086a0034', 'i-02b13c6180bdb2adf', 'i-03fd1b34f130b90c7', 'i-0badb8c2bbaba8395', 'i-02542641651381032', 'i-04f0f3fb80e57dade', 'i-0f760ae858eba1bd3', 'i-0c0dd19c8c9eb1c4b', 'i-0b77d99af4aeba5c6', 'i-00c16a1c2d4304a90', 'i-0e8aacaee6bab09c0', 'i-0d481f9a21b29b516', 'i-03fa6d631ad599dc0', 'i-0b7f324f47f7490cb', 'i-0255c001d5311fdb9', 'i-08e732d6847afe19a', 'i-0914c6ef229860501', 'i-090f2203e1ecc4c6e', 'i-09f496af0cdce56c6', 'i-0bcd12f73d35f069f', 'i-00f9fe562f0445941', 'i-0cee2513c9f8e4258', 'i-0e003db84e0fbab6b', 'i-013ffcc256d80066e', 'i-0f63e98f04899de29', 'i-0d9739ba1c749e2ac', 'i-0bf3d041ca8ed781f', 'i-0da2cbf8acdff1f07', 'i-030323cd574cd836a', 'i-01234178c6d018231', 'i-0858f58e0d2a41bb8', 'i-03f58d536c71d3147', 'i-03132ce106e63e456', 'i-04dd93bb32ddcb482', 'i-094f13fd4a4d3dc19', 'i-0ca20061a504fed79', 'i-032615dec13caee83', 'i-0e14c5cc3ceaeba4e', 'i-0122146a71e62ccb0', 'i-026ff56ebba49447d', 'i-00255fd7d1b1525c0', 'i-0869b435033463471', 'i-00ba768783e0879cc', 'i-0e6cd36353aa7dd4b', 'i-0891424c351808d3b', 'i-0e776c5007d6c4d3e', 'i-03e35598bfef79b38', 'i-0af711061b024c6b6', 'i-01d0686ec536d7549', 'i-009c4ceea95a9cd6f', 'i-0837f40697c379871', 'i-017f0b88b81c6e5d9', 'i-06e97a91846752ac3', 'i-07a19af88c040a626', 'i-0f1e227359c5b418a', 'i-0164e2a88334702bd', 'i-0d836bd0b587e8677', 'i-06a7b0bb4eeff517f', 'i-0deda47672e692c74', 'i-09c777e0b979dcceb', 'i-0638b106a918a72dc', 'i-0f7bb8da76c91f321', 'i-05f5dbc835e650174', 'i-054957630142ad849', 'i-0f4ec2be452dc809e', 'i-0a4775045900b19d6', 'i-038914bcca7c438d9', 'i-0ece6c09b409e2dca', 'i-041d205dece7c1765', 'i-076cccd5373ba9365', 'i-0766cedfc00bdf2f7', 'i-0180f66894a16b026', 'i-05a259cb925d3d5ef', 'i-00fd3e0129233130a', 'i-09598fa46614d5876', 'i-067c2611d7d57194e', 'i-05e18be07f8a4d93b', 'i-0e2c7853f0ab1ced1', 'i-07599e425ffd94f6f', 'i-08eada52aa4f20abc', 'i-0dd7617375135804a', 'i-0032884451596bdcb', 'i-087ff2c3907b08106', 'i-0bf4aef3fd98a6b24', 'i-0c5761c1a4bcf4e3d', 'i-02c18bb64f0268988', 'i-0450c20e3bcedbe1b', 'i-0ee869b00f7aa4e4b', 'i-0e7ae9f1f4de8c99d', 'i-014840437176fcbfd', 'i-0d4b55fdfc15e272c', 'i-0323095604a493bde', 'i-0fd6587228fb1ebe4', 'i-060b10e1474ea42b7', 'i-02891a22b36e6f056', 'i-0b5adc82c7da2e096', 'i-051cca50c9de3f417', 'i-0af503871f179382a', 'i-008508f1e66861d3f', 'i-0b6fe84093170a20d', 'i-0b2b9e2b4cc7d7c80', 'i-0d7cc5f4255191311', 'i-05befac1b083a7df5', 'i-038b51e94812493b2', 'i-04080c483abb73d42', 'i-08a8ca2a720295e60', 'i-0a770609e21c2c5bc', 'i-03b68abd128106fe8', 'i-0574a78f44f417eaa', 'i-00c69bfd547998fa9', 'i-0ed67e3a46cd01b3b', 'i-058da3e3afc6c06f0', 'i-0916904fe9672ab3a', 'i-09d588e142b28eaa9', 'i-0bc53d84df1f4377e', 'i-0c5e42448b03af13a', 'i-02c183f41dd963818', 'i-0ccc12ba347d7fd60', 'i-0b5008ee1d0701cdd', 'i-0ff869e3d86392476', 'i-0b54ac9fe3f9889e9', 'i-034c0696cdd0fdbb2', 'i-05524c0dc17f9f4b2', 'i-0f093ef7e55d97b20', 'i-025e30fa2b449d0d4', 'i-0188531be8e4509f1', 'i-0e3a1db74c56b5ff6', 'i-02825e7e9bc13a8fc', 'i-0755e3e2acbff0d32', 'i-079b454f8e7516270', 'i-07aac5610ff543a0e', 'i-0718893fa8c065c34', 'i-0675ad9f045b3bbeb', 'i-0ce4531bce95e6e19', 'i-0858036fccbefa3cc', 'i-0df6e5a299d343ae5', 'i-0e3600e0202576106', 'i-0fcaf3befb6cbb08d', 'i-0d08fb618fcc5a7ad', 'i-073f8f602f47463de', 'i-0910c2266e16ba1f5', 'i-03d9398b3aee0f118', 'i-072e1d8b627e267f5', 'i-0fe4f1dd6b23486aa', 'i-0d820d47b7304ad97', 'i-0dae9124065227e81']
2025-06-24 18:36:12 - INFO - Tempo que levou para as máquinas estarem running: 107.333093 segundos
2025-06-24 18:36:12 - INFO - Tempo que levou para criar o Fleet com 200 instâncias: 120.688972 segundos
2025-06-24 18:36:12 - INFO - 200 instâncias no total. Iniciando benchmark em paralelo...
2025-06-24 18:36:12 - INFO - Found credentials in shared credentials file: ~/.aws/credentials
2025-06-24 18:36:12 - INFO - Found credentials in shared credentials file: ~/.aws/credentials
2025-06-24 18:36:12 - INFO - Found credentials in shared credentials file: ~/.aws/credentials
2025-06-24 18:36:12 - INFO - Found credentials in shared credentials file: ~/.aws/credentials
2025-06-24 18:36:12 - INFO - Found credentials in shared credentials file: ~/.aws/credentials
2025-06-24 18:36:12 - INFO - Found credentials in shared credentials file: ~/.aws/credentials
2025-06-24 18:36:12 - INFO - Found credentials in shared credentials file: ~/.aws/credentials
2025-06-24 18:36:12 - INFO - Found credentials in shared credentials file: ~/.aws/credentials
2025-06-24 18:36:12 - INFO - Found credentials in shared credentials file: ~/.aws/credentials
2025-06-24 18:36:12 - INFO - Found credentials in shared credentials file: ~/.aws/credentials
2025-06-24 18:36:12 - INFO - Found credentials in shared credentials file: ~/.aws/credentials
2025-06-24 18:36:12 - INFO - Found credentials in shared credentials file: ~/.aws/credentials
2025-06-24 18:36:12 - INFO - Found credentials in shared credentials file: ~/.aws/credentials
2025-06-24 18:36:13 - INFO - Found credentials in shared credentials file: ~/.aws/credentials
2025-06-24 18:36:13 - INFO - Found credentials in shared credentials file: ~/.aws/credentials
2025-06-24 18:36:13 - INFO - Found credentials in shared credentials file: ~/.aws/credentials
2025-06-24 18:36:13 - INFO - Found credentials in shared credentials file: ~/.aws/credentials
2025-06-24 18:36:13 - INFO - Found credentials in shared credentials file: ~/.aws/credentials
2025-06-24 18:36:13 - INFO - Found credentials in shared credentials file: ~/.aws/credentials
2025-06-24 18:36:13 - INFO - Found credentials in shared credentials file: ~/.aws/credentials
2025-06-24 18:36:13 - INFO - Found credentials in shared credentials file: ~/.aws/credentials
2025-06-24 18:36:13 - INFO - Found credentials in shared credentials file: ~/.aws/credentials
2025-06-24 18:36:13 - INFO - Found credentials in shared credentials file: ~/.aws/credentials
2025-06-24 18:36:13 - INFO - Found credentials in shared credentials file: ~/.aws/credentials
2025-06-24 18:36:13 - INFO - Found credentials in shared credentials file: ~/.aws/credentials
2025-06-24 18:36:13 - INFO - Found credentials in shared credentials file: ~/.aws/credentials
2025-06-24 18:36:13 - INFO - Found credentials in shared credentials file: ~/.aws/credentials
2025-06-24 18:36:14 - INFO - Found credentials in shared credentials file: ~/.aws/credentials
2025-06-24 18:36:14 - INFO - Found credentials in shared credentials file: ~/.aws/credentials
2025-06-24 18:36:14 - INFO - Found credentials in shared credentials file: ~/.aws/credentials
2025-06-24 18:36:14 - INFO - Found credentials in shared credentials file: ~/.aws/credentials
2025-06-24 18:36:14 - INFO - Found credentials in shared credentials file: ~/.aws/credentials
2025-06-24 18:36:14 - INFO - Found credentials in shared credentials file: ~/.aws/credentials
2025-06-24 18:36:14 - INFO - Found credentials in shared credentials file: ~/.aws/credentials
2025-06-24 18:36:14 - INFO - Found credentials in shared credentials file: ~/.aws/credentials
2025-06-24 18:36:14 - INFO - Found credentials in shared credentials file: ~/.aws/credentials
2025-06-24 18:36:14 - INFO - Found credentials in shared credentials file: ~/.aws/credentials
2025-06-24 18:36:14 - INFO - Found credentials in shared credentials file: ~/.aws/credentials
2025-06-24 18:36:14 - INFO - Found credentials in shared credentials file: ~/.aws/credentials
2025-06-24 18:36:14 - INFO - Found credentials in shared credentials file: ~/.aws/credentials
2025-06-24 18:36:14 - INFO - Found credentials in shared credentials file: ~/.aws/credentials
2025-06-24 18:36:14 - INFO - Found credentials in shared credentials file: ~/.aws/credentials
2025-06-24 18:36:14 - INFO - Found credentials in shared credentials file: ~/.aws/credentials
2025-06-24 18:36:14 - INFO - Found credentials in shared credentials file: ~/.aws/credentials
2025-06-24 18:36:14 - INFO - Found credentials in shared credentials file: ~/.aws/credentials
2025-06-24 18:36:14 - INFO - Found credentials in shared credentials file: ~/.aws/credentials
2025-06-24 18:36:14 - INFO - Found credentials in shared credentials file: ~/.aws/credentials
2025-06-24 18:36:14 - INFO - Found credentials in shared credentials file: ~/.aws/credentials
2025-06-24 18:36:14 - INFO - Found credentials in shared credentials file: ~/.aws/credentials
2025-06-24 18:36:14 - INFO - Found credentials in shared credentials file: ~/.aws/credentials
2025-06-24 18:36:15 - INFO - Found credentials in shared credentials file: ~/.aws/credentials
2025-06-24 18:36:15 - INFO - Found credentials in shared credentials file: ~/.aws/credentials
2025-06-24 18:36:15 - INFO - Found credentials in shared credentials file: ~/.aws/credentials
2025-06-24 18:36:15 - INFO - Found credentials in shared credentials file: ~/.aws/credentials
2025-06-24 18:36:15 - INFO - Found credentials in shared credentials file: ~/.aws/credentials
2025-06-24 18:36:15 - INFO - Found credentials in shared credentials file: ~/.aws/credentials
2025-06-24 18:36:16 - INFO - Found credentials in shared credentials file: ~/.aws/credentials
2025-06-24 18:36:16 - INFO - Found credentials in shared credentials file: ~/.aws/credentials
2025-06-24 18:36:16 - INFO - Found credentials in shared credentials file: ~/.aws/credentials
2025-06-24 18:36:16 - INFO - Found credentials in shared credentials file: ~/.aws/credentials
2025-06-24 18:36:16 - INFO - Found credentials in shared credentials file: ~/.aws/credentials
2025-06-24 18:36:16 - INFO - Found credentials in shared credentials file: ~/.aws/credentials
2025-06-24 18:36:16 - INFO - Found credentials in shared credentials file: ~/.aws/credentials
2025-06-24 18:36:16 - INFO - Found credentials in shared credentials file: ~/.aws/credentials
2025-06-24 18:36:16 - INFO - Found credentials in shared credentials file: ~/.aws/credentials
2025-06-24 18:36:16 - INFO - Found credentials in shared credentials file: ~/.aws/credentials
2025-06-24 18:36:16 - INFO - Found credentials in shared credentials file: ~/.aws/credentials
2025-06-24 18:36:16 - INFO - Found credentials in shared credentials file: ~/.aws/credentials
2025-06-24 18:36:16 - INFO - Found credentials in shared credentials file: ~/.aws/credentials
2025-06-24 18:36:16 - INFO - Found credentials in shared credentials file: ~/.aws/credentials
2025-06-24 18:36:16 - INFO - Found credentials in shared credentials file: ~/.aws/credentials
2025-06-24 18:36:17 - INFO - Found credentials in shared credentials file: ~/.aws/credentials
2025-06-24 18:36:17 - INFO - Found credentials in shared credentials file: ~/.aws/credentials
2025-06-24 18:36:17 - INFO - Found credentials in shared credentials file: ~/.aws/credentials
2025-06-24 18:36:17 - INFO - Found credentials in shared credentials file: ~/.aws/credentials
2025-06-24 18:36:17 - INFO - Found credentials in shared credentials file: ~/.aws/credentials
2025-06-24 18:36:17 - INFO - Found credentials in shared credentials file: ~/.aws/credentials
2025-06-24 18:36:17 - INFO - Found credentials in shared credentials file: ~/.aws/credentials
2025-06-24 18:36:17 - INFO - Found credentials in shared credentials file: ~/.aws/credentials
2025-06-24 18:36:17 - INFO - Found credentials in shared credentials file: ~/.aws/credentials
2025-06-24 18:36:17 - INFO - Found credentials in shared credentials file: ~/.aws/credentials
2025-06-24 18:36:17 - INFO - Found credentials in shared credentials file: ~/.aws/credentials
2025-06-24 18:36:17 - INFO - Found credentials in shared credentials file: ~/.aws/credentials
2025-06-24 18:36:18 - INFO - Found credentials in shared credentials file: ~/.aws/credentials
2025-06-24 18:36:18 - INFO - Found credentials in shared credentials file: ~/.aws/credentials
2025-06-24 18:36:19 - INFO - Found credentials in shared credentials file: ~/.aws/credentials
2025-06-24 18:36:19 - INFO - Found credentials in shared credentials file: ~/.aws/credentials
2025-06-24 18:36:19 - INFO - Found credentials in shared credentials file: ~/.aws/credentials
2025-06-24 18:36:19 - INFO - Found credentials in shared credentials file: ~/.aws/credentials
2025-06-24 18:36:19 - INFO - Found credentials in shared credentials file: ~/.aws/credentials
2025-06-24 18:36:19 - INFO - Found credentials in shared credentials file: ~/.aws/credentials
2025-06-24 18:36:19 - INFO - Found credentials in shared credentials file: ~/.aws/credentials
2025-06-24 18:36:19 - INFO - Found credentials in shared credentials file: ~/.aws/credentials
2025-06-24 18:36:19 - INFO - Found credentials in shared credentials file: ~/.aws/credentials
2025-06-24 18:36:19 - INFO - Found credentials in shared credentials file: ~/.aws/credentials
2025-06-24 18:36:19 - INFO - Found credentials in shared credentials file: ~/.aws/credentials
2025-06-24 18:36:19 - INFO - Found credentials in shared credentials file: ~/.aws/credentials
2025-06-24 18:36:19 - INFO - Found credentials in shared credentials file: ~/.aws/credentials
2025-06-24 18:36:19 - INFO - Found credentials in shared credentials file: ~/.aws/credentials
2025-06-24 18:36:19 - INFO - Found credentials in shared credentials file: ~/.aws/credentials
2025-06-24 18:36:19 - INFO - Found credentials in shared credentials file: ~/.aws/credentials
2025-06-24 18:36:20 - INFO - Found credentials in shared credentials file: ~/.aws/credentials
2025-06-24 18:36:20 - INFO - Found credentials in shared credentials file: ~/.aws/credentials
2025-06-24 18:36:20 - INFO - Found credentials in shared credentials file: ~/.aws/credentials
2025-06-24 18:36:20 - INFO - Found credentials in shared credentials file: ~/.aws/credentials
2025-06-24 18:36:20 - INFO - Found credentials in shared credentials file: ~/.aws/credentials
2025-06-24 18:36:20 - INFO - Found credentials in shared credentials file: ~/.aws/credentials
2025-06-24 18:36:20 - INFO - Found credentials in shared credentials file: ~/.aws/credentials
2025-06-24 18:36:21 - INFO - Found credentials in shared credentials file: ~/.aws/credentials
2025-06-24 18:36:21 - INFO - Found credentials in shared credentials file: ~/.aws/credentials
2025-06-24 18:36:21 - INFO - Found credentials in shared credentials file: ~/.aws/credentials
2025-06-24 18:36:21 - INFO - Found credentials in shared credentials file: ~/.aws/credentials
2025-06-24 18:36:21 - INFO - Found credentials in shared credentials file: ~/.aws/credentials
2025-06-24 18:36:21 - INFO - Found credentials in shared credentials file: ~/.aws/credentials
2025-06-24 18:36:21 - INFO - Found credentials in shared credentials file: ~/.aws/credentials
2025-06-24 18:36:21 - INFO - Found credentials in shared credentials file: ~/.aws/credentials
2025-06-24 18:36:21 - INFO - Found credentials in shared credentials file: ~/.aws/credentials
2025-06-24 18:36:21 - INFO - Found credentials in shared credentials file: ~/.aws/credentials
2025-06-24 18:36:21 - INFO - Found credentials in shared credentials file: ~/.aws/credentials
2025-06-24 18:36:21 - INFO - Found credentials in shared credentials file: ~/.aws/credentials
2025-06-24 18:36:21 - INFO - Found credentials in shared credentials file: ~/.aws/credentials
2025-06-24 18:36:21 - INFO - Found credentials in shared credentials file: ~/.aws/credentials
2025-06-24 18:36:21 - INFO - Found credentials in shared credentials file: ~/.aws/credentials
2025-06-24 18:36:21 - INFO - Found credentials in shared credentials file: ~/.aws/credentials
2025-06-24 18:36:21 - INFO - Found credentials in shared credentials file: ~/.aws/credentials
2025-06-24 18:36:21 - INFO - Found credentials in shared credentials file: ~/.aws/credentials
2025-06-24 18:36:21 - INFO - Found credentials in shared credentials file: ~/.aws/credentials
2025-06-24 18:36:23 - INFO - Found credentials in shared credentials file: ~/.aws/credentials
2025-06-24 18:36:23 - INFO - Found credentials in shared credentials file: ~/.aws/credentials
2025-06-24 18:36:23 - INFO - Found credentials in shared credentials file: ~/.aws/credentials
2025-06-24 18:36:23 - INFO - Found credentials in shared credentials file: ~/.aws/credentials
2025-06-24 18:36:23 - INFO - Found credentials in shared credentials file: ~/.aws/credentials
2025-06-24 18:36:23 - INFO - Found credentials in shared credentials file: ~/.aws/credentials
2025-06-24 18:36:23 - INFO - Found credentials in shared credentials file: ~/.aws/credentials
2025-06-24 18:36:23 - INFO - Found credentials in shared credentials file: ~/.aws/credentials
2025-06-24 18:36:23 - INFO - Found credentials in shared credentials file: ~/.aws/credentials
2025-06-24 18:36:23 - INFO - Found credentials in shared credentials file: ~/.aws/credentials
2025-06-24 18:36:23 - INFO - Found credentials in shared credentials file: ~/.aws/credentials
2025-06-24 18:36:23 - INFO - Found credentials in shared credentials file: ~/.aws/credentials
2025-06-24 18:36:23 - INFO - Found credentials in shared credentials file: ~/.aws/credentials
2025-06-24 18:36:23 - INFO - Found credentials in shared credentials file: ~/.aws/credentials
2025-06-24 18:36:23 - INFO - Found credentials in shared credentials file: ~/.aws/credentials
2025-06-24 18:36:23 - INFO - Found credentials in shared credentials file: ~/.aws/credentials
2025-06-24 18:36:23 - INFO - Found credentials in shared credentials file: ~/.aws/credentials
2025-06-24 18:36:23 - INFO - Found credentials in shared credentials file: ~/.aws/credentials
2025-06-24 18:36:23 - INFO - Found credentials in shared credentials file: ~/.aws/credentials
2025-06-24 18:36:23 - INFO - Found credentials in shared credentials file: ~/.aws/credentials
2025-06-24 18:36:23 - INFO - Found credentials in shared credentials file: ~/.aws/credentials
2025-06-24 18:36:23 - INFO - Found credentials in shared credentials file: ~/.aws/credentials
2025-06-24 18:36:24 - INFO - Found credentials in shared credentials file: ~/.aws/credentials
2025-06-24 18:36:24 - INFO - Found credentials in shared credentials file: ~/.aws/credentials
2025-06-24 18:36:24 - INFO - Found credentials in shared credentials file: ~/.aws/credentials
2025-06-24 18:36:24 - INFO - Found credentials in shared credentials file: ~/.aws/credentials
2025-06-24 18:36:24 - INFO - Found credentials in shared credentials file: ~/.aws/credentials
2025-06-24 18:36:24 - INFO - Found credentials in shared credentials file: ~/.aws/credentials
2025-06-24 18:36:24 - INFO - Found credentials in shared credentials file: ~/.aws/credentials
2025-06-24 18:36:24 - INFO - Found credentials in shared credentials file: ~/.aws/credentials
2025-06-24 18:36:24 - INFO - Found credentials in shared credentials file: ~/.aws/credentials
2025-06-24 18:36:24 - INFO - Found credentials in shared credentials file: ~/.aws/credentials
2025-06-24 18:36:24 - INFO - Found credentials in shared credentials file: ~/.aws/credentials
2025-06-24 18:36:24 - INFO - Found credentials in shared credentials file: ~/.aws/credentials
2025-06-24 18:36:24 - INFO - Found credentials in shared credentials file: ~/.aws/credentials
2025-06-24 18:36:24 - INFO - Found credentials in shared credentials file: ~/.aws/credentials
2025-06-24 18:36:24 - INFO - Found credentials in shared credentials file: ~/.aws/credentials
2025-06-24 18:36:24 - INFO - Found credentials in shared credentials file: ~/.aws/credentials
2025-06-24 18:36:26 - INFO - Found credentials in shared credentials file: ~/.aws/credentials
2025-06-24 18:36:26 - INFO - Found credentials in shared credentials file: ~/.aws/credentials
2025-06-24 18:36:26 - INFO - Found credentials in shared credentials file: ~/.aws/credentials
2025-06-24 18:36:26 - INFO - Found credentials in shared credentials file: ~/.aws/credentials
2025-06-24 18:36:26 - INFO - Found credentials in shared credentials file: ~/.aws/credentials
2025-06-24 18:36:26 - INFO - Found credentials in shared credentials file: ~/.aws/credentials
2025-06-24 18:36:26 - INFO - Found credentials in shared credentials file: ~/.aws/credentials
2025-06-24 18:36:26 - INFO - Found credentials in shared credentials file: ~/.aws/credentials
2025-06-24 18:36:26 - INFO - Found credentials in shared credentials file: ~/.aws/credentials
2025-06-24 18:36:26 - INFO - Found credentials in shared credentials file: ~/.aws/credentials
2025-06-24 18:36:26 - INFO - Found credentials in shared credentials file: ~/.aws/credentials
2025-06-24 18:36:26 - INFO - Found credentials in shared credentials file: ~/.aws/credentials
2025-06-24 18:36:26 - INFO - Found credentials in shared credentials file: ~/.aws/credentials
2025-06-24 18:36:26 - INFO - Found credentials in shared credentials file: ~/.aws/credentials
2025-06-24 18:36:26 - INFO - Found credentials in shared credentials file: ~/.aws/credentials
2025-06-24 18:36:26 - INFO - Found credentials in shared credentials file: ~/.aws/credentials
2025-06-24 18:36:26 - INFO - Found credentials in shared credentials file: ~/.aws/credentials
2025-06-24 18:36:26 - INFO - Found credentials in shared credentials file: ~/.aws/credentials
2025-06-24 18:36:27 - INFO - Found credentials in shared credentials file: ~/.aws/credentials
2025-06-24 18:36:27 - INFO - Found credentials in shared credentials file: ~/.aws/credentials
2025-06-24 18:36:27 - INFO - Found credentials in shared credentials file: ~/.aws/credentials
2025-06-24 18:36:27 - INFO - Found credentials in shared credentials file: ~/.aws/credentials
2025-06-24 18:36:27 - INFO - Found credentials in shared credentials file: ~/.aws/credentials
2025-06-24 18:36:27 - INFO - Found credentials in shared credentials file: ~/.aws/credentials
2025-06-24 18:36:27 - INFO - Found credentials in shared credentials file: ~/.aws/credentials
2025-06-24 18:36:27 - INFO - Found credentials in shared credentials file: ~/.aws/credentials
2025-06-24 18:36:27 - INFO - Found credentials in shared credentials file: ~/.aws/credentials
2025-06-24 18:36:27 - INFO - Found credentials in shared credentials file: ~/.aws/credentials
2025-06-24 18:36:27 - INFO - Found credentials in shared credentials file: ~/.aws/credentials
2025-06-24 18:36:27 - INFO - Found credentials in shared credentials file: ~/.aws/credentials
2025-06-24 18:36:27 - INFO - Found credentials in shared credentials file: ~/.aws/credentials
2025-06-24 18:36:27 - INFO - Found credentials in shared credentials file: ~/.aws/credentials
2025-06-24 18:36:27 - INFO - Found credentials in shared credentials file: ~/.aws/credentials
2025-06-24 18:36:27 - INFO - Found credentials in shared credentials file: ~/.aws/credentials
2025-06-24 18:36:27 - INFO - Found credentials in shared credentials file: ~/.aws/credentials
2025-06-24 18:37:08 - INFO - c5.24xlarge - 0.614900 - us-east-1b
2025-06-24 18:37:08 - INFO - Updating file: results/results_lucas_us-east-1_200.csv
2025-06-24 18:37:08 - INFO - c5.24xlarge - 0.614900 - us-east-1b
2025-06-24 18:37:08 - INFO - c5.24xlarge - 0.614900 - us-east-1b
2025-06-24 18:37:08 - INFO - Updating file: results/results_lucas_us-east-1_200.csv
2025-06-24 18:37:08 - INFO - c5.24xlarge - 0.614900 - us-east-1b
2025-06-24 18:37:08 - INFO - Updating file: results/results_lucas_us-east-1_200.csv
2025-06-24 18:37:08 - INFO - c5.24xlarge - 0.614900 - us-east-1b
2025-06-24 18:37:08 - INFO - c5.24xlarge - 0.614900 - us-east-1b
2025-06-24 18:37:08 - INFO - c5.24xlarge - 0.614900 - us-east-1b
2025-06-24 18:37:08 - INFO - c5.24xlarge - 0.614900 - us-east-1b
2025-06-24 18:37:08 - INFO - Updating file: results/results_lucas_us-east-1_200.csv
2025-06-24 18:37:08 - INFO - Updating file: results/results_lucas_us-east-1_200.csv
2025-06-24 18:37:08 - INFO - c5.24xlarge - 0.614900 - us-east-1b
2025-06-24 18:37:08 - INFO - c5.24xlarge - 0.614900 - us-east-1b
2025-06-24 18:37:08 - INFO - c5.24xlarge - 0.614900 - us-east-1b
2025-06-24 18:37:08 - INFO - c5.24xlarge - 0.614900 - us-east-1b
2025-06-24 18:37:08 - INFO - c5.24xlarge - 0.614900 - us-east-1b
2025-06-24 18:37:08 - INFO - Updating file: results/results_lucas_us-east-1_200.csv
2025-06-24 18:37:08 - INFO - c5.24xlarge - 0.614900 - us-east-1b
2025-06-24 18:37:08 - INFO - c5.24xlarge - 0.614900 - us-east-1b
2025-06-24 18:37:08 - INFO - c5.24xlarge - 0.614900 - us-east-1b
2025-06-24 18:37:08 - INFO - c5.24xlarge - 0.614900 - us-east-1b
2025-06-24 18:37:08 - INFO - c5.24xlarge - 0.614900 - us-east-1b
2025-06-24 18:37:08 - INFO - c5.24xlarge - 0.614900 - us-east-1b
2025-06-24 18:37:08 - INFO - c5.24xlarge - 0.614900 - us-east-1b
2025-06-24 18:37:08 - INFO - c5.24xlarge - 0.614900 - us-east-1b
2025-06-24 18:37:08 - INFO - c5.24xlarge - 0.614900 - us-east-1b
2025-06-24 18:37:08 - INFO - Updating file: results/results_lucas_us-east-1_200.csv
2025-06-24 18:37:09 - INFO - c5.24xlarge - 0.614900 - us-east-1b
2025-06-24 18:37:09 - INFO - c5.24xlarge - 0.614900 - us-east-1b
2025-06-24 18:37:09 - INFO - c5.24xlarge - 0.614900 - us-east-1b
2025-06-24 18:37:09 - INFO - Updating file: results/results_lucas_us-east-1_200.csv
2025-06-24 18:37:09 - INFO - c5.24xlarge - 0.614900 - us-east-1b
2025-06-24 18:37:09 - INFO - c5.24xlarge - 0.614900 - us-east-1b
2025-06-24 18:37:09 - INFO - c5.24xlarge - 0.614900 - us-east-1b
2025-06-24 18:37:09 - INFO - c5.24xlarge - 0.614900 - us-east-1b
2025-06-24 18:37:09 - INFO - c5.24xlarge - 0.614900 - us-east-1b
2025-06-24 18:37:09 - INFO - c5.24xlarge - 0.614900 - us-east-1b
2025-06-24 18:37:09 - INFO - c5.24xlarge - 0.614900 - us-east-1b
2025-06-24 18:37:09 - INFO - c5.24xlarge - 0.614900 - us-east-1b
2025-06-24 18:37:09 - INFO - Updating file: results/results_lucas_us-east-1_200.csv
2025-06-24 18:37:09 - INFO - c5.24xlarge - 0.614900 - us-east-1b
2025-06-24 18:37:09 - INFO - c5.24xlarge - 0.614900 - us-east-1b
2025-06-24 18:37:09 - INFO - c5.24xlarge - 0.614900 - us-east-1b
2025-06-24 18:37:09 - INFO - c5.24xlarge - 0.614900 - us-east-1b
2025-06-24 18:37:09 - INFO - c5.24xlarge - 0.614900 - us-east-1b
2025-06-24 18:37:09 - INFO - c5.24xlarge - 0.614900 - us-east-1b
2025-06-24 18:37:09 - INFO - c5.24xlarge - 0.614900 - us-east-1b
2025-06-24 18:37:09 - INFO - c5.24xlarge - 0.614900 - us-east-1b
2025-06-24 18:37:09 - INFO - c5.24xlarge - 0.614900 - us-east-1b
2025-06-24 18:37:09 - INFO - Updating file: results/results_lucas_us-east-1_200.csv
2025-06-24 18:37:09 - INFO - c5.24xlarge - 0.614900 - us-east-1b
2025-06-24 18:37:09 - INFO - c5.24xlarge - 0.614900 - us-east-1b
2025-06-24 18:37:09 - INFO - c5.24xlarge - 0.614900 - us-east-1b
2025-06-24 18:37:09 - INFO - c5.24xlarge - 0.614900 - us-east-1b
2025-06-24 18:37:09 - INFO - c5.24xlarge - 0.614900 - us-east-1b
2025-06-24 18:37:09 - INFO - c5.24xlarge - 0.614900 - us-east-1b
2025-06-24 18:37:09 - INFO - c5.24xlarge - 0.614900 - us-east-1b
2025-06-24 18:37:09 - INFO - c5.24xlarge - 0.614900 - us-east-1b
2025-06-24 18:37:09 - INFO - c5.24xlarge - 0.614900 - us-east-1b
2025-06-24 18:37:09 - INFO - c5.24xlarge - 0.614900 - us-east-1b
2025-06-24 18:37:09 - INFO - c5.24xlarge - 0.614900 - us-east-1b
2025-06-24 18:37:09 - INFO - c5.24xlarge - 0.614900 - us-east-1b
2025-06-24 18:37:09 - INFO - c5.24xlarge - 0.614900 - us-east-1b
2025-06-24 18:37:09 - INFO - Updating file: results/results_lucas_us-east-1_200.csv
2025-06-24 18:37:09 - INFO - c5.24xlarge - 0.614900 - us-east-1b
2025-06-24 18:37:09 - INFO - c5.24xlarge - 0.614900 - us-east-1b
2025-06-24 18:37:09 - INFO - c5.24xlarge - 0.614900 - us-east-1b
2025-06-24 18:37:09 - INFO - c5.24xlarge - 0.614900 - us-east-1b
2025-06-24 18:37:09 - INFO - c5.24xlarge - 0.614900 - us-east-1b
2025-06-24 18:37:09 - INFO - Updating file: results/results_lucas_us-east-1_200.csv
2025-06-24 18:37:09 - INFO - c5.24xlarge - 0.614900 - us-east-1b
2025-06-24 18:37:09 - INFO - c5.24xlarge - 0.614900 - us-east-1b
2025-06-24 18:37:09 - INFO - c5.24xlarge - 0.614900 - us-east-1b
2025-06-24 18:37:09 - INFO - c5.24xlarge - 0.614900 - us-east-1b
2025-06-24 18:37:09 - INFO - c5.24xlarge - 0.614900 - us-east-1b
2025-06-24 18:37:09 - INFO - c5.24xlarge - 0.614900 - us-east-1b
2025-06-24 18:37:09 - INFO - c5.24xlarge - 0.614900 - us-east-1b
2025-06-24 18:37:10 - INFO - Updating file: results/results_lucas_us-east-1_200.csv
2025-06-24 18:37:10 - INFO - c5.24xlarge - 0.614900 - us-east-1b
2025-06-24 18:37:10 - INFO - c5.24xlarge - 0.614900 - us-east-1b
2025-06-24 18:37:10 - INFO - c5.24xlarge - 0.614900 - us-east-1b
2025-06-24 18:37:10 - INFO - c5.24xlarge - 0.614900 - us-east-1b
2025-06-24 18:37:10 - INFO - c5.24xlarge - 0.614900 - us-east-1b
2025-06-24 18:37:10 - INFO - Updating file: results/results_lucas_us-east-1_200.csv
2025-06-24 18:37:10 - INFO - c5.24xlarge - 0.614900 - us-east-1b
2025-06-24 18:37:10 - INFO - c5.24xlarge - 0.614900 - us-east-1b
2025-06-24 18:37:10 - INFO - c5.24xlarge - 0.614900 - us-east-1b
2025-06-24 18:37:10 - INFO - c5.24xlarge - 0.614900 - us-east-1b
2025-06-24 18:37:10 - INFO - c5.24xlarge - 0.614900 - us-east-1b
2025-06-24 18:37:10 - INFO - c5.24xlarge - 0.614900 - us-east-1b
2025-06-24 18:37:10 - INFO - Updating file: results/results_lucas_us-east-1_200.csv
2025-06-24 18:37:10 - INFO - c5.24xlarge - 0.614900 - us-east-1b
2025-06-24 18:37:10 - INFO - c5.24xlarge - 0.614900 - us-east-1b
2025-06-24 18:37:10 - INFO - c5.24xlarge - 0.614900 - us-east-1b
2025-06-24 18:37:10 - INFO - c5.24xlarge - 0.614900 - us-east-1b
2025-06-24 18:37:10 - INFO - c5.24xlarge - 0.614900 - us-east-1b
2025-06-24 18:37:10 - INFO - c5.24xlarge - 0.614900 - us-east-1b
2025-06-24 18:37:10 - INFO - c5.24xlarge - 0.614900 - us-east-1b
2025-06-24 18:37:10 - INFO - c5.24xlarge - 0.614900 - us-east-1b
2025-06-24 18:37:10 - INFO - c5.24xlarge - 0.614900 - us-east-1b
2025-06-24 18:37:10 - INFO - c5.24xlarge - 0.614900 - us-east-1b
2025-06-24 18:37:10 - INFO - Updating file: results/results_lucas_us-east-1_200.csv
2025-06-24 18:37:10 - INFO - c5.24xlarge - 0.614900 - us-east-1b
2025-06-24 18:37:10 - INFO - c5.24xlarge - 0.614900 - us-east-1b
2025-06-24 18:37:10 - INFO - c5.24xlarge - 0.614900 - us-east-1b
2025-06-24 18:37:10 - INFO - c5.24xlarge - 0.614900 - us-east-1b
2025-06-24 18:37:10 - INFO - c5.24xlarge - 0.614900 - us-east-1b
2025-06-24 18:37:10 - INFO - c5.24xlarge - 0.614900 - us-east-1b
2025-06-24 18:37:10 - INFO - c5.24xlarge - 0.614900 - us-east-1b
2025-06-24 18:37:10 - INFO - c5.24xlarge - 0.614900 - us-east-1b
2025-06-24 18:37:10 - INFO - c5.24xlarge - 0.614900 - us-east-1b
2025-06-24 18:37:10 - INFO - c5.24xlarge - 0.614900 - us-east-1b
2025-06-24 18:37:10 - INFO - Updating file: results/results_lucas_us-east-1_200.csv
2025-06-24 18:37:10 - INFO - c5.24xlarge - 0.614900 - us-east-1b
2025-06-24 18:37:10 - INFO - c5.24xlarge - 0.614900 - us-east-1b
2025-06-24 18:37:10 - INFO - c5.24xlarge - 0.614900 - us-east-1b
2025-06-24 18:37:10 - INFO - c5.24xlarge - 0.614900 - us-east-1b
2025-06-24 18:37:10 - INFO - c5.24xlarge - 0.614900 - us-east-1b
2025-06-24 18:37:10 - INFO - c5.24xlarge - 0.614900 - us-east-1b
2025-06-24 18:37:10 - INFO - c5.24xlarge - 0.614900 - us-east-1b
2025-06-24 18:37:10 - INFO - c5.24xlarge - 0.614900 - us-east-1b
2025-06-24 18:37:10 - INFO - c5.24xlarge - 0.614900 - us-east-1b
2025-06-24 18:37:10 - INFO - c5.24xlarge - 0.614900 - us-east-1b
2025-06-24 18:37:10 - INFO - c5.24xlarge - 0.614900 - us-east-1b
2025-06-24 18:37:11 - INFO - c5.24xlarge - 0.614900 - us-east-1b
2025-06-24 18:37:11 - INFO - Updating file: results/results_lucas_us-east-1_200.csv
2025-06-24 18:37:11 - INFO - c5.24xlarge - 0.614900 - us-east-1b
2025-06-24 18:37:11 - INFO - c5.24xlarge - 0.614900 - us-east-1b
2025-06-24 18:37:11 - INFO - c5.24xlarge - 0.614900 - us-east-1b
2025-06-24 18:37:11 - INFO - c5.24xlarge - 0.614900 - us-east-1b
2025-06-24 18:37:11 - INFO - c5.24xlarge - 0.614900 - us-east-1b
2025-06-24 18:37:11 - INFO - c5.24xlarge - 0.614900 - us-east-1b
2025-06-24 18:37:11 - INFO - c5.24xlarge - 0.614900 - us-east-1b
2025-06-24 18:37:11 - INFO - c5.24xlarge - 0.614900 - us-east-1b
2025-06-24 18:37:11 - INFO - c5.24xlarge - 0.614900 - us-east-1b
2025-06-24 18:37:11 - INFO - Updating file: results/results_lucas_us-east-1_200.csv
2025-06-24 18:37:11 - INFO - c5.24xlarge - 0.614900 - us-east-1b
2025-06-24 18:37:11 - INFO - c5.24xlarge - 0.614900 - us-east-1b
2025-06-24 18:37:11 - INFO - c5.24xlarge - 0.614900 - us-east-1b
2025-06-24 18:37:11 - INFO - c5.24xlarge - 0.614900 - us-east-1b
2025-06-24 18:37:11 - INFO - c5.24xlarge - 0.614900 - us-east-1b
2025-06-24 18:37:11 - INFO - c5.24xlarge - 0.614900 - us-east-1b
2025-06-24 18:37:11 - INFO - c5.24xlarge - 0.614900 - us-east-1b
2025-06-24 18:37:11 - INFO - c5.24xlarge - 0.614900 - us-east-1b
2025-06-24 18:37:11 - INFO - c5.24xlarge - 0.614900 - us-east-1b
2025-06-24 18:37:11 - INFO - c5.24xlarge - 0.614900 - us-east-1b
2025-06-24 18:37:11 - INFO - Updating file: results/results_lucas_us-east-1_200.csv
2025-06-24 18:37:11 - INFO - c5.24xlarge - 0.614900 - us-east-1b
2025-06-24 18:37:11 - INFO - c5.24xlarge - 0.614900 - us-east-1b
2025-06-24 18:37:11 - INFO - c5.24xlarge - 0.614900 - us-east-1b
2025-06-24 18:37:11 - INFO - c5.24xlarge - 0.614900 - us-east-1b
2025-06-24 18:37:11 - INFO - c5.24xlarge - 0.614900 - us-east-1b
2025-06-24 18:37:11 - INFO - c5.24xlarge - 0.614900 - us-east-1b
2025-06-24 18:37:11 - INFO - Updating file: results/results_lucas_us-east-1_200.csv
2025-06-24 18:37:11 - INFO - c5.24xlarge - 0.614900 - us-east-1b
2025-06-24 18:37:11 - INFO - c5.24xlarge - 0.614900 - us-east-1b
2025-06-24 18:37:11 - INFO - c5.24xlarge - 0.614900 - us-east-1b
2025-06-24 18:37:11 - INFO - c5.24xlarge - 0.614900 - us-east-1b
2025-06-24 18:37:11 - INFO - c5.24xlarge - 0.614900 - us-east-1b
2025-06-24 18:37:11 - INFO - c5.24xlarge - 0.614900 - us-east-1b
2025-06-24 18:37:11 - INFO - c5.24xlarge - 0.614900 - us-east-1b
2025-06-24 18:37:11 - INFO - c5.24xlarge - 0.614900 - us-east-1b
2025-06-24 18:37:11 - INFO - Updating file: results/results_lucas_us-east-1_200.csv
2025-06-24 18:37:11 - INFO - c5.24xlarge - 0.614900 - us-east-1b
2025-06-24 18:37:11 - INFO - c5.24xlarge - 0.614900 - us-east-1b
2025-06-24 18:37:11 - INFO - c5.24xlarge - 0.614900 - us-east-1b
2025-06-24 18:37:11 - INFO - c5.24xlarge - 0.614900 - us-east-1b
2025-06-24 18:37:11 - INFO - c5.24xlarge - 0.614900 - us-east-1b
2025-06-24 18:37:11 - INFO - c5.24xlarge - 0.614900 - us-east-1b
2025-06-24 18:37:11 - INFO - Updating file: results/results_lucas_us-east-1_200.csv
2025-06-24 18:37:11 - INFO - c5.24xlarge - 0.614900 - us-east-1b
2025-06-24 18:37:11 - INFO - c5.24xlarge - 0.614900 - us-east-1b
2025-06-24 18:37:11 - INFO - c5.24xlarge - 0.614900 - us-east-1b
2025-06-24 18:37:11 - INFO - Updating file: results/results_lucas_us-east-1_200.csv
2025-06-24 18:37:11 - INFO - Updating file: results/results_lucas_us-east-1_200.csv
2025-06-24 18:37:11 - INFO - Updating file: results/results_lucas_us-east-1_200.csv
2025-06-24 18:37:11 - INFO - c5.24xlarge - 0.614900 - us-east-1b
2025-06-24 18:37:11 - INFO - Updating file: results/results_lucas_us-east-1_200.csv
2025-06-24 18:37:11 - INFO - c5.24xlarge - 0.614900 - us-east-1b
2025-06-24 18:37:11 - INFO - Updating file: results/results_lucas_us-east-1_200.csv
2025-06-24 18:37:11 - INFO - Updating file: results/results_lucas_us-east-1_200.csv
2025-06-24 18:37:11 - INFO - c5.24xlarge - 0.614900 - us-east-1b
2025-06-24 18:37:11 - INFO - c5.24xlarge - 0.614900 - us-east-1b
2025-06-24 18:37:11 - INFO - c5.24xlarge - 0.614900 - us-east-1b
2025-06-24 18:37:11 - INFO - c5.24xlarge - 0.614900 - us-east-1b
2025-06-24 18:37:11 - INFO - Updating file: results/results_lucas_us-east-1_200.csv
2025-06-24 18:37:11 - INFO - c5.24xlarge - 0.614900 - us-east-1b
2025-06-24 18:37:11 - INFO - Updating file: results/results_lucas_us-east-1_200.csv
2025-06-24 18:37:11 - INFO - c5.24xlarge - 0.614900 - us-east-1b
2025-06-24 18:37:11 - INFO - Updating file: results/results_lucas_us-east-1_200.csv
2025-06-24 18:37:11 - INFO - Updating file: results/results_lucas_us-east-1_200.csv
2025-06-24 18:37:11 - INFO - Updating file: results/results_lucas_us-east-1_200.csv
2025-06-24 18:37:11 - INFO - Updating file: results/results_lucas_us-east-1_200.csv
2025-06-24 18:37:12 - INFO - Updating file: results/results_lucas_us-east-1_200.csv
2025-06-24 18:37:12 - INFO - c5.24xlarge - 0.614900 - us-east-1b
2025-06-24 18:37:12 - INFO - Updating file: results/results_lucas_us-east-1_200.csv
2025-06-24 18:37:12 - INFO - c5.24xlarge - 0.614900 - us-east-1b
2025-06-24 18:37:12 - INFO - c5.24xlarge - 0.614900 - us-east-1b
2025-06-24 18:37:12 - INFO - c5.24xlarge - 0.614900 - us-east-1b
2025-06-24 18:37:12 - INFO - c5.24xlarge - 0.614900 - us-east-1b
2025-06-24 18:37:12 - INFO - c5.24xlarge - 0.614900 - us-east-1b
2025-06-24 18:37:12 - INFO - c5.24xlarge - 0.614900 - us-east-1b
2025-06-24 18:37:12 - INFO - c5.24xlarge - 0.614900 - us-east-1b
2025-06-24 18:37:12 - INFO - Updating file: results/results_lucas_us-east-1_200.csv
2025-06-24 18:37:12 - INFO - c5.24xlarge - 0.614900 - us-east-1b
2025-06-24 18:37:12 - INFO - c5.24xlarge - 0.614900 - us-east-1b
2025-06-24 18:37:12 - INFO - c5.24xlarge - 0.614900 - us-east-1b
2025-06-24 18:37:12 - INFO - c5.24xlarge - 0.614900 - us-east-1b
2025-06-24 18:37:12 - INFO - Updating file: results/results_lucas_us-east-1_200.csv
2025-06-24 18:37:12 - INFO - c5.24xlarge - 0.614900 - us-east-1b
2025-06-24 18:37:12 - INFO - Updating file: results/results_lucas_us-east-1_200.csv
2025-06-24 18:37:12 - INFO - c5.24xlarge - 0.614900 - us-east-1b
2025-06-24 18:37:12 - INFO - Updating file: results/results_lucas_us-east-1_200.csv
2025-06-24 18:37:12 - INFO - Updating file: results/results_lucas_us-east-1_200.csv
2025-06-24 18:37:12 - INFO - Updating file: results/results_lucas_us-east-1_200.csv
2025-06-24 18:37:12 - INFO - Updating file: results/results_lucas_us-east-1_200.csv
2025-06-24 18:37:12 - INFO - Updating file: results/results_lucas_us-east-1_200.csv
2025-06-24 18:37:12 - INFO - Updating file: results/results_lucas_us-east-1_200.csv
2025-06-24 18:37:12 - INFO - c5.24xlarge - 0.614900 - us-east-1b
2025-06-24 18:37:12 - INFO - Updating file: results/results_lucas_us-east-1_200.csv
2025-06-24 18:37:12 - INFO - Updating file: results/results_lucas_us-east-1_200.csv
2025-06-24 18:37:12 - INFO - Updating file: results/results_lucas_us-east-1_200.csv
2025-06-24 18:37:12 - INFO - Updating file: results/results_lucas_us-east-1_200.csv
2025-06-24 18:37:12 - INFO - c5.24xlarge - 0.614900 - us-east-1b
2025-06-24 18:37:12 - INFO - Updating file: results/results_lucas_us-east-1_200.csv
2025-06-24 18:37:12 - INFO - Updating file: results/results_lucas_us-east-1_200.csv
2025-06-24 18:37:12 - INFO - Updating file: results/results_lucas_us-east-1_200.csv
2025-06-24 18:37:12 - INFO - c5.24xlarge - 0.614900 - us-east-1b
2025-06-24 18:37:12 - INFO - c5.24xlarge - 0.614900 - us-east-1b
2025-06-24 18:37:12 - INFO - c5.24xlarge - 0.614900 - us-east-1b
2025-06-24 18:37:12 - INFO - Updating file: results/results_lucas_us-east-1_200.csv
2025-06-24 18:37:12 - INFO - Updating file: results/results_lucas_us-east-1_200.csv
2025-06-24 18:37:12 - INFO - c5.24xlarge - 0.614900 - us-east-1b
2025-06-24 18:37:12 - INFO - Updating file: results/results_lucas_us-east-1_200.csv
2025-06-24 18:37:12 - INFO - Updating file: results/results_lucas_us-east-1_200.csv
2025-06-24 18:37:12 - INFO - Updating file: results/results_lucas_us-east-1_200.csv
2025-06-24 18:37:12 - INFO - c5.24xlarge - 0.614900 - us-east-1b
2025-06-24 18:37:12 - INFO - Updating file: results/results_lucas_us-east-1_200.csv
2025-06-24 18:37:12 - INFO - Updating file: results/results_lucas_us-east-1_200.csv
2025-06-24 18:37:12 - INFO - c5.24xlarge - 0.614900 - us-east-1b
2025-06-24 18:37:12 - INFO - Updating file: results/results_lucas_us-east-1_200.csv
2025-06-24 18:37:12 - INFO - Updating file: results/results_lucas_us-east-1_200.csv
2025-06-24 18:37:12 - INFO - c5.24xlarge - 0.614900 - us-east-1b
2025-06-24 18:37:12 - INFO - Updating file: results/results_lucas_us-east-1_200.csv
2025-06-24 18:37:12 - INFO - c5.24xlarge - 0.614900 - us-east-1b
2025-06-24 18:37:12 - INFO - Updating file: results/results_lucas_us-east-1_200.csv
2025-06-24 18:37:12 - INFO - Updating file: results/results_lucas_us-east-1_200.csv
2025-06-24 18:37:12 - INFO - Updating file: results/results_lucas_us-east-1_200.csv
2025-06-24 18:37:12 - INFO - Updating file: results/results_lucas_us-east-1_200.csv
2025-06-24 18:37:12 - INFO - Updating file: results/results_lucas_us-east-1_200.csv
2025-06-24 18:37:12 - INFO - Updating file: results/results_lucas_us-east-1_200.csv
2025-06-24 18:37:12 - INFO - Updating file: results/results_lucas_us-east-1_200.csv
2025-06-24 18:37:12 - INFO - Updating file: results/results_lucas_us-east-1_200.csv
2025-06-24 18:37:12 - INFO - c5.24xlarge - 0.614900 - us-east-1b
2025-06-24 18:37:12 - INFO - Updating file: results/results_lucas_us-east-1_200.csv
2025-06-24 18:37:12 - INFO - Updating file: results/results_lucas_us-east-1_200.csv
2025-06-24 18:37:12 - INFO - c5.24xlarge - 0.614900 - us-east-1b
2025-06-24 18:37:12 - INFO - Updating file: results/results_lucas_us-east-1_200.csv
2025-06-24 18:37:12 - INFO - c5.24xlarge - 0.614900 - us-east-1b
2025-06-24 18:37:12 - INFO - Updating file: results/results_lucas_us-east-1_200.csv
2025-06-24 18:37:12 - INFO - Updating file: results/results_lucas_us-east-1_200.csv
2025-06-24 18:37:12 - INFO - Updating file: results/results_lucas_us-east-1_200.csv
2025-06-24 18:37:12 - INFO - Updating file: results/results_lucas_us-east-1_200.csv
2025-06-24 18:37:12 - INFO - Updating file: results/results_lucas_us-east-1_200.csv
2025-06-24 18:37:12 - INFO - Updating file: results/results_lucas_us-east-1_200.csv
2025-06-24 18:37:12 - INFO - c5.24xlarge - 0.614900 - us-east-1b
2025-06-24 18:37:12 - INFO - c5.24xlarge - 0.614900 - us-east-1b
2025-06-24 18:37:12 - INFO - Updating file: results/results_lucas_us-east-1_200.csv
2025-06-24 18:37:12 - INFO - Updating file: results/results_lucas_us-east-1_200.csv
2025-06-24 18:37:12 - INFO - Updating file: results/results_lucas_us-east-1_200.csv
2025-06-24 18:37:12 - INFO - Updating file: results/results_lucas_us-east-1_200.csv
2025-06-24 18:37:12 - INFO - Updating file: results/results_lucas_us-east-1_200.csv
2025-06-24 18:37:12 - INFO - Updating file: results/results_lucas_us-east-1_200.csv
2025-06-24 18:37:12 - INFO - Updating file: results/results_lucas_us-east-1_200.csv
2025-06-24 18:37:12 - INFO - Updating file: results/results_lucas_us-east-1_200.csv
2025-06-24 18:37:12 - INFO - Updating file: results/results_lucas_us-east-1_200.csv
2025-06-24 18:37:12 - INFO - Updating file: results/results_lucas_us-east-1_200.csv
2025-06-24 18:37:12 - INFO - Updating file: results/results_lucas_us-east-1_200.csv
2025-06-24 18:37:12 - INFO - Updating file: results/results_lucas_us-east-1_200.csv
2025-06-24 18:37:12 - INFO - Updating file: results/results_lucas_us-east-1_200.csv
2025-06-24 18:37:12 - INFO - Updating file: results/results_lucas_us-east-1_200.csv
2025-06-24 18:37:12 - INFO - c5.24xlarge - 0.614900 - us-east-1b
2025-06-24 18:37:12 - INFO - Updating file: results/results_lucas_us-east-1_200.csv
2025-06-24 18:37:12 - INFO - Updating file: results/results_lucas_us-east-1_200.csv
2025-06-24 18:37:12 - INFO - c5.24xlarge - 0.614900 - us-east-1b
2025-06-24 18:37:12 - INFO - Updating file: results/results_lucas_us-east-1_200.csv
2025-06-24 18:37:12 - INFO - c5.24xlarge - 0.614900 - us-east-1b
2025-06-24 18:37:12 - INFO - Updating file: results/results_lucas_us-east-1_200.csv
2025-06-24 18:37:12 - INFO - c5.24xlarge - 0.614900 - us-east-1b
2025-06-24 18:37:12 - INFO - Updating file: results/results_lucas_us-east-1_200.csv
2025-06-24 18:37:12 - INFO - c5.24xlarge - 0.614900 - us-east-1b
2025-06-24 18:37:12 - INFO - Updating file: results/results_lucas_us-east-1_200.csv
2025-06-24 18:37:12 - INFO - Updating file: results/results_lucas_us-east-1_200.csv
2025-06-24 18:37:12 - INFO - Updating file: results/results_lucas_us-east-1_200.csv
2025-06-24 18:37:12 - INFO - Updating file: results/results_lucas_us-east-1_200.csv
2025-06-24 18:37:12 - INFO - Updating file: results/results_lucas_us-east-1_200.csv
2025-06-24 18:37:12 - INFO - Updating file: results/results_lucas_us-east-1_200.csv
2025-06-24 18:37:12 - INFO - Updating file: results/results_lucas_us-east-1_200.csv
2025-06-24 18:37:12 - INFO - Updating file: results/results_lucas_us-east-1_200.csv
2025-06-24 18:37:12 - INFO - Updating file: results/results_lucas_us-east-1_200.csv
2025-06-24 18:37:12 - INFO - c5.24xlarge - 0.614900 - us-east-1b
2025-06-24 18:37:12 - INFO - Updating file: results/results_lucas_us-east-1_200.csv
2025-06-24 18:37:12 - INFO - Updating file: results/results_lucas_us-east-1_200.csv
2025-06-24 18:37:12 - INFO - Updating file: results/results_lucas_us-east-1_200.csv
2025-06-24 18:37:12 - INFO - c5.24xlarge - 0.614900 - us-east-1b
2025-06-24 18:37:12 - INFO - Updating file: results/results_lucas_us-east-1_200.csv
2025-06-24 18:37:12 - INFO - Updating file: results/results_lucas_us-east-1_200.csv
2025-06-24 18:37:12 - INFO - Updating file: results/results_lucas_us-east-1_200.csv
2025-06-24 18:37:12 - INFO - Updating file: results/results_lucas_us-east-1_200.csv
2025-06-24 18:37:12 - INFO - Updating file: results/results_lucas_us-east-1_200.csv
2025-06-24 18:37:12 - INFO - Updating file: results/results_lucas_us-east-1_200.csv
2025-06-24 18:37:12 - INFO - Updating file: results/results_lucas_us-east-1_200.csv
2025-06-24 18:37:12 - INFO - Updating file: results/results_lucas_us-east-1_200.csv
2025-06-24 18:37:12 - INFO - Updating file: results/results_lucas_us-east-1_200.csv
2025-06-24 18:37:12 - INFO - Updating file: results/results_lucas_us-east-1_200.csv
2025-06-24 18:37:12 - INFO - Updating file: results/results_lucas_us-east-1_200.csv
2025-06-24 18:37:12 - INFO - Updating file: results/results_lucas_us-east-1_200.csv
2025-06-24 18:37:12 - INFO - Updating file: results/results_lucas_us-east-1_200.csv
2025-06-24 18:37:12 - INFO - Updating file: results/results_lucas_us-east-1_200.csv
2025-06-24 18:37:12 - INFO - Updating file: results/results_lucas_us-east-1_200.csv
2025-06-24 18:37:12 - INFO - Updating file: results/results_lucas_us-east-1_200.csv
2025-06-24 18:37:12 - INFO - c5.24xlarge - 0.614900 - us-east-1b
2025-06-24 18:37:12 - INFO - Updating file: results/results_lucas_us-east-1_200.csv
2025-06-24 18:37:12 - INFO - Updating file: results/results_lucas_us-east-1_200.csv
2025-06-24 18:37:12 - INFO - c5.24xlarge - 0.614900 - us-east-1b
2025-06-24 18:37:12 - INFO - Updating file: results/results_lucas_us-east-1_200.csv
2025-06-24 18:37:12 - INFO - Updating file: results/results_lucas_us-east-1_200.csv
2025-06-24 18:37:12 - INFO - c5.24xlarge - 0.614900 - us-east-1b
2025-06-24 18:37:12 - INFO - Updating file: results/results_lucas_us-east-1_200.csv
2025-06-24 18:37:12 - INFO - Updating file: results/results_lucas_us-east-1_200.csv
2025-06-24 18:37:12 - INFO - Updating file: results/results_lucas_us-east-1_200.csv
2025-06-24 18:37:12 - INFO - Updating file: results/results_lucas_us-east-1_200.csv
2025-06-24 18:37:12 - INFO - Updating file: results/results_lucas_us-east-1_200.csv
2025-06-24 18:37:12 - INFO - Updating file: results/results_lucas_us-east-1_200.csv
2025-06-24 18:37:12 - INFO - c5.24xlarge - 0.614900 - us-east-1b
2025-06-24 18:37:12 - INFO - Updating file: results/results_lucas_us-east-1_200.csv
2025-06-24 18:37:12 - INFO - Updating file: results/results_lucas_us-east-1_200.csv
2025-06-24 18:37:12 - INFO - Updating file: results/results_lucas_us-east-1_200.csv
2025-06-24 18:37:12 - INFO - Updating file: results/results_lucas_us-east-1_200.csv
2025-06-24 18:37:12 - INFO - Updating file: results/results_lucas_us-east-1_200.csv
2025-06-24 18:37:12 - INFO - Updating file: results/results_lucas_us-east-1_200.csv
2025-06-24 18:37:12 - INFO - Updating file: results/results_lucas_us-east-1_200.csv
2025-06-24 18:37:12 - INFO - Updating file: results/results_lucas_us-east-1_200.csv
2025-06-24 18:37:13 - INFO - Updating file: results/results_lucas_us-east-1_200.csv
2025-06-24 18:37:13 - INFO - Updating file: results/results_lucas_us-east-1_200.csv
2025-06-24 18:37:13 - INFO - Updating file: results/results_lucas_us-east-1_200.csv
2025-06-24 18:37:13 - INFO - Updating file: results/results_lucas_us-east-1_200.csv
2025-06-24 18:37:13 - INFO - Updating file: results/results_lucas_us-east-1_200.csv
2025-06-24 18:37:13 - INFO - Updating file: results/results_lucas_us-east-1_200.csv
2025-06-24 18:37:13 - INFO - Updating file: results/results_lucas_us-east-1_200.csv
2025-06-24 18:37:13 - INFO - Updating file: results/results_lucas_us-east-1_200.csv
2025-06-24 18:37:13 - INFO - Updating file: results/results_lucas_us-east-1_200.csv
2025-06-24 18:37:13 - INFO - Updating file: results/results_lucas_us-east-1_200.csv
2025-06-24 18:37:13 - INFO - Updating file: results/results_lucas_us-east-1_200.csv
2025-06-24 18:37:13 - INFO - Updating file: results/results_lucas_us-east-1_200.csv
2025-06-24 18:37:13 - INFO - Updating file: results/results_lucas_us-east-1_200.csv
2025-06-24 18:37:13 - INFO - Updating file: results/results_lucas_us-east-1_200.csv
2025-06-24 18:37:13 - INFO - Updating file: results/results_lucas_us-east-1_200.csv
2025-06-24 18:37:13 - INFO - Updating file: results/results_lucas_us-east-1_200.csv
2025-06-24 18:37:13 - INFO - Updating file: results/results_lucas_us-east-1_200.csv
2025-06-24 18:37:13 - INFO - Updating file: results/results_lucas_us-east-1_200.csv
2025-06-24 18:37:13 - INFO - Updating file: results/results_lucas_us-east-1_200.csv
2025-06-24 18:37:13 - INFO - Updating file: results/results_lucas_us-east-1_200.csv
2025-06-24 18:37:13 - INFO - Updating file: results/results_lucas_us-east-1_200.csv
2025-06-24 18:37:13 - INFO - Updating file: results/results_lucas_us-east-1_200.csv
2025-06-24 18:37:13 - INFO - Updating file: results/results_lucas_us-east-1_200.csv
2025-06-24 18:37:13 - INFO - Updating file: results/results_lucas_us-east-1_200.csv
2025-06-24 18:37:13 - INFO - Updating file: results/results_lucas_us-east-1_200.csv
2025-06-24 18:37:13 - INFO - Updating file: results/results_lucas_us-east-1_200.csv
2025-06-24 18:37:13 - INFO - Updating file: results/results_lucas_us-east-1_200.csv
2025-06-24 18:37:13 - INFO - Updating file: results/results_lucas_us-east-1_200.csv
2025-06-24 18:37:13 - INFO - Updating file: results/results_lucas_us-east-1_200.csv
2025-06-24 18:37:13 - INFO - Updating file: results/results_lucas_us-east-1_200.csv
2025-06-24 18:37:13 - INFO - Updating file: results/results_lucas_us-east-1_200.csv
2025-06-24 18:37:13 - INFO - Updating file: results/results_lucas_us-east-1_200.csv
2025-06-24 18:37:13 - INFO - Updating file: results/results_lucas_us-east-1_200.csv
2025-06-24 18:37:13 - INFO - Updating file: results/results_lucas_us-east-1_200.csv
2025-06-24 18:37:13 - INFO - Updating file: results/results_lucas_us-east-1_200.csv
2025-06-24 18:37:13 - INFO - Updating file: results/results_lucas_us-east-1_200.csv
2025-06-24 18:37:13 - INFO - Updating file: results/results_lucas_us-east-1_200.csv
2025-06-24 18:37:13 - INFO - Updating file: results/results_lucas_us-east-1_200.csv
2025-06-24 18:37:13 - INFO - Updating file: results/results_lucas_us-east-1_200.csv
2025-06-24 18:37:13 - INFO - Updating file: results/results_lucas_us-east-1_200.csv
2025-06-24 18:37:13 - INFO - Updating file: results/results_lucas_us-east-1_200.csv
2025-06-24 18:37:13 - INFO - Updating file: results/results_lucas_us-east-1_200.csv
2025-06-24 18:37:13 - INFO - Updating file: results/results_lucas_us-east-1_200.csv
2025-06-24 18:37:13 - INFO - Updating file: results/results_lucas_us-east-1_200.csv
2025-06-24 18:37:13 - INFO - Updating file: results/results_lucas_us-east-1_200.csv
2025-06-24 18:37:13 - INFO - Updating file: results/results_lucas_us-east-1_200.csv
2025-06-24 18:37:13 - INFO - Updating file: results/results_lucas_us-east-1_200.csv
2025-06-24 18:37:13 - INFO - Updating file: results/results_lucas_us-east-1_200.csv
2025-06-24 18:37:13 - INFO - Updating file: results/results_lucas_us-east-1_200.csv
2025-06-24 18:37:13 - INFO - Updating file: results/results_lucas_us-east-1_200.csv
2025-06-24 18:37:13 - INFO - Updating file: results/results_lucas_us-east-1_200.csv
2025-06-24 18:37:13 - INFO - Updating file: results/results_lucas_us-east-1_200.csv
2025-06-24 18:37:13 - INFO - Updating file: results/results_lucas_us-east-1_200.csv
2025-06-24 18:37:13 - INFO - Updating file: results/results_lucas_us-east-1_200.csv
2025-06-24 18:37:13 - INFO - Updating file: results/results_lucas_us-east-1_200.csv
2025-06-24 18:37:26 - INFO - All instances have been terminated.
2025-06-24 19:01:44 - INFO - Start execution in us-east-1 Nodes=400 Benchmark=bt.A.x Allocation Strategy=lowest-price
2025-06-24 19:01:44 - INFO - Found credentials in shared credentials file: ~/.aws/credentials
2025-06-24 19:02:25 - INFO - Tempo que levou para receber response AWS: 41.35179 segundos
2025-06-24 19:02:25 - INFO - Found credentials in shared credentials file: ~/.aws/credentials
2025-06-24 19:02:26 - INFO - m5.24xlarge - 0.591500 - us-east-1f
2025-06-24 19:02:26 - INFO - Updating file: results/results_lucas_us-east-1_400.csv
2025-06-24 19:02:26 - INFO - Found credentials in shared credentials file: ~/.aws/credentials
2025-06-24 19:02:27 - INFO - r5.24xlarge - 0.604800 - us-east-1c
2025-06-24 19:02:27 - INFO - Updating file: results/results_lucas_us-east-1_400.csv
2025-06-24 19:02:27 - INFO - Found credentials in shared credentials file: ~/.aws/credentials
2025-06-24 19:02:28 - INFO - r7a.24xlarge - 0.730300 - us-east-1c
2025-06-24 19:02:28 - INFO - Updating file: results/results_lucas_us-east-1_400.csv
2025-06-24 19:02:28 - INFO - Found credentials in shared credentials file: ~/.aws/credentials
2025-06-24 19:02:29 - INFO - m7i.24xlarge - 0.754800 - us-east-1d
2025-06-24 19:02:29 - INFO - Updating file: results/results_lucas_us-east-1_400.csv
2025-06-24 19:02:29 - INFO - Found credentials in shared credentials file: ~/.aws/credentials
2025-06-24 19:02:30 - INFO - m6a.24xlarge - 0.814500 - us-east-1f
2025-06-24 19:02:30 - INFO - Updating file: results/results_lucas_us-east-1_400.csv
2025-06-24 19:02:30 - INFO - Found credentials in shared credentials file: ~/.aws/credentials
2025-06-24 19:02:31 - INFO - r6i.24xlarge - 0.845200 - us-east-1c
2025-06-24 19:02:31 - INFO - Updating file: results/results_lucas_us-east-1_400.csv
2025-06-24 19:02:31 - INFO - Found credentials in shared credentials file: ~/.aws/credentials
2025-06-24 19:02:32 - INFO - r6a.24xlarge - 0.870800 - us-east-1a
2025-06-24 19:02:32 - INFO - Updating file: results/results_lucas_us-east-1_400.csv
2025-06-24 19:02:32 - INFO - Found credentials in shared credentials file: ~/.aws/credentials
2025-06-24 19:02:33 - INFO - r7i.24xlarge - 0.889300 - us-east-1d
2025-06-24 19:02:33 - INFO - Updating file: results/results_lucas_us-east-1_400.csv
2025-06-24 19:02:33 - INFO - Found credentials in shared credentials file: ~/.aws/credentials
2025-06-24 19:02:34 - INFO - c6i.32xlarge - 0.910700 - us-east-1f
2025-06-24 19:02:34 - INFO - Updating file: results/results_lucas_us-east-1_400.csv
2025-06-24 19:02:34 - INFO - Found credentials in shared credentials file: ~/.aws/credentials
2025-06-24 19:02:34 - INFO - m6a.24xlarge - 0.944600 - us-east-1c
2025-06-24 19:02:34 - INFO - Updating file: results/results_lucas_us-east-1_400.csv
2025-06-24 19:02:34 - INFO - Found credentials in shared credentials file: ~/.aws/credentials
2025-06-24 19:02:35 - INFO - m6i.24xlarge - 0.967900 - us-east-1c
2025-06-24 19:02:35 - INFO - Updating file: results/results_lucas_us-east-1_400.csv
2025-06-24 19:02:35 - INFO - Found credentials in shared credentials file: ~/.aws/credentials
2025-06-24 19:02:36 - INFO - c5.24xlarge - 1.000700 - us-east-1c
2025-06-24 19:02:36 - INFO - Updating file: results/results_lucas_us-east-1_400.csv
2025-06-24 19:02:36 - INFO - Found credentials in shared credentials file: ~/.aws/credentials
2025-06-24 19:02:37 - INFO - m6i.24xlarge - 1.016400 - us-east-1a
2025-06-24 19:02:37 - INFO - Updating file: results/results_lucas_us-east-1_400.csv
2025-06-24 19:02:37 - INFO - Found credentials in shared credentials file: ~/.aws/credentials
2025-06-24 19:02:38 - INFO - c5ad.24xlarge - 1.037200 - us-east-1f
2025-06-24 19:02:38 - INFO - Updating file: results/results_lucas_us-east-1_400.csv
2025-06-24 19:02:38 - INFO - Found credentials in shared credentials file: ~/.aws/credentials
2025-06-24 19:02:39 - INFO - m7i.24xlarge - 1.037400 - us-east-1f
2025-06-24 19:02:39 - INFO - Updating file: results/results_lucas_us-east-1_400.csv
2025-06-24 19:02:39 - INFO - Found credentials in shared credentials file: ~/.aws/credentials
2025-06-24 19:02:40 - INFO - m5.24xlarge - 1.063100 - us-east-1d
2025-06-24 19:02:40 - INFO - Updating file: results/results_lucas_us-east-1_400.csv
2025-06-24 19:02:40 - INFO - Found credentials in shared credentials file: ~/.aws/credentials
2025-06-24 19:02:41 - INFO - m6a.24xlarge - 1.077000 - us-east-1d
2025-06-24 19:02:41 - INFO - Updating file: results/results_lucas_us-east-1_400.csv
2025-06-24 19:02:41 - INFO - Found credentials in shared credentials file: ~/.aws/credentials
2025-06-24 19:02:42 - INFO - m6i.24xlarge - 1.086400 - us-east-1f
2025-06-24 19:02:42 - INFO - Updating file: results/results_lucas_us-east-1_400.csv
2025-06-24 19:02:42 - INFO - Found credentials in shared credentials file: ~/.aws/credentials
2025-06-24 19:02:43 - INFO - c6a.24xlarge - 1.091000 - us-east-1f
2025-06-24 19:02:43 - INFO - Updating file: results/results_lucas_us-east-1_400.csv
2025-06-24 19:02:43 - INFO - Found credentials in shared credentials file: ~/.aws/credentials
2025-06-24 19:02:43 - INFO - m5.24xlarge - 1.094800 - us-east-1c
2025-06-24 19:02:43 - INFO - Updating file: results/results_lucas_us-east-1_400.csv
2025-06-24 19:02:44 - INFO - Found credentials in shared credentials file: ~/.aws/credentials
2025-06-24 19:02:44 - INFO - m6i.24xlarge - 1.112500 - us-east-1d
2025-06-24 19:02:44 - INFO - Updating file: results/results_lucas_us-east-1_400.csv
2025-06-24 19:02:44 - INFO - Found credentials in shared credentials file: ~/.aws/credentials
2025-06-24 19:02:45 - INFO - m5a.24xlarge - 1.122800 - us-east-1f
2025-06-24 19:02:45 - INFO - Updating file: results/results_lucas_us-east-1_400.csv
2025-06-24 19:02:45 - INFO - Found credentials in shared credentials file: ~/.aws/credentials
2025-06-24 19:02:46 - INFO - m7a.24xlarge - 1.126700 - us-east-1c
2025-06-24 19:02:46 - INFO - Updating file: results/results_lucas_us-east-1_400.csv
2025-06-24 19:02:46 - INFO - Found credentials in shared credentials file: ~/.aws/credentials
2025-06-24 19:02:47 - INFO - m5a.24xlarge - 1.143700 - us-east-1c
2025-06-24 19:02:47 - INFO - Updating file: results/results_lucas_us-east-1_400.csv
2025-06-24 19:02:47 - INFO - Found credentials in shared credentials file: ~/.aws/credentials
2025-06-24 19:02:48 - INFO - r6a.24xlarge - 1.144800 - us-east-1c
2025-06-24 19:02:48 - INFO - Updating file: results/results_lucas_us-east-1_400.csv
2025-06-24 19:02:48 - INFO - Fleet created with instances: ['i-00c29dea812963035', 'i-0ea9cc4a03de94355', 'i-06c8022bc29a85e81', 'i-09de3dcc2bba711f4', 'i-015f3d88c7b2cff2e', 'i-046c42417d296243a', 'i-0a7ebe09adc624c88', 'i-0ecfb5a5e99396ad7', 'i-06d2118fba9d0dd4d', 'i-04055f1b1f7c44435', 'i-0d2634d3aa1bd6e51', 'i-0547fbf1fe52cf7c7', 'i-0ffd3bd92ab51b0a9', 'i-060398b60526d5581', 'i-0fb6be00a7ac6b0a1', 'i-073637e1d60cedfc1', 'i-0dbf6b2dbc13cf85c', 'i-09c8692150d308439', 'i-0e974a1e954c5ec69', 'i-04b74fe3944a7a87d', 'i-0c1c207b87d1747db', 'i-07fe1ae68de69b918', 'i-0fd0a77a67e6b7592', 'i-05dff70fb9d0880e4', 'i-0b116113dbb471962', 'i-081cfd9a7f12e4318', 'i-0b0dadaf326d52102', 'i-0bedc51c563cfdc12', 'i-0752aeb2b73c53095', 'i-0e1da8e7d07494cb3', 'i-0001dca485881fc4e', 'i-093abaa6e4ab943c9', 'i-007d46b9b009e671f', 'i-0528539bd0d0ba1f8', 'i-0eaa5a0b9234d8e03', 'i-02fe2d18ebd9fcf53', 'i-00b72c24f86423991', 'i-0e4ff864afa0e7848', 'i-04d1ce80640e9d4fc', 'i-03882ba953f14fc64', 'i-0a72ac2e9d09b1675', 'i-03f91304a9e63736d', 'i-0dd80ffdb427039d7', 'i-07737353decdf504c', 'i-06bf2cc7a7b5c9f7e', 'i-046f9f7e351b08154', 'i-06f019338ad29dfe5', 'i-0ff4c16ba44e4484e', 'i-07dfe4f4a7302410f', 'i-030950a8f54a5b76f', 'i-0597f1b73345ce8fd', 'i-0aee01b88939ce07e', 'i-028d012305db012db', 'i-08fc6cba87124f140', 'i-08ab9b6edf4b362ec', 'i-0e3b44ca328d95f53', 'i-070c53b9556a6aa76', 'i-072f3cccc3312233c', 'i-073d121d3a244b533', 'i-0f742c0c9d990a23d', 'i-01312c50748657a7e', 'i-03a4d61237e95fc46', 'i-0cba186b151ef0418', 'i-010246eca968b78a7', 'i-08308ff2f0bb06ea8', 'i-00c7abf1f17a3717d', 'i-09f6890c7e78badcf', 'i-068a8a85d83eeb882', 'i-0de3b77c694fa025e', 'i-0d6de75c7bdd75908', 'i-0104b22ca96bca8ca', 'i-0d9ddf996556be1e1', 'i-06807202b27d61b09', 'i-0e9ff6fcf0a6d58d0', 'i-0d2d069c9cfd7d7e2', 'i-07c0c63ca773ba941', 'i-09f82390b81b16f9f', 'i-0c8dfffabbcfc4b46', 'i-00f8337cc74fe90d4', 'i-096fa60a7ae27b970', 'i-0da82bb3f743e69fa', 'i-0742f70c89fa39d0a', 'i-0b152272f3b838748', 'i-0c9e7ae26a7e39e44', 'i-08809cd4243ab730f', 'i-0477e8062282d8d12', 'i-065652ef3711aa141', 'i-003e8df9122aa9b9b', 'i-018b50cb00885a64b', 'i-04c6b6b112fdac82c', 'i-0ec78ca6034a7c500', 'i-07c21cc73cbb96538', 'i-0c83409bc97b41843', 'i-0ca4341013b83b1b2', 'i-0e1c1a5b314a8bfb0', 'i-03982996ec8a4c7d6', 'i-0f6c6c978ad1b5325', 'i-07b1c3c36e0119a81', 'i-05a56732dd1d372e1', 'i-0e3a4fb074086bf27', 'i-0dd3b53992c4895e4', 'i-063c6e3f048041b6d', 'i-0062d5c531cdd38f6', 'i-076af28c8a5a6f1df', 'i-083289cd69c78ec9c', 'i-06acaf703ca45f75c', 'i-0fbb135c31b035c8e', 'i-09cd344c13d826d0b', 'i-0fbd7555cd7082c4f', 'i-0179df69846f4beda', 'i-0629d3ab0d66d1621', 'i-0038dc97afde46eee', 'i-03cbea42afec68ae3', 'i-0232654718b394945', 'i-0475c97dfbb18d78c', 'i-0ef35b451c394e9fe', 'i-09e93c4e0fb518fb4', 'i-06ecaaa03591e7e55', 'i-068f23849f7dc0b91', 'i-01aefcbca6f906845', 'i-0c33d76f0a290c91c', 'i-0eb101367ca0b134e', 'i-0d38237bb3c99728b', 'i-058e56bba39e98f8d', 'i-011e4a9cfa3e1b7d5', 'i-0c28fd4ce395f85d8', 'i-047929934eed2de2a', 'i-0dccaa658d664e831', 'i-08231f64edd8286cf', 'i-0b05ead4dd4af94df', 'i-0ba5d2390f543cc20', 'i-0e1d5489e374b8972', 'i-02b1e2cbb1cc4be48', 'i-0caa98db165d7fffa', 'i-0b458d1bedf3f7f6d', 'i-048e3b081636af52b', 'i-04139cfb9fea22101', 'i-07bb1d634914cb358', 'i-0b0407fae8660cb39', 'i-097372f3233834678', 'i-06607fe2e62c62769', 'i-067f20f8277eee6e9', 'i-0dff623d9af6b165b', 'i-09d7c6ffea0a58e02', 'i-0890562bed1b05072', 'i-06ce10e394da535b6', 'i-03a05a0fc9b439c38', 'i-01c91e720e8127ea9', 'i-0a3a1980a0199b040', 'i-0ea87ffb370259b33', 'i-090cb71b0b2615f31', 'i-022b75f44c1eacdf7', 'i-0dd9f78792b44c4e7', 'i-00ca212e381645b8f', 'i-0e307b6510d3821a6', 'i-0c55d1f9a4d914a12', 'i-0f7ae0cfe7b52ff53', 'i-0fe1fce71d1141fc9', 'i-0bfc54c9fcf26b535', 'i-05bf7f53ea907139a', 'i-00fb92c927a2210e0', 'i-015ae843156a8a4d2', 'i-048523473bfd5d681', 'i-074a8e9a91f44ac50', 'i-08a1371872584e0e2', 'i-0e406fc2d84752395', 'i-0afe24ec672b5a654', 'i-0b33eaf1a27cb3eb2', 'i-002489c93f1c14a6b', 'i-0d79ab5b9474c72ee', 'i-07576dac0f20e0a5e', 'i-03abd9a52b9454339', 'i-01e77b433db78a2f4', 'i-0cfec3341d73a4ecf', 'i-0365f146f438dc13f', 'i-0ea12e48858841dd8', 'i-085b35870ffe765d4', 'i-04d1cbb2b2335127b', 'i-073672cf1e1840ba8', 'i-07aca632c222fa066', 'i-02fc94f2a985cc981', 'i-0bdaacd4c510bc217', 'i-06c60fa6c7e9d54b9', 'i-0eea8e58250ece389', 'i-0bd280f274a969c16', 'i-0bf38a70565806c9c', 'i-0725bb86f6a868ec7', 'i-043d599917b7e6689', 'i-0114992af87f2ac23', 'i-096478336d01663ef', 'i-0c76e7b161d6c1de2', 'i-066cc6751fa93b5e0', 'i-0d1243b4bbcfce530', 'i-058b1ca26caed144c', 'i-07007fcde3201376a', 'i-0b8f81fe6ef361dc5', 'i-088a2168262d0fde3', 'i-0a569836a4e4e2bb8', 'i-07f499fe458aee878', 'i-0c1608460ca417e90', 'i-0c4096c424f4f04c7', 'i-0d3e8826ae8340b60', 'i-0d5690b17f4f6076e', 'i-0718c0690d0490e88', 'i-00d3ee563819785c7', 'i-0079a02abeddd09d1', 'i-024ba7f218d398033', 'i-01e18e117025e0aac', 'i-0781949d8acf98a85', 'i-06330843192798dc2', 'i-0c028adab67afabb4', 'i-0cf43cc54312162e4', 'i-00b9a57e4bfef81d0', 'i-0b6dad2c76f0708d3', 'i-045b0a8a6cb32fc52', 'i-0b775f9a02985cedb', 'i-04d638804ae5c674e', 'i-0d0ee92799cfeaca2', 'i-09747f94c8d394d73', 'i-00bf2866236c0fcdd', 'i-096a859461eb2db0f', 'i-04fa5bc95bbec6595', 'i-0007065a9605f0be5', 'i-05c440eb0626b1178', 'i-0544bacb037f22562', 'i-0e029bccefe4a7a34', 'i-082f4af3d68e533e6', 'i-0d047fedfc9ed0da0', 'i-0bbb40241715a01e1', 'i-0f595f1e90942e7c8', 'i-02cb159b55057b483', 'i-0dd74c9edfbb7a6e5', 'i-0f97a67b8786d9b12', 'i-0ec20aefc73e74c20', 'i-099b19a89a496c798', 'i-0c47b4e162ffc4786', 'i-042f544313e40b8a0', 'i-0277e045b995e9958', 'i-0463d849ea4f317a9', 'i-0ddf2b49fe2280aa2', 'i-0cf4cadabf03d702c', 'i-0d971f5609a2a84a3', 'i-0518eab9cd013322c', 'i-0c7c3cb01dbcf8ea0', 'i-02747f7d834f5e7e2', 'i-0f4b152fc815accf0', 'i-072d1d98e6d1364e9', 'i-09c6e1fca01a966a6', 'i-0f7f35814b02d4ef7', 'i-013637947c4c2e92c', 'i-096450bd0a6c31daf', 'i-01641b672e5d7bc9b', 'i-0b497bf556839da5d', 'i-09a0ec26dc2f024d2', 'i-0a3eda8175a498966', 'i-070028a1e3a02fa75', 'i-0f226af4d74310f7a', 'i-0e4b5184f6382ef77', 'i-0fe56e092a8ddc31d', 'i-065ea61d6a203062a', 'i-01a06f0468c352974', 'i-0ddefc29f9ac8d203', 'i-05f027dba66547023', 'i-08de75ca88c805bdb', 'i-0433e8799374914ba', 'i-051bfc2ce50032bf7', 'i-0878d704af82ce4a2', 'i-08c59b98ee1f83d48', 'i-06bdd09f5bdf53cca', 'i-0a65daaac1c311c7f', 'i-042f635dda44f77d2', 'i-03404ae9eeed0707e', 'i-0e8cbbcda6e23dc11', 'i-021b5575f301607c6', 'i-04e3be768a461ac9a', 'i-05e2993b85904ecf3', 'i-091abaa2860127eda', 'i-03fc7f7f8fd3c3373', 'i-084066aa73cde5ba8', 'i-031dbc84fee429df6', 'i-0f039b034999234a2', 'i-0ae102e869e50d1b8', 'i-003bac6ba283041dc', 'i-0c7703f1e48e94536', 'i-0e385625bdfb6222d', 'i-00a27d08388c405ae', 'i-00f9584f8b315a501', 'i-0699b86f5a6a06a26', 'i-041dc195f4eecde2a']
2025-06-24 19:05:04 - INFO - Tempo que levou para as máquinas estarem running: 133.926107 segundos
2025-06-24 19:05:04 - INFO - Tempo que levou para criar o Fleet com 289 instâncias: 200.894215 segundos
2025-06-24 19:05:04 - INFO - 289 instâncias no total. Iniciando benchmark em paralelo...
2025-06-24 19:05:05 - INFO - Found credentials in shared credentials file: ~/.aws/credentials
2025-06-24 19:05:05 - INFO - Found credentials in shared credentials file: ~/.aws/credentials
2025-06-24 19:05:05 - INFO - Found credentials in shared credentials file: ~/.aws/credentials
2025-06-24 19:05:05 - INFO - Found credentials in shared credentials file: ~/.aws/credentials
2025-06-24 19:05:05 - INFO - Found credentials in shared credentials file: ~/.aws/credentials
2025-06-24 19:05:05 - INFO - Found credentials in shared credentials file: ~/.aws/credentials
2025-06-24 19:05:05 - INFO - Found credentials in shared credentials file: ~/.aws/credentials
2025-06-24 19:05:05 - INFO - Found credentials in shared credentials file: ~/.aws/credentials
2025-06-24 19:05:05 - INFO - Found credentials in shared credentials file: ~/.aws/credentials
2025-06-24 19:05:05 - INFO - Found credentials in shared credentials file: ~/.aws/credentials
2025-06-24 19:05:05 - INFO - Found credentials in shared credentials file: ~/.aws/credentials
2025-06-24 19:05:05 - INFO - Found credentials in shared credentials file: ~/.aws/credentials
2025-06-24 19:05:05 - INFO - Found credentials in shared credentials file: ~/.aws/credentials
2025-06-24 19:05:05 - INFO - Found credentials in shared credentials file: ~/.aws/credentials
2025-06-24 19:05:05 - INFO - Found credentials in shared credentials file: ~/.aws/credentials
2025-06-24 19:05:05 - INFO - Found credentials in shared credentials file: ~/.aws/credentials
2025-06-24 19:05:05 - INFO - Found credentials in shared credentials file: ~/.aws/credentials
2025-06-24 19:05:06 - INFO - Found credentials in shared credentials file: ~/.aws/credentials
2025-06-24 19:05:06 - INFO - Found credentials in shared credentials file: ~/.aws/credentials
2025-06-24 19:05:06 - INFO - Found credentials in shared credentials file: ~/.aws/credentials
2025-06-24 19:05:06 - INFO - Found credentials in shared credentials file: ~/.aws/credentials
2025-06-24 19:05:06 - INFO - Found credentials in shared credentials file: ~/.aws/credentials
2025-06-24 19:05:06 - INFO - Found credentials in shared credentials file: ~/.aws/credentials
2025-06-24 19:05:06 - INFO - Found credentials in shared credentials file: ~/.aws/credentials
2025-06-24 19:05:06 - INFO - Found credentials in shared credentials file: ~/.aws/credentials
2025-06-24 19:05:06 - INFO - Found credentials in shared credentials file: ~/.aws/credentials
2025-06-24 19:05:06 - INFO - Found credentials in shared credentials file: ~/.aws/credentials
2025-06-24 19:05:06 - INFO - Found credentials in shared credentials file: ~/.aws/credentials
2025-06-24 19:05:06 - INFO - Found credentials in shared credentials file: ~/.aws/credentials
2025-06-24 19:05:06 - INFO - Found credentials in shared credentials file: ~/.aws/credentials
2025-06-24 19:05:06 - INFO - Found credentials in shared credentials file: ~/.aws/credentials
2025-06-24 19:05:07 - INFO - Found credentials in shared credentials file: ~/.aws/credentials
2025-06-24 19:05:07 - INFO - Found credentials in shared credentials file: ~/.aws/credentials
2025-06-24 19:05:07 - INFO - Found credentials in shared credentials file: ~/.aws/credentials
2025-06-24 19:05:07 - INFO - Found credentials in shared credentials file: ~/.aws/credentials
2025-06-24 19:05:07 - INFO - Found credentials in shared credentials file: ~/.aws/credentials
2025-06-24 19:05:07 - INFO - Found credentials in shared credentials file: ~/.aws/credentials
2025-06-24 19:05:07 - INFO - Found credentials in shared credentials file: ~/.aws/credentials
2025-06-24 19:05:08 - INFO - Found credentials in shared credentials file: ~/.aws/credentials
2025-06-24 19:05:08 - INFO - Found credentials in shared credentials file: ~/.aws/credentials
2025-06-24 19:05:08 - INFO - Found credentials in shared credentials file: ~/.aws/credentials
2025-06-24 19:05:08 - INFO - Found credentials in shared credentials file: ~/.aws/credentials
2025-06-24 19:05:08 - INFO - Found credentials in shared credentials file: ~/.aws/credentials
2025-06-24 19:05:08 - INFO - Found credentials in shared credentials file: ~/.aws/credentials
2025-06-24 19:05:08 - INFO - Found credentials in shared credentials file: ~/.aws/credentials
2025-06-24 19:05:08 - INFO - Found credentials in shared credentials file: ~/.aws/credentials
2025-06-24 19:05:08 - INFO - Found credentials in shared credentials file: ~/.aws/credentials
2025-06-24 19:05:08 - INFO - Found credentials in shared credentials file: ~/.aws/credentials
2025-06-24 19:05:08 - INFO - Found credentials in shared credentials file: ~/.aws/credentials
2025-06-24 19:05:08 - INFO - Found credentials in shared credentials file: ~/.aws/credentials
2025-06-24 19:05:08 - INFO - Found credentials in shared credentials file: ~/.aws/credentials
2025-06-24 19:05:08 - INFO - Found credentials in shared credentials file: ~/.aws/credentials
2025-06-24 19:05:08 - INFO - Found credentials in shared credentials file: ~/.aws/credentials
2025-06-24 19:05:08 - INFO - Found credentials in shared credentials file: ~/.aws/credentials
2025-06-24 19:05:08 - INFO - Found credentials in shared credentials file: ~/.aws/credentials
2025-06-24 19:05:08 - INFO - Found credentials in shared credentials file: ~/.aws/credentials
2025-06-24 19:05:09 - INFO - Found credentials in shared credentials file: ~/.aws/credentials
2025-06-24 19:05:09 - INFO - Found credentials in shared credentials file: ~/.aws/credentials
2025-06-24 19:05:09 - INFO - Found credentials in shared credentials file: ~/.aws/credentials
2025-06-24 19:05:09 - INFO - Found credentials in shared credentials file: ~/.aws/credentials
2025-06-24 19:05:09 - INFO - Found credentials in shared credentials file: ~/.aws/credentials
2025-06-24 19:05:09 - INFO - Found credentials in shared credentials file: ~/.aws/credentials
2025-06-24 19:05:09 - INFO - Found credentials in shared credentials file: ~/.aws/credentials
2025-06-24 19:05:09 - INFO - Found credentials in shared credentials file: ~/.aws/credentials
2025-06-24 19:05:09 - INFO - Found credentials in shared credentials file: ~/.aws/credentials
2025-06-24 19:05:09 - INFO - Found credentials in shared credentials file: ~/.aws/credentials
2025-06-24 19:05:09 - INFO - Found credentials in shared credentials file: ~/.aws/credentials
2025-06-24 19:05:09 - INFO - Found credentials in shared credentials file: ~/.aws/credentials
2025-06-24 19:05:09 - INFO - Found credentials in shared credentials file: ~/.aws/credentials
2025-06-24 19:05:10 - INFO - Found credentials in shared credentials file: ~/.aws/credentials
2025-06-24 19:05:10 - INFO - Found credentials in shared credentials file: ~/.aws/credentials
2025-06-24 19:05:10 - INFO - Found credentials in shared credentials file: ~/.aws/credentials
2025-06-24 19:05:10 - INFO - Found credentials in shared credentials file: ~/.aws/credentials
2025-06-24 19:05:10 - INFO - Found credentials in shared credentials file: ~/.aws/credentials
2025-06-24 19:05:10 - INFO - Found credentials in shared credentials file: ~/.aws/credentials
2025-06-24 19:05:10 - INFO - Found credentials in shared credentials file: ~/.aws/credentials
2025-06-24 19:05:10 - INFO - Found credentials in shared credentials file: ~/.aws/credentials
2025-06-24 19:05:10 - INFO - Found credentials in shared credentials file: ~/.aws/credentials
2025-06-24 19:05:10 - INFO - Found credentials in shared credentials file: ~/.aws/credentials
2025-06-24 19:05:10 - INFO - Found credentials in shared credentials file: ~/.aws/credentials
2025-06-24 19:05:10 - INFO - Found credentials in shared credentials file: ~/.aws/credentials
2025-06-24 19:05:11 - INFO - Found credentials in shared credentials file: ~/.aws/credentials
2025-06-24 19:05:11 - INFO - Found credentials in shared credentials file: ~/.aws/credentials
2025-06-24 19:05:11 - INFO - Found credentials in shared credentials file: ~/.aws/credentials
2025-06-24 19:05:11 - INFO - Found credentials in shared credentials file: ~/.aws/credentials
2025-06-24 19:05:12 - INFO - Found credentials in shared credentials file: ~/.aws/credentials
2025-06-24 19:05:12 - INFO - Found credentials in shared credentials file: ~/.aws/credentials
2025-06-24 19:05:12 - INFO - Found credentials in shared credentials file: ~/.aws/credentials
2025-06-24 19:05:12 - INFO - Found credentials in shared credentials file: ~/.aws/credentials
2025-06-24 19:05:12 - INFO - Found credentials in shared credentials file: ~/.aws/credentials
2025-06-24 19:05:12 - INFO - Found credentials in shared credentials file: ~/.aws/credentials
2025-06-24 19:05:12 - INFO - Found credentials in shared credentials file: ~/.aws/credentials
2025-06-24 19:05:12 - INFO - Found credentials in shared credentials file: ~/.aws/credentials
2025-06-24 19:05:12 - INFO - Found credentials in shared credentials file: ~/.aws/credentials
2025-06-24 19:05:12 - INFO - Found credentials in shared credentials file: ~/.aws/credentials
2025-06-24 19:05:12 - INFO - Found credentials in shared credentials file: ~/.aws/credentials
2025-06-24 19:05:12 - INFO - Found credentials in shared credentials file: ~/.aws/credentials
2025-06-24 19:05:12 - INFO - Found credentials in shared credentials file: ~/.aws/credentials
2025-06-24 19:05:12 - INFO - Found credentials in shared credentials file: ~/.aws/credentials
2025-06-24 19:05:12 - INFO - Found credentials in shared credentials file: ~/.aws/credentials
2025-06-24 19:05:12 - INFO - Found credentials in shared credentials file: ~/.aws/credentials
2025-06-24 19:05:12 - INFO - Found credentials in shared credentials file: ~/.aws/credentials
2025-06-24 19:05:12 - INFO - Found credentials in shared credentials file: ~/.aws/credentials
2025-06-24 19:05:12 - INFO - Found credentials in shared credentials file: ~/.aws/credentials
2025-06-24 19:05:12 - INFO - Found credentials in shared credentials file: ~/.aws/credentials
2025-06-24 19:05:12 - INFO - Found credentials in shared credentials file: ~/.aws/credentials
2025-06-24 19:05:12 - INFO - Found credentials in shared credentials file: ~/.aws/credentials
2025-06-24 19:05:12 - INFO - Found credentials in shared credentials file: ~/.aws/credentials
2025-06-24 19:05:12 - INFO - Found credentials in shared credentials file: ~/.aws/credentials
2025-06-24 19:05:12 - INFO - Found credentials in shared credentials file: ~/.aws/credentials
2025-06-24 19:05:12 - INFO - Found credentials in shared credentials file: ~/.aws/credentials
2025-06-24 19:05:12 - INFO - Found credentials in shared credentials file: ~/.aws/credentials
2025-06-24 19:05:12 - INFO - Found credentials in shared credentials file: ~/.aws/credentials
2025-06-24 19:05:12 - INFO - Found credentials in shared credentials file: ~/.aws/credentials
2025-06-24 19:05:12 - INFO - Found credentials in shared credentials file: ~/.aws/credentials
2025-06-24 19:05:12 - INFO - Found credentials in shared credentials file: ~/.aws/credentials
2025-06-24 19:05:12 - INFO - Found credentials in shared credentials file: ~/.aws/credentials
2025-06-24 19:05:13 - INFO - Found credentials in shared credentials file: ~/.aws/credentials
2025-06-24 19:05:13 - INFO - Found credentials in shared credentials file: ~/.aws/credentials
2025-06-24 19:05:13 - INFO - Found credentials in shared credentials file: ~/.aws/credentials
2025-06-24 19:05:14 - INFO - Found credentials in shared credentials file: ~/.aws/credentials
2025-06-24 19:05:14 - INFO - Found credentials in shared credentials file: ~/.aws/credentials
2025-06-24 19:05:14 - INFO - Found credentials in shared credentials file: ~/.aws/credentials
2025-06-24 19:05:14 - INFO - Found credentials in shared credentials file: ~/.aws/credentials
2025-06-24 19:05:14 - INFO - Found credentials in shared credentials file: ~/.aws/credentials
2025-06-24 19:05:14 - INFO - Found credentials in shared credentials file: ~/.aws/credentials
2025-06-24 19:05:14 - INFO - Found credentials in shared credentials file: ~/.aws/credentials
2025-06-24 19:05:14 - INFO - Found credentials in shared credentials file: ~/.aws/credentials
2025-06-24 19:05:14 - INFO - Found credentials in shared credentials file: ~/.aws/credentials
2025-06-24 19:05:14 - INFO - Found credentials in shared credentials file: ~/.aws/credentials
2025-06-24 19:05:14 - INFO - Found credentials in shared credentials file: ~/.aws/credentials
2025-06-24 19:05:14 - INFO - Found credentials in shared credentials file: ~/.aws/credentials
2025-06-24 19:05:14 - INFO - Found credentials in shared credentials file: ~/.aws/credentials
2025-06-24 19:05:14 - INFO - Found credentials in shared credentials file: ~/.aws/credentials
2025-06-24 19:05:14 - INFO - Found credentials in shared credentials file: ~/.aws/credentials
2025-06-24 19:05:15 - INFO - Found credentials in shared credentials file: ~/.aws/credentials
2025-06-24 19:05:15 - INFO - Found credentials in shared credentials file: ~/.aws/credentials
2025-06-24 19:05:15 - INFO - Found credentials in shared credentials file: ~/.aws/credentials
2025-06-24 19:05:15 - INFO - Found credentials in shared credentials file: ~/.aws/credentials
2025-06-24 19:05:15 - INFO - Found credentials in shared credentials file: ~/.aws/credentials
2025-06-24 19:05:15 - INFO - Found credentials in shared credentials file: ~/.aws/credentials
2025-06-24 19:05:15 - INFO - Found credentials in shared credentials file: ~/.aws/credentials
2025-06-24 19:05:15 - INFO - Found credentials in shared credentials file: ~/.aws/credentials
2025-06-24 19:05:15 - INFO - Found credentials in shared credentials file: ~/.aws/credentials
2025-06-24 19:05:15 - INFO - Found credentials in shared credentials file: ~/.aws/credentials
2025-06-24 19:05:15 - INFO - Found credentials in shared credentials file: ~/.aws/credentials
2025-06-24 19:05:15 - INFO - Found credentials in shared credentials file: ~/.aws/credentials
2025-06-24 19:05:15 - INFO - Found credentials in shared credentials file: ~/.aws/credentials
2025-06-24 19:05:15 - INFO - Found credentials in shared credentials file: ~/.aws/credentials
2025-06-24 19:05:15 - INFO - Found credentials in shared credentials file: ~/.aws/credentials
2025-06-24 19:05:15 - INFO - Found credentials in shared credentials file: ~/.aws/credentials
2025-06-24 19:05:15 - INFO - Found credentials in shared credentials file: ~/.aws/credentials
2025-06-24 19:05:15 - INFO - Found credentials in shared credentials file: ~/.aws/credentials
2025-06-24 19:05:15 - INFO - Found credentials in shared credentials file: ~/.aws/credentials
2025-06-24 19:05:15 - INFO - Found credentials in shared credentials file: ~/.aws/credentials
2025-06-24 19:05:17 - INFO - Found credentials in shared credentials file: ~/.aws/credentials
2025-06-24 19:05:17 - INFO - Found credentials in shared credentials file: ~/.aws/credentials
2025-06-24 19:05:17 - INFO - Found credentials in shared credentials file: ~/.aws/credentials
2025-06-24 19:05:17 - INFO - Found credentials in shared credentials file: ~/.aws/credentials
2025-06-24 19:05:17 - INFO - Found credentials in shared credentials file: ~/.aws/credentials
2025-06-24 19:05:17 - INFO - Found credentials in shared credentials file: ~/.aws/credentials
2025-06-24 19:05:17 - INFO - Found credentials in shared credentials file: ~/.aws/credentials
2025-06-24 19:05:17 - INFO - Found credentials in shared credentials file: ~/.aws/credentials
2025-06-24 19:05:17 - INFO - Found credentials in shared credentials file: ~/.aws/credentials
2025-06-24 19:05:17 - INFO - Found credentials in shared credentials file: ~/.aws/credentials
2025-06-24 19:05:17 - INFO - Found credentials in shared credentials file: ~/.aws/credentials
2025-06-24 19:05:17 - INFO - Found credentials in shared credentials file: ~/.aws/credentials
2025-06-24 19:05:17 - INFO - Found credentials in shared credentials file: ~/.aws/credentials
2025-06-24 19:05:17 - INFO - Found credentials in shared credentials file: ~/.aws/credentials
2025-06-24 19:05:17 - INFO - Found credentials in shared credentials file: ~/.aws/credentials
2025-06-24 19:05:17 - INFO - Found credentials in shared credentials file: ~/.aws/credentials
2025-06-24 19:05:17 - INFO - Found credentials in shared credentials file: ~/.aws/credentials
2025-06-24 19:05:17 - INFO - Found credentials in shared credentials file: ~/.aws/credentials
2025-06-24 19:05:17 - INFO - Found credentials in shared credentials file: ~/.aws/credentials
2025-06-24 19:05:17 - INFO - Found credentials in shared credentials file: ~/.aws/credentials
2025-06-24 19:05:17 - INFO - Found credentials in shared credentials file: ~/.aws/credentials
2025-06-24 19:05:17 - INFO - Found credentials in shared credentials file: ~/.aws/credentials
2025-06-24 19:05:17 - INFO - Found credentials in shared credentials file: ~/.aws/credentials
2025-06-24 19:05:17 - INFO - Found credentials in shared credentials file: ~/.aws/credentials
2025-06-24 19:05:17 - INFO - Found credentials in shared credentials file: ~/.aws/credentials
2025-06-24 19:05:17 - INFO - Found credentials in shared credentials file: ~/.aws/credentials
2025-06-24 19:05:17 - INFO - Found credentials in shared credentials file: ~/.aws/credentials
2025-06-24 19:05:17 - INFO - Found credentials in shared credentials file: ~/.aws/credentials
2025-06-24 19:05:18 - INFO - Found credentials in shared credentials file: ~/.aws/credentials
2025-06-24 19:05:18 - INFO - Found credentials in shared credentials file: ~/.aws/credentials
2025-06-24 19:05:18 - INFO - Found credentials in shared credentials file: ~/.aws/credentials
2025-06-24 19:05:18 - INFO - Found credentials in shared credentials file: ~/.aws/credentials
2025-06-24 19:05:18 - INFO - Found credentials in shared credentials file: ~/.aws/credentials
2025-06-24 19:05:18 - INFO - Found credentials in shared credentials file: ~/.aws/credentials
2025-06-24 19:05:18 - INFO - Found credentials in shared credentials file: ~/.aws/credentials
2025-06-24 19:05:18 - INFO - Found credentials in shared credentials file: ~/.aws/credentials
2025-06-24 19:05:18 - INFO - Found credentials in shared credentials file: ~/.aws/credentials
2025-06-24 19:05:18 - INFO - Found credentials in shared credentials file: ~/.aws/credentials
2025-06-24 19:05:18 - INFO - Found credentials in shared credentials file: ~/.aws/credentials
2025-06-24 19:05:20 - INFO - Found credentials in shared credentials file: ~/.aws/credentials
2025-06-24 19:05:20 - INFO - Found credentials in shared credentials file: ~/.aws/credentials
2025-06-24 19:05:20 - INFO - Found credentials in shared credentials file: ~/.aws/credentials
2025-06-24 19:05:20 - INFO - Found credentials in shared credentials file: ~/.aws/credentials
2025-06-24 19:05:20 - INFO - Found credentials in shared credentials file: ~/.aws/credentials
2025-06-24 19:05:20 - INFO - Found credentials in shared credentials file: ~/.aws/credentials
2025-06-24 19:05:20 - INFO - Found credentials in shared credentials file: ~/.aws/credentials
2025-06-24 19:05:20 - INFO - Found credentials in shared credentials file: ~/.aws/credentials
2025-06-24 19:05:20 - INFO - Found credentials in shared credentials file: ~/.aws/credentials
2025-06-24 19:05:20 - INFO - Found credentials in shared credentials file: ~/.aws/credentials
2025-06-24 19:05:20 - INFO - Found credentials in shared credentials file: ~/.aws/credentials
2025-06-24 19:05:20 - INFO - Found credentials in shared credentials file: ~/.aws/credentials
2025-06-24 19:05:20 - INFO - Found credentials in shared credentials file: ~/.aws/credentials
2025-06-24 19:05:20 - INFO - Found credentials in shared credentials file: ~/.aws/credentials
2025-06-24 19:05:20 - INFO - Found credentials in shared credentials file: ~/.aws/credentials
2025-06-24 19:05:20 - INFO - Found credentials in shared credentials file: ~/.aws/credentials
2025-06-24 19:05:20 - INFO - Found credentials in shared credentials file: ~/.aws/credentials
2025-06-24 19:05:20 - INFO - Found credentials in shared credentials file: ~/.aws/credentials
2025-06-24 19:05:20 - INFO - Found credentials in shared credentials file: ~/.aws/credentials
2025-06-24 19:05:20 - INFO - Found credentials in shared credentials file: ~/.aws/credentials
2025-06-24 19:05:20 - INFO - Found credentials in shared credentials file: ~/.aws/credentials
2025-06-24 19:05:21 - INFO - Found credentials in shared credentials file: ~/.aws/credentials
2025-06-24 19:05:21 - INFO - Found credentials in shared credentials file: ~/.aws/credentials
2025-06-24 19:05:21 - INFO - Found credentials in shared credentials file: ~/.aws/credentials
2025-06-24 19:05:21 - INFO - Found credentials in shared credentials file: ~/.aws/credentials
2025-06-24 19:05:21 - INFO - Found credentials in shared credentials file: ~/.aws/credentials
2025-06-24 19:05:21 - INFO - Found credentials in shared credentials file: ~/.aws/credentials
2025-06-24 19:05:21 - INFO - Found credentials in shared credentials file: ~/.aws/credentials
2025-06-24 19:05:21 - INFO - Found credentials in shared credentials file: ~/.aws/credentials
2025-06-24 19:05:21 - INFO - Found credentials in shared credentials file: ~/.aws/credentials
2025-06-24 19:05:21 - INFO - Found credentials in shared credentials file: ~/.aws/credentials
2025-06-24 19:05:21 - INFO - Found credentials in shared credentials file: ~/.aws/credentials
2025-06-24 19:05:21 - INFO - Found credentials in shared credentials file: ~/.aws/credentials
2025-06-24 19:05:21 - INFO - Found credentials in shared credentials file: ~/.aws/credentials
2025-06-24 19:05:21 - INFO - Found credentials in shared credentials file: ~/.aws/credentials
2025-06-24 19:05:21 - INFO - Found credentials in shared credentials file: ~/.aws/credentials
2025-06-24 19:05:21 - INFO - Found credentials in shared credentials file: ~/.aws/credentials
2025-06-24 19:05:21 - INFO - Found credentials in shared credentials file: ~/.aws/credentials
2025-06-24 19:05:21 - INFO - Found credentials in shared credentials file: ~/.aws/credentials
2025-06-24 19:05:21 - INFO - Found credentials in shared credentials file: ~/.aws/credentials
2025-06-24 19:05:21 - INFO - Found credentials in shared credentials file: ~/.aws/credentials
2025-06-24 19:05:21 - INFO - Found credentials in shared credentials file: ~/.aws/credentials
2025-06-24 19:05:21 - INFO - Found credentials in shared credentials file: ~/.aws/credentials
2025-06-24 19:05:22 - INFO - Found credentials in shared credentials file: ~/.aws/credentials
2025-06-24 19:05:22 - INFO - Found credentials in shared credentials file: ~/.aws/credentials
2025-06-24 19:05:22 - INFO - Found credentials in shared credentials file: ~/.aws/credentials
2025-06-24 19:05:22 - INFO - Found credentials in shared credentials file: ~/.aws/credentials
2025-06-24 19:05:22 - INFO - Found credentials in shared credentials file: ~/.aws/credentials
2025-06-24 19:05:22 - INFO - Found credentials in shared credentials file: ~/.aws/credentials
2025-06-24 19:05:22 - INFO - Found credentials in shared credentials file: ~/.aws/credentials
2025-06-24 19:05:22 - INFO - Found credentials in shared credentials file: ~/.aws/credentials
2025-06-24 19:05:22 - INFO - Found credentials in shared credentials file: ~/.aws/credentials
2025-06-24 19:05:22 - INFO - Found credentials in shared credentials file: ~/.aws/credentials
2025-06-24 19:05:22 - INFO - Found credentials in shared credentials file: ~/.aws/credentials
2025-06-24 19:05:24 - INFO - Found credentials in shared credentials file: ~/.aws/credentials
2025-06-24 19:05:24 - INFO - Found credentials in shared credentials file: ~/.aws/credentials
2025-06-24 19:05:24 - INFO - Found credentials in shared credentials file: ~/.aws/credentials
2025-06-24 19:05:24 - INFO - Found credentials in shared credentials file: ~/.aws/credentials
2025-06-24 19:05:24 - INFO - Found credentials in shared credentials file: ~/.aws/credentials
2025-06-24 19:05:24 - INFO - Found credentials in shared credentials file: ~/.aws/credentials
2025-06-24 19:05:24 - INFO - Found credentials in shared credentials file: ~/.aws/credentials
2025-06-24 19:05:24 - INFO - Found credentials in shared credentials file: ~/.aws/credentials
2025-06-24 19:05:24 - INFO - Found credentials in shared credentials file: ~/.aws/credentials
2025-06-24 19:05:25 - INFO - Found credentials in shared credentials file: ~/.aws/credentials
2025-06-24 19:05:25 - INFO - Found credentials in shared credentials file: ~/.aws/credentials
2025-06-24 19:05:25 - INFO - Found credentials in shared credentials file: ~/.aws/credentials
2025-06-24 19:05:25 - INFO - Found credentials in shared credentials file: ~/.aws/credentials
2025-06-24 19:05:25 - INFO - Found credentials in shared credentials file: ~/.aws/credentials
2025-06-24 19:05:25 - INFO - Found credentials in shared credentials file: ~/.aws/credentials
2025-06-24 19:05:25 - INFO - Found credentials in shared credentials file: ~/.aws/credentials
2025-06-24 19:05:25 - INFO - Found credentials in shared credentials file: ~/.aws/credentials
2025-06-24 19:05:25 - INFO - Found credentials in shared credentials file: ~/.aws/credentials
2025-06-24 19:05:25 - INFO - Found credentials in shared credentials file: ~/.aws/credentials
2025-06-24 19:05:25 - INFO - Found credentials in shared credentials file: ~/.aws/credentials
2025-06-24 19:05:25 - INFO - Found credentials in shared credentials file: ~/.aws/credentials
2025-06-24 19:05:25 - INFO - Found credentials in shared credentials file: ~/.aws/credentials
2025-06-24 19:05:25 - INFO - Found credentials in shared credentials file: ~/.aws/credentials
2025-06-24 19:05:25 - INFO - Found credentials in shared credentials file: ~/.aws/credentials
2025-06-24 19:05:25 - INFO - Found credentials in shared credentials file: ~/.aws/credentials
2025-06-24 19:05:25 - INFO - Found credentials in shared credentials file: ~/.aws/credentials
2025-06-24 19:05:25 - INFO - Found credentials in shared credentials file: ~/.aws/credentials
2025-06-24 19:05:25 - INFO - Found credentials in shared credentials file: ~/.aws/credentials
2025-06-24 19:05:25 - INFO - Found credentials in shared credentials file: ~/.aws/credentials
2025-06-24 19:05:26 - INFO - Found credentials in shared credentials file: ~/.aws/credentials
2025-06-24 19:05:26 - INFO - Found credentials in shared credentials file: ~/.aws/credentials
2025-06-24 19:05:26 - INFO - Found credentials in shared credentials file: ~/.aws/credentials
2025-06-24 19:05:26 - INFO - Found credentials in shared credentials file: ~/.aws/credentials
2025-06-24 19:05:26 - INFO - Found credentials in shared credentials file: ~/.aws/credentials
2025-06-24 19:05:26 - INFO - Found credentials in shared credentials file: ~/.aws/credentials
2025-06-24 19:05:26 - INFO - Found credentials in shared credentials file: ~/.aws/credentials
2025-06-24 19:05:26 - INFO - Found credentials in shared credentials file: ~/.aws/credentials
2025-06-24 19:05:26 - INFO - Found credentials in shared credentials file: ~/.aws/credentials
2025-06-24 19:05:26 - INFO - Found credentials in shared credentials file: ~/.aws/credentials
2025-06-24 19:05:26 - INFO - Found credentials in shared credentials file: ~/.aws/credentials
2025-06-24 19:05:26 - INFO - Found credentials in shared credentials file: ~/.aws/credentials
2025-06-24 19:06:23 - INFO - c5.24xlarge - 0.614900 - us-east-1b
2025-06-24 19:06:23 - INFO - Updating file: results/results_lucas_us-east-1_400.csv
2025-06-24 19:06:23 - INFO - c5.24xlarge - 0.614900 - us-east-1b
2025-06-24 19:06:23 - INFO - Updating file: results/results_lucas_us-east-1_400.csv
2025-06-24 19:06:23 - INFO - c5.24xlarge - 0.614900 - us-east-1b
2025-06-24 19:06:23 - INFO - c5.24xlarge - 0.614900 - us-east-1b
2025-06-24 19:06:23 - INFO - Updating file: results/results_lucas_us-east-1_400.csv
2025-06-24 19:06:23 - INFO - c5.24xlarge - 0.614900 - us-east-1b
2025-06-24 19:06:23 - INFO - c5.24xlarge - 0.614900 - us-east-1b
2025-06-24 19:06:23 - INFO - Updating file: results/results_lucas_us-east-1_400.csv
2025-06-24 19:06:23 - INFO - c5.24xlarge - 0.614900 - us-east-1b
2025-06-24 19:06:23 - INFO - c5.24xlarge - 0.614900 - us-east-1b
2025-06-24 19:06:23 - INFO - c5.24xlarge - 0.614900 - us-east-1b
2025-06-24 19:06:24 - INFO - Updating file: results/results_lucas_us-east-1_400.csv
2025-06-24 19:06:24 - INFO - c5.24xlarge - 0.614900 - us-east-1b
2025-06-24 19:06:24 - INFO - c5.24xlarge - 0.614900 - us-east-1b
2025-06-24 19:06:24 - INFO - c5.24xlarge - 0.614900 - us-east-1b
2025-06-24 19:06:24 - INFO - c5.24xlarge - 0.614900 - us-east-1b
2025-06-24 19:06:24 - INFO - c5.24xlarge - 0.614900 - us-east-1b
2025-06-24 19:06:24 - INFO - c6i.32xlarge - 0.910700 - us-east-1f
2025-06-24 19:06:24 - INFO - c5.24xlarge - 0.614900 - us-east-1b
2025-06-24 19:06:24 - INFO - c5.24xlarge - 0.614900 - us-east-1b
2025-06-24 19:06:24 - INFO - Updating file: results/results_lucas_us-east-1_400.csv
2025-06-24 19:06:24 - INFO - c5.24xlarge - 0.614900 - us-east-1b
2025-06-24 19:06:24 - INFO - c5.24xlarge - 0.614900 - us-east-1b
2025-06-24 19:06:24 - INFO - c5.24xlarge - 0.614900 - us-east-1b
2025-06-24 19:06:24 - INFO - c5.24xlarge - 0.614900 - us-east-1b
2025-06-24 19:06:24 - INFO - c5.24xlarge - 0.614900 - us-east-1b
2025-06-24 19:06:24 - INFO - Updating file: results/results_lucas_us-east-1_400.csv
2025-06-24 19:06:24 - INFO - c5.24xlarge - 0.614900 - us-east-1b
2025-06-24 19:06:24 - INFO - Updating file: results/results_lucas_us-east-1_400.csv
2025-06-24 19:06:24 - INFO - c5.24xlarge - 0.614900 - us-east-1b
2025-06-24 19:06:24 - INFO - c5.24xlarge - 0.614900 - us-east-1b
2025-06-24 19:06:24 - INFO - c5.24xlarge - 0.614900 - us-east-1b
2025-06-24 19:06:24 - INFO - c5.24xlarge - 0.614900 - us-east-1b
2025-06-24 19:06:24 - INFO - c5.24xlarge - 0.614900 - us-east-1b
2025-06-24 19:06:24 - INFO - c5.24xlarge - 0.614900 - us-east-1b
2025-06-24 19:06:24 - INFO - Updating file: results/results_lucas_us-east-1_400.csv
2025-06-24 19:06:24 - INFO - c5.24xlarge - 0.614900 - us-east-1b
2025-06-24 19:06:24 - INFO - c5.24xlarge - 0.614900 - us-east-1b
2025-06-24 19:06:24 - INFO - c5.24xlarge - 0.614900 - us-east-1b
2025-06-24 19:06:24 - INFO - c5.24xlarge - 0.614900 - us-east-1b
2025-06-24 19:06:24 - INFO - c5.24xlarge - 0.614900 - us-east-1b
2025-06-24 19:06:24 - INFO - c5.24xlarge - 0.614900 - us-east-1b
2025-06-24 19:06:24 - INFO - c5.24xlarge - 0.614900 - us-east-1b
2025-06-24 19:06:24 - INFO - c5.24xlarge - 0.614900 - us-east-1b
2025-06-24 19:06:24 - INFO - c6i.32xlarge - 0.910700 - us-east-1f
2025-06-24 19:06:24 - INFO - c5.24xlarge - 0.614900 - us-east-1b
2025-06-24 19:06:24 - INFO - Updating file: results/results_lucas_us-east-1_400.csv
2025-06-24 19:06:24 - INFO - c5.24xlarge - 0.614900 - us-east-1b
2025-06-24 19:06:24 - INFO - c5.24xlarge - 0.614900 - us-east-1b
2025-06-24 19:06:24 - INFO - c5.24xlarge - 0.614900 - us-east-1b
2025-06-24 19:06:24 - INFO - c5.24xlarge - 0.614900 - us-east-1b
2025-06-24 19:06:24 - INFO - c5.24xlarge - 0.614900 - us-east-1b
2025-06-24 19:06:25 - INFO - c5.24xlarge - 0.614900 - us-east-1b
2025-06-24 19:06:25 - INFO - c5.24xlarge - 0.614900 - us-east-1b
2025-06-24 19:06:25 - INFO - c5.24xlarge - 0.614900 - us-east-1b
2025-06-24 19:06:25 - INFO - c5.24xlarge - 0.614900 - us-east-1b
2025-06-24 19:06:25 - INFO - c5.24xlarge - 0.614900 - us-east-1b
2025-06-24 19:06:25 - INFO - c5.24xlarge - 0.614900 - us-east-1b
2025-06-24 19:06:25 - INFO - c5.24xlarge - 0.614900 - us-east-1b
2025-06-24 19:06:25 - INFO - c5.24xlarge - 0.614900 - us-east-1b
2025-06-24 19:06:25 - INFO - Updating file: results/results_lucas_us-east-1_400.csv
2025-06-24 19:06:25 - INFO - c5.24xlarge - 0.614900 - us-east-1b
2025-06-24 19:06:25 - INFO - c5.24xlarge - 0.614900 - us-east-1b
2025-06-24 19:06:25 - INFO - c5.24xlarge - 0.614900 - us-east-1b
2025-06-24 19:06:25 - INFO - c5.24xlarge - 0.614900 - us-east-1b
2025-06-24 19:06:25 - INFO - c5.24xlarge - 0.614900 - us-east-1b
2025-06-24 19:06:25 - INFO - c5.24xlarge - 0.614900 - us-east-1b
2025-06-24 19:06:25 - INFO - c5.24xlarge - 0.614900 - us-east-1b
2025-06-24 19:06:25 - INFO - c5.24xlarge - 0.614900 - us-east-1b
2025-06-24 19:06:25 - INFO - c5.24xlarge - 0.614900 - us-east-1b
2025-06-24 19:06:25 - INFO - c5.24xlarge - 0.614900 - us-east-1b
2025-06-24 19:06:25 - INFO - c5.24xlarge - 0.614900 - us-east-1b
2025-06-24 19:06:25 - INFO - Updating file: results/results_lucas_us-east-1_400.csv
2025-06-24 19:06:25 - INFO - c5.24xlarge - 0.614900 - us-east-1b
2025-06-24 19:06:25 - INFO - c5.24xlarge - 0.614900 - us-east-1b
2025-06-24 19:06:25 - INFO - c5.24xlarge - 0.614900 - us-east-1b
2025-06-24 19:06:25 - INFO - c5.24xlarge - 0.614900 - us-east-1b
2025-06-24 19:06:25 - INFO - c5.24xlarge - 0.614900 - us-east-1b
2025-06-24 19:06:25 - INFO - c5.24xlarge - 0.614900 - us-east-1b
2025-06-24 19:06:25 - INFO - c5.24xlarge - 0.614900 - us-east-1b
2025-06-24 19:06:25 - INFO - c5.24xlarge - 0.614900 - us-east-1b
2025-06-24 19:06:25 - INFO - c5.24xlarge - 0.614900 - us-east-1b
2025-06-24 19:06:25 - INFO - c5.24xlarge - 0.614900 - us-east-1b
2025-06-24 19:06:25 - INFO - c5.24xlarge - 0.614900 - us-east-1b
2025-06-24 19:06:25 - INFO - c5.24xlarge - 0.614900 - us-east-1b
2025-06-24 19:06:25 - INFO - c5.24xlarge - 0.614900 - us-east-1b
2025-06-24 19:06:25 - INFO - c5.24xlarge - 0.614900 - us-east-1b
2025-06-24 19:06:25 - INFO - Updating file: results/results_lucas_us-east-1_400.csv
2025-06-24 19:06:25 - INFO - c5.24xlarge - 0.614900 - us-east-1b
2025-06-24 19:06:25 - INFO - c5.24xlarge - 0.614900 - us-east-1b
2025-06-24 19:06:25 - INFO - c5.24xlarge - 0.614900 - us-east-1b
2025-06-24 19:06:26 - INFO - c5.24xlarge - 0.614900 - us-east-1b
2025-06-24 19:06:26 - INFO - c5.24xlarge - 0.614900 - us-east-1b
2025-06-24 19:06:26 - INFO - c5.24xlarge - 0.614900 - us-east-1b
2025-06-24 19:06:26 - INFO - c5.24xlarge - 0.614900 - us-east-1b
2025-06-24 19:06:26 - INFO - c5.24xlarge - 0.614900 - us-east-1b
2025-06-24 19:06:26 - INFO - c5.24xlarge - 0.614900 - us-east-1b
2025-06-24 19:06:26 - INFO - c5.24xlarge - 0.614900 - us-east-1b
2025-06-24 19:06:26 - INFO - c5.24xlarge - 0.614900 - us-east-1b
2025-06-24 19:06:26 - INFO - c5.24xlarge - 0.614900 - us-east-1b
2025-06-24 19:06:26 - INFO - c5.24xlarge - 0.614900 - us-east-1b
2025-06-24 19:06:26 - INFO - c5.24xlarge - 0.614900 - us-east-1b
2025-06-24 19:06:26 - INFO - c5.24xlarge - 0.614900 - us-east-1b
2025-06-24 19:06:26 - INFO - c5.24xlarge - 0.614900 - us-east-1b
2025-06-24 19:06:26 - INFO - c5.24xlarge - 0.614900 - us-east-1b
2025-06-24 19:06:26 - INFO - Updating file: results/results_lucas_us-east-1_400.csv
2025-06-24 19:06:26 - INFO - c5.24xlarge - 0.614900 - us-east-1b
2025-06-24 19:06:26 - INFO - c5.24xlarge - 0.614900 - us-east-1b
2025-06-24 19:06:26 - INFO - c5.24xlarge - 0.614900 - us-east-1b
2025-06-24 19:06:26 - INFO - c5.24xlarge - 0.614900 - us-east-1b
2025-06-24 19:06:26 - INFO - c5.24xlarge - 0.614900 - us-east-1b
2025-06-24 19:06:26 - INFO - c5.24xlarge - 0.614900 - us-east-1b
2025-06-24 19:06:26 - INFO - c5.24xlarge - 0.614900 - us-east-1b
2025-06-24 19:06:26 - INFO - c5.24xlarge - 0.614900 - us-east-1b
2025-06-24 19:06:26 - INFO - c5.24xlarge - 0.614900 - us-east-1b
2025-06-24 19:06:26 - INFO - c5.24xlarge - 0.614900 - us-east-1b
2025-06-24 19:06:26 - INFO - c5.24xlarge - 0.614900 - us-east-1b
2025-06-24 19:06:26 - INFO - c5.24xlarge - 0.614900 - us-east-1b
2025-06-24 19:06:26 - INFO - c5.24xlarge - 0.614900 - us-east-1b
2025-06-24 19:06:26 - INFO - c5.24xlarge - 0.614900 - us-east-1b
2025-06-24 19:06:26 - INFO - c5.24xlarge - 0.614900 - us-east-1b
2025-06-24 19:06:26 - INFO - c5.24xlarge - 0.614900 - us-east-1b
2025-06-24 19:06:26 - INFO - c5.24xlarge - 0.614900 - us-east-1b
2025-06-24 19:06:26 - INFO - c5.24xlarge - 0.614900 - us-east-1b
2025-06-24 19:06:26 - INFO - c5.24xlarge - 0.614900 - us-east-1b
2025-06-24 19:06:26 - INFO - Updating file: results/results_lucas_us-east-1_400.csv
2025-06-24 19:06:26 - INFO - c5.24xlarge - 0.614900 - us-east-1b
2025-06-24 19:06:26 - INFO - c5.24xlarge - 0.614900 - us-east-1b
2025-06-24 19:06:26 - INFO - c5.24xlarge - 0.614900 - us-east-1b
2025-06-24 19:06:26 - INFO - c5.24xlarge - 0.614900 - us-east-1b
2025-06-24 19:06:26 - INFO - c5.24xlarge - 0.614900 - us-east-1b
2025-06-24 19:06:26 - INFO - c5.24xlarge - 0.614900 - us-east-1b
2025-06-24 19:06:26 - INFO - c5.24xlarge - 0.614900 - us-east-1b
2025-06-24 19:06:26 - INFO - c5.24xlarge - 0.614900 - us-east-1b
2025-06-24 19:06:26 - INFO - c5.24xlarge - 0.614900 - us-east-1b
2025-06-24 19:06:26 - INFO - c5.24xlarge - 0.614900 - us-east-1b
2025-06-24 19:06:27 - INFO - c5.24xlarge - 0.614900 - us-east-1b
2025-06-24 19:06:27 - INFO - c5.24xlarge - 0.614900 - us-east-1b
2025-06-24 19:06:27 - INFO - c5.24xlarge - 0.614900 - us-east-1b
2025-06-24 19:06:27 - INFO - c5.24xlarge - 0.614900 - us-east-1b
2025-06-24 19:06:27 - INFO - c5.24xlarge - 0.614900 - us-east-1b
2025-06-24 19:06:27 - INFO - c5.24xlarge - 0.614900 - us-east-1b
2025-06-24 19:06:27 - INFO - c5.24xlarge - 0.614900 - us-east-1b
2025-06-24 19:06:27 - INFO - c5.24xlarge - 0.614900 - us-east-1b
2025-06-24 19:06:27 - INFO - c5.24xlarge - 0.614900 - us-east-1b
2025-06-24 19:06:27 - INFO - c5.24xlarge - 0.614900 - us-east-1b
2025-06-24 19:06:27 - INFO - Updating file: results/results_lucas_us-east-1_400.csv
2025-06-24 19:06:27 - INFO - c5.24xlarge - 0.614900 - us-east-1b
2025-06-24 19:06:27 - INFO - c5.24xlarge - 0.614900 - us-east-1b
2025-06-24 19:06:27 - INFO - c5.24xlarge - 0.614900 - us-east-1b
2025-06-24 19:06:27 - INFO - c5.24xlarge - 0.614900 - us-east-1b
2025-06-24 19:06:27 - INFO - c5.24xlarge - 0.614900 - us-east-1b
2025-06-24 19:06:27 - INFO - c5.24xlarge - 0.614900 - us-east-1b
2025-06-24 19:06:27 - INFO - c5.24xlarge - 0.614900 - us-east-1b
2025-06-24 19:06:27 - INFO - c5.24xlarge - 0.614900 - us-east-1b
2025-06-24 19:06:27 - INFO - c5.24xlarge - 0.614900 - us-east-1b
2025-06-24 19:06:27 - INFO - c5.24xlarge - 0.614900 - us-east-1b
2025-06-24 19:06:27 - INFO - c5.24xlarge - 0.614900 - us-east-1b
2025-06-24 19:06:27 - INFO - c5.24xlarge - 0.614900 - us-east-1b
2025-06-24 19:06:27 - INFO - c5.24xlarge - 0.614900 - us-east-1b
2025-06-24 19:06:27 - INFO - c5.24xlarge - 0.614900 - us-east-1b
2025-06-24 19:06:27 - INFO - c5.24xlarge - 0.614900 - us-east-1b
2025-06-24 19:06:27 - INFO - c5.24xlarge - 0.614900 - us-east-1b
2025-06-24 19:06:27 - INFO - c5.24xlarge - 0.614900 - us-east-1b
2025-06-24 19:06:27 - INFO - c5.24xlarge - 0.614900 - us-east-1b
2025-06-24 19:06:27 - INFO - c5.24xlarge - 0.614900 - us-east-1b
2025-06-24 19:06:27 - INFO - c5.24xlarge - 0.614900 - us-east-1b
2025-06-24 19:06:27 - INFO - Updating file: results/results_lucas_us-east-1_400.csv
2025-06-24 19:06:27 - INFO - c5.24xlarge - 0.614900 - us-east-1b
2025-06-24 19:06:27 - INFO - c5.24xlarge - 0.614900 - us-east-1b
2025-06-24 19:06:27 - INFO - c5.24xlarge - 0.614900 - us-east-1b
2025-06-24 19:06:27 - INFO - c5.24xlarge - 0.614900 - us-east-1b
2025-06-24 19:06:27 - INFO - c5.24xlarge - 0.614900 - us-east-1b
2025-06-24 19:06:27 - INFO - c5.24xlarge - 0.614900 - us-east-1b
2025-06-24 19:06:27 - INFO - c5.24xlarge - 0.614900 - us-east-1b
2025-06-24 19:06:27 - INFO - c5.24xlarge - 0.614900 - us-east-1b
2025-06-24 19:06:27 - INFO - c5.24xlarge - 0.614900 - us-east-1b
2025-06-24 19:06:27 - INFO - c5.24xlarge - 0.614900 - us-east-1b
2025-06-24 19:06:38 - INFO - c5.24xlarge - 0.614900 - us-east-1b
2025-06-24 19:06:38 - INFO - c5.24xlarge - 0.614900 - us-east-1b
2025-06-24 19:06:38 - INFO - c5.24xlarge - 0.614900 - us-east-1b
2025-06-24 19:06:38 - INFO - c5.24xlarge - 0.614900 - us-east-1b
2025-06-24 19:06:38 - INFO - c5.24xlarge - 0.614900 - us-east-1b
2025-06-24 19:06:38 - INFO - c5.24xlarge - 0.614900 - us-east-1b
2025-06-24 19:06:38 - INFO - c5.24xlarge - 0.614900 - us-east-1b
2025-06-24 19:06:38 - INFO - c5.24xlarge - 0.614900 - us-east-1b
2025-06-24 19:06:38 - INFO - Updating file: results/results_lucas_us-east-1_400.csv
2025-06-24 19:06:38 - INFO - c5.24xlarge - 0.614900 - us-east-1b
2025-06-24 19:06:38 - INFO - c5.24xlarge - 0.614900 - us-east-1b
2025-06-24 19:06:38 - INFO - c5.24xlarge - 0.614900 - us-east-1b
2025-06-24 19:06:38 - INFO - c5.24xlarge - 0.614900 - us-east-1b
2025-06-24 19:06:38 - INFO - c5.24xlarge - 0.614900 - us-east-1b
2025-06-24 19:06:38 - INFO - c5.24xlarge - 0.614900 - us-east-1b
2025-06-24 19:06:38 - INFO - c5.24xlarge - 0.614900 - us-east-1b
2025-06-24 19:06:38 - INFO - c5.24xlarge - 0.614900 - us-east-1b
2025-06-24 19:06:38 - INFO - c5.24xlarge - 0.614900 - us-east-1b
2025-06-24 19:06:38 - INFO - c5.24xlarge - 0.614900 - us-east-1b
2025-06-24 19:06:38 - INFO - c5.24xlarge - 0.614900 - us-east-1b
2025-06-24 19:06:38 - INFO - c5.24xlarge - 0.614900 - us-east-1b
2025-06-24 19:06:38 - INFO - c5.24xlarge - 0.614900 - us-east-1b
2025-06-24 19:06:38 - INFO - c5.24xlarge - 0.614900 - us-east-1b
2025-06-24 19:06:38 - INFO - c5.24xlarge - 0.614900 - us-east-1b
2025-06-24 19:06:38 - INFO - c5.24xlarge - 0.614900 - us-east-1b
2025-06-24 19:06:38 - INFO - Updating file: results/results_lucas_us-east-1_400.csv
2025-06-24 19:06:38 - INFO - c5.24xlarge - 0.614900 - us-east-1b
2025-06-24 19:06:38 - INFO - c5.24xlarge - 0.614900 - us-east-1b
2025-06-24 19:06:38 - INFO - c5.24xlarge - 0.614900 - us-east-1b
2025-06-24 19:06:38 - INFO - c5.24xlarge - 0.614900 - us-east-1b
2025-06-24 19:06:38 - INFO - c5.24xlarge - 0.614900 - us-east-1b
2025-06-24 19:06:39 - INFO - c6a.24xlarge - 1.091000 - us-east-1f
2025-06-24 19:06:39 - INFO - c5.24xlarge - 0.614900 - us-east-1b
2025-06-24 19:06:39 - INFO - c5.24xlarge - 0.614900 - us-east-1b
2025-06-24 19:06:39 - INFO - c5.24xlarge - 0.614900 - us-east-1b
2025-06-24 19:06:39 - INFO - Updating file: results/results_lucas_us-east-1_400.csv
2025-06-24 19:06:39 - INFO - c5.24xlarge - 0.614900 - us-east-1b
2025-06-24 19:06:39 - INFO - c5.24xlarge - 0.614900 - us-east-1b
2025-06-24 19:06:39 - INFO - c5.24xlarge - 0.614900 - us-east-1b
2025-06-24 19:06:39 - INFO - c5.24xlarge - 0.614900 - us-east-1b
2025-06-24 19:06:39 - INFO - c5.24xlarge - 0.614900 - us-east-1b
2025-06-24 19:06:39 - INFO - c5.24xlarge - 0.614900 - us-east-1b
2025-06-24 19:06:39 - INFO - c5.24xlarge - 0.614900 - us-east-1b
2025-06-24 19:06:39 - INFO - c5.24xlarge - 0.614900 - us-east-1b
2025-06-24 19:06:39 - INFO - c6a.24xlarge - 1.091000 - us-east-1f
2025-06-24 19:06:39 - INFO - c5.24xlarge - 0.614900 - us-east-1b
2025-06-24 19:06:39 - INFO - c6a.24xlarge - 1.091000 - us-east-1f
2025-06-24 19:06:39 - INFO - c5.24xlarge - 0.614900 - us-east-1b
2025-06-24 19:06:39 - INFO - c6a.24xlarge - 1.091000 - us-east-1f
2025-06-24 19:06:39 - INFO - c5.24xlarge - 0.614900 - us-east-1b
2025-06-24 19:06:39 - INFO - Updating file: results/results_lucas_us-east-1_400.csv
2025-06-24 19:06:39 - INFO - c6a.24xlarge - 1.091000 - us-east-1f
2025-06-24 19:06:39 - INFO - c5.24xlarge - 0.614900 - us-east-1b
2025-06-24 19:06:39 - INFO - c5.24xlarge - 0.614900 - us-east-1b
2025-06-24 19:06:39 - INFO - c5.24xlarge - 0.614900 - us-east-1b
2025-06-24 19:06:39 - INFO - c5.24xlarge - 0.614900 - us-east-1b
2025-06-24 19:06:39 - INFO - c5.24xlarge - 0.614900 - us-east-1b
2025-06-24 19:06:39 - INFO - c5.24xlarge - 0.614900 - us-east-1b
2025-06-24 19:06:39 - INFO - c5.24xlarge - 0.614900 - us-east-1b
2025-06-24 19:06:39 - INFO - c5.24xlarge - 0.614900 - us-east-1b
2025-06-24 19:06:39 - INFO - c5.24xlarge - 0.614900 - us-east-1b
2025-06-24 19:06:39 - INFO - c5.24xlarge - 0.614900 - us-east-1b
2025-06-24 19:06:39 - INFO - c5.24xlarge - 0.614900 - us-east-1b
2025-06-24 19:06:39 - INFO - c5.24xlarge - 0.614900 - us-east-1b
2025-06-24 19:06:39 - INFO - c5.24xlarge - 0.614900 - us-east-1b
2025-06-24 19:06:39 - INFO - Updating file: results/results_lucas_us-east-1_400.csv
2025-06-24 19:06:39 - INFO - c5.24xlarge - 0.614900 - us-east-1b
2025-06-24 19:06:39 - INFO - c5.24xlarge - 0.614900 - us-east-1b
2025-06-24 19:06:39 - INFO - c5.24xlarge - 0.614900 - us-east-1b
2025-06-24 19:06:39 - INFO - c6a.24xlarge - 1.091000 - us-east-1f
2025-06-24 19:06:39 - INFO - c5.24xlarge - 0.614900 - us-east-1b
2025-06-24 19:06:39 - INFO - Updating file: results/results_lucas_us-east-1_400.csv
2025-06-24 19:06:39 - INFO - c6a.24xlarge - 1.091000 - us-east-1f
2025-06-24 19:06:39 - INFO - Updating file: results/results_lucas_us-east-1_400.csv
2025-06-24 19:06:39 - INFO - c5.24xlarge - 0.614900 - us-east-1b
2025-06-24 19:06:39 - INFO - c6a.24xlarge - 1.091000 - us-east-1f
2025-06-24 19:06:39 - INFO - c5.24xlarge - 0.614900 - us-east-1b
2025-06-24 19:06:39 - INFO - Updating file: results/results_lucas_us-east-1_400.csv
2025-06-24 19:06:39 - INFO - c5.24xlarge - 0.614900 - us-east-1b
2025-06-24 19:06:39 - INFO - c5.24xlarge - 0.614900 - us-east-1b
2025-06-24 19:06:39 - INFO - c5.24xlarge - 0.614900 - us-east-1b
2025-06-24 19:06:39 - INFO - c5.24xlarge - 0.614900 - us-east-1b
2025-06-24 19:06:39 - INFO - c5.24xlarge - 0.614900 - us-east-1b
2025-06-24 19:06:39 - INFO - c5.24xlarge - 0.614900 - us-east-1b
2025-06-24 19:06:39 - INFO - Updating file: results/results_lucas_us-east-1_400.csv
2025-06-24 19:06:39 - INFO - c5.24xlarge - 0.614900 - us-east-1b
2025-06-24 19:06:39 - INFO - c5.24xlarge - 0.614900 - us-east-1b
2025-06-24 19:06:39 - INFO - c5.24xlarge - 0.614900 - us-east-1b
2025-06-24 19:06:39 - INFO - c5.24xlarge - 0.614900 - us-east-1b
2025-06-24 19:06:39 - INFO - c6a.24xlarge - 1.091000 - us-east-1f
2025-06-24 19:06:39 - INFO - Updating file: results/results_lucas_us-east-1_400.csv
2025-06-24 19:06:39 - INFO - c5.24xlarge - 0.614900 - us-east-1b
2025-06-24 19:06:39 - INFO - Updating file: results/results_lucas_us-east-1_400.csv
2025-06-24 19:06:40 - INFO - Updating file: results/results_lucas_us-east-1_400.csv
2025-06-24 19:06:40 - INFO - Updating file: results/results_lucas_us-east-1_400.csv
2025-06-24 19:06:40 - INFO - c5.24xlarge - 0.614900 - us-east-1b
2025-06-24 19:06:40 - INFO - Updating file: results/results_lucas_us-east-1_400.csv
2025-06-24 19:06:40 - INFO - c6a.24xlarge - 1.091000 - us-east-1f
2025-06-24 19:06:40 - INFO - c5.24xlarge - 0.614900 - us-east-1b
2025-06-24 19:06:40 - INFO - Updating file: results/results_lucas_us-east-1_400.csv
2025-06-24 19:06:40 - INFO - c6a.24xlarge - 1.091000 - us-east-1f
2025-06-24 19:06:40 - INFO - c5.24xlarge - 0.614900 - us-east-1b
2025-06-24 19:06:40 - INFO - c5.24xlarge - 0.614900 - us-east-1b
2025-06-24 19:06:40 - INFO - Updating file: results/results_lucas_us-east-1_400.csv
2025-06-24 19:06:40 - INFO - c6a.24xlarge - 1.091000 - us-east-1f
2025-06-24 19:06:40 - INFO - Updating file: results/results_lucas_us-east-1_400.csv
2025-06-24 19:06:40 - INFO - c5.24xlarge - 0.614900 - us-east-1b
2025-06-24 19:06:40 - INFO - Updating file: results/results_lucas_us-east-1_400.csv
2025-06-24 19:06:40 - INFO - c6a.24xlarge - 1.091000 - us-east-1f
2025-06-24 19:06:40 - INFO - Updating file: results/results_lucas_us-east-1_400.csv
2025-06-24 19:06:40 - INFO - c5.24xlarge - 0.614900 - us-east-1b
2025-06-24 19:06:40 - INFO - Updating file: results/results_lucas_us-east-1_400.csv
2025-06-24 19:06:40 - INFO - Updating file: results/results_lucas_us-east-1_400.csv
2025-06-24 19:06:40 - INFO - Updating file: results/results_lucas_us-east-1_400.csv
2025-06-24 19:06:40 - INFO - c5.24xlarge - 0.614900 - us-east-1b
2025-06-24 19:06:40 - INFO - Updating file: results/results_lucas_us-east-1_400.csv
2025-06-24 19:06:40 - INFO - c5.24xlarge - 0.614900 - us-east-1b
2025-06-24 19:06:40 - INFO - Updating file: results/results_lucas_us-east-1_400.csv
2025-06-24 19:06:40 - INFO - c6a.24xlarge - 1.091000 - us-east-1f
2025-06-24 19:06:40 - INFO - Updating file: results/results_lucas_us-east-1_400.csv
2025-06-24 19:06:40 - INFO - Updating file: results/results_lucas_us-east-1_400.csv
2025-06-24 19:06:40 - INFO - c6a.24xlarge - 1.091000 - us-east-1f
2025-06-24 19:06:40 - INFO - c5.24xlarge - 0.614900 - us-east-1b
2025-06-24 19:06:40 - INFO - c6a.24xlarge - 1.091000 - us-east-1f
2025-06-24 19:06:40 - INFO - c6a.24xlarge - 1.091000 - us-east-1f
2025-06-24 19:06:40 - INFO - Updating file: results/results_lucas_us-east-1_400.csv
2025-06-24 19:06:40 - INFO - Updating file: results/results_lucas_us-east-1_400.csv
2025-06-24 19:06:40 - INFO - c5.24xlarge - 0.614900 - us-east-1b
2025-06-24 19:06:40 - INFO - c6a.24xlarge - 1.091000 - us-east-1f
2025-06-24 19:06:40 - INFO - Updating file: results/results_lucas_us-east-1_400.csv
2025-06-24 19:06:40 - INFO - Updating file: results/results_lucas_us-east-1_400.csv
2025-06-24 19:06:40 - INFO - Updating file: results/results_lucas_us-east-1_400.csv
2025-06-24 19:06:40 - INFO - Updating file: results/results_lucas_us-east-1_400.csv
2025-06-24 19:06:40 - INFO - c6a.24xlarge - 1.091000 - us-east-1f
2025-06-24 19:06:40 - INFO - c5.24xlarge - 0.614900 - us-east-1b
2025-06-24 19:06:40 - INFO - Updating file: results/results_lucas_us-east-1_400.csv
2025-06-24 19:06:40 - INFO - Updating file: results/results_lucas_us-east-1_400.csv
2025-06-24 19:06:40 - INFO - Updating file: results/results_lucas_us-east-1_400.csv
2025-06-24 19:06:40 - INFO - Updating file: results/results_lucas_us-east-1_400.csv
2025-06-24 19:06:40 - INFO - c5.24xlarge - 0.614900 - us-east-1b
2025-06-24 19:06:40 - INFO - Updating file: results/results_lucas_us-east-1_400.csv
2025-06-24 19:06:40 - INFO - Updating file: results/results_lucas_us-east-1_400.csv
2025-06-24 19:06:40 - INFO - Updating file: results/results_lucas_us-east-1_400.csv
2025-06-24 19:06:40 - INFO - c5.24xlarge - 0.614900 - us-east-1b
2025-06-24 19:06:40 - INFO - Updating file: results/results_lucas_us-east-1_400.csv
2025-06-24 19:06:40 - INFO - c6a.24xlarge - 1.091000 - us-east-1f
2025-06-24 19:06:40 - INFO - c5.24xlarge - 0.614900 - us-east-1b
2025-06-24 19:06:40 - INFO - Updating file: results/results_lucas_us-east-1_400.csv
2025-06-24 19:06:40 - INFO - c5.24xlarge - 0.614900 - us-east-1b
2025-06-24 19:06:40 - INFO - Updating file: results/results_lucas_us-east-1_400.csv
2025-06-24 19:06:40 - INFO - Updating file: results/results_lucas_us-east-1_400.csv
2025-06-24 19:06:40 - INFO - c6a.24xlarge - 1.091000 - us-east-1f
2025-06-24 19:06:40 - INFO - Updating file: results/results_lucas_us-east-1_400.csv
2025-06-24 19:06:40 - INFO - Updating file: results/results_lucas_us-east-1_400.csv
2025-06-24 19:06:40 - INFO - Updating file: results/results_lucas_us-east-1_400.csv
2025-06-24 19:06:40 - INFO - Updating file: results/results_lucas_us-east-1_400.csv
2025-06-24 19:06:40 - INFO - Updating file: results/results_lucas_us-east-1_400.csv
2025-06-24 19:06:40 - INFO - Updating file: results/results_lucas_us-east-1_400.csv
2025-06-24 19:06:40 - INFO - Updating file: results/results_lucas_us-east-1_400.csv
2025-06-24 19:06:40 - INFO - Updating file: results/results_lucas_us-east-1_400.csv
2025-06-24 19:06:40 - INFO - c6a.24xlarge - 1.091000 - us-east-1f
2025-06-24 19:06:40 - INFO - Updating file: results/results_lucas_us-east-1_400.csv
2025-06-24 19:06:40 - INFO - c6a.24xlarge - 1.091000 - us-east-1f
2025-06-24 19:06:40 - INFO - Updating file: results/results_lucas_us-east-1_400.csv
2025-06-24 19:06:40 - INFO - Updating file: results/results_lucas_us-east-1_400.csv
2025-06-24 19:06:40 - INFO - Updating file: results/results_lucas_us-east-1_400.csv
2025-06-24 19:06:40 - INFO - c6a.24xlarge - 1.091000 - us-east-1f
2025-06-24 19:06:40 - INFO - Updating file: results/results_lucas_us-east-1_400.csv
2025-06-24 19:06:40 - INFO - Updating file: results/results_lucas_us-east-1_400.csv
2025-06-24 19:06:40 - INFO - Updating file: results/results_lucas_us-east-1_400.csv
2025-06-24 19:06:40 - INFO - Updating file: results/results_lucas_us-east-1_400.csv
2025-06-24 19:06:40 - INFO - Updating file: results/results_lucas_us-east-1_400.csv
2025-06-24 19:06:40 - INFO - Updating file: results/results_lucas_us-east-1_400.csv
2025-06-24 19:06:40 - INFO - c6a.24xlarge - 1.091000 - us-east-1f
2025-06-24 19:06:40 - INFO - Updating file: results/results_lucas_us-east-1_400.csv
2025-06-24 19:06:40 - INFO - Updating file: results/results_lucas_us-east-1_400.csv
2025-06-24 19:06:40 - INFO - c5.24xlarge - 0.614900 - us-east-1b
2025-06-24 19:06:40 - INFO - Updating file: results/results_lucas_us-east-1_400.csv
2025-06-24 19:06:40 - INFO - Updating file: results/results_lucas_us-east-1_400.csv
2025-06-24 19:06:40 - INFO - Updating file: results/results_lucas_us-east-1_400.csv
2025-06-24 19:06:40 - INFO - c6a.24xlarge - 1.091000 - us-east-1f
2025-06-24 19:06:40 - INFO - Updating file: results/results_lucas_us-east-1_400.csv
2025-06-24 19:06:40 - INFO - Updating file: results/results_lucas_us-east-1_400.csv
2025-06-24 19:06:40 - INFO - Updating file: results/results_lucas_us-east-1_400.csv
2025-06-24 19:06:40 - INFO - Updating file: results/results_lucas_us-east-1_400.csv
2025-06-24 19:06:40 - INFO - Updating file: results/results_lucas_us-east-1_400.csv
2025-06-24 19:06:40 - INFO - Updating file: results/results_lucas_us-east-1_400.csv
2025-06-24 19:06:40 - INFO - Updating file: results/results_lucas_us-east-1_400.csv
2025-06-24 19:06:40 - INFO - Updating file: results/results_lucas_us-east-1_400.csv
2025-06-24 19:06:40 - INFO - c6a.24xlarge - 1.091000 - us-east-1f
2025-06-24 19:06:40 - INFO - Updating file: results/results_lucas_us-east-1_400.csv
2025-06-24 19:06:40 - INFO - Updating file: results/results_lucas_us-east-1_400.csv
2025-06-24 19:06:40 - INFO - Updating file: results/results_lucas_us-east-1_400.csv
2025-06-24 19:06:40 - INFO - c6a.24xlarge - 1.091000 - us-east-1f
2025-06-24 19:06:40 - INFO - Updating file: results/results_lucas_us-east-1_400.csv
2025-06-24 19:06:40 - INFO - Updating file: results/results_lucas_us-east-1_400.csv
2025-06-24 19:06:40 - INFO - Updating file: results/results_lucas_us-east-1_400.csv
2025-06-24 19:06:40 - INFO - Updating file: results/results_lucas_us-east-1_400.csv
2025-06-24 19:06:40 - INFO - Updating file: results/results_lucas_us-east-1_400.csv
2025-06-24 19:06:40 - INFO - Updating file: results/results_lucas_us-east-1_400.csv
2025-06-24 19:06:40 - INFO - c5.24xlarge - 0.614900 - us-east-1b
2025-06-24 19:06:40 - INFO - Updating file: results/results_lucas_us-east-1_400.csv
2025-06-24 19:06:40 - INFO - Updating file: results/results_lucas_us-east-1_400.csv
2025-06-24 19:06:40 - INFO - Updating file: results/results_lucas_us-east-1_400.csv
2025-06-24 19:06:40 - INFO - Updating file: results/results_lucas_us-east-1_400.csv
2025-06-24 19:06:40 - INFO - c6a.24xlarge - 1.091000 - us-east-1f
2025-06-24 19:06:40 - INFO - Updating file: results/results_lucas_us-east-1_400.csv
2025-06-24 19:06:40 - INFO - Updating file: results/results_lucas_us-east-1_400.csv
2025-06-24 19:06:40 - INFO - Updating file: results/results_lucas_us-east-1_400.csv
2025-06-24 19:06:40 - INFO - c6a.24xlarge - 1.091000 - us-east-1f
2025-06-24 19:06:40 - INFO - Updating file: results/results_lucas_us-east-1_400.csv
2025-06-24 19:06:40 - INFO - c6a.24xlarge - 1.091000 - us-east-1f
2025-06-24 19:06:40 - INFO - c6a.24xlarge - 1.091000 - us-east-1f
2025-06-24 19:06:40 - INFO - Updating file: results/results_lucas_us-east-1_400.csv
2025-06-24 19:06:40 - INFO - c6a.24xlarge - 1.091000 - us-east-1f
2025-06-24 19:06:40 - INFO - Updating file: results/results_lucas_us-east-1_400.csv
2025-06-24 19:06:40 - INFO - Updating file: results/results_lucas_us-east-1_400.csv
2025-06-24 19:06:40 - INFO - c6a.24xlarge - 1.091000 - us-east-1f
2025-06-24 19:06:40 - INFO - Updating file: results/results_lucas_us-east-1_400.csv
2025-06-24 19:06:41 - INFO - Updating file: results/results_lucas_us-east-1_400.csv
2025-06-24 19:06:41 - INFO - Updating file: results/results_lucas_us-east-1_400.csv
2025-06-24 19:06:41 - INFO - Updating file: results/results_lucas_us-east-1_400.csv
2025-06-24 19:06:41 - INFO - c6a.24xlarge - 1.091000 - us-east-1f
2025-06-24 19:06:41 - INFO - Updating file: results/results_lucas_us-east-1_400.csv
2025-06-24 19:06:41 - INFO - Updating file: results/results_lucas_us-east-1_400.csv
2025-06-24 19:06:41 - INFO - Updating file: results/results_lucas_us-east-1_400.csv
2025-06-24 19:06:41 - INFO - Updating file: results/results_lucas_us-east-1_400.csv
2025-06-24 19:06:41 - INFO - Updating file: results/results_lucas_us-east-1_400.csv
2025-06-24 19:06:41 - INFO - Updating file: results/results_lucas_us-east-1_400.csv
2025-06-24 19:06:41 - INFO - Updating file: results/results_lucas_us-east-1_400.csv
2025-06-24 19:06:41 - INFO - Updating file: results/results_lucas_us-east-1_400.csv
2025-06-24 19:06:41 - INFO - Updating file: results/results_lucas_us-east-1_400.csv
2025-06-24 19:06:41 - INFO - c6a.24xlarge - 1.091000 - us-east-1f
2025-06-24 19:06:41 - INFO - Updating file: results/results_lucas_us-east-1_400.csv
2025-06-24 19:06:41 - INFO - Updating file: results/results_lucas_us-east-1_400.csv
2025-06-24 19:06:41 - INFO - Updating file: results/results_lucas_us-east-1_400.csv
2025-06-24 19:06:41 - INFO - Updating file: results/results_lucas_us-east-1_400.csv
2025-06-24 19:06:41 - INFO - Updating file: results/results_lucas_us-east-1_400.csv
2025-06-24 19:06:41 - INFO - Updating file: results/results_lucas_us-east-1_400.csv
2025-06-24 19:06:41 - INFO - Updating file: results/results_lucas_us-east-1_400.csv
2025-06-24 19:06:41 - INFO - Updating file: results/results_lucas_us-east-1_400.csv
2025-06-24 19:06:41 - INFO - Updating file: results/results_lucas_us-east-1_400.csv
2025-06-24 19:06:41 - INFO - Updating file: results/results_lucas_us-east-1_400.csv
2025-06-24 19:06:41 - INFO - Updating file: results/results_lucas_us-east-1_400.csv
2025-06-24 19:06:41 - INFO - Updating file: results/results_lucas_us-east-1_400.csv
2025-06-24 19:06:41 - INFO - Updating file: results/results_lucas_us-east-1_400.csv
2025-06-24 19:06:41 - INFO - Updating file: results/results_lucas_us-east-1_400.csv
2025-06-24 19:06:41 - INFO - Updating file: results/results_lucas_us-east-1_400.csv
2025-06-24 19:06:41 - INFO - Updating file: results/results_lucas_us-east-1_400.csv
2025-06-24 19:06:41 - INFO - Updating file: results/results_lucas_us-east-1_400.csv
2025-06-24 19:06:41 - INFO - Updating file: results/results_lucas_us-east-1_400.csv
2025-06-24 19:06:41 - INFO - Updating file: results/results_lucas_us-east-1_400.csv
2025-06-24 19:06:41 - INFO - Updating file: results/results_lucas_us-east-1_400.csv
2025-06-24 19:06:41 - INFO - Updating file: results/results_lucas_us-east-1_400.csv
2025-06-24 19:06:41 - INFO - Updating file: results/results_lucas_us-east-1_400.csv
2025-06-24 19:06:41 - INFO - Updating file: results/results_lucas_us-east-1_400.csv
2025-06-24 19:06:41 - INFO - Updating file: results/results_lucas_us-east-1_400.csv
2025-06-24 19:06:41 - INFO - Updating file: results/results_lucas_us-east-1_400.csv
2025-06-24 19:06:41 - INFO - Updating file: results/results_lucas_us-east-1_400.csv
2025-06-24 19:06:41 - INFO - Updating file: results/results_lucas_us-east-1_400.csv
2025-06-24 19:06:41 - INFO - Updating file: results/results_lucas_us-east-1_400.csv
2025-06-24 19:06:41 - INFO - Updating file: results/results_lucas_us-east-1_400.csv
2025-06-24 19:06:41 - INFO - Updating file: results/results_lucas_us-east-1_400.csv
2025-06-24 19:06:41 - INFO - Updating file: results/results_lucas_us-east-1_400.csv
2025-06-24 19:06:41 - INFO - Updating file: results/results_lucas_us-east-1_400.csv
2025-06-24 19:06:41 - INFO - Updating file: results/results_lucas_us-east-1_400.csv
2025-06-24 19:06:41 - INFO - Updating file: results/results_lucas_us-east-1_400.csv
2025-06-24 19:06:41 - INFO - Updating file: results/results_lucas_us-east-1_400.csv
2025-06-24 19:06:41 - INFO - Updating file: results/results_lucas_us-east-1_400.csv
2025-06-24 19:06:41 - INFO - Updating file: results/results_lucas_us-east-1_400.csv
2025-06-24 19:06:41 - INFO - Updating file: results/results_lucas_us-east-1_400.csv
2025-06-24 19:06:41 - INFO - Updating file: results/results_lucas_us-east-1_400.csv
2025-06-24 19:06:41 - INFO - Updating file: results/results_lucas_us-east-1_400.csv
2025-06-24 19:06:41 - INFO - Updating file: results/results_lucas_us-east-1_400.csv
2025-06-24 19:06:41 - INFO - Updating file: results/results_lucas_us-east-1_400.csv
2025-06-24 19:06:41 - INFO - Updating file: results/results_lucas_us-east-1_400.csv
2025-06-24 19:06:41 - INFO - Updating file: results/results_lucas_us-east-1_400.csv
2025-06-24 19:06:41 - INFO - Updating file: results/results_lucas_us-east-1_400.csv
2025-06-24 19:06:41 - INFO - Updating file: results/results_lucas_us-east-1_400.csv
2025-06-24 19:06:41 - INFO - Updating file: results/results_lucas_us-east-1_400.csv
2025-06-24 19:06:41 - INFO - Updating file: results/results_lucas_us-east-1_400.csv
2025-06-24 19:06:41 - INFO - Updating file: results/results_lucas_us-east-1_400.csv
2025-06-24 19:06:41 - INFO - Updating file: results/results_lucas_us-east-1_400.csv
2025-06-24 19:06:41 - INFO - Updating file: results/results_lucas_us-east-1_400.csv
2025-06-24 19:06:41 - INFO - Updating file: results/results_lucas_us-east-1_400.csv
2025-06-24 19:06:41 - INFO - Updating file: results/results_lucas_us-east-1_400.csv
2025-06-24 19:06:41 - INFO - Updating file: results/results_lucas_us-east-1_400.csv
2025-06-24 19:06:41 - INFO - Updating file: results/results_lucas_us-east-1_400.csv
2025-06-24 19:06:41 - INFO - Updating file: results/results_lucas_us-east-1_400.csv
2025-06-24 19:06:41 - INFO - Updating file: results/results_lucas_us-east-1_400.csv
2025-06-24 19:06:41 - INFO - Updating file: results/results_lucas_us-east-1_400.csv
2025-06-24 19:06:41 - INFO - Updating file: results/results_lucas_us-east-1_400.csv
2025-06-24 19:06:41 - INFO - Updating file: results/results_lucas_us-east-1_400.csv
2025-06-24 19:06:41 - INFO - Updating file: results/results_lucas_us-east-1_400.csv
2025-06-24 19:06:41 - INFO - Updating file: results/results_lucas_us-east-1_400.csv
2025-06-24 19:06:41 - INFO - Updating file: results/results_lucas_us-east-1_400.csv
2025-06-24 19:06:41 - INFO - Updating file: results/results_lucas_us-east-1_400.csv
2025-06-24 19:06:41 - INFO - Updating file: results/results_lucas_us-east-1_400.csv
2025-06-24 19:06:41 - INFO - Updating file: results/results_lucas_us-east-1_400.csv
2025-06-24 19:06:41 - INFO - Updating file: results/results_lucas_us-east-1_400.csv
2025-06-24 19:06:41 - INFO - Updating file: results/results_lucas_us-east-1_400.csv
2025-06-24 19:06:41 - INFO - Updating file: results/results_lucas_us-east-1_400.csv
2025-06-24 19:06:41 - INFO - Updating file: results/results_lucas_us-east-1_400.csv
2025-06-24 19:06:41 - INFO - Updating file: results/results_lucas_us-east-1_400.csv
2025-06-24 19:06:41 - INFO - Updating file: results/results_lucas_us-east-1_400.csv
2025-06-24 19:06:41 - INFO - Updating file: results/results_lucas_us-east-1_400.csv
2025-06-24 19:06:41 - INFO - Updating file: results/results_lucas_us-east-1_400.csv
2025-06-24 19:06:41 - INFO - Updating file: results/results_lucas_us-east-1_400.csv
2025-06-24 19:06:41 - INFO - Updating file: results/results_lucas_us-east-1_400.csv
2025-06-24 19:06:41 - INFO - Updating file: results/results_lucas_us-east-1_400.csv
2025-06-24 19:06:41 - INFO - Updating file: results/results_lucas_us-east-1_400.csv
2025-06-24 19:06:41 - INFO - Updating file: results/results_lucas_us-east-1_400.csv
2025-06-24 19:06:41 - INFO - Updating file: results/results_lucas_us-east-1_400.csv
2025-06-24 19:06:41 - INFO - Updating file: results/results_lucas_us-east-1_400.csv
2025-06-24 19:06:41 - INFO - Updating file: results/results_lucas_us-east-1_400.csv
2025-06-24 19:06:41 - INFO - Updating file: results/results_lucas_us-east-1_400.csv
2025-06-24 19:06:41 - INFO - Updating file: results/results_lucas_us-east-1_400.csv
2025-06-24 19:06:41 - INFO - Updating file: results/results_lucas_us-east-1_400.csv
2025-06-24 19:06:41 - INFO - Updating file: results/results_lucas_us-east-1_400.csv
2025-06-24 19:06:41 - INFO - Updating file: results/results_lucas_us-east-1_400.csv
2025-06-24 19:06:41 - INFO - Updating file: results/results_lucas_us-east-1_400.csv
2025-06-24 19:06:41 - INFO - Updating file: results/results_lucas_us-east-1_400.csv
2025-06-24 19:06:41 - INFO - Updating file: results/results_lucas_us-east-1_400.csv
2025-06-24 19:06:41 - INFO - Updating file: results/results_lucas_us-east-1_400.csv
2025-06-24 19:06:41 - INFO - Updating file: results/results_lucas_us-east-1_400.csv
2025-06-24 19:06:41 - INFO - Updating file: results/results_lucas_us-east-1_400.csv
2025-06-24 19:06:41 - INFO - Updating file: results/results_lucas_us-east-1_400.csv
2025-06-24 19:06:41 - INFO - Updating file: results/results_lucas_us-east-1_400.csv
2025-06-24 19:06:41 - INFO - Updating file: results/results_lucas_us-east-1_400.csv
2025-06-24 19:06:41 - INFO - Updating file: results/results_lucas_us-east-1_400.csv
2025-06-24 19:06:41 - INFO - Updating file: results/results_lucas_us-east-1_400.csv
2025-06-24 19:06:41 - INFO - Updating file: results/results_lucas_us-east-1_400.csv
2025-06-24 19:06:41 - INFO - Updating file: results/results_lucas_us-east-1_400.csv
2025-06-24 19:06:41 - INFO - Updating file: results/results_lucas_us-east-1_400.csv
2025-06-24 19:06:41 - INFO - Updating file: results/results_lucas_us-east-1_400.csv
2025-06-24 19:06:41 - INFO - Updating file: results/results_lucas_us-east-1_400.csv
2025-06-24 19:06:41 - INFO - Updating file: results/results_lucas_us-east-1_400.csv
2025-06-24 19:06:41 - INFO - Updating file: results/results_lucas_us-east-1_400.csv
2025-06-24 19:06:41 - INFO - Updating file: results/results_lucas_us-east-1_400.csv
2025-06-24 19:06:42 - INFO - Updating file: results/results_lucas_us-east-1_400.csv
2025-06-24 19:06:42 - INFO - Updating file: results/results_lucas_us-east-1_400.csv
2025-06-24 19:06:42 - INFO - Updating file: results/results_lucas_us-east-1_400.csv
2025-06-24 19:06:42 - INFO - Updating file: results/results_lucas_us-east-1_400.csv
2025-06-24 19:06:42 - INFO - Updating file: results/results_lucas_us-east-1_400.csv
2025-06-24 19:06:42 - INFO - Updating file: results/results_lucas_us-east-1_400.csv
2025-06-24 19:06:42 - INFO - Updating file: results/results_lucas_us-east-1_400.csv
2025-06-24 19:06:42 - INFO - Updating file: results/results_lucas_us-east-1_400.csv
2025-06-24 19:06:42 - INFO - Updating file: results/results_lucas_us-east-1_400.csv
2025-06-24 19:06:42 - INFO - Updating file: results/results_lucas_us-east-1_400.csv
2025-06-24 19:06:42 - INFO - Updating file: results/results_lucas_us-east-1_400.csv
2025-06-24 19:06:42 - INFO - Updating file: results/results_lucas_us-east-1_400.csv
2025-06-24 19:06:42 - INFO - Updating file: results/results_lucas_us-east-1_400.csv
2025-06-24 19:06:42 - INFO - Updating file: results/results_lucas_us-east-1_400.csv
2025-06-24 19:06:42 - INFO - Updating file: results/results_lucas_us-east-1_400.csv
2025-06-24 19:06:42 - INFO - Updating file: results/results_lucas_us-east-1_400.csv
2025-06-24 19:06:42 - INFO - Updating file: results/results_lucas_us-east-1_400.csv
2025-06-24 19:06:42 - INFO - Updating file: results/results_lucas_us-east-1_400.csv
2025-06-24 19:06:42 - INFO - Updating file: results/results_lucas_us-east-1_400.csv
2025-06-24 19:06:42 - INFO - Updating file: results/results_lucas_us-east-1_400.csv
2025-06-24 19:06:42 - INFO - Updating file: results/results_lucas_us-east-1_400.csv
2025-06-24 19:06:42 - INFO - Updating file: results/results_lucas_us-east-1_400.csv
2025-06-24 19:06:42 - INFO - Updating file: results/results_lucas_us-east-1_400.csv
2025-06-24 19:06:42 - INFO - Updating file: results/results_lucas_us-east-1_400.csv
2025-06-24 19:06:42 - INFO - Updating file: results/results_lucas_us-east-1_400.csv
2025-06-24 19:06:42 - INFO - Updating file: results/results_lucas_us-east-1_400.csv
2025-06-24 19:06:42 - INFO - Updating file: results/results_lucas_us-east-1_400.csv
2025-06-24 19:06:42 - INFO - Updating file: results/results_lucas_us-east-1_400.csv
2025-06-24 19:06:42 - INFO - Updating file: results/results_lucas_us-east-1_400.csv
2025-06-24 19:06:42 - INFO - Updating file: results/results_lucas_us-east-1_400.csv
2025-06-24 19:06:42 - INFO - Updating file: results/results_lucas_us-east-1_400.csv
2025-06-24 19:06:42 - INFO - Updating file: results/results_lucas_us-east-1_400.csv
2025-06-24 19:06:42 - INFO - Updating file: results/results_lucas_us-east-1_400.csv
2025-06-24 19:06:42 - INFO - Updating file: results/results_lucas_us-east-1_400.csv
2025-06-24 19:06:42 - INFO - Updating file: results/results_lucas_us-east-1_400.csv
2025-06-24 19:06:42 - INFO - Updating file: results/results_lucas_us-east-1_400.csv
2025-06-24 19:06:42 - INFO - Updating file: results/results_lucas_us-east-1_400.csv
2025-06-24 19:06:42 - INFO - Updating file: results/results_lucas_us-east-1_400.csv
2025-06-24 19:06:42 - INFO - Updating file: results/results_lucas_us-east-1_400.csv
2025-06-24 19:06:42 - INFO - Updating file: results/results_lucas_us-east-1_400.csv
2025-06-24 19:06:42 - INFO - Updating file: results/results_lucas_us-east-1_400.csv
2025-06-24 19:06:42 - INFO - Updating file: results/results_lucas_us-east-1_400.csv
2025-06-24 19:06:42 - INFO - Updating file: results/results_lucas_us-east-1_400.csv
2025-06-24 19:06:42 - INFO - Updating file: results/results_lucas_us-east-1_400.csv
2025-06-24 19:06:42 - INFO - Updating file: results/results_lucas_us-east-1_400.csv
2025-06-24 19:06:42 - INFO - Updating file: results/results_lucas_us-east-1_400.csv
2025-06-24 19:06:42 - INFO - Updating file: results/results_lucas_us-east-1_400.csv
2025-06-24 19:06:42 - INFO - Updating file: results/results_lucas_us-east-1_400.csv
2025-06-24 19:06:42 - INFO - Updating file: results/results_lucas_us-east-1_400.csv
2025-06-24 19:06:42 - INFO - Updating file: results/results_lucas_us-east-1_400.csv
2025-06-24 19:06:42 - INFO - Updating file: results/results_lucas_us-east-1_400.csv
2025-06-24 19:06:42 - INFO - Updating file: results/results_lucas_us-east-1_400.csv
2025-06-24 19:06:42 - INFO - Updating file: results/results_lucas_us-east-1_400.csv
2025-06-24 19:06:42 - INFO - Updating file: results/results_lucas_us-east-1_400.csv
2025-06-24 19:06:42 - INFO - Updating file: results/results_lucas_us-east-1_400.csv
2025-06-24 19:06:42 - INFO - Updating file: results/results_lucas_us-east-1_400.csv
2025-06-24 19:06:42 - INFO - Updating file: results/results_lucas_us-east-1_400.csv
2025-06-24 19:06:42 - INFO - Updating file: results/results_lucas_us-east-1_400.csv
2025-06-24 19:06:42 - INFO - Updating file: results/results_lucas_us-east-1_400.csv
2025-06-24 19:06:58 - INFO - All instances have been terminated.
2025-06-25 22:37:02 - INFO - Start execution in us-east-1 Nodes=300 Benchmark=bt.A.x Allocation Strategy=lowest-price
2025-06-25 22:37:02 - INFO - Found credentials in shared credentials file: ~/.aws/credentials
2025-06-25 22:37:19 - INFO - Tempo que levou para receber response AWS: 16.396129 segundos
2025-06-25 22:37:19 - INFO - Found credentials in shared credentials file: ~/.aws/credentials
2025-06-25 22:37:20 - WARNING - No spot price history found.
2025-06-25 22:37:20 - INFO - Updating file: results/results_lucas_us-east-1_300.csv
2025-06-25 22:37:20 - INFO - Found credentials in shared credentials file: ~/.aws/credentials
2025-06-25 22:37:21 - WARNING - No spot price history found.
2025-06-25 22:37:21 - INFO - Updating file: results/results_lucas_us-east-1_300.csv
2025-06-25 22:37:21 - INFO - Found credentials in shared credentials file: ~/.aws/credentials
2025-06-25 22:37:22 - WARNING - No spot price history found.
2025-06-25 22:37:22 - INFO - Updating file: results/results_lucas_us-east-1_300.csv
2025-06-25 22:37:22 - INFO - Found credentials in shared credentials file: ~/.aws/credentials
2025-06-25 22:37:23 - WARNING - No spot price history found.
2025-06-25 22:37:23 - INFO - Updating file: results/results_lucas_us-east-1_300.csv
2025-06-25 22:37:23 - INFO - Found credentials in shared credentials file: ~/.aws/credentials
2025-06-25 22:37:24 - WARNING - No spot price history found.
2025-06-25 22:37:24 - INFO - Updating file: results/results_lucas_us-east-1_300.csv
2025-06-25 22:37:24 - INFO - Found credentials in shared credentials file: ~/.aws/credentials
2025-06-25 22:37:25 - WARNING - No spot price history found.
2025-06-25 22:37:25 - INFO - Updating file: results/results_lucas_us-east-1_300.csv
2025-06-25 22:37:25 - INFO - Found credentials in shared credentials file: ~/.aws/credentials
2025-06-25 22:37:25 - WARNING - No spot price history found.
2025-06-25 22:37:25 - INFO - Updating file: results/results_lucas_us-east-1_300.csv
2025-06-25 22:37:25 - INFO - Found credentials in shared credentials file: ~/.aws/credentials
2025-06-25 22:37:26 - WARNING - No spot price history found.
2025-06-25 22:37:26 - INFO - Updating file: results/results_lucas_us-east-1_300.csv
2025-06-25 22:37:26 - INFO - Found credentials in shared credentials file: ~/.aws/credentials
2025-06-25 22:37:27 - WARNING - No spot price history found.
2025-06-25 22:37:27 - INFO - Updating file: results/results_lucas_us-east-1_300.csv
2025-06-25 22:37:27 - INFO - Found credentials in shared credentials file: ~/.aws/credentials
2025-06-25 22:37:28 - WARNING - No spot price history found.
2025-06-25 22:37:28 - INFO - Updating file: results/results_lucas_us-east-1_300.csv
2025-06-25 22:37:28 - INFO - Found credentials in shared credentials file: ~/.aws/credentials
2025-06-25 22:37:29 - WARNING - No spot price history found.
2025-06-25 22:37:29 - INFO - Updating file: results/results_lucas_us-east-1_300.csv
2025-06-25 22:37:29 - INFO - Found credentials in shared credentials file: ~/.aws/credentials
2025-06-25 22:37:30 - WARNING - No spot price history found.
2025-06-25 22:37:30 - INFO - Updating file: results/results_lucas_us-east-1_300.csv
2025-06-25 22:37:30 - INFO - Found credentials in shared credentials file: ~/.aws/credentials
2025-06-25 22:37:31 - WARNING - No spot price history found.
2025-06-25 22:37:31 - INFO - Updating file: results/results_lucas_us-east-1_300.csv
2025-06-25 22:37:31 - INFO - Found credentials in shared credentials file: ~/.aws/credentials
2025-06-25 22:37:32 - WARNING - No spot price history found.
2025-06-25 22:37:32 - INFO - Updating file: results/results_lucas_us-east-1_300.csv
2025-06-25 22:37:32 - INFO - Found credentials in shared credentials file: ~/.aws/credentials
2025-06-25 22:37:33 - WARNING - No spot price history found.
2025-06-25 22:37:33 - INFO - Updating file: results/results_lucas_us-east-1_300.csv
2025-06-25 22:37:33 - INFO - Found credentials in shared credentials file: ~/.aws/credentials
2025-06-25 22:37:34 - WARNING - No spot price history found.
2025-06-25 22:37:34 - INFO - Updating file: results/results_lucas_us-east-1_300.csv
2025-06-25 22:37:34 - INFO - Found credentials in shared credentials file: ~/.aws/credentials
2025-06-25 22:37:35 - WARNING - No spot price history found.
2025-06-25 22:37:35 - INFO - Updating file: results/results_lucas_us-east-1_300.csv
2025-06-25 22:37:35 - INFO - Found credentials in shared credentials file: ~/.aws/credentials
2025-06-25 22:37:35 - WARNING - No spot price history found.
2025-06-25 22:37:36 - INFO - Updating file: results/results_lucas_us-east-1_300.csv
2025-06-25 22:37:36 - INFO - Found credentials in shared credentials file: ~/.aws/credentials
2025-06-25 22:37:36 - WARNING - No spot price history found.
2025-06-25 22:37:36 - INFO - Updating file: results/results_lucas_us-east-1_300.csv
2025-06-25 22:37:36 - INFO - Found credentials in shared credentials file: ~/.aws/credentials
2025-06-25 22:37:37 - WARNING - No spot price history found.
2025-06-25 22:37:37 - INFO - Updating file: results/results_lucas_us-east-1_300.csv
2025-06-25 22:37:37 - INFO - Found credentials in shared credentials file: ~/.aws/credentials
2025-06-25 22:37:38 - WARNING - No spot price history found.
2025-06-25 22:37:38 - INFO - Updating file: results/results_lucas_us-east-1_300.csv
2025-06-25 22:37:38 - INFO - Found credentials in shared credentials file: ~/.aws/credentials
2025-06-25 22:37:39 - WARNING - No spot price history found.
2025-06-25 22:37:39 - INFO - Updating file: results/results_lucas_us-east-1_300.csv
2025-06-25 22:37:39 - INFO - Found credentials in shared credentials file: ~/.aws/credentials
2025-06-25 22:37:40 - WARNING - No spot price history found.
2025-06-25 22:37:40 - INFO - Updating file: results/results_lucas_us-east-1_300.csv
2025-06-25 22:37:40 - INFO - Found credentials in shared credentials file: ~/.aws/credentials
2025-06-25 22:37:41 - WARNING - No spot price history found.
2025-06-25 22:37:41 - INFO - Updating file: results/results_lucas_us-east-1_300.csv
2025-06-25 22:37:41 - INFO - Found credentials in shared credentials file: ~/.aws/credentials
2025-06-25 22:37:42 - WARNING - No spot price history found.
2025-06-25 22:37:42 - INFO - Updating file: results/results_lucas_us-east-1_300.csv
2025-06-25 22:37:42 - INFO - Found credentials in shared credentials file: ~/.aws/credentials
2025-06-25 22:37:43 - WARNING - No spot price history found.
2025-06-25 22:37:43 - INFO - Updating file: results/results_lucas_us-east-1_300.csv
2025-06-25 22:37:43 - INFO - Found credentials in shared credentials file: ~/.aws/credentials
2025-06-25 22:37:43 - WARNING - No spot price history found.
2025-06-25 22:37:43 - INFO - Updating file: results/results_lucas_us-east-1_300.csv
2025-06-25 22:37:43 - INFO - Found credentials in shared credentials file: ~/.aws/credentials
2025-06-25 22:37:44 - WARNING - No spot price history found.
2025-06-25 22:37:44 - INFO - Updating file: results/results_lucas_us-east-1_300.csv
2025-06-25 22:37:44 - INFO - Found credentials in shared credentials file: ~/.aws/credentials
2025-06-25 22:37:45 - WARNING - No spot price history found.
2025-06-25 22:37:45 - INFO - Updating file: results/results_lucas_us-east-1_300.csv
2025-06-25 22:37:45 - INFO - Found credentials in shared credentials file: ~/.aws/credentials
2025-06-25 22:37:46 - WARNING - No spot price history found.
2025-06-25 22:37:46 - INFO - Updating file: results/results_lucas_us-east-1_300.csv
2025-06-25 22:37:46 - INFO - Found credentials in shared credentials file: ~/.aws/credentials
2025-06-25 22:37:47 - WARNING - No spot price history found.
2025-06-25 22:37:47 - INFO - Updating file: results/results_lucas_us-east-1_300.csv
2025-06-25 22:37:47 - INFO - Found credentials in shared credentials file: ~/.aws/credentials
2025-06-25 22:37:48 - WARNING - No spot price history found.
2025-06-25 22:37:48 - INFO - Updating file: results/results_lucas_us-east-1_300.csv
2025-06-25 22:37:48 - INFO - Found credentials in shared credentials file: ~/.aws/credentials
2025-06-25 22:37:49 - WARNING - No spot price history found.
2025-06-25 22:37:49 - INFO - Updating file: results/results_lucas_us-east-1_300.csv
2025-06-25 22:37:49 - INFO - Found credentials in shared credentials file: ~/.aws/credentials
2025-06-25 22:37:50 - WARNING - No spot price history found.
2025-06-25 22:37:50 - INFO - Updating file: results/results_lucas_us-east-1_300.csv
2025-06-25 22:37:50 - INFO - Found credentials in shared credentials file: ~/.aws/credentials
2025-06-25 22:37:51 - WARNING - No spot price history found.
2025-06-25 22:37:51 - INFO - Updating file: results/results_lucas_us-east-1_300.csv
2025-06-25 22:37:51 - INFO - Found credentials in shared credentials file: ~/.aws/credentials
2025-06-25 22:37:51 - WARNING - No spot price history found.
2025-06-25 22:37:51 - INFO - Updating file: results/results_lucas_us-east-1_300.csv
2025-06-25 22:37:51 - INFO - Found credentials in shared credentials file: ~/.aws/credentials
2025-06-25 22:37:52 - WARNING - No spot price history found.
2025-06-25 22:37:52 - INFO - Updating file: results/results_lucas_us-east-1_300.csv
2025-06-25 22:37:52 - INFO - Found credentials in shared credentials file: ~/.aws/credentials
2025-06-25 22:37:53 - WARNING - No spot price history found.
2025-06-25 22:37:53 - INFO - Updating file: results/results_lucas_us-east-1_300.csv
2025-06-25 22:37:53 - INFO - Found credentials in shared credentials file: ~/.aws/credentials
2025-06-25 22:37:54 - INFO - m5.24xlarge - 0.570500 - us-east-1f
2025-06-25 22:37:54 - INFO - Updating file: results/results_lucas_us-east-1_300.csv
2025-06-25 22:37:54 - INFO - Found credentials in shared credentials file: ~/.aws/credentials
2025-06-25 22:37:55 - INFO - c5.24xlarge - 0.592900 - us-east-1b
2025-06-25 22:37:55 - INFO - Updating file: results/results_lucas_us-east-1_300.csv
2025-06-25 22:37:55 - INFO - Found credentials in shared credentials file: ~/.aws/credentials
2025-06-25 22:37:56 - INFO - r5.24xlarge - 0.604800 - us-east-1c
2025-06-25 22:37:56 - INFO - Updating file: results/results_lucas_us-east-1_300.csv
2025-06-25 22:37:56 - INFO - Found credentials in shared credentials file: ~/.aws/credentials
2025-06-25 22:37:57 - INFO - m7i.24xlarge - 0.726100 - us-east-1d
2025-06-25 22:37:57 - INFO - Updating file: results/results_lucas_us-east-1_300.csv
2025-06-25 22:37:57 - INFO - Found credentials in shared credentials file: ~/.aws/credentials
2025-06-25 22:37:58 - INFO - r7a.24xlarge - 0.730300 - us-east-1c
2025-06-25 22:37:58 - INFO - Updating file: results/results_lucas_us-east-1_300.csv
2025-06-25 22:37:58 - INFO - Found credentials in shared credentials file: ~/.aws/credentials
2025-06-25 22:37:58 - INFO - r6a.24xlarge - 0.767600 - us-east-1b
2025-06-25 22:37:58 - INFO - Updating file: results/results_lucas_us-east-1_300.csv
2025-06-25 22:37:59 - INFO - Found credentials in shared credentials file: ~/.aws/credentials
2025-06-25 22:37:59 - INFO - m6a.24xlarge - 0.775800 - us-east-1f
2025-06-25 22:37:59 - INFO - Updating file: results/results_lucas_us-east-1_300.csv
2025-06-25 22:37:59 - INFO - Fleet created with instances: ['i-0fe0428cf61090c52', 'i-0440ae3a9882293f7', 'i-07d8a2c052581eb55', 'i-0a247e3ba17312648', 'i-074c3379d34f4713c', 'i-09330ca2a42d18493', 'i-0683326848db766d9', 'i-001ab5abad487b2ea', 'i-0445139e2eb8dfe25', 'i-0da06b766c8ea9b9a', 'i-0d1c0e747468bacc1', 'i-00d717cbed36ddff1', 'i-04682e6e7836c2788', 'i-0d9b02491341eb2eb', 'i-0a8298f6b5baef8d3', 'i-0ddec7a32b1f2a698', 'i-096ff8ae57556bda6', 'i-076b8d6618f19648a', 'i-07205ee6e6196dee6', 'i-04906d14586d839fa', 'i-0e2ac5eb108120857', 'i-032033631b4180043', 'i-04b85776094ff5ca6', 'i-00eb6dccf0b59ceaf', 'i-03ed0c6779526d5b0', 'i-02940e9643bfacba6', 'i-01345d6259310192f', 'i-02f8108c119b601a7', 'i-06da129636007f40c', 'i-03ec2483b8954cb40', 'i-04ee33f1c6c0f4942', 'i-058505159d68a1cee', 'i-084f631ca46fc95b7', 'i-0aa89473defe3ec90', 'i-0cdfd6a5ee2f9eb5e', 'i-09ac453bfa7261113', 'i-049fe49f7cea10501', 'i-061d26d7d8527312a', 'i-0d73508770db5b371', 'i-0d993422b1193ae6a', 'i-096ebfdc8181de193', 'i-0ea2815e7831ca71c', 'i-0631db91a10ca2fbd', 'i-0fd111583ec7b1d47', 'i-063d1244fe232e2db', 'i-0baab51685e212cd6', 'i-03c44f25309c03cd7', 'i-0967ff4ba2c3ad89d', 'i-05d2abfec48912497', 'i-09ca3946c62831c9b', 'i-08aee538850df95c0', 'i-0c15a1530d42460ff', 'i-0c8f00b64542e2f74', 'i-07b5c8448472058a8', 'i-0cc718e28aa287369', 'i-07a0034ca81388647', 'i-020732876fa13ec68', 'i-012334c400bbba476', 'i-0f01ae727d5068108', 'i-073b10734d0e4c9c2', 'i-04f0a03d4ef7c69d9', 'i-0f0e550b22d85ee4d', 'i-0e6cf056a60ff8cbb', 'i-01a579f5f64d3ee95', 'i-07b5b75e6a2d07823', 'i-0fdecad3a4986839a', 'i-05364236e8dd8c633', 'i-0aa2be078ed118c72', 'i-08f6d2cc336edff49', 'i-053d04116c2cf0b3a', 'i-0d7927859a38bdea7', 'i-001e0d2088b4fcf69', 'i-087ffd3147440cf7f', 'i-01e99281f9f888c98', 'i-0486bca51d73f3c5b', 'i-073ae7534e8f543ac', 'i-040d84579d8721a5c', 'i-0f7490c50568daefd', 'i-05088298e03687b98', 'i-0952fed08be394698', 'i-0108bf52d6596d9c3', 'i-03abf70b8dc1c0d93', 'i-0f64e567607a8601f', 'i-0b62498c51c760d47', 'i-0f98e287f6f8fd6d8', 'i-092f9dda81d6aec5b', 'i-0791fc695e9a7a07c', 'i-0a2dc0b214a48a6d0', 'i-03c1e5d2821910cd1', 'i-0dd03cee74a27d272', 'i-0c15207271a2d4a59', 'i-0c3098989b8a6a0d4', 'i-00cccbbc22fd8fd23', 'i-0e81e7ce82bbee202', 'i-04f98825764cebce0', 'i-0534019cea5f83d1a', 'i-038158f9ec99b70bd', 'i-00e5a16767ddd52b0', 'i-005d9bf2663aa57d0', 'i-0df399b48faa45c7b', 'i-00c3a05c249975688', 'i-03588d1b285b3b1e6', 'i-097fa54faae977141', 'i-0ddc400faf16f7909', 'i-0e6e1dcd11b6af3be', 'i-007d898fe631ec9aa', 'i-0e06371d8ff869657', 'i-065c1c25c11e9428e', 'i-0c921ac8c574c6458', 'i-0e165a3e218ca78d8', 'i-0f41310d66398d490', 'i-0739488cb1b0dc957', 'i-0ba6a72adab1f80d8', 'i-07b192dc285461932', 'i-00a19807aac5a4682', 'i-0a043d55a85d55e82', 'i-0ee635b487d5c0aee', 'i-00efdd9039bc89863', 'i-0540afe5a25455b74', 'i-0866387b5967092dd', 'i-00da938ba2a42b2b3', 'i-047ec2f16415f3102', 'i-0f53f13d46a9d9078', 'i-0d32dcfaeaf11fa22', 'i-05d7375fc29f5e110', 'i-0824fa5e19b273cfe', 'i-0e1a4b835fe2df137', 'i-05cbda03932e6abd7', 'i-0dbdd09f093353813', 'i-06345b3a0afe27118', 'i-0e39ffb6426ca9211', 'i-01835279f752822cd', 'i-0e7f2959cd64b9e54', 'i-01ab17c73746e3c53', 'i-0916676e2408336f8', 'i-08ae7b0e022b21df4', 'i-0bc18d7cbfe549a10', 'i-00f03117dd1843406', 'i-07bb9d004935175b9', 'i-059c117dc9d3f6be8', 'i-07ce5cc4e2d1a5917', 'i-0684d1e68e373633a', 'i-09ee52ec4492b635d', 'i-0cc387e8c8b39a8a2', 'i-01068351d05a57190', 'i-0c70ebc965b295352', 'i-0b390b2b3b6f51822', 'i-01f76f1eb118f64f5', 'i-084d92491c0a5b003', 'i-0ebbc8624b8d62565', 'i-0fe479b93d1c6a5b2', 'i-0ececb0b89a092851', 'i-0a8ae21fb4172947b', 'i-0fc3993ecf13859f8', 'i-0833ecd0515b823db', 'i-09d6b70bc2823309b', 'i-0501d23a430d40242', 'i-0e4205143531e35b4', 'i-0ea6741ba6dc862cb', 'i-05cabd8447b3c42e6', 'i-084d6377fdc28e5ac', 'i-06b435b72db3dbf5c', 'i-0e3396f03e75a73a8', 'i-06bfd21e93da8bf3b', 'i-02c2eb8ffacb12e75', 'i-09a2aaac785752477', 'i-0f5316529c8ca4d47', 'i-018eac73edbd348d4', 'i-063b08095117c48b7', 'i-0421bcae872b38e58', 'i-097ac10fb9f765562', 'i-046ecf9a089b8bacd', 'i-0968269ef58456260', 'i-052e7e4c79463e53a', 'i-00309fd82540fd1ad', 'i-0e05489b18b8a762c', 'i-0c2df719ce74993c1', 'i-0273337161e711512', 'i-0d9365aa9f965c5b2', 'i-07c0ebadab53dfab0', 'i-0624cef41eeac90a1', 'i-0561e5bd9814ce269', 'i-04656172fd2d319af', 'i-066e8615a2a4219d4', 'i-0496cd23c5091ff4d', 'i-0ff30e429fa68bcab', 'i-0db10d7cea51e98e4', 'i-0ee4ba404d6defbdc', 'i-0d1bd3da39a17af97', 'i-01f83b31ff491123d', 'i-04addf9e32e5a76e2', 'i-07bf387d1df607b14', 'i-0c28ccf52e177bf55', 'i-0bec798837bd1a6f4', 'i-0957a442e6152de1a', 'i-05f5acee4d3cb264a', 'i-0509bcb8cd85f5fc8', 'i-0232f44fd1216ce23', 'i-009eea8f336dbb7a7', 'i-0a5021b48203185bd', 'i-06e3d81d4eafe141e', 'i-02c3dffb8bc2374f6', 'i-00e439663b35c63ec', 'i-0cdf4f8ad43c1e162', 'i-0c34406797712d197', 'i-0340e45b0be20a4ec', 'i-051ad699029b648f2', 'i-0fb1d7f4b62f1d3f2', 'i-0021d579d642778e3', 'i-07c7d5dba95459ffb', 'i-0b0943c37c3ceaa21', 'i-0e07daa4b728b2cdf', 'i-010618109bda3f68d', 'i-0cd63188f204f3162', 'i-0d9c08b1ef2da9a90', 'i-0e7f9c26adce4b3a5', 'i-044fd5db0a28a96fa', 'i-066ffa5b8aded9b96', 'i-0f88529239f996656', 'i-09b40e743c9496692', 'i-0341172d69a27c754', 'i-07fcca9d98f43556d', 'i-0ecadab7f18864630', 'i-0b4f3d2de97e269c8', 'i-0ffd1117c596b7ad3', 'i-046a8ec1469307f55', 'i-03a669754eb8a9b03', 'i-08563a24d953c9f80', 'i-0a66a3fa42bf5deca', 'i-0d79d272e55bbdf7e', 'i-0687aa4e11b6865b3', 'i-0e879fe55ef9c3516', 'i-0504f9a0fe900669b', 'i-0541a7fd0ccdfe137', 'i-032c60298440b31ad', 'i-0aa765ac0350e3830', 'i-02bb133f98917957e', 'i-056b8adba21b61228', 'i-05e22a3d66a058a74', 'i-045bb8ed07abd45de', 'i-034d99b20e7c59a78', 'i-058d4b7ac829170dd', 'i-00e2bd3f19ed814f4', 'i-04cb52954fe2f735e', 'i-03cc548cc0f8a8148', 'i-0ec1318c00f5ec3a0', 'i-01881aec13d7af9c4', 'i-080a93bdb40daf9b4', 'i-0be5365e1c526f7dd', 'i-04c5f77ca7baa4a65', 'i-0344eac3c7a3814e3', 'i-03fc3362768d8fd88', 'i-05df85db43689fd16', 'i-0a8af5f24dc735307', 'i-052b4c770404083a3', 'i-06748f6238c31bf74', 'i-024ba459e690ac1be', 'i-0746a2141b9520ec7', 'i-0ca8f54438084126c', 'i-07dbf8aba01f76bd3', 'i-082fad64610355e00', 'i-0d0d6d6a2942db32b', 'i-01cad14dbb436c7f6', 'i-0b26ba6823c4cad95', 'i-0d9058ddc14dd1ae9', 'i-0ccf5d2f0f48a41e2', 'i-07d0dfb5591838f9a', 'i-023716f851e9ef5b1', 'i-0b69522353545ba3f', 'i-099f44fc095c4e2f5', 'i-0bb03916879bd70b9', 'i-0e5894a8188c301de', 'i-06ba1e272e32173ec', 'i-03c26681d64cdd3d5', 'i-0ccc5749ad494a5d4', 'i-062f474e90c9023ef', 'i-0be5c679303380667', 'i-0e6094c66a878f4c5', 'i-031136082c9e2e081', 'i-08be39aa77fb6d482', 'i-07c8eb7e0e6885950', 'i-02b28cf678b9b41c6', 'i-003eb90702f455953', 'i-05ea2b4aee327d92f', 'i-0a5d4bc0e0b1e2751', 'i-054e46a2d8229b0c6', 'i-052801c3ee1584fff', 'i-0444cbaa2429039fc', 'i-03724c40a985a9eb4', 'i-0a9e9875f0a10c23b', 'i-012cb909ba099703d', 'i-031b0b298ddfcc4cf', 'i-0bf78dead0fc5d8c1', 'i-0e872ebf8b2c88fe0', 'i-036482bf4ab506aa2', 'i-06ad52dc428710818', 'i-02b098286a07ab3c6', 'i-0d67763b980e166b1', 'i-077ebd4635b2bc5c6', 'i-0e0284fea49d1cbc8']
2025-06-25 22:40:21 - INFO - Tempo que levou para as máquinas estarem running: 139.511214 segundos
2025-06-25 22:40:21 - INFO - Tempo que levou para criar o Fleet com 300 instâncias: 198.890612 segundos
2025-06-25 22:40:21 - INFO - 300 instâncias no total. Iniciando benchmark em paralelo...
2025-06-25 22:40:21 - INFO - Found credentials in shared credentials file: ~/.aws/credentials
2025-06-25 22:40:21 - INFO - Found credentials in shared credentials file: ~/.aws/credentials
2025-06-25 22:40:21 - INFO - Found credentials in shared credentials file: ~/.aws/credentials
2025-06-25 22:40:21 - INFO - Found credentials in shared credentials file: ~/.aws/credentials
2025-06-25 22:40:21 - INFO - Found credentials in shared credentials file: ~/.aws/credentials
2025-06-25 22:40:21 - INFO - Found credentials in shared credentials file: ~/.aws/credentials
2025-06-25 22:40:21 - INFO - Found credentials in shared credentials file: ~/.aws/credentials
2025-06-25 22:40:21 - INFO - Found credentials in shared credentials file: ~/.aws/credentials
2025-06-25 22:40:21 - INFO - Found credentials in shared credentials file: ~/.aws/credentials
2025-06-25 22:40:22 - INFO - Found credentials in shared credentials file: ~/.aws/credentials
2025-06-25 22:40:22 - INFO - Found credentials in shared credentials file: ~/.aws/credentials
2025-06-25 22:40:22 - INFO - Found credentials in shared credentials file: ~/.aws/credentials
2025-06-25 22:40:22 - INFO - Found credentials in shared credentials file: ~/.aws/credentials
2025-06-25 22:40:22 - INFO - Found credentials in shared credentials file: ~/.aws/credentials
2025-06-25 22:40:22 - INFO - Found credentials in shared credentials file: ~/.aws/credentials
2025-06-25 22:40:22 - INFO - Found credentials in shared credentials file: ~/.aws/credentials
2025-06-25 22:40:22 - INFO - Found credentials in shared credentials file: ~/.aws/credentials
2025-06-25 22:40:22 - INFO - Found credentials in shared credentials file: ~/.aws/credentials
2025-06-25 22:40:22 - INFO - Found credentials in shared credentials file: ~/.aws/credentials
2025-06-25 22:40:22 - INFO - Found credentials in shared credentials file: ~/.aws/credentials
2025-06-25 22:40:22 - INFO - Found credentials in shared credentials file: ~/.aws/credentials
2025-06-25 22:40:22 - INFO - Found credentials in shared credentials file: ~/.aws/credentials
2025-06-25 22:40:23 - INFO - Found credentials in shared credentials file: ~/.aws/credentials
2025-06-25 22:40:23 - INFO - Found credentials in shared credentials file: ~/.aws/credentials
2025-06-25 22:40:23 - INFO - Found credentials in shared credentials file: ~/.aws/credentials
2025-06-25 22:40:23 - INFO - Found credentials in shared credentials file: ~/.aws/credentials
2025-06-25 22:40:23 - INFO - Found credentials in shared credentials file: ~/.aws/credentials
2025-06-25 22:40:23 - INFO - Found credentials in shared credentials file: ~/.aws/credentials
2025-06-25 22:40:23 - INFO - Found credentials in shared credentials file: ~/.aws/credentials
2025-06-25 22:40:23 - INFO - Found credentials in shared credentials file: ~/.aws/credentials
2025-06-25 22:40:23 - INFO - Found credentials in shared credentials file: ~/.aws/credentials
2025-06-25 22:40:23 - INFO - Found credentials in shared credentials file: ~/.aws/credentials
2025-06-25 22:40:23 - INFO - Found credentials in shared credentials file: ~/.aws/credentials
2025-06-25 22:40:23 - INFO - Found credentials in shared credentials file: ~/.aws/credentials
2025-06-25 22:40:23 - INFO - Found credentials in shared credentials file: ~/.aws/credentials
2025-06-25 22:40:23 - INFO - Found credentials in shared credentials file: ~/.aws/credentials
2025-06-25 22:40:24 - INFO - Found credentials in shared credentials file: ~/.aws/credentials
2025-06-25 22:40:24 - INFO - Found credentials in shared credentials file: ~/.aws/credentials
2025-06-25 22:40:24 - INFO - Found credentials in shared credentials file: ~/.aws/credentials
2025-06-25 22:40:24 - INFO - Found credentials in shared credentials file: ~/.aws/credentials
2025-06-25 22:40:24 - INFO - Found credentials in shared credentials file: ~/.aws/credentials
2025-06-25 22:40:24 - INFO - Found credentials in shared credentials file: ~/.aws/credentials
2025-06-25 22:40:24 - INFO - Found credentials in shared credentials file: ~/.aws/credentials
2025-06-25 22:40:25 - INFO - Found credentials in shared credentials file: ~/.aws/credentials
2025-06-25 22:40:25 - INFO - Found credentials in shared credentials file: ~/.aws/credentials
2025-06-25 22:40:25 - INFO - Found credentials in shared credentials file: ~/.aws/credentials
2025-06-25 22:40:25 - INFO - Found credentials in shared credentials file: ~/.aws/credentials
2025-06-25 22:40:25 - INFO - Found credentials in shared credentials file: ~/.aws/credentials
2025-06-25 22:40:25 - INFO - Found credentials in shared credentials file: ~/.aws/credentials
2025-06-25 22:40:25 - INFO - Found credentials in shared credentials file: ~/.aws/credentials
2025-06-25 22:40:25 - INFO - Found credentials in shared credentials file: ~/.aws/credentials
2025-06-25 22:40:25 - INFO - Found credentials in shared credentials file: ~/.aws/credentials
2025-06-25 22:40:25 - INFO - Found credentials in shared credentials file: ~/.aws/credentials
2025-06-25 22:40:25 - INFO - Found credentials in shared credentials file: ~/.aws/credentials
2025-06-25 22:40:25 - INFO - Found credentials in shared credentials file: ~/.aws/credentials
2025-06-25 22:40:25 - INFO - Found credentials in shared credentials file: ~/.aws/credentials
2025-06-25 22:40:25 - INFO - Found credentials in shared credentials file: ~/.aws/credentials
2025-06-25 22:40:25 - INFO - Found credentials in shared credentials file: ~/.aws/credentials
2025-06-25 22:40:26 - INFO - Found credentials in shared credentials file: ~/.aws/credentials
2025-06-25 22:40:26 - INFO - Found credentials in shared credentials file: ~/.aws/credentials
2025-06-25 22:40:26 - INFO - Found credentials in shared credentials file: ~/.aws/credentials
2025-06-25 22:40:26 - INFO - Found credentials in shared credentials file: ~/.aws/credentials
2025-06-25 22:40:26 - INFO - Found credentials in shared credentials file: ~/.aws/credentials
2025-06-25 22:40:26 - INFO - Found credentials in shared credentials file: ~/.aws/credentials
2025-06-25 22:40:26 - INFO - Found credentials in shared credentials file: ~/.aws/credentials
2025-06-25 22:40:26 - INFO - Found credentials in shared credentials file: ~/.aws/credentials
2025-06-25 22:40:26 - INFO - Found credentials in shared credentials file: ~/.aws/credentials
2025-06-25 22:40:26 - INFO - Found credentials in shared credentials file: ~/.aws/credentials
2025-06-25 22:40:26 - INFO - Found credentials in shared credentials file: ~/.aws/credentials
2025-06-25 22:40:26 - INFO - Found credentials in shared credentials file: ~/.aws/credentials
2025-06-25 22:40:26 - INFO - Found credentials in shared credentials file: ~/.aws/credentials
2025-06-25 22:40:26 - INFO - Found credentials in shared credentials file: ~/.aws/credentials
2025-06-25 22:40:26 - INFO - Found credentials in shared credentials file: ~/.aws/credentials
2025-06-25 22:40:26 - INFO - Found credentials in shared credentials file: ~/.aws/credentials
2025-06-25 22:40:26 - INFO - Found credentials in shared credentials file: ~/.aws/credentials
2025-06-25 22:40:26 - INFO - Found credentials in shared credentials file: ~/.aws/credentials
2025-06-25 22:40:27 - INFO - Found credentials in shared credentials file: ~/.aws/credentials
2025-06-25 22:40:27 - INFO - Found credentials in shared credentials file: ~/.aws/credentials
2025-06-25 22:40:27 - INFO - Found credentials in shared credentials file: ~/.aws/credentials
2025-06-25 22:40:27 - INFO - Found credentials in shared credentials file: ~/.aws/credentials
2025-06-25 22:40:27 - INFO - Found credentials in shared credentials file: ~/.aws/credentials
2025-06-25 22:40:27 - INFO - Found credentials in shared credentials file: ~/.aws/credentials
2025-06-25 22:40:27 - INFO - Found credentials in shared credentials file: ~/.aws/credentials
2025-06-25 22:40:27 - INFO - Found credentials in shared credentials file: ~/.aws/credentials
2025-06-25 22:40:27 - INFO - Found credentials in shared credentials file: ~/.aws/credentials
2025-06-25 22:40:27 - INFO - Found credentials in shared credentials file: ~/.aws/credentials
2025-06-25 22:40:27 - INFO - Found credentials in shared credentials file: ~/.aws/credentials
2025-06-25 22:40:27 - INFO - Found credentials in shared credentials file: ~/.aws/credentials
2025-06-25 22:40:27 - INFO - Found credentials in shared credentials file: ~/.aws/credentials
2025-06-25 22:40:28 - INFO - Found credentials in shared credentials file: ~/.aws/credentials
2025-06-25 22:40:28 - INFO - Found credentials in shared credentials file: ~/.aws/credentials
2025-06-25 22:40:28 - INFO - Found credentials in shared credentials file: ~/.aws/credentials
2025-06-25 22:40:28 - INFO - Found credentials in shared credentials file: ~/.aws/credentials
2025-06-25 22:40:28 - INFO - Found credentials in shared credentials file: ~/.aws/credentials
2025-06-25 22:40:28 - INFO - Found credentials in shared credentials file: ~/.aws/credentials
2025-06-25 22:40:29 - INFO - Found credentials in shared credentials file: ~/.aws/credentials
2025-06-25 22:40:29 - INFO - Found credentials in shared credentials file: ~/.aws/credentials
2025-06-25 22:40:29 - INFO - Found credentials in shared credentials file: ~/.aws/credentials
2025-06-25 22:40:29 - INFO - Found credentials in shared credentials file: ~/.aws/credentials
2025-06-25 22:40:29 - INFO - Found credentials in shared credentials file: ~/.aws/credentials
2025-06-25 22:40:29 - INFO - Found credentials in shared credentials file: ~/.aws/credentials
2025-06-25 22:40:29 - INFO - Found credentials in shared credentials file: ~/.aws/credentials
2025-06-25 22:40:29 - INFO - Found credentials in shared credentials file: ~/.aws/credentials
2025-06-25 22:40:29 - INFO - Found credentials in shared credentials file: ~/.aws/credentials
2025-06-25 22:40:29 - INFO - Found credentials in shared credentials file: ~/.aws/credentials
2025-06-25 22:40:29 - INFO - Found credentials in shared credentials file: ~/.aws/credentials
2025-06-25 22:40:29 - INFO - Found credentials in shared credentials file: ~/.aws/credentials
2025-06-25 22:40:29 - INFO - Found credentials in shared credentials file: ~/.aws/credentials
2025-06-25 22:40:29 - INFO - Found credentials in shared credentials file: ~/.aws/credentials
2025-06-25 22:40:29 - INFO - Found credentials in shared credentials file: ~/.aws/credentials
2025-06-25 22:40:29 - INFO - Found credentials in shared credentials file: ~/.aws/credentials
2025-06-25 22:40:29 - INFO - Found credentials in shared credentials file: ~/.aws/credentials
2025-06-25 22:40:29 - INFO - Found credentials in shared credentials file: ~/.aws/credentials
2025-06-25 22:40:29 - INFO - Found credentials in shared credentials file: ~/.aws/credentials
2025-06-25 22:40:29 - INFO - Found credentials in shared credentials file: ~/.aws/credentials
2025-06-25 22:40:29 - INFO - Found credentials in shared credentials file: ~/.aws/credentials
2025-06-25 22:40:29 - INFO - Found credentials in shared credentials file: ~/.aws/credentials
2025-06-25 22:40:29 - INFO - Found credentials in shared credentials file: ~/.aws/credentials
2025-06-25 22:40:29 - INFO - Found credentials in shared credentials file: ~/.aws/credentials
2025-06-25 22:40:29 - INFO - Found credentials in shared credentials file: ~/.aws/credentials
2025-06-25 22:40:31 - INFO - Found credentials in shared credentials file: ~/.aws/credentials
2025-06-25 22:40:31 - INFO - Found credentials in shared credentials file: ~/.aws/credentials
2025-06-25 22:40:31 - INFO - Found credentials in shared credentials file: ~/.aws/credentials
2025-06-25 22:40:31 - INFO - Found credentials in shared credentials file: ~/.aws/credentials
2025-06-25 22:40:31 - INFO - Found credentials in shared credentials file: ~/.aws/credentials
2025-06-25 22:40:31 - INFO - Found credentials in shared credentials file: ~/.aws/credentials
2025-06-25 22:40:31 - INFO - Found credentials in shared credentials file: ~/.aws/credentials
2025-06-25 22:40:31 - INFO - Found credentials in shared credentials file: ~/.aws/credentials
2025-06-25 22:40:31 - INFO - Found credentials in shared credentials file: ~/.aws/credentials
2025-06-25 22:40:31 - INFO - Found credentials in shared credentials file: ~/.aws/credentials
2025-06-25 22:40:31 - INFO - Found credentials in shared credentials file: ~/.aws/credentials
2025-06-25 22:40:31 - INFO - Found credentials in shared credentials file: ~/.aws/credentials
2025-06-25 22:40:31 - INFO - Found credentials in shared credentials file: ~/.aws/credentials
2025-06-25 22:40:31 - INFO - Found credentials in shared credentials file: ~/.aws/credentials
2025-06-25 22:40:31 - INFO - Found credentials in shared credentials file: ~/.aws/credentials
2025-06-25 22:40:31 - INFO - Found credentials in shared credentials file: ~/.aws/credentials
2025-06-25 22:40:32 - INFO - Found credentials in shared credentials file: ~/.aws/credentials
2025-06-25 22:40:32 - INFO - Found credentials in shared credentials file: ~/.aws/credentials
2025-06-25 22:40:32 - INFO - Found credentials in shared credentials file: ~/.aws/credentials
2025-06-25 22:40:32 - INFO - Found credentials in shared credentials file: ~/.aws/credentials
2025-06-25 22:40:32 - INFO - Found credentials in shared credentials file: ~/.aws/credentials
2025-06-25 22:40:32 - INFO - Found credentials in shared credentials file: ~/.aws/credentials
2025-06-25 22:40:33 - INFO - Found credentials in shared credentials file: ~/.aws/credentials
2025-06-25 22:40:33 - INFO - Found credentials in shared credentials file: ~/.aws/credentials
2025-06-25 22:40:33 - INFO - Found credentials in shared credentials file: ~/.aws/credentials
2025-06-25 22:40:33 - INFO - Found credentials in shared credentials file: ~/.aws/credentials
2025-06-25 22:40:33 - INFO - Found credentials in shared credentials file: ~/.aws/credentials
2025-06-25 22:40:33 - INFO - Found credentials in shared credentials file: ~/.aws/credentials
2025-06-25 22:40:33 - INFO - Found credentials in shared credentials file: ~/.aws/credentials
2025-06-25 22:40:33 - INFO - Found credentials in shared credentials file: ~/.aws/credentials
2025-06-25 22:40:33 - INFO - Found credentials in shared credentials file: ~/.aws/credentials
2025-06-25 22:40:34 - INFO - Found credentials in shared credentials file: ~/.aws/credentials
2025-06-25 22:40:34 - INFO - Found credentials in shared credentials file: ~/.aws/credentials
2025-06-25 22:40:34 - INFO - Found credentials in shared credentials file: ~/.aws/credentials
2025-06-25 22:40:34 - INFO - Found credentials in shared credentials file: ~/.aws/credentials
2025-06-25 22:40:34 - INFO - Found credentials in shared credentials file: ~/.aws/credentials
2025-06-25 22:40:34 - INFO - Found credentials in shared credentials file: ~/.aws/credentials
2025-06-25 22:40:34 - INFO - Found credentials in shared credentials file: ~/.aws/credentials
2025-06-25 22:40:34 - INFO - Found credentials in shared credentials file: ~/.aws/credentials
2025-06-25 22:40:34 - INFO - Found credentials in shared credentials file: ~/.aws/credentials
2025-06-25 22:40:34 - INFO - Found credentials in shared credentials file: ~/.aws/credentials
2025-06-25 22:40:34 - INFO - Found credentials in shared credentials file: ~/.aws/credentials
2025-06-25 22:40:34 - INFO - Found credentials in shared credentials file: ~/.aws/credentials
2025-06-25 22:40:34 - INFO - Found credentials in shared credentials file: ~/.aws/credentials
2025-06-25 22:40:34 - INFO - Found credentials in shared credentials file: ~/.aws/credentials
2025-06-25 22:40:34 - INFO - Found credentials in shared credentials file: ~/.aws/credentials
2025-06-25 22:40:34 - INFO - Found credentials in shared credentials file: ~/.aws/credentials
2025-06-25 22:40:34 - INFO - Found credentials in shared credentials file: ~/.aws/credentials
2025-06-25 22:40:34 - INFO - Found credentials in shared credentials file: ~/.aws/credentials
2025-06-25 22:40:35 - INFO - Found credentials in shared credentials file: ~/.aws/credentials
2025-06-25 22:40:35 - INFO - Found credentials in shared credentials file: ~/.aws/credentials
2025-06-25 22:40:35 - INFO - Found credentials in shared credentials file: ~/.aws/credentials
2025-06-25 22:40:35 - INFO - Found credentials in shared credentials file: ~/.aws/credentials
2025-06-25 22:40:35 - INFO - Found credentials in shared credentials file: ~/.aws/credentials
2025-06-25 22:40:35 - INFO - Found credentials in shared credentials file: ~/.aws/credentials
2025-06-25 22:40:35 - INFO - Found credentials in shared credentials file: ~/.aws/credentials
2025-06-25 22:40:35 - INFO - Found credentials in shared credentials file: ~/.aws/credentials
2025-06-25 22:40:35 - INFO - Found credentials in shared credentials file: ~/.aws/credentials
2025-06-25 22:40:37 - INFO - Found credentials in shared credentials file: ~/.aws/credentials
2025-06-25 22:40:37 - INFO - Found credentials in shared credentials file: ~/.aws/credentials
2025-06-25 22:40:37 - INFO - Found credentials in shared credentials file: ~/.aws/credentials
2025-06-25 22:40:37 - INFO - Found credentials in shared credentials file: ~/.aws/credentials
2025-06-25 22:40:37 - INFO - Found credentials in shared credentials file: ~/.aws/credentials
2025-06-25 22:40:37 - INFO - Found credentials in shared credentials file: ~/.aws/credentials
2025-06-25 22:40:37 - INFO - Found credentials in shared credentials file: ~/.aws/credentials
2025-06-25 22:40:37 - INFO - Found credentials in shared credentials file: ~/.aws/credentials
2025-06-25 22:40:37 - INFO - Found credentials in shared credentials file: ~/.aws/credentials
2025-06-25 22:40:37 - INFO - Found credentials in shared credentials file: ~/.aws/credentials
2025-06-25 22:40:37 - INFO - Found credentials in shared credentials file: ~/.aws/credentials
2025-06-25 22:40:37 - INFO - Found credentials in shared credentials file: ~/.aws/credentials
2025-06-25 22:40:37 - INFO - Found credentials in shared credentials file: ~/.aws/credentials
2025-06-25 22:40:37 - INFO - Found credentials in shared credentials file: ~/.aws/credentials
2025-06-25 22:40:37 - INFO - Found credentials in shared credentials file: ~/.aws/credentials
2025-06-25 22:40:37 - INFO - Found credentials in shared credentials file: ~/.aws/credentials
2025-06-25 22:40:37 - INFO - Found credentials in shared credentials file: ~/.aws/credentials
2025-06-25 22:40:37 - INFO - Found credentials in shared credentials file: ~/.aws/credentials
2025-06-25 22:40:37 - INFO - Found credentials in shared credentials file: ~/.aws/credentials
2025-06-25 22:40:37 - INFO - Found credentials in shared credentials file: ~/.aws/credentials
2025-06-25 22:40:37 - INFO - Found credentials in shared credentials file: ~/.aws/credentials
2025-06-25 22:40:38 - INFO - Found credentials in shared credentials file: ~/.aws/credentials
2025-06-25 22:40:38 - INFO - Found credentials in shared credentials file: ~/.aws/credentials
2025-06-25 22:40:38 - INFO - Found credentials in shared credentials file: ~/.aws/credentials
2025-06-25 22:40:38 - INFO - Found credentials in shared credentials file: ~/.aws/credentials
2025-06-25 22:40:38 - INFO - Found credentials in shared credentials file: ~/.aws/credentials
2025-06-25 22:40:38 - INFO - Found credentials in shared credentials file: ~/.aws/credentials
2025-06-25 22:40:38 - INFO - Found credentials in shared credentials file: ~/.aws/credentials
2025-06-25 22:40:38 - INFO - Found credentials in shared credentials file: ~/.aws/credentials
2025-06-25 22:40:38 - INFO - Found credentials in shared credentials file: ~/.aws/credentials
2025-06-25 22:40:38 - INFO - Found credentials in shared credentials file: ~/.aws/credentials
2025-06-25 22:40:38 - INFO - Found credentials in shared credentials file: ~/.aws/credentials
2025-06-25 22:40:38 - INFO - Found credentials in shared credentials file: ~/.aws/credentials
2025-06-25 22:40:38 - INFO - Found credentials in shared credentials file: ~/.aws/credentials
2025-06-25 22:40:38 - INFO - Found credentials in shared credentials file: ~/.aws/credentials
2025-06-25 22:40:38 - INFO - Found credentials in shared credentials file: ~/.aws/credentials
2025-06-25 22:40:38 - INFO - Found credentials in shared credentials file: ~/.aws/credentials
2025-06-25 22:40:38 - INFO - Found credentials in shared credentials file: ~/.aws/credentials
2025-06-25 22:40:38 - INFO - Found credentials in shared credentials file: ~/.aws/credentials
2025-06-25 22:40:38 - INFO - Found credentials in shared credentials file: ~/.aws/credentials
2025-06-25 22:40:38 - INFO - Found credentials in shared credentials file: ~/.aws/credentials
2025-06-25 22:40:38 - INFO - Found credentials in shared credentials file: ~/.aws/credentials
2025-06-25 22:40:41 - INFO - Found credentials in shared credentials file: ~/.aws/credentials
2025-06-25 22:40:41 - INFO - Found credentials in shared credentials file: ~/.aws/credentials
2025-06-25 22:40:41 - INFO - Found credentials in shared credentials file: ~/.aws/credentials
2025-06-25 22:40:41 - INFO - Found credentials in shared credentials file: ~/.aws/credentials
2025-06-25 22:40:41 - INFO - Found credentials in shared credentials file: ~/.aws/credentials
2025-06-25 22:40:41 - INFO - Found credentials in shared credentials file: ~/.aws/credentials
2025-06-25 22:40:41 - INFO - Found credentials in shared credentials file: ~/.aws/credentials
2025-06-25 22:40:41 - INFO - Found credentials in shared credentials file: ~/.aws/credentials
2025-06-25 22:40:41 - INFO - Found credentials in shared credentials file: ~/.aws/credentials
2025-06-25 22:40:41 - INFO - Found credentials in shared credentials file: ~/.aws/credentials
2025-06-25 22:40:41 - INFO - Found credentials in shared credentials file: ~/.aws/credentials
2025-06-25 22:40:41 - INFO - Found credentials in shared credentials file: ~/.aws/credentials
2025-06-25 22:40:41 - INFO - Found credentials in shared credentials file: ~/.aws/credentials
2025-06-25 22:40:41 - INFO - Found credentials in shared credentials file: ~/.aws/credentials
2025-06-25 22:40:41 - INFO - Found credentials in shared credentials file: ~/.aws/credentials
2025-06-25 22:40:41 - INFO - Found credentials in shared credentials file: ~/.aws/credentials
2025-06-25 22:40:42 - INFO - Found credentials in shared credentials file: ~/.aws/credentials
2025-06-25 22:40:42 - INFO - Found credentials in shared credentials file: ~/.aws/credentials
2025-06-25 22:40:42 - INFO - Found credentials in shared credentials file: ~/.aws/credentials
2025-06-25 22:40:42 - INFO - Found credentials in shared credentials file: ~/.aws/credentials
2025-06-25 22:40:42 - INFO - Found credentials in shared credentials file: ~/.aws/credentials
2025-06-25 22:40:42 - INFO - Found credentials in shared credentials file: ~/.aws/credentials
2025-06-25 22:40:42 - INFO - Found credentials in shared credentials file: ~/.aws/credentials
2025-06-25 22:40:42 - INFO - Found credentials in shared credentials file: ~/.aws/credentials
2025-06-25 22:40:42 - INFO - Found credentials in shared credentials file: ~/.aws/credentials
2025-06-25 22:40:42 - INFO - Found credentials in shared credentials file: ~/.aws/credentials
2025-06-25 22:40:42 - INFO - Found credentials in shared credentials file: ~/.aws/credentials
2025-06-25 22:40:42 - INFO - Found credentials in shared credentials file: ~/.aws/credentials
2025-06-25 22:40:42 - INFO - Found credentials in shared credentials file: ~/.aws/credentials
2025-06-25 22:40:42 - INFO - Found credentials in shared credentials file: ~/.aws/credentials
2025-06-25 22:40:42 - INFO - Found credentials in shared credentials file: ~/.aws/credentials
2025-06-25 22:40:42 - INFO - Found credentials in shared credentials file: ~/.aws/credentials
2025-06-25 22:40:42 - INFO - Found credentials in shared credentials file: ~/.aws/credentials
2025-06-25 22:40:42 - INFO - Found credentials in shared credentials file: ~/.aws/credentials
2025-06-25 22:40:43 - INFO - Found credentials in shared credentials file: ~/.aws/credentials
2025-06-25 22:40:43 - INFO - Found credentials in shared credentials file: ~/.aws/credentials
2025-06-25 22:40:43 - INFO - Found credentials in shared credentials file: ~/.aws/credentials
2025-06-25 22:40:43 - INFO - Found credentials in shared credentials file: ~/.aws/credentials
2025-06-25 22:40:43 - INFO - Found credentials in shared credentials file: ~/.aws/credentials
2025-06-25 22:40:43 - INFO - Found credentials in shared credentials file: ~/.aws/credentials
2025-06-25 22:40:43 - INFO - Found credentials in shared credentials file: ~/.aws/credentials
2025-06-25 22:40:43 - INFO - Found credentials in shared credentials file: ~/.aws/credentials
2025-06-25 22:40:43 - INFO - Found credentials in shared credentials file: ~/.aws/credentials
2025-06-25 22:40:43 - INFO - Found credentials in shared credentials file: ~/.aws/credentials
2025-06-25 22:40:43 - INFO - Found credentials in shared credentials file: ~/.aws/credentials
2025-06-25 22:40:43 - INFO - Found credentials in shared credentials file: ~/.aws/credentials
2025-06-25 22:40:43 - INFO - Found credentials in shared credentials file: ~/.aws/credentials
2025-06-25 22:40:43 - INFO - Found credentials in shared credentials file: ~/.aws/credentials
2025-06-25 22:40:43 - INFO - Found credentials in shared credentials file: ~/.aws/credentials
2025-06-25 22:40:43 - INFO - Found credentials in shared credentials file: ~/.aws/credentials
2025-06-25 22:40:43 - INFO - Found credentials in shared credentials file: ~/.aws/credentials
2025-06-25 22:40:43 - INFO - Found credentials in shared credentials file: ~/.aws/credentials
2025-06-25 22:40:43 - INFO - Found credentials in shared credentials file: ~/.aws/credentials
2025-06-25 22:40:43 - INFO - Found credentials in shared credentials file: ~/.aws/credentials
2025-06-25 22:40:43 - INFO - Found credentials in shared credentials file: ~/.aws/credentials
2025-06-25 22:40:43 - INFO - Found credentials in shared credentials file: ~/.aws/credentials
2025-06-25 22:40:46 - INFO - Found credentials in shared credentials file: ~/.aws/credentials
2025-06-25 22:40:46 - INFO - Found credentials in shared credentials file: ~/.aws/credentials
2025-06-25 22:40:46 - INFO - Found credentials in shared credentials file: ~/.aws/credentials
2025-06-25 22:40:47 - INFO - Found credentials in shared credentials file: ~/.aws/credentials
2025-06-25 22:40:47 - INFO - Found credentials in shared credentials file: ~/.aws/credentials
2025-06-25 22:40:47 - INFO - Found credentials in shared credentials file: ~/.aws/credentials
2025-06-25 22:40:47 - INFO - Found credentials in shared credentials file: ~/.aws/credentials
2025-06-25 22:40:47 - INFO - Found credentials in shared credentials file: ~/.aws/credentials
2025-06-25 22:40:47 - INFO - Found credentials in shared credentials file: ~/.aws/credentials
2025-06-25 22:40:47 - INFO - Found credentials in shared credentials file: ~/.aws/credentials
2025-06-25 22:40:47 - INFO - Found credentials in shared credentials file: ~/.aws/credentials
2025-06-25 22:40:47 - INFO - Found credentials in shared credentials file: ~/.aws/credentials
2025-06-25 22:40:47 - INFO - Found credentials in shared credentials file: ~/.aws/credentials
2025-06-25 22:40:47 - INFO - Found credentials in shared credentials file: ~/.aws/credentials
2025-06-25 22:40:47 - INFO - Found credentials in shared credentials file: ~/.aws/credentials
2025-06-25 22:40:47 - INFO - Found credentials in shared credentials file: ~/.aws/credentials
2025-06-25 22:40:47 - INFO - Found credentials in shared credentials file: ~/.aws/credentials
2025-06-25 22:40:47 - INFO - Found credentials in shared credentials file: ~/.aws/credentials
2025-06-25 22:40:47 - INFO - Found credentials in shared credentials file: ~/.aws/credentials
2025-06-25 22:40:47 - INFO - Found credentials in shared credentials file: ~/.aws/credentials
2025-06-25 22:40:47 - INFO - Found credentials in shared credentials file: ~/.aws/credentials
2025-06-25 22:40:47 - INFO - Found credentials in shared credentials file: ~/.aws/credentials
2025-06-25 22:40:47 - INFO - Found credentials in shared credentials file: ~/.aws/credentials
2025-06-25 22:40:48 - INFO - Found credentials in shared credentials file: ~/.aws/credentials
2025-06-25 22:41:43 - INFO - c5.24xlarge - 0.803400 - us-east-1a
2025-06-25 22:41:43 - INFO - c5.24xlarge - 0.803400 - us-east-1a
2025-06-25 22:41:43 - INFO - Updating file: results/results_lucas_us-east-1_300.csv
2025-06-25 22:41:43 - INFO - c5.24xlarge - 0.592900 - us-east-1b
2025-06-25 22:41:43 - INFO - c5.24xlarge - 0.803400 - us-east-1a
2025-06-25 22:41:43 - INFO - Updating file: results/results_lucas_us-east-1_300.csv
2025-06-25 22:41:43 - INFO - c5.24xlarge - 0.803400 - us-east-1a
2025-06-25 22:41:43 - INFO - Updating file: results/results_lucas_us-east-1_300.csv
2025-06-25 22:41:43 - INFO - c5.24xlarge - 0.803400 - us-east-1a
2025-06-25 22:41:43 - INFO - c5.24xlarge - 0.803400 - us-east-1a
2025-06-25 22:41:43 - INFO - c5.24xlarge - 0.803400 - us-east-1a
2025-06-25 22:41:43 - INFO - c5.24xlarge - 0.592900 - us-east-1b
2025-06-25 22:41:43 - INFO - c5.24xlarge - 0.592900 - us-east-1b
2025-06-25 22:41:43 - INFO - Updating file: results/results_lucas_us-east-1_300.csv
2025-06-25 22:41:43 - INFO - c5.24xlarge - 0.803400 - us-east-1a
2025-06-25 22:41:43 - INFO - c5.24xlarge - 0.803400 - us-east-1a
2025-06-25 22:41:43 - INFO - c5.24xlarge - 0.803400 - us-east-1a
2025-06-25 22:41:43 - INFO - c5.24xlarge - 0.592900 - us-east-1b
2025-06-25 22:41:43 - INFO - c5.24xlarge - 0.803400 - us-east-1a
2025-06-25 22:41:43 - INFO - c5.24xlarge - 0.803400 - us-east-1a
2025-06-25 22:41:43 - INFO - c5.24xlarge - 0.803400 - us-east-1a
2025-06-25 22:41:43 - INFO - c5.24xlarge - 0.803400 - us-east-1a
2025-06-25 22:41:43 - INFO - Updating file: results/results_lucas_us-east-1_300.csv
2025-06-25 22:41:43 - INFO - c5.24xlarge - 0.803400 - us-east-1a
2025-06-25 22:41:43 - INFO - c5.24xlarge - 0.592900 - us-east-1b
2025-06-25 22:41:43 - INFO - c5.24xlarge - 0.803400 - us-east-1a
2025-06-25 22:41:43 - INFO - c5.24xlarge - 0.803400 - us-east-1a
2025-06-25 22:41:43 - INFO - c5.24xlarge - 0.803400 - us-east-1a
2025-06-25 22:41:43 - INFO - c5.24xlarge - 0.803400 - us-east-1a
2025-06-25 22:41:43 - INFO - Updating file: results/results_lucas_us-east-1_300.csv
2025-06-25 22:41:43 - INFO - c5.24xlarge - 0.803400 - us-east-1a
2025-06-25 22:41:43 - INFO - c5.24xlarge - 0.803400 - us-east-1a
2025-06-25 22:41:43 - INFO - c5.24xlarge - 0.803400 - us-east-1a
2025-06-25 22:41:43 - INFO - c5.24xlarge - 0.803400 - us-east-1a
2025-06-25 22:41:43 - INFO - c5.24xlarge - 0.592900 - us-east-1b
2025-06-25 22:41:43 - INFO - c5.24xlarge - 0.592900 - us-east-1b
2025-06-25 22:41:43 - INFO - c5.24xlarge - 0.592900 - us-east-1b
2025-06-25 22:41:43 - INFO - Updating file: results/results_lucas_us-east-1_300.csv
2025-06-25 22:41:44 - INFO - c5.24xlarge - 0.803400 - us-east-1a
2025-06-25 22:41:44 - INFO - c5.24xlarge - 0.592900 - us-east-1b
2025-06-25 22:41:44 - INFO - c5.24xlarge - 0.592900 - us-east-1b
2025-06-25 22:41:44 - INFO - c5.24xlarge - 0.592900 - us-east-1b
2025-06-25 22:41:44 - INFO - c5.24xlarge - 0.803400 - us-east-1a
2025-06-25 22:41:44 - INFO - c5.24xlarge - 0.803400 - us-east-1a
2025-06-25 22:41:44 - INFO - Updating file: results/results_lucas_us-east-1_300.csv
2025-06-25 22:41:44 - INFO - c5.24xlarge - 0.803400 - us-east-1a
2025-06-25 22:41:44 - INFO - c5.24xlarge - 0.803400 - us-east-1a
2025-06-25 22:41:44 - INFO - c5.24xlarge - 0.803400 - us-east-1a
2025-06-25 22:41:44 - INFO - c5.24xlarge - 0.803400 - us-east-1a
2025-06-25 22:41:44 - INFO - c5.24xlarge - 0.803400 - us-east-1a
2025-06-25 22:41:44 - INFO - c5.24xlarge - 0.592900 - us-east-1b
2025-06-25 22:41:44 - INFO - Updating file: results/results_lucas_us-east-1_300.csv
2025-06-25 22:41:44 - INFO - c5.24xlarge - 0.592900 - us-east-1b
2025-06-25 22:41:44 - INFO - c5.24xlarge - 0.592900 - us-east-1b
2025-06-25 22:41:44 - INFO - Updating file: results/results_lucas_us-east-1_300.csv
2025-06-25 22:41:44 - INFO - c5.24xlarge - 0.592900 - us-east-1b
2025-06-25 22:41:44 - INFO - c5.24xlarge - 0.803400 - us-east-1a
2025-06-25 22:41:44 - INFO - c5.24xlarge - 0.803400 - us-east-1a
2025-06-25 22:41:44 - INFO - c5.24xlarge - 0.803400 - us-east-1a
2025-06-25 22:41:44 - INFO - Updating file: results/results_lucas_us-east-1_300.csv
2025-06-25 22:41:44 - INFO - Updating file: results/results_lucas_us-east-1_300.csv
2025-06-25 22:41:44 - INFO - c5.24xlarge - 0.592900 - us-east-1b
2025-06-25 22:41:44 - INFO - c5.24xlarge - 0.803400 - us-east-1a
2025-06-25 22:41:44 - INFO - c5.24xlarge - 0.592900 - us-east-1b
2025-06-25 22:41:44 - INFO - Updating file: results/results_lucas_us-east-1_300.csv
2025-06-25 22:41:44 - INFO - Updating file: results/results_lucas_us-east-1_300.csv
2025-06-25 22:41:44 - INFO - c5.24xlarge - 0.592900 - us-east-1b
2025-06-25 22:41:44 - INFO - c5.24xlarge - 0.592900 - us-east-1b
2025-06-25 22:41:44 - INFO - c5.24xlarge - 0.592900 - us-east-1b
2025-06-25 22:41:44 - INFO - c5.24xlarge - 0.803400 - us-east-1a
2025-06-25 22:41:44 - INFO - c5.24xlarge - 0.592900 - us-east-1b
2025-06-25 22:41:44 - INFO - c5.24xlarge - 0.803400 - us-east-1a
2025-06-25 22:41:44 - INFO - c5.24xlarge - 0.592900 - us-east-1b
2025-06-25 22:41:44 - INFO - Updating file: results/results_lucas_us-east-1_300.csv
2025-06-25 22:41:44 - INFO - c5.24xlarge - 0.803400 - us-east-1a
2025-06-25 22:41:44 - INFO - c5.24xlarge - 0.592900 - us-east-1b
2025-06-25 22:41:44 - INFO - c5.24xlarge - 0.592900 - us-east-1b
2025-06-25 22:41:44 - INFO - c5.24xlarge - 0.592900 - us-east-1b
2025-06-25 22:41:45 - INFO - c5.24xlarge - 0.803400 - us-east-1a
2025-06-25 22:41:45 - INFO - c5.24xlarge - 0.803400 - us-east-1a
2025-06-25 22:41:45 - INFO - Updating file: results/results_lucas_us-east-1_300.csv
2025-06-25 22:41:45 - INFO - c5.24xlarge - 0.803400 - us-east-1a
2025-06-25 22:41:45 - INFO - c5.24xlarge - 0.592900 - us-east-1b
2025-06-25 22:41:45 - INFO - c5.24xlarge - 0.592900 - us-east-1b
2025-06-25 22:41:45 - INFO - c5.24xlarge - 0.803400 - us-east-1a
2025-06-25 22:41:45 - INFO - c5.24xlarge - 0.592900 - us-east-1b
2025-06-25 22:41:45 - INFO - c5.24xlarge - 0.803400 - us-east-1a
2025-06-25 22:41:45 - INFO - c5.24xlarge - 0.592900 - us-east-1b
2025-06-25 22:41:45 - INFO - Updating file: results/results_lucas_us-east-1_300.csv
2025-06-25 22:41:45 - INFO - c5.24xlarge - 0.592900 - us-east-1b
2025-06-25 22:41:45 - INFO - c5.24xlarge - 0.592900 - us-east-1b
2025-06-25 22:41:45 - INFO - c5.24xlarge - 0.592900 - us-east-1b
2025-06-25 22:41:45 - INFO - c5.24xlarge - 0.803400 - us-east-1a
2025-06-25 22:41:45 - INFO - c5.24xlarge - 0.592900 - us-east-1b
2025-06-25 22:41:45 - INFO - c5.24xlarge - 0.803400 - us-east-1a
2025-06-25 22:41:45 - INFO - c5.24xlarge - 0.592900 - us-east-1b
2025-06-25 22:41:45 - INFO - c5.24xlarge - 0.592900 - us-east-1b
2025-06-25 22:41:45 - INFO - Updating file: results/results_lucas_us-east-1_300.csv
2025-06-25 22:41:45 - INFO - c5.24xlarge - 0.803400 - us-east-1a
2025-06-25 22:41:45 - INFO - c5.24xlarge - 0.592900 - us-east-1b
2025-06-25 22:41:45 - INFO - c5.24xlarge - 0.592900 - us-east-1b
2025-06-25 22:41:45 - INFO - c5.24xlarge - 0.803400 - us-east-1a
2025-06-25 22:41:45 - INFO - c5.24xlarge - 0.592900 - us-east-1b
2025-06-25 22:41:45 - INFO - c5.24xlarge - 0.592900 - us-east-1b
2025-06-25 22:41:45 - INFO - c5.24xlarge - 0.592900 - us-east-1b
2025-06-25 22:41:45 - INFO - c5.24xlarge - 0.592900 - us-east-1b
2025-06-25 22:41:45 - INFO - c5.24xlarge - 0.592900 - us-east-1b
2025-06-25 22:41:45 - INFO - c5.24xlarge - 0.592900 - us-east-1b
2025-06-25 22:41:45 - INFO - c5.24xlarge - 0.592900 - us-east-1b
2025-06-25 22:41:45 - INFO - Updating file: results/results_lucas_us-east-1_300.csv
2025-06-25 22:41:45 - INFO - c5.24xlarge - 0.803400 - us-east-1a
2025-06-25 22:41:46 - INFO - c5.24xlarge - 0.592900 - us-east-1b
2025-06-25 22:41:46 - INFO - c5.24xlarge - 0.592900 - us-east-1b
2025-06-25 22:41:46 - INFO - c5.24xlarge - 0.592900 - us-east-1b
2025-06-25 22:41:46 - INFO - c5.24xlarge - 0.592900 - us-east-1b
2025-06-25 22:41:46 - INFO - c5.24xlarge - 0.592900 - us-east-1b
2025-06-25 22:41:46 - INFO - c5.24xlarge - 0.592900 - us-east-1b
2025-06-25 22:41:46 - INFO - c5.24xlarge - 0.592900 - us-east-1b
2025-06-25 22:41:46 - INFO - c5.24xlarge - 0.592900 - us-east-1b
2025-06-25 22:41:46 - INFO - c5.24xlarge - 0.592900 - us-east-1b
2025-06-25 22:41:46 - INFO - c5.24xlarge - 0.592900 - us-east-1b
2025-06-25 22:41:46 - INFO - c5.24xlarge - 0.592900 - us-east-1b
2025-06-25 22:41:46 - INFO - c5.24xlarge - 0.592900 - us-east-1b
2025-06-25 22:41:46 - INFO - c5.24xlarge - 0.592900 - us-east-1b
2025-06-25 22:41:46 - INFO - c5.24xlarge - 0.592900 - us-east-1b
2025-06-25 22:41:46 - INFO - c5.24xlarge - 0.803400 - us-east-1a
2025-06-25 22:41:46 - INFO - c5.24xlarge - 0.592900 - us-east-1b
2025-06-25 22:41:46 - INFO - Updating file: results/results_lucas_us-east-1_300.csv
2025-06-25 22:41:46 - INFO - c5.24xlarge - 0.592900 - us-east-1b
2025-06-25 22:41:46 - INFO - c5.24xlarge - 0.592900 - us-east-1b
2025-06-25 22:41:46 - INFO - c5.24xlarge - 0.592900 - us-east-1b
2025-06-25 22:41:46 - INFO - c5.24xlarge - 0.592900 - us-east-1b
2025-06-25 22:41:46 - INFO - c5.24xlarge - 0.592900 - us-east-1b
2025-06-25 22:41:46 - INFO - c5.24xlarge - 0.592900 - us-east-1b
2025-06-25 22:41:46 - INFO - c5.24xlarge - 0.592900 - us-east-1b
2025-06-25 22:41:46 - INFO - c5.24xlarge - 0.592900 - us-east-1b
2025-06-25 22:41:55 - INFO - c5.24xlarge - 0.592900 - us-east-1b
2025-06-25 22:41:55 - INFO - c5.24xlarge - 0.592900 - us-east-1b
2025-06-25 22:41:55 - INFO - c5.24xlarge - 0.592900 - us-east-1b
2025-06-25 22:41:55 - INFO - c5.24xlarge - 0.592900 - us-east-1b
2025-06-25 22:41:55 - INFO - c5.24xlarge - 0.592900 - us-east-1b
2025-06-25 22:41:55 - INFO - c5.24xlarge - 0.592900 - us-east-1b
2025-06-25 22:41:55 - INFO - c5.24xlarge - 0.592900 - us-east-1b
2025-06-25 22:41:55 - INFO - c5.24xlarge - 0.592900 - us-east-1b
2025-06-25 22:41:55 - INFO - c5.24xlarge - 0.592900 - us-east-1b
2025-06-25 22:41:55 - INFO - c5.24xlarge - 0.592900 - us-east-1b
2025-06-25 22:41:55 - INFO - c5.24xlarge - 0.592900 - us-east-1b
2025-06-25 22:41:55 - INFO - c5.24xlarge - 0.592900 - us-east-1b
2025-06-25 22:41:55 - INFO - Updating file: results/results_lucas_us-east-1_300.csv
2025-06-25 22:41:55 - INFO - c5.24xlarge - 0.592900 - us-east-1b
2025-06-25 22:41:55 - INFO - c5.24xlarge - 0.592900 - us-east-1b
2025-06-25 22:41:55 - INFO - c5.24xlarge - 0.592900 - us-east-1b
2025-06-25 22:41:55 - INFO - c5.24xlarge - 0.592900 - us-east-1b
2025-06-25 22:41:55 - INFO - c5.24xlarge - 0.592900 - us-east-1b
2025-06-25 22:41:55 - INFO - c5.24xlarge - 0.592900 - us-east-1b
2025-06-25 22:41:55 - INFO - c5.24xlarge - 0.592900 - us-east-1b
2025-06-25 22:41:55 - INFO - c5.24xlarge - 0.592900 - us-east-1b
2025-06-25 22:41:55 - INFO - c5.24xlarge - 0.592900 - us-east-1b
2025-06-25 22:41:55 - INFO - c5.24xlarge - 0.592900 - us-east-1b
2025-06-25 22:41:55 - INFO - c5.24xlarge - 0.592900 - us-east-1b
2025-06-25 22:41:55 - INFO - c5.24xlarge - 0.592900 - us-east-1b
2025-06-25 22:41:55 - INFO - c5.24xlarge - 0.592900 - us-east-1b
2025-06-25 22:41:55 - INFO - c5.24xlarge - 0.592900 - us-east-1b
2025-06-25 22:41:55 - INFO - c5.24xlarge - 0.592900 - us-east-1b
2025-06-25 22:41:55 - INFO - c5.24xlarge - 0.592900 - us-east-1b
2025-06-25 22:41:56 - INFO - c5.24xlarge - 0.592900 - us-east-1b
2025-06-25 22:41:56 - INFO - c5.24xlarge - 0.592900 - us-east-1b
2025-06-25 22:41:56 - INFO - c5.24xlarge - 0.592900 - us-east-1b
2025-06-25 22:41:56 - INFO - c5.24xlarge - 0.592900 - us-east-1b
2025-06-25 22:41:56 - INFO - c5.24xlarge - 0.592900 - us-east-1b
2025-06-25 22:41:56 - INFO - c5.24xlarge - 0.592900 - us-east-1b
2025-06-25 22:41:56 - INFO - c5.24xlarge - 0.592900 - us-east-1b
2025-06-25 22:41:56 - INFO - c5.24xlarge - 0.592900 - us-east-1b
2025-06-25 22:41:56 - INFO - Updating file: results/results_lucas_us-east-1_300.csv
2025-06-25 22:41:56 - INFO - c5.24xlarge - 0.592900 - us-east-1b
2025-06-25 22:41:56 - INFO - c5.24xlarge - 0.592900 - us-east-1b
2025-06-25 22:41:56 - INFO - c5.24xlarge - 0.592900 - us-east-1b
2025-06-25 22:41:56 - INFO - c5.24xlarge - 0.592900 - us-east-1b
2025-06-25 22:41:56 - INFO - c5.24xlarge - 0.592900 - us-east-1b
2025-06-25 22:41:56 - INFO - c5.24xlarge - 0.592900 - us-east-1b
2025-06-25 22:41:56 - INFO - c5.24xlarge - 0.592900 - us-east-1b
2025-06-25 22:41:56 - INFO - c5.24xlarge - 0.592900 - us-east-1b
2025-06-25 22:41:56 - INFO - c5.24xlarge - 0.592900 - us-east-1b
2025-06-25 22:41:56 - INFO - c5.24xlarge - 0.592900 - us-east-1b
2025-06-25 22:41:56 - INFO - c5.24xlarge - 0.592900 - us-east-1b
2025-06-25 22:41:56 - INFO - c5.24xlarge - 0.592900 - us-east-1b
2025-06-25 22:41:56 - INFO - c5.24xlarge - 0.592900 - us-east-1b
2025-06-25 22:41:56 - INFO - c5.24xlarge - 0.592900 - us-east-1b
2025-06-25 22:41:56 - INFO - c5.24xlarge - 0.592900 - us-east-1b
2025-06-25 22:41:56 - INFO - c5.24xlarge - 0.592900 - us-east-1b
2025-06-25 22:41:56 - INFO - c5.24xlarge - 0.592900 - us-east-1b
2025-06-25 22:41:56 - INFO - c5.24xlarge - 0.592900 - us-east-1b
2025-06-25 22:41:56 - INFO - c5.24xlarge - 0.592900 - us-east-1b
2025-06-25 22:41:56 - INFO - c5.24xlarge - 0.592900 - us-east-1b
2025-06-25 22:41:56 - INFO - c5.24xlarge - 0.592900 - us-east-1b
2025-06-25 22:41:56 - INFO - c5.24xlarge - 0.592900 - us-east-1b
2025-06-25 22:41:56 - INFO - c5.24xlarge - 0.592900 - us-east-1b
2025-06-25 22:41:56 - INFO - c5.24xlarge - 0.592900 - us-east-1b
2025-06-25 22:41:56 - INFO - c5.24xlarge - 0.592900 - us-east-1b
2025-06-25 22:41:56 - INFO - c5.24xlarge - 0.592900 - us-east-1b
2025-06-25 22:41:56 - INFO - c5.24xlarge - 0.592900 - us-east-1b
2025-06-25 22:41:56 - INFO - c5.24xlarge - 0.592900 - us-east-1b
2025-06-25 22:41:56 - INFO - c5.24xlarge - 0.592900 - us-east-1b
2025-06-25 22:41:56 - INFO - c5.24xlarge - 0.592900 - us-east-1b
2025-06-25 22:41:57 - INFO - Updating file: results/results_lucas_us-east-1_300.csv
2025-06-25 22:41:57 - INFO - c5.24xlarge - 0.592900 - us-east-1b
2025-06-25 22:41:57 - INFO - c5.24xlarge - 0.592900 - us-east-1b
2025-06-25 22:41:57 - INFO - c5.24xlarge - 0.592900 - us-east-1b
2025-06-25 22:41:57 - INFO - c5.24xlarge - 0.592900 - us-east-1b
2025-06-25 22:41:57 - INFO - c5.24xlarge - 0.592900 - us-east-1b
2025-06-25 22:41:57 - INFO - c5.24xlarge - 0.592900 - us-east-1b
2025-06-25 22:41:57 - INFO - c5.24xlarge - 0.592900 - us-east-1b
2025-06-25 22:41:57 - INFO - c5.24xlarge - 0.592900 - us-east-1b
2025-06-25 22:41:57 - INFO - c5.24xlarge - 0.592900 - us-east-1b
2025-06-25 22:41:57 - INFO - c5.24xlarge - 0.592900 - us-east-1b
2025-06-25 22:41:57 - INFO - c5.24xlarge - 0.592900 - us-east-1b
2025-06-25 22:41:57 - INFO - c5.24xlarge - 0.592900 - us-east-1b
2025-06-25 22:41:57 - INFO - c5.24xlarge - 0.592900 - us-east-1b
2025-06-25 22:41:57 - INFO - c5.24xlarge - 0.592900 - us-east-1b
2025-06-25 22:41:57 - INFO - c5.24xlarge - 0.592900 - us-east-1b
2025-06-25 22:41:57 - INFO - c5.24xlarge - 0.592900 - us-east-1b
2025-06-25 22:41:57 - INFO - c5.24xlarge - 0.592900 - us-east-1b
2025-06-25 22:41:57 - INFO - c5.24xlarge - 0.592900 - us-east-1b
2025-06-25 22:41:57 - INFO - c5.24xlarge - 0.592900 - us-east-1b
2025-06-25 22:41:57 - INFO - c5.24xlarge - 0.592900 - us-east-1b
2025-06-25 22:41:57 - INFO - c5.24xlarge - 0.592900 - us-east-1b
2025-06-25 22:41:57 - INFO - c5.24xlarge - 0.592900 - us-east-1b
2025-06-25 22:41:57 - INFO - c5.24xlarge - 0.592900 - us-east-1b
2025-06-25 22:41:57 - INFO - c5.24xlarge - 0.592900 - us-east-1b
2025-06-25 22:41:57 - INFO - c5.24xlarge - 0.592900 - us-east-1b
2025-06-25 22:41:57 - INFO - c5.24xlarge - 0.592900 - us-east-1b
2025-06-25 22:41:57 - INFO - c5.24xlarge - 0.592900 - us-east-1b
2025-06-25 22:41:57 - INFO - c5.24xlarge - 0.592900 - us-east-1b
2025-06-25 22:41:57 - INFO - c5.24xlarge - 0.592900 - us-east-1b
2025-06-25 22:41:57 - INFO - c5.24xlarge - 0.592900 - us-east-1b
2025-06-25 22:41:57 - INFO - c5.24xlarge - 0.592900 - us-east-1b
2025-06-25 22:41:57 - INFO - c5.24xlarge - 0.592900 - us-east-1b
2025-06-25 22:41:57 - INFO - c5.24xlarge - 0.592900 - us-east-1b
2025-06-25 22:41:57 - INFO - c5.24xlarge - 0.592900 - us-east-1b
2025-06-25 22:41:57 - INFO - c5.24xlarge - 0.592900 - us-east-1b
2025-06-25 22:41:57 - INFO - c5.24xlarge - 0.592900 - us-east-1b
2025-06-25 22:41:57 - INFO - c5.24xlarge - 0.592900 - us-east-1b
2025-06-25 22:41:57 - INFO - c5.24xlarge - 0.592900 - us-east-1b
2025-06-25 22:41:57 - INFO - c5.24xlarge - 0.592900 - us-east-1b
2025-06-25 22:41:57 - INFO - c5.24xlarge - 0.592900 - us-east-1b
2025-06-25 22:41:57 - INFO - c5.24xlarge - 0.592900 - us-east-1b
2025-06-25 22:41:57 - INFO - c5.24xlarge - 0.592900 - us-east-1b
2025-06-25 22:41:57 - INFO - c5.24xlarge - 0.592900 - us-east-1b
2025-06-25 22:41:57 - INFO - c5.24xlarge - 0.592900 - us-east-1b
2025-06-25 22:41:57 - INFO - c5.24xlarge - 0.592900 - us-east-1b
2025-06-25 22:41:57 - INFO - c5.24xlarge - 0.592900 - us-east-1b
2025-06-25 22:41:57 - INFO - Updating file: results/results_lucas_us-east-1_300.csv
2025-06-25 22:41:57 - INFO - c5.24xlarge - 0.592900 - us-east-1b
2025-06-25 22:41:57 - INFO - c5.24xlarge - 0.592900 - us-east-1b
2025-06-25 22:41:57 - INFO - c5.24xlarge - 0.592900 - us-east-1b
2025-06-25 22:41:57 - INFO - c5.24xlarge - 0.592900 - us-east-1b
2025-06-25 22:41:57 - INFO - c5.24xlarge - 0.592900 - us-east-1b
2025-06-25 22:41:57 - INFO - c5.24xlarge - 0.592900 - us-east-1b
2025-06-25 22:41:57 - INFO - c5.24xlarge - 0.592900 - us-east-1b
2025-06-25 22:41:57 - INFO - c5.24xlarge - 0.592900 - us-east-1b
2025-06-25 22:41:57 - INFO - c5.24xlarge - 0.592900 - us-east-1b
2025-06-25 22:41:57 - INFO - c5.24xlarge - 0.592900 - us-east-1b
2025-06-25 22:41:58 - INFO - c5.24xlarge - 0.592900 - us-east-1b
2025-06-25 22:41:58 - INFO - c5.24xlarge - 0.592900 - us-east-1b
2025-06-25 22:41:58 - INFO - c5.24xlarge - 0.592900 - us-east-1b
2025-06-25 22:41:58 - INFO - c5.24xlarge - 0.592900 - us-east-1b
2025-06-25 22:41:58 - INFO - c5.24xlarge - 0.592900 - us-east-1b
2025-06-25 22:41:58 - INFO - c5.24xlarge - 0.592900 - us-east-1b
2025-06-25 22:41:58 - INFO - c5.24xlarge - 0.592900 - us-east-1b
2025-06-25 22:41:58 - INFO - c5.24xlarge - 0.592900 - us-east-1b
2025-06-25 22:41:58 - INFO - c5.24xlarge - 0.592900 - us-east-1b
2025-06-25 22:41:58 - INFO - c5.24xlarge - 0.592900 - us-east-1b
2025-06-25 22:41:58 - INFO - c5.24xlarge - 0.592900 - us-east-1b
2025-06-25 22:41:58 - INFO - Updating file: results/results_lucas_us-east-1_300.csv
2025-06-25 22:41:58 - INFO - c5.24xlarge - 0.592900 - us-east-1b
2025-06-25 22:41:58 - INFO - c5.24xlarge - 0.592900 - us-east-1b
2025-06-25 22:41:58 - INFO - c5.24xlarge - 0.592900 - us-east-1b
2025-06-25 22:41:58 - INFO - c5.24xlarge - 0.592900 - us-east-1b
2025-06-25 22:41:58 - INFO - c5.24xlarge - 0.592900 - us-east-1b
2025-06-25 22:41:58 - INFO - c5.24xlarge - 0.592900 - us-east-1b
2025-06-25 22:41:58 - INFO - c5.24xlarge - 0.592900 - us-east-1b
2025-06-25 22:41:58 - INFO - c5.24xlarge - 0.592900 - us-east-1b
2025-06-25 22:41:58 - INFO - Updating file: results/results_lucas_us-east-1_300.csv
2025-06-25 22:41:58 - INFO - c5.24xlarge - 0.592900 - us-east-1b
2025-06-25 22:41:58 - INFO - Updating file: results/results_lucas_us-east-1_300.csv
2025-06-25 22:41:58 - INFO - c5.24xlarge - 0.592900 - us-east-1b
2025-06-25 22:41:58 - INFO - c5.24xlarge - 0.592900 - us-east-1b
2025-06-25 22:41:58 - INFO - Updating file: results/results_lucas_us-east-1_300.csv
2025-06-25 22:41:58 - INFO - c5.24xlarge - 0.592900 - us-east-1b
2025-06-25 22:41:58 - INFO - c5.24xlarge - 0.592900 - us-east-1b
2025-06-25 22:41:58 - INFO - Updating file: results/results_lucas_us-east-1_300.csv
2025-06-25 22:41:58 - INFO - Updating file: results/results_lucas_us-east-1_300.csv
2025-06-25 22:41:58 - INFO - c5.24xlarge - 0.592900 - us-east-1b
2025-06-25 22:41:58 - INFO - Updating file: results/results_lucas_us-east-1_300.csv
2025-06-25 22:41:58 - INFO - c5.24xlarge - 0.592900 - us-east-1b
2025-06-25 22:41:58 - INFO - Updating file: results/results_lucas_us-east-1_300.csv
2025-06-25 22:41:58 - INFO - Updating file: results/results_lucas_us-east-1_300.csv
2025-06-25 22:41:58 - INFO - c5.24xlarge - 0.592900 - us-east-1b
2025-06-25 22:41:58 - INFO - c5.24xlarge - 0.592900 - us-east-1b
2025-06-25 22:41:58 - INFO - c5.24xlarge - 0.592900 - us-east-1b
2025-06-25 22:41:58 - INFO - Updating file: results/results_lucas_us-east-1_300.csv
2025-06-25 22:41:58 - INFO - c5.24xlarge - 0.592900 - us-east-1b
2025-06-25 22:41:58 - INFO - c5.24xlarge - 0.592900 - us-east-1b
2025-06-25 22:41:58 - INFO - Updating file: results/results_lucas_us-east-1_300.csv
2025-06-25 22:41:58 - INFO - c5.24xlarge - 0.592900 - us-east-1b
2025-06-25 22:41:58 - INFO - Updating file: results/results_lucas_us-east-1_300.csv
2025-06-25 22:41:58 - INFO - Updating file: results/results_lucas_us-east-1_300.csv
2025-06-25 22:41:58 - INFO - Updating file: results/results_lucas_us-east-1_300.csv
2025-06-25 22:41:58 - INFO - Updating file: results/results_lucas_us-east-1_300.csv
2025-06-25 22:41:58 - INFO - Updating file: results/results_lucas_us-east-1_300.csv
2025-06-25 22:41:58 - INFO - Updating file: results/results_lucas_us-east-1_300.csv
2025-06-25 22:41:58 - INFO - c5.24xlarge - 0.592900 - us-east-1b
2025-06-25 22:41:58 - INFO - Updating file: results/results_lucas_us-east-1_300.csv
2025-06-25 22:41:58 - INFO - Updating file: results/results_lucas_us-east-1_300.csv
2025-06-25 22:41:58 - INFO - Updating file: results/results_lucas_us-east-1_300.csv
2025-06-25 22:41:58 - INFO - c5.24xlarge - 0.592900 - us-east-1b
2025-06-25 22:41:58 - INFO - Updating file: results/results_lucas_us-east-1_300.csv
2025-06-25 22:41:58 - INFO - c5.24xlarge - 0.592900 - us-east-1b
2025-06-25 22:41:58 - INFO - Updating file: results/results_lucas_us-east-1_300.csv
2025-06-25 22:41:58 - INFO - c5.24xlarge - 0.592900 - us-east-1b
2025-06-25 22:41:58 - INFO - Updating file: results/results_lucas_us-east-1_300.csv
2025-06-25 22:41:58 - INFO - c5.24xlarge - 0.592900 - us-east-1b
2025-06-25 22:41:58 - INFO - Updating file: results/results_lucas_us-east-1_300.csv
2025-06-25 22:41:58 - INFO - c5.24xlarge - 0.592900 - us-east-1b
2025-06-25 22:41:58 - INFO - Updating file: results/results_lucas_us-east-1_300.csv
2025-06-25 22:41:58 - INFO - c5.24xlarge - 0.592900 - us-east-1b
2025-06-25 22:41:58 - INFO - Updating file: results/results_lucas_us-east-1_300.csv
2025-06-25 22:41:58 - INFO - c5.24xlarge - 0.592900 - us-east-1b
2025-06-25 22:41:58 - INFO - Updating file: results/results_lucas_us-east-1_300.csv
2025-06-25 22:41:58 - INFO - Updating file: results/results_lucas_us-east-1_300.csv
2025-06-25 22:41:58 - INFO - Updating file: results/results_lucas_us-east-1_300.csv
2025-06-25 22:41:58 - INFO - Updating file: results/results_lucas_us-east-1_300.csv
2025-06-25 22:41:58 - INFO - Updating file: results/results_lucas_us-east-1_300.csv
2025-06-25 22:41:58 - INFO - Updating file: results/results_lucas_us-east-1_300.csv
2025-06-25 22:41:58 - INFO - Updating file: results/results_lucas_us-east-1_300.csv
2025-06-25 22:41:58 - INFO - Updating file: results/results_lucas_us-east-1_300.csv
2025-06-25 22:41:58 - INFO - c5.24xlarge - 0.592900 - us-east-1b
2025-06-25 22:41:58 - INFO - c5.24xlarge - 0.592900 - us-east-1b
2025-06-25 22:41:58 - INFO - c5.24xlarge - 0.592900 - us-east-1b
2025-06-25 22:41:58 - INFO - c5.24xlarge - 0.592900 - us-east-1b
2025-06-25 22:41:58 - INFO - Updating file: results/results_lucas_us-east-1_300.csv
2025-06-25 22:41:58 - INFO - c5.24xlarge - 0.592900 - us-east-1b
2025-06-25 22:41:58 - INFO - Updating file: results/results_lucas_us-east-1_300.csv
2025-06-25 22:41:58 - INFO - Updating file: results/results_lucas_us-east-1_300.csv
2025-06-25 22:41:58 - INFO - c5.24xlarge - 0.592900 - us-east-1b
2025-06-25 22:41:58 - INFO - Updating file: results/results_lucas_us-east-1_300.csv
2025-06-25 22:41:58 - INFO - Updating file: results/results_lucas_us-east-1_300.csv
2025-06-25 22:41:58 - INFO - Updating file: results/results_lucas_us-east-1_300.csv
2025-06-25 22:41:58 - INFO - Updating file: results/results_lucas_us-east-1_300.csv
2025-06-25 22:41:58 - INFO - Updating file: results/results_lucas_us-east-1_300.csv
2025-06-25 22:41:58 - INFO - Updating file: results/results_lucas_us-east-1_300.csv
2025-06-25 22:41:58 - INFO - c5.24xlarge - 0.592900 - us-east-1b
2025-06-25 22:41:58 - INFO - Updating file: results/results_lucas_us-east-1_300.csv
2025-06-25 22:41:58 - INFO - c5.24xlarge - 0.592900 - us-east-1b
2025-06-25 22:41:58 - INFO - Updating file: results/results_lucas_us-east-1_300.csv
2025-06-25 22:41:58 - INFO - Updating file: results/results_lucas_us-east-1_300.csv
2025-06-25 22:41:58 - INFO - Updating file: results/results_lucas_us-east-1_300.csv
2025-06-25 22:41:58 - INFO - c5.24xlarge - 0.592900 - us-east-1b
2025-06-25 22:41:58 - INFO - Updating file: results/results_lucas_us-east-1_300.csv
2025-06-25 22:41:58 - INFO - Updating file: results/results_lucas_us-east-1_300.csv
2025-06-25 22:41:58 - INFO - Updating file: results/results_lucas_us-east-1_300.csv
2025-06-25 22:41:59 - INFO - Updating file: results/results_lucas_us-east-1_300.csv
2025-06-25 22:41:59 - INFO - Updating file: results/results_lucas_us-east-1_300.csv
2025-06-25 22:41:59 - INFO - c5.24xlarge - 0.592900 - us-east-1b
2025-06-25 22:41:59 - INFO - Updating file: results/results_lucas_us-east-1_300.csv
2025-06-25 22:41:59 - INFO - Updating file: results/results_lucas_us-east-1_300.csv
2025-06-25 22:41:59 - INFO - Updating file: results/results_lucas_us-east-1_300.csv
2025-06-25 22:41:59 - INFO - Updating file: results/results_lucas_us-east-1_300.csv
2025-06-25 22:41:59 - INFO - Updating file: results/results_lucas_us-east-1_300.csv
2025-06-25 22:41:59 - INFO - c5.24xlarge - 0.592900 - us-east-1b
2025-06-25 22:41:59 - INFO - Updating file: results/results_lucas_us-east-1_300.csv
2025-06-25 22:41:59 - INFO - Updating file: results/results_lucas_us-east-1_300.csv
2025-06-25 22:41:59 - INFO - Updating file: results/results_lucas_us-east-1_300.csv
2025-06-25 22:41:59 - INFO - Updating file: results/results_lucas_us-east-1_300.csv
2025-06-25 22:41:59 - INFO - c5.24xlarge - 0.592900 - us-east-1b
2025-06-25 22:41:59 - INFO - Updating file: results/results_lucas_us-east-1_300.csv
2025-06-25 22:41:59 - INFO - Updating file: results/results_lucas_us-east-1_300.csv
2025-06-25 22:41:59 - INFO - Updating file: results/results_lucas_us-east-1_300.csv
2025-06-25 22:41:59 - INFO - Updating file: results/results_lucas_us-east-1_300.csv
2025-06-25 22:41:59 - INFO - Updating file: results/results_lucas_us-east-1_300.csv
2025-06-25 22:41:59 - INFO - Updating file: results/results_lucas_us-east-1_300.csv
2025-06-25 22:41:59 - INFO - Updating file: results/results_lucas_us-east-1_300.csv
2025-06-25 22:41:59 - INFO - Updating file: results/results_lucas_us-east-1_300.csv
2025-06-25 22:41:59 - INFO - Updating file: results/results_lucas_us-east-1_300.csv
2025-06-25 22:41:59 - INFO - Updating file: results/results_lucas_us-east-1_300.csv
2025-06-25 22:41:59 - INFO - Updating file: results/results_lucas_us-east-1_300.csv
2025-06-25 22:41:59 - INFO - c5.24xlarge - 0.592900 - us-east-1b
2025-06-25 22:41:59 - INFO - Updating file: results/results_lucas_us-east-1_300.csv
2025-06-25 22:41:59 - INFO - Updating file: results/results_lucas_us-east-1_300.csv
2025-06-25 22:41:59 - INFO - Updating file: results/results_lucas_us-east-1_300.csv
2025-06-25 22:41:59 - INFO - Updating file: results/results_lucas_us-east-1_300.csv
2025-06-25 22:41:59 - INFO - Updating file: results/results_lucas_us-east-1_300.csv
2025-06-25 22:41:59 - INFO - Updating file: results/results_lucas_us-east-1_300.csv
2025-06-25 22:41:59 - INFO - Updating file: results/results_lucas_us-east-1_300.csv
2025-06-25 22:41:59 - INFO - c5.24xlarge - 0.592900 - us-east-1b
2025-06-25 22:41:59 - INFO - Updating file: results/results_lucas_us-east-1_300.csv
2025-06-25 22:41:59 - INFO - Updating file: results/results_lucas_us-east-1_300.csv
2025-06-25 22:41:59 - INFO - Updating file: results/results_lucas_us-east-1_300.csv
2025-06-25 22:41:59 - INFO - Updating file: results/results_lucas_us-east-1_300.csv
2025-06-25 22:41:59 - INFO - Updating file: results/results_lucas_us-east-1_300.csv
2025-06-25 22:41:59 - INFO - c5.24xlarge - 0.592900 - us-east-1b
2025-06-25 22:41:59 - INFO - Updating file: results/results_lucas_us-east-1_300.csv
2025-06-25 22:41:59 - INFO - Updating file: results/results_lucas_us-east-1_300.csv
2025-06-25 22:41:59 - INFO - c5.24xlarge - 0.592900 - us-east-1b
2025-06-25 22:41:59 - INFO - Updating file: results/results_lucas_us-east-1_300.csv
2025-06-25 22:41:59 - INFO - Updating file: results/results_lucas_us-east-1_300.csv
2025-06-25 22:41:59 - INFO - c5.24xlarge - 0.592900 - us-east-1b
2025-06-25 22:41:59 - INFO - Updating file: results/results_lucas_us-east-1_300.csv
2025-06-25 22:41:59 - INFO - c5.24xlarge - 0.592900 - us-east-1b
2025-06-25 22:41:59 - INFO - Updating file: results/results_lucas_us-east-1_300.csv
2025-06-25 22:41:59 - INFO - Updating file: results/results_lucas_us-east-1_300.csv
2025-06-25 22:41:59 - INFO - Updating file: results/results_lucas_us-east-1_300.csv
2025-06-25 22:41:59 - INFO - Updating file: results/results_lucas_us-east-1_300.csv
2025-06-25 22:41:59 - INFO - c5.24xlarge - 0.592900 - us-east-1b
2025-06-25 22:41:59 - INFO - Updating file: results/results_lucas_us-east-1_300.csv
2025-06-25 22:41:59 - INFO - Updating file: results/results_lucas_us-east-1_300.csv
2025-06-25 22:41:59 - INFO - Updating file: results/results_lucas_us-east-1_300.csv
2025-06-25 22:41:59 - INFO - Updating file: results/results_lucas_us-east-1_300.csv
2025-06-25 22:41:59 - INFO - c5.24xlarge - 0.592900 - us-east-1b
2025-06-25 22:41:59 - INFO - Updating file: results/results_lucas_us-east-1_300.csv
2025-06-25 22:41:59 - INFO - Updating file: results/results_lucas_us-east-1_300.csv
2025-06-25 22:41:59 - INFO - Updating file: results/results_lucas_us-east-1_300.csv
2025-06-25 22:41:59 - INFO - Updating file: results/results_lucas_us-east-1_300.csv
2025-06-25 22:41:59 - INFO - Updating file: results/results_lucas_us-east-1_300.csv
2025-06-25 22:41:59 - INFO - Updating file: results/results_lucas_us-east-1_300.csv
2025-06-25 22:41:59 - INFO - Updating file: results/results_lucas_us-east-1_300.csv
2025-06-25 22:41:59 - INFO - Updating file: results/results_lucas_us-east-1_300.csv
2025-06-25 22:41:59 - INFO - Updating file: results/results_lucas_us-east-1_300.csv
2025-06-25 22:41:59 - INFO - Updating file: results/results_lucas_us-east-1_300.csv
2025-06-25 22:41:59 - INFO - Updating file: results/results_lucas_us-east-1_300.csv
2025-06-25 22:41:59 - INFO - c5.24xlarge - 0.592900 - us-east-1b
2025-06-25 22:41:59 - INFO - Updating file: results/results_lucas_us-east-1_300.csv
2025-06-25 22:41:59 - INFO - Updating file: results/results_lucas_us-east-1_300.csv
2025-06-25 22:41:59 - INFO - Updating file: results/results_lucas_us-east-1_300.csv
2025-06-25 22:41:59 - INFO - c5.24xlarge - 0.592900 - us-east-1b
2025-06-25 22:41:59 - INFO - Updating file: results/results_lucas_us-east-1_300.csv
2025-06-25 22:41:59 - INFO - Updating file: results/results_lucas_us-east-1_300.csv
2025-06-25 22:41:59 - INFO - Updating file: results/results_lucas_us-east-1_300.csv
2025-06-25 22:41:59 - INFO - Updating file: results/results_lucas_us-east-1_300.csv
2025-06-25 22:41:59 - INFO - Updating file: results/results_lucas_us-east-1_300.csv
2025-06-25 22:41:59 - INFO - Updating file: results/results_lucas_us-east-1_300.csv
2025-06-25 22:41:59 - INFO - Updating file: results/results_lucas_us-east-1_300.csv
2025-06-25 22:41:59 - INFO - Updating file: results/results_lucas_us-east-1_300.csv
2025-06-25 22:41:59 - INFO - Updating file: results/results_lucas_us-east-1_300.csv
2025-06-25 22:41:59 - INFO - Updating file: results/results_lucas_us-east-1_300.csv
2025-06-25 22:41:59 - INFO - Updating file: results/results_lucas_us-east-1_300.csv
2025-06-25 22:41:59 - INFO - Updating file: results/results_lucas_us-east-1_300.csv
2025-06-25 22:41:59 - INFO - Updating file: results/results_lucas_us-east-1_300.csv
2025-06-25 22:41:59 - INFO - Updating file: results/results_lucas_us-east-1_300.csv
2025-06-25 22:41:59 - INFO - Updating file: results/results_lucas_us-east-1_300.csv
2025-06-25 22:41:59 - INFO - Updating file: results/results_lucas_us-east-1_300.csv
2025-06-25 22:41:59 - INFO - Updating file: results/results_lucas_us-east-1_300.csv
2025-06-25 22:41:59 - INFO - Updating file: results/results_lucas_us-east-1_300.csv
2025-06-25 22:41:59 - INFO - Updating file: results/results_lucas_us-east-1_300.csv
2025-06-25 22:41:59 - INFO - Updating file: results/results_lucas_us-east-1_300.csv
2025-06-25 22:41:59 - INFO - Updating file: results/results_lucas_us-east-1_300.csv
2025-06-25 22:41:59 - INFO - Updating file: results/results_lucas_us-east-1_300.csv
2025-06-25 22:41:59 - INFO - Updating file: results/results_lucas_us-east-1_300.csv
2025-06-25 22:41:59 - INFO - Updating file: results/results_lucas_us-east-1_300.csv
2025-06-25 22:41:59 - INFO - Updating file: results/results_lucas_us-east-1_300.csv
2025-06-25 22:41:59 - INFO - Updating file: results/results_lucas_us-east-1_300.csv
2025-06-25 22:41:59 - INFO - Updating file: results/results_lucas_us-east-1_300.csv
2025-06-25 22:41:59 - INFO - Updating file: results/results_lucas_us-east-1_300.csv
2025-06-25 22:41:59 - INFO - Updating file: results/results_lucas_us-east-1_300.csv
2025-06-25 22:41:59 - INFO - Updating file: results/results_lucas_us-east-1_300.csv
2025-06-25 22:41:59 - INFO - Updating file: results/results_lucas_us-east-1_300.csv
2025-06-25 22:41:59 - INFO - Updating file: results/results_lucas_us-east-1_300.csv
2025-06-25 22:41:59 - INFO - Updating file: results/results_lucas_us-east-1_300.csv
2025-06-25 22:41:59 - INFO - Updating file: results/results_lucas_us-east-1_300.csv
2025-06-25 22:41:59 - INFO - Updating file: results/results_lucas_us-east-1_300.csv
2025-06-25 22:41:59 - INFO - Updating file: results/results_lucas_us-east-1_300.csv
2025-06-25 22:41:59 - INFO - Updating file: results/results_lucas_us-east-1_300.csv
2025-06-25 22:41:59 - INFO - Updating file: results/results_lucas_us-east-1_300.csv
2025-06-25 22:41:59 - INFO - Updating file: results/results_lucas_us-east-1_300.csv
2025-06-25 22:41:59 - INFO - Updating file: results/results_lucas_us-east-1_300.csv
2025-06-25 22:41:59 - INFO - Updating file: results/results_lucas_us-east-1_300.csv
2025-06-25 22:41:59 - INFO - Updating file: results/results_lucas_us-east-1_300.csv
2025-06-25 22:41:59 - INFO - Updating file: results/results_lucas_us-east-1_300.csv
2025-06-25 22:41:59 - INFO - Updating file: results/results_lucas_us-east-1_300.csv
2025-06-25 22:41:59 - INFO - Updating file: results/results_lucas_us-east-1_300.csv
2025-06-25 22:41:59 - INFO - Updating file: results/results_lucas_us-east-1_300.csv
2025-06-25 22:41:59 - INFO - Updating file: results/results_lucas_us-east-1_300.csv
2025-06-25 22:41:59 - INFO - Updating file: results/results_lucas_us-east-1_300.csv
2025-06-25 22:41:59 - INFO - Updating file: results/results_lucas_us-east-1_300.csv
2025-06-25 22:41:59 - INFO - Updating file: results/results_lucas_us-east-1_300.csv
2025-06-25 22:41:59 - INFO - Updating file: results/results_lucas_us-east-1_300.csv
2025-06-25 22:41:59 - INFO - Updating file: results/results_lucas_us-east-1_300.csv
2025-06-25 22:41:59 - INFO - Updating file: results/results_lucas_us-east-1_300.csv
2025-06-25 22:41:59 - INFO - Updating file: results/results_lucas_us-east-1_300.csv
2025-06-25 22:41:59 - INFO - Updating file: results/results_lucas_us-east-1_300.csv
2025-06-25 22:41:59 - INFO - Updating file: results/results_lucas_us-east-1_300.csv
2025-06-25 22:41:59 - INFO - Updating file: results/results_lucas_us-east-1_300.csv
2025-06-25 22:41:59 - INFO - Updating file: results/results_lucas_us-east-1_300.csv
2025-06-25 22:42:00 - INFO - Updating file: results/results_lucas_us-east-1_300.csv
2025-06-25 22:42:00 - INFO - Updating file: results/results_lucas_us-east-1_300.csv
2025-06-25 22:42:00 - INFO - Updating file: results/results_lucas_us-east-1_300.csv
2025-06-25 22:42:00 - INFO - Updating file: results/results_lucas_us-east-1_300.csv
2025-06-25 22:42:00 - INFO - Updating file: results/results_lucas_us-east-1_300.csv
2025-06-25 22:42:00 - INFO - Updating file: results/results_lucas_us-east-1_300.csv
2025-06-25 22:42:00 - INFO - Updating file: results/results_lucas_us-east-1_300.csv
2025-06-25 22:42:00 - INFO - Updating file: results/results_lucas_us-east-1_300.csv
2025-06-25 22:42:00 - INFO - Updating file: results/results_lucas_us-east-1_300.csv
2025-06-25 22:42:00 - INFO - Updating file: results/results_lucas_us-east-1_300.csv
2025-06-25 22:42:00 - INFO - Updating file: results/results_lucas_us-east-1_300.csv
2025-06-25 22:42:00 - INFO - Updating file: results/results_lucas_us-east-1_300.csv
2025-06-25 22:42:00 - INFO - Updating file: results/results_lucas_us-east-1_300.csv
2025-06-25 22:42:00 - INFO - Updating file: results/results_lucas_us-east-1_300.csv
2025-06-25 22:42:00 - INFO - Updating file: results/results_lucas_us-east-1_300.csv
2025-06-25 22:42:00 - INFO - Updating file: results/results_lucas_us-east-1_300.csv
2025-06-25 22:42:00 - INFO - Updating file: results/results_lucas_us-east-1_300.csv
2025-06-25 22:42:00 - INFO - Updating file: results/results_lucas_us-east-1_300.csv
2025-06-25 22:42:00 - INFO - Updating file: results/results_lucas_us-east-1_300.csv
2025-06-25 22:42:00 - INFO - Updating file: results/results_lucas_us-east-1_300.csv
2025-06-25 22:42:00 - INFO - Updating file: results/results_lucas_us-east-1_300.csv
2025-06-25 22:42:00 - INFO - Updating file: results/results_lucas_us-east-1_300.csv
2025-06-25 22:42:00 - INFO - Updating file: results/results_lucas_us-east-1_300.csv
2025-06-25 22:42:00 - INFO - Updating file: results/results_lucas_us-east-1_300.csv
2025-06-25 22:42:00 - INFO - Updating file: results/results_lucas_us-east-1_300.csv
2025-06-25 22:42:00 - INFO - Updating file: results/results_lucas_us-east-1_300.csv
2025-06-25 22:42:00 - INFO - Updating file: results/results_lucas_us-east-1_300.csv
2025-06-25 22:42:00 - INFO - Updating file: results/results_lucas_us-east-1_300.csv
2025-06-25 22:42:00 - INFO - Updating file: results/results_lucas_us-east-1_300.csv
2025-06-25 22:42:00 - INFO - Updating file: results/results_lucas_us-east-1_300.csv
2025-06-25 22:42:00 - INFO - Updating file: results/results_lucas_us-east-1_300.csv
2025-06-25 22:42:00 - INFO - Updating file: results/results_lucas_us-east-1_300.csv
2025-06-25 22:42:00 - INFO - Updating file: results/results_lucas_us-east-1_300.csv
2025-06-25 22:42:00 - INFO - Updating file: results/results_lucas_us-east-1_300.csv
2025-06-25 22:42:00 - INFO - Updating file: results/results_lucas_us-east-1_300.csv
2025-06-25 22:42:00 - INFO - Updating file: results/results_lucas_us-east-1_300.csv
2025-06-25 22:42:00 - INFO - Updating file: results/results_lucas_us-east-1_300.csv
2025-06-25 22:42:00 - INFO - Updating file: results/results_lucas_us-east-1_300.csv
2025-06-25 22:42:00 - INFO - Updating file: results/results_lucas_us-east-1_300.csv
2025-06-25 22:42:00 - INFO - Updating file: results/results_lucas_us-east-1_300.csv
2025-06-25 22:42:00 - INFO - Updating file: results/results_lucas_us-east-1_300.csv
2025-06-25 22:42:00 - INFO - Updating file: results/results_lucas_us-east-1_300.csv
2025-06-25 22:42:00 - INFO - Updating file: results/results_lucas_us-east-1_300.csv
2025-06-25 22:42:00 - INFO - Updating file: results/results_lucas_us-east-1_300.csv
2025-06-25 22:42:00 - INFO - Updating file: results/results_lucas_us-east-1_300.csv
2025-06-25 22:42:00 - INFO - Updating file: results/results_lucas_us-east-1_300.csv
2025-06-25 22:42:00 - INFO - Updating file: results/results_lucas_us-east-1_300.csv
2025-06-25 22:42:00 - INFO - Updating file: results/results_lucas_us-east-1_300.csv
2025-06-25 22:42:00 - INFO - Updating file: results/results_lucas_us-east-1_300.csv
2025-06-25 22:42:00 - INFO - Updating file: results/results_lucas_us-east-1_300.csv
2025-06-25 22:42:00 - INFO - Updating file: results/results_lucas_us-east-1_300.csv
2025-06-25 22:42:00 - INFO - Updating file: results/results_lucas_us-east-1_300.csv
2025-06-25 22:42:00 - INFO - Updating file: results/results_lucas_us-east-1_300.csv
2025-06-25 22:42:00 - INFO - Updating file: results/results_lucas_us-east-1_300.csv
2025-06-25 22:42:00 - INFO - Updating file: results/results_lucas_us-east-1_300.csv
2025-06-25 22:42:00 - INFO - Updating file: results/results_lucas_us-east-1_300.csv
2025-06-25 22:42:00 - INFO - Updating file: results/results_lucas_us-east-1_300.csv
2025-06-25 22:42:00 - INFO - Updating file: results/results_lucas_us-east-1_300.csv
2025-06-25 22:42:00 - INFO - Updating file: results/results_lucas_us-east-1_300.csv
2025-06-25 22:42:00 - INFO - Updating file: results/results_lucas_us-east-1_300.csv
2025-06-25 22:42:00 - INFO - Updating file: results/results_lucas_us-east-1_300.csv
2025-06-25 22:42:00 - INFO - Updating file: results/results_lucas_us-east-1_300.csv
2025-06-25 22:42:00 - INFO - Updating file: results/results_lucas_us-east-1_300.csv
2025-06-25 22:42:00 - INFO - Updating file: results/results_lucas_us-east-1_300.csv
2025-06-25 22:42:00 - INFO - Updating file: results/results_lucas_us-east-1_300.csv
2025-06-25 22:42:00 - INFO - Updating file: results/results_lucas_us-east-1_300.csv
2025-06-25 22:42:00 - INFO - Updating file: results/results_lucas_us-east-1_300.csv
2025-06-25 22:42:00 - INFO - Updating file: results/results_lucas_us-east-1_300.csv
2025-06-25 22:42:00 - INFO - Updating file: results/results_lucas_us-east-1_300.csv
2025-06-25 22:42:00 - INFO - Updating file: results/results_lucas_us-east-1_300.csv
2025-06-25 22:42:00 - INFO - Updating file: results/results_lucas_us-east-1_300.csv
2025-06-25 22:42:00 - INFO - Updating file: results/results_lucas_us-east-1_300.csv
2025-06-25 22:42:00 - INFO - Updating file: results/results_lucas_us-east-1_300.csv
2025-06-25 22:42:00 - INFO - Updating file: results/results_lucas_us-east-1_300.csv
2025-06-25 22:42:00 - INFO - Updating file: results/results_lucas_us-east-1_300.csv
2025-06-25 22:42:00 - INFO - Updating file: results/results_lucas_us-east-1_300.csv
2025-06-25 22:42:00 - INFO - Updating file: results/results_lucas_us-east-1_300.csv
2025-06-25 22:42:00 - INFO - Updating file: results/results_lucas_us-east-1_300.csv
2025-06-25 22:42:00 - INFO - Updating file: results/results_lucas_us-east-1_300.csv
2025-06-25 22:42:00 - INFO - Updating file: results/results_lucas_us-east-1_300.csv
2025-06-25 22:42:00 - INFO - Updating file: results/results_lucas_us-east-1_300.csv
2025-06-25 22:42:00 - INFO - Updating file: results/results_lucas_us-east-1_300.csv
2025-06-25 22:42:00 - INFO - Updating file: results/results_lucas_us-east-1_300.csv
2025-06-25 22:42:00 - INFO - Updating file: results/results_lucas_us-east-1_300.csv
2025-06-25 22:42:00 - INFO - Updating file: results/results_lucas_us-east-1_300.csv
2025-06-25 22:42:00 - INFO - Updating file: results/results_lucas_us-east-1_300.csv
2025-06-25 22:42:00 - INFO - Updating file: results/results_lucas_us-east-1_300.csv
2025-06-25 22:42:00 - INFO - Updating file: results/results_lucas_us-east-1_300.csv
2025-06-25 22:42:00 - INFO - Updating file: results/results_lucas_us-east-1_300.csv
2025-06-25 22:42:00 - INFO - Updating file: results/results_lucas_us-east-1_300.csv
2025-06-25 22:42:00 - INFO - Updating file: results/results_lucas_us-east-1_300.csv
2025-06-25 22:42:00 - INFO - Updating file: results/results_lucas_us-east-1_300.csv
2025-06-25 22:42:00 - INFO - Updating file: results/results_lucas_us-east-1_300.csv
2025-06-25 22:42:00 - INFO - Updating file: results/results_lucas_us-east-1_300.csv
2025-06-25 22:42:00 - INFO - Updating file: results/results_lucas_us-east-1_300.csv
2025-06-25 22:42:00 - INFO - Updating file: results/results_lucas_us-east-1_300.csv
2025-06-25 22:42:00 - INFO - Updating file: results/results_lucas_us-east-1_300.csv
2025-06-25 22:42:00 - INFO - Updating file: results/results_lucas_us-east-1_300.csv
2025-06-25 22:42:01 - INFO - Updating file: results/results_lucas_us-east-1_300.csv
2025-06-25 22:42:01 - INFO - Updating file: results/results_lucas_us-east-1_300.csv
2025-06-25 22:42:01 - INFO - Updating file: results/results_lucas_us-east-1_300.csv
2025-06-25 22:42:01 - INFO - Updating file: results/results_lucas_us-east-1_300.csv
2025-06-25 22:42:01 - INFO - Updating file: results/results_lucas_us-east-1_300.csv
2025-06-25 22:42:01 - INFO - Updating file: results/results_lucas_us-east-1_300.csv
2025-06-25 22:42:01 - INFO - Updating file: results/results_lucas_us-east-1_300.csv
2025-06-25 22:42:01 - INFO - Updating file: results/results_lucas_us-east-1_300.csv
2025-06-25 22:42:01 - INFO - Updating file: results/results_lucas_us-east-1_300.csv
2025-06-25 22:42:19 - INFO - All instances have been terminated.
2025-06-26 10:59:55 - INFO - Start execution in us-east-1 Nodes=300 Benchmark=bt.A.x Allocation Strategy=lowest-price
2025-06-26 10:59:55 - INFO - Found credentials in shared credentials file: ~/.aws/credentials
2025-06-26 11:00:13 - INFO - Tempo que levou para receber response AWS: 17.856873 segundos
2025-06-26 11:00:13 - INFO - Fleet created with instances: ['i-0bb3110a40add86c4', 'i-057d445aa75cca8c4', 'i-0474563582a80c1b9', 'i-0c0e7b0a43daba400', 'i-0f846a44f53fdd2b0', 'i-051d28aae7952bddd', 'i-087a2ffc1da0c0251', 'i-00853bef4ce76bf87', 'i-09ce3668a9c6dc173', 'i-08e555dc177968f34', 'i-05d6a6f494f8ccdd0', 'i-0046a8a15171f5eb5', 'i-0d14d4639e92d889e', 'i-02383a3af693f8d9d', 'i-04538dd2e7621db17', 'i-0de50db694116eac4', 'i-0bc8d6aae4819d264', 'i-0518370a4139f1610', 'i-0fc22f1f0da30d665', 'i-02d7d923821babc04', 'i-0dfefbf0f6a5cc27f', 'i-0cb1114d6c4416c11', 'i-0f5830fd5712cea76', 'i-0c4c079428e28ad41', 'i-0bc66a398a69c0abf', 'i-007b6fb48ecf02f9d', 'i-064ecb2e0982fd03a', 'i-0e2bf0c32351b5e1d', 'i-0ada51ce91a82f87b', 'i-0743f8a29b42794df', 'i-00e8b347c513e6298', 'i-0a5fed960a0ea7a9a', 'i-0bac712bfc9f42284', 'i-0554987fcfdf79a15', 'i-0865cdac2ad0569ab', 'i-0bd6c3758c1b75683', 'i-0cee14562e693f7b7', 'i-0e53b1a5d1d31807b', 'i-06a93f8cf991f7b61', 'i-08cfaf17355d9d380', 'i-09f336ae7174fa7e8', 'i-0240dd729a7c1182b', 'i-096ee5236fcbf48b6', 'i-07435b4efe4ff8513', 'i-0464ec8e8c124437a', 'i-0cb4df44b27beff45', 'i-0e4016b99a1246272', 'i-062a4d268c2992028', 'i-08c2149c688dcc481', 'i-0baefbdb0658fb7f7', 'i-0ef6a831be85c86e4', 'i-044277e601b4d0bdf', 'i-06f34865492b34e18', 'i-0104317504a607599', 'i-0a93eee5260e8e620', 'i-00ae6c89ff4c4d6d6', 'i-0edda0db26fdd8675', 'i-0f6030f50f946d48d', 'i-0a0a735b123c70b4d', 'i-0e195dcb1e6d1c564', 'i-0e810f24405ca6a57', 'i-0afda66f59f8b808f', 'i-04e8f52316d86893f', 'i-0ee1e37a6760600c8', 'i-01d1050a9b4778962', 'i-0591a5920229e468d', 'i-0c87776693a9fc3e3', 'i-06d47ce41fa4a9429', 'i-0288487091777ec21', 'i-0e626b3e48662a9a7', 'i-0fd388e08776e35ae', 'i-0b5733bff6f0fb7c0', 'i-093f0df3f594c575f', 'i-064f2fe77cdeee029', 'i-05410c643e8562df2', 'i-0e486d0e9a933062c', 'i-0a8df5788db5abf64', 'i-03dc8ccec3f683a62', 'i-09029fbb3e92a739a', 'i-0cbaa0b704b07f686', 'i-0e6610d6b0aa9edfd', 'i-0e8d762e6d7d29187', 'i-0a0773d308b8ac0fa', 'i-01d7f2d399b6c83a7', 'i-0c2b8cf4542c2964b', 'i-06e0b36e8d04fda7c', 'i-0c1e140212b9d33b0', 'i-066c984d6f4a8ea25', 'i-0f5157b3a39f96ccf', 'i-0bce9a214a03dcb33', 'i-0d8fe32742bffe20a', 'i-03412447bf297f590', 'i-00dea00e620d96cd1', 'i-0eedc02c5f5378355', 'i-0cc6c151e80724314', 'i-0af1c2f9281712e84', 'i-00e552a9b52ac2b49', 'i-0dd1f3e491accbe1f', 'i-04d2fc6aa8b22532b', 'i-01b73b6279b37f53e', 'i-06456a932a8fd2ce3', 'i-0d0ffa82a68858001', 'i-09c0d1ed9241fabcc', 'i-0f729df468097de68', 'i-096814c5307148cad', 'i-0e6b2f063af4ca59f', 'i-0cbd55a8e7a28be08', 'i-00a7e84bb179f3cdb', 'i-0def46c11d3236f1e', 'i-092fb7c51baddaee7', 'i-0a5e9e87cdc2896b9', 'i-0cd98c59a688ef565', 'i-007b2084091aa5239', 'i-0a0b690ec5986844c', 'i-0b33c06f9b1bd4a44', 'i-083101fbaad9dd4fb', 'i-0ac4768fa90476220', 'i-050d4399ed1b0b894', 'i-0ec73b407480d2bfc', 'i-0b9fc307f01975a26', 'i-0d4273f2aad92a325', 'i-04ec2bc079bd71085', 'i-09729911bec628a14', 'i-078a473041bef228b', 'i-0a9da7b198bc48c5b', 'i-0934aec1f55580120', 'i-02a1224d1371cadfd', 'i-00703fb8f37d24bc2', 'i-03e2fa5bc40c0daf9', 'i-01594240f8b98c8f8', 'i-09b6f7c19a17c1042', 'i-0996ce1d20b7e1349', 'i-0766ff87a59e84eae', 'i-024765f0dad15ed38', 'i-0115cb44743d7e0a6', 'i-0a640eb2bdd9aa671', 'i-09047fa35c576387d', 'i-06656abe518d0f92f', 'i-070b8516822ab1fb0', 'i-0c0e0b8cfd8b8a448', 'i-02cd541157b2c56f8', 'i-06009d215e731a6d1', 'i-019dc0c89f9be7d52', 'i-0a6f0652365308658', 'i-001060cdd9d3671a3', 'i-0004ffa11641377ee', 'i-047537a166a224446', 'i-08060c84342c35684', 'i-012d950846f8a8905', 'i-01bed5784c10c4c96', 'i-081d27afdf1c6e8cd', 'i-01a182c9576caacd4', 'i-02f94b42055e9d088', 'i-00ceaa4e3234d47e1', 'i-0f73015089af06a8c', 'i-087baf0d22a5a2957', 'i-0a5765473190f83f9', 'i-0117c9d92d3748e51', 'i-003131ac9939e48c4', 'i-0383a263497e471d1', 'i-097d36e159d19effd', 'i-0a726f4a72f498c4b', 'i-07c16d7969fc82842', 'i-02dfd39fbe6c2f992', 'i-046ef0d2c331df8aa', 'i-02c67fb8c7290bf59', 'i-0d75ee20023a32b37', 'i-069cb195c13b5aac9', 'i-0afe746f7fd028093', 'i-03cceab6aeff337ea', 'i-01eb7e066fabf8bb9', 'i-00f6d24dd20bf07dc', 'i-01784cb9ef92bdb59', 'i-033dba1199ed9214a', 'i-0ebdddb00b9b1e56f', 'i-0879c76e0ae6d8a8c', 'i-03baea93a8c9c1a0e', 'i-03f131a3ad6aa7958', 'i-091fa75f5423371fd', 'i-0b5dcff94d11f5f6e', 'i-0564321aaf2df3b31', 'i-0e6ca8bf56214b2c8', 'i-046dc44acb5c6fdf3', 'i-01a6180970dc4dad5', 'i-014142c097e8c2a51', 'i-023db2ee302e0438e', 'i-0f7cbc3def0e62847', 'i-0fc4c161a81d544b0', 'i-01a4c8ce749ae7c4e', 'i-00ff75da5dab73c8e', 'i-0d09476daa2affca1', 'i-004fc37be1e1bf1a5', 'i-037bd3912ea58e780', 'i-074f005041bd418f3', 'i-0f3bdd478645a1090', 'i-004fee736d3c2a750', 'i-0f4e798112ecde1cf', 'i-05e36661cb4b3d084', 'i-07bcaeaa24c16e7fa', 'i-0c305dd297143b3c1', 'i-01b40a9bc555909d2', 'i-081e0cde574dfc124', 'i-0fa04dd8236f5404c', 'i-013082aeab06db72b', 'i-017e2581da5fdac79', 'i-057f07355227e145a', 'i-092bddf4d8f4dce1a', 'i-0a434225f88532435', 'i-0c5cb34fc0d8ff877', 'i-0b40b8a56526280a0', 'i-0eb1905eab649cecf', 'i-0ef37c06d9931e391', 'i-0d10b159a2ae3488c', 'i-07385c713945ca4ea', 'i-0050db01119e1630b', 'i-022a43ba9c88d952a', 'i-06944d39aef4b6c56', 'i-07cec671482f9a0a1', 'i-041fd500378b11682', 'i-0ad5fc2e3d9bf037a', 'i-00f6e147133e7c65f', 'i-0ad831a844952b68f', 'i-027237397fa20c6d1', 'i-08267f12f9feac76e', 'i-076883b5a558133fc', 'i-0663f93450fcc7e83', 'i-0d231969fca9e59e8', 'i-06559b873eec8d816', 'i-02d2b7358675f4577', 'i-00c97ce3503949250', 'i-06be64a3a4b109dae', 'i-0d427d9ccff9c49b3', 'i-01edc16edd86f5925', 'i-09bff9ad106a7cad5', 'i-0b3409cd8e56d0286', 'i-00647f2d511b72835', 'i-020027c0c600ea790', 'i-0f112f4f9040dc2d5', 'i-0e1f345d4ede3be78', 'i-0d977976a8034f983', 'i-02bc0968e1ca68e80', 'i-073c7cfea3c88c2c9', 'i-01c1ffdf5b5489ba8', 'i-022638ce382d3069b', 'i-0079c5ae241683908', 'i-066c5079f557ef1fb', 'i-0aa4888a74cff50c0', 'i-09c3ca0f2ebf0bec6', 'i-0e93c428e09cc55c9', 'i-09b2fff649cdb8e3b', 'i-0f2d264e66c660b29', 'i-088178fae878e9b99', 'i-0ea24691522c03535', 'i-0be408018a1459524', 'i-090fc3beef9e081c5', 'i-0d217992faf5dd781', 'i-05505335961397045', 'i-0e48e5e6abe02f490', 'i-0ecaa74724b22b71a', 'i-0c48244706fb595cd', 'i-0bf3e54721ead7398', 'i-08fd594355bef2ecd', 'i-09fb5a2752fc6a053', 'i-09532835edff19f4c', 'i-09d8b47ba130610fa', 'i-0004a6bc2fa5b9267', 'i-0e1a98c1c6d40d3f1', 'i-07063148e5ce88795', 'i-0c8aaae18cfbf6398', 'i-0c58d15aa00974871', 'i-0a6b1a70fde4e54a6', 'i-006b298910b33069d', 'i-090b39cbdcd89dd83', 'i-010ce72cb9e60d85d', 'i-0876b5f397a62a7ee', 'i-054c9bd9e91ec9c70', 'i-0d20524ac9c32e504', 'i-0f29b62d9f3b3d0f7', 'i-0e873d3915b531841', 'i-087381c9b0ac36c15', 'i-0ee7088aef3d298c4', 'i-0cddf60bfbcbbd68d', 'i-0c9eddcdc8eb0b2ae', 'i-09c133b24560cd224', 'i-0c1c2f7a57b0063a3', 'i-0e23fd49291cd3619', 'i-0ff14f597a52c622e', 'i-090a0d8f2c9e5ca17', 'i-0ec2b656560aed0ca', 'i-02568a491805aa14e', 'i-06376206b56146c37', 'i-0e7da5e5d86f095df', 'i-0d027a52d82383913', 'i-0f1e9350dff0b62e4', 'i-05dcfada21a642f21', 'i-0eeb9b24fd5475ad9', 'i-048aff02cadb36ae7', 'i-05deafdabe4054bff', 'i-0bf04e5610c6ae463', 'i-02647b3a4c6d65eac']
2025-06-26 11:02:51 - INFO - Tempo que levou para as máquinas estarem running: 155.068155 segundos
2025-06-26 11:02:51 - INFO - Tempo total gasto: 172.925028 segundos
2025-06-26 11:02:51 - INFO - Found credentials in shared credentials file: ~/.aws/credentials
2025-06-26 11:02:52 - WARNING - No spot price history found.
2025-06-26 11:02:52 - INFO - Updating file: results/results_lucas_us-east-1_300.csv
2025-06-26 11:02:52 - INFO - Found credentials in shared credentials file: ~/.aws/credentials
2025-06-26 11:02:53 - WARNING - No spot price history found.
2025-06-26 11:02:53 - INFO - Updating file: results/results_lucas_us-east-1_300.csv
2025-06-26 11:02:53 - INFO - Found credentials in shared credentials file: ~/.aws/credentials
2025-06-26 11:02:54 - WARNING - No spot price history found.
2025-06-26 11:02:54 - INFO - Updating file: results/results_lucas_us-east-1_300.csv
2025-06-26 11:02:54 - INFO - Found credentials in shared credentials file: ~/.aws/credentials
2025-06-26 11:02:54 - WARNING - No spot price history found.
2025-06-26 11:02:54 - INFO - Updating file: results/results_lucas_us-east-1_300.csv
2025-06-26 11:02:54 - INFO - Found credentials in shared credentials file: ~/.aws/credentials
2025-06-26 11:02:55 - WARNING - No spot price history found.
2025-06-26 11:02:55 - INFO - Updating file: results/results_lucas_us-east-1_300.csv
2025-06-26 11:02:55 - INFO - Found credentials in shared credentials file: ~/.aws/credentials
2025-06-26 11:02:56 - WARNING - No spot price history found.
2025-06-26 11:02:56 - INFO - Updating file: results/results_lucas_us-east-1_300.csv
2025-06-26 11:02:56 - INFO - Found credentials in shared credentials file: ~/.aws/credentials
2025-06-26 11:02:57 - WARNING - No spot price history found.
2025-06-26 11:02:57 - INFO - Updating file: results/results_lucas_us-east-1_300.csv
2025-06-26 11:02:57 - INFO - Found credentials in shared credentials file: ~/.aws/credentials
2025-06-26 11:02:58 - WARNING - No spot price history found.
2025-06-26 11:02:58 - INFO - Updating file: results/results_lucas_us-east-1_300.csv
2025-06-26 11:02:58 - INFO - Found credentials in shared credentials file: ~/.aws/credentials
2025-06-26 11:02:59 - WARNING - No spot price history found.
2025-06-26 11:02:59 - INFO - Updating file: results/results_lucas_us-east-1_300.csv
2025-06-26 11:02:59 - INFO - Found credentials in shared credentials file: ~/.aws/credentials
2025-06-26 11:03:00 - WARNING - No spot price history found.
2025-06-26 11:03:00 - INFO - Updating file: results/results_lucas_us-east-1_300.csv
2025-06-26 11:03:00 - INFO - Found credentials in shared credentials file: ~/.aws/credentials
2025-06-26 11:03:01 - WARNING - No spot price history found.
2025-06-26 11:03:01 - INFO - Updating file: results/results_lucas_us-east-1_300.csv
2025-06-26 11:03:01 - INFO - Found credentials in shared credentials file: ~/.aws/credentials
2025-06-26 11:03:02 - WARNING - No spot price history found.
2025-06-26 11:03:02 - INFO - Updating file: results/results_lucas_us-east-1_300.csv
2025-06-26 11:03:02 - INFO - Found credentials in shared credentials file: ~/.aws/credentials
2025-06-26 11:03:02 - WARNING - No spot price history found.
2025-06-26 11:03:02 - INFO - Updating file: results/results_lucas_us-east-1_300.csv
2025-06-26 11:03:02 - INFO - Found credentials in shared credentials file: ~/.aws/credentials
2025-06-26 11:03:03 - WARNING - No spot price history found.
2025-06-26 11:03:03 - INFO - Updating file: results/results_lucas_us-east-1_300.csv
2025-06-26 11:03:03 - INFO - Found credentials in shared credentials file: ~/.aws/credentials
2025-06-26 11:03:04 - WARNING - No spot price history found.
2025-06-26 11:03:04 - INFO - Updating file: results/results_lucas_us-east-1_300.csv
2025-06-26 11:03:04 - INFO - Found credentials in shared credentials file: ~/.aws/credentials
2025-06-26 11:03:05 - WARNING - No spot price history found.
2025-06-26 11:03:05 - INFO - Updating file: results/results_lucas_us-east-1_300.csv
2025-06-26 11:03:05 - INFO - Found credentials in shared credentials file: ~/.aws/credentials
2025-06-26 11:03:06 - WARNING - No spot price history found.
2025-06-26 11:03:06 - INFO - Updating file: results/results_lucas_us-east-1_300.csv
2025-06-26 11:03:06 - INFO - Found credentials in shared credentials file: ~/.aws/credentials
2025-06-26 11:03:07 - WARNING - No spot price history found.
2025-06-26 11:03:07 - INFO - Updating file: results/results_lucas_us-east-1_300.csv
2025-06-26 11:03:07 - INFO - Found credentials in shared credentials file: ~/.aws/credentials
2025-06-26 11:03:08 - WARNING - No spot price history found.
2025-06-26 11:03:08 - INFO - Updating file: results/results_lucas_us-east-1_300.csv
2025-06-26 11:03:08 - INFO - Found credentials in shared credentials file: ~/.aws/credentials
2025-06-26 11:03:09 - WARNING - No spot price history found.
2025-06-26 11:03:09 - INFO - Updating file: results/results_lucas_us-east-1_300.csv
2025-06-26 11:03:09 - INFO - Found credentials in shared credentials file: ~/.aws/credentials
2025-06-26 11:03:10 - WARNING - No spot price history found.
2025-06-26 11:03:10 - INFO - Updating file: results/results_lucas_us-east-1_300.csv
2025-06-26 11:03:10 - INFO - Found credentials in shared credentials file: ~/.aws/credentials
2025-06-26 11:03:11 - WARNING - No spot price history found.
2025-06-26 11:03:11 - INFO - Updating file: results/results_lucas_us-east-1_300.csv
2025-06-26 11:03:11 - INFO - Found credentials in shared credentials file: ~/.aws/credentials
2025-06-26 11:03:11 - WARNING - No spot price history found.
2025-06-26 11:03:11 - INFO - Updating file: results/results_lucas_us-east-1_300.csv
2025-06-26 11:03:12 - INFO - Found credentials in shared credentials file: ~/.aws/credentials
2025-06-26 11:03:12 - WARNING - No spot price history found.
2025-06-26 11:03:12 - INFO - Updating file: results/results_lucas_us-east-1_300.csv
2025-06-26 11:03:12 - INFO - Found credentials in shared credentials file: ~/.aws/credentials
2025-06-26 11:03:13 - WARNING - No spot price history found.
2025-06-26 11:03:13 - INFO - Updating file: results/results_lucas_us-east-1_300.csv
2025-06-26 11:03:13 - INFO - Found credentials in shared credentials file: ~/.aws/credentials
2025-06-26 11:03:14 - WARNING - No spot price history found.
2025-06-26 11:03:14 - INFO - Updating file: results/results_lucas_us-east-1_300.csv
2025-06-26 11:03:14 - INFO - Found credentials in shared credentials file: ~/.aws/credentials
2025-06-26 11:03:15 - WARNING - No spot price history found.
2025-06-26 11:03:15 - INFO - Updating file: results/results_lucas_us-east-1_300.csv
2025-06-26 11:03:15 - INFO - Found credentials in shared credentials file: ~/.aws/credentials
2025-06-26 11:03:16 - WARNING - No spot price history found.
2025-06-26 11:03:16 - INFO - Updating file: results/results_lucas_us-east-1_300.csv
2025-06-26 11:03:16 - INFO - Found credentials in shared credentials file: ~/.aws/credentials
2025-06-26 11:03:17 - WARNING - No spot price history found.
2025-06-26 11:03:17 - INFO - Updating file: results/results_lucas_us-east-1_300.csv
2025-06-26 11:03:17 - INFO - Found credentials in shared credentials file: ~/.aws/credentials
2025-06-26 11:03:18 - WARNING - No spot price history found.
2025-06-26 11:03:18 - INFO - Updating file: results/results_lucas_us-east-1_300.csv
2025-06-26 11:03:18 - INFO - Found credentials in shared credentials file: ~/.aws/credentials
2025-06-26 11:03:19 - WARNING - No spot price history found.
2025-06-26 11:03:19 - INFO - Updating file: results/results_lucas_us-east-1_300.csv
2025-06-26 11:03:19 - INFO - Found credentials in shared credentials file: ~/.aws/credentials
2025-06-26 11:03:19 - WARNING - No spot price history found.
2025-06-26 11:03:19 - INFO - Updating file: results/results_lucas_us-east-1_300.csv
2025-06-26 11:03:19 - INFO - Found credentials in shared credentials file: ~/.aws/credentials
2025-06-26 11:03:20 - WARNING - No spot price history found.
2025-06-26 11:03:20 - INFO - Updating file: results/results_lucas_us-east-1_300.csv
2025-06-26 11:03:20 - INFO - Found credentials in shared credentials file: ~/.aws/credentials
2025-06-26 11:03:21 - WARNING - No spot price history found.
2025-06-26 11:03:21 - INFO - Updating file: results/results_lucas_us-east-1_300.csv
2025-06-26 11:03:21 - INFO - Found credentials in shared credentials file: ~/.aws/credentials
2025-06-26 11:03:22 - WARNING - No spot price history found.
2025-06-26 11:03:22 - INFO - Updating file: results/results_lucas_us-east-1_300.csv
2025-06-26 11:03:22 - INFO - Found credentials in shared credentials file: ~/.aws/credentials
2025-06-26 11:03:23 - WARNING - No spot price history found.
2025-06-26 11:03:23 - INFO - Updating file: results/results_lucas_us-east-1_300.csv
2025-06-26 11:03:23 - INFO - Found credentials in shared credentials file: ~/.aws/credentials
2025-06-26 11:03:24 - WARNING - No spot price history found.
2025-06-26 11:03:24 - INFO - Updating file: results/results_lucas_us-east-1_300.csv
2025-06-26 11:03:24 - INFO - Found credentials in shared credentials file: ~/.aws/credentials
2025-06-26 11:03:25 - WARNING - No spot price history found.
2025-06-26 11:03:25 - INFO - Updating file: results/results_lucas_us-east-1_300.csv
2025-06-26 11:03:25 - INFO - Found credentials in shared credentials file: ~/.aws/credentials
2025-06-26 11:03:26 - INFO - Updating file: results/results_lucas_us-east-1_300.csv
2025-06-26 11:03:26 - INFO - Found credentials in shared credentials file: ~/.aws/credentials
2025-06-26 11:03:27 - INFO - Updating file: results/results_lucas_us-east-1_300.csv
2025-06-26 11:03:27 - INFO - Found credentials in shared credentials file: ~/.aws/credentials
2025-06-26 11:03:27 - INFO - Updating file: results/results_lucas_us-east-1_300.csv
2025-06-26 11:03:27 - INFO - Found credentials in shared credentials file: ~/.aws/credentials
2025-06-26 11:03:28 - INFO - Updating file: results/results_lucas_us-east-1_300.csv
2025-06-26 11:03:28 - INFO - Found credentials in shared credentials file: ~/.aws/credentials
2025-06-26 11:03:29 - INFO - Updating file: results/results_lucas_us-east-1_300.csv
2025-06-26 11:03:29 - INFO - Found credentials in shared credentials file: ~/.aws/credentials
2025-06-26 11:03:30 - INFO - Updating file: results/results_lucas_us-east-1_300.csv
2025-06-26 11:03:30 - INFO - Found credentials in shared credentials file: ~/.aws/credentials
2025-06-26 11:03:31 - INFO - Updating file: results/results_lucas_us-east-1_300.csv
2025-06-26 11:03:31 - INFO - Total de instâncias acumuladas: 300/300
2025-06-26 11:03:31 - INFO - 300 instâncias no total. Iniciando benchmark em paralelo...
2025-06-26 11:03:31 - INFO - Found credentials in shared credentials file: ~/.aws/credentials
2025-06-26 11:03:31 - INFO - Found credentials in shared credentials file: ~/.aws/credentials
2025-06-26 11:03:31 - INFO - Found credentials in shared credentials file: ~/.aws/credentials
2025-06-26 11:03:31 - INFO - Found credentials in shared credentials file: ~/.aws/credentials
2025-06-26 11:03:31 - INFO - Found credentials in shared credentials file: ~/.aws/credentials
2025-06-26 11:03:31 - INFO - Found credentials in shared credentials file: ~/.aws/credentials
2025-06-26 11:03:31 - INFO - Found credentials in shared credentials file: ~/.aws/credentials
2025-06-26 11:03:31 - INFO - Found credentials in shared credentials file: ~/.aws/credentials
2025-06-26 11:03:32 - INFO - Found credentials in shared credentials file: ~/.aws/credentials
2025-06-26 11:03:32 - INFO - Found credentials in shared credentials file: ~/.aws/credentials
2025-06-26 11:03:32 - INFO - Found credentials in shared credentials file: ~/.aws/credentials
2025-06-26 11:03:32 - INFO - Found credentials in shared credentials file: ~/.aws/credentials
2025-06-26 11:03:32 - INFO - Found credentials in shared credentials file: ~/.aws/credentials
2025-06-26 11:03:32 - INFO - Found credentials in shared credentials file: ~/.aws/credentials
2025-06-26 11:03:32 - INFO - Found credentials in shared credentials file: ~/.aws/credentials
2025-06-26 11:03:32 - INFO - Found credentials in shared credentials file: ~/.aws/credentials
2025-06-26 11:03:32 - INFO - Found credentials in shared credentials file: ~/.aws/credentials
2025-06-26 11:03:32 - INFO - Found credentials in shared credentials file: ~/.aws/credentials
2025-06-26 11:03:32 - INFO - Found credentials in shared credentials file: ~/.aws/credentials
2025-06-26 11:03:32 - INFO - Found credentials in shared credentials file: ~/.aws/credentials
2025-06-26 11:03:32 - INFO - Found credentials in shared credentials file: ~/.aws/credentials
2025-06-26 11:03:32 - INFO - Found credentials in shared credentials file: ~/.aws/credentials
2025-06-26 11:03:33 - INFO - Found credentials in shared credentials file: ~/.aws/credentials
2025-06-26 11:03:33 - INFO - Found credentials in shared credentials file: ~/.aws/credentials
2025-06-26 11:03:33 - INFO - Found credentials in shared credentials file: ~/.aws/credentials
2025-06-26 11:03:33 - INFO - Found credentials in shared credentials file: ~/.aws/credentials
2025-06-26 11:03:33 - INFO - Found credentials in shared credentials file: ~/.aws/credentials
2025-06-26 11:03:33 - INFO - Found credentials in shared credentials file: ~/.aws/credentials
2025-06-26 11:03:33 - INFO - Found credentials in shared credentials file: ~/.aws/credentials
2025-06-26 11:03:33 - INFO - Found credentials in shared credentials file: ~/.aws/credentials
2025-06-26 11:03:33 - INFO - Found credentials in shared credentials file: ~/.aws/credentials
2025-06-26 11:03:33 - INFO - Found credentials in shared credentials file: ~/.aws/credentials
2025-06-26 11:03:33 - INFO - Found credentials in shared credentials file: ~/.aws/credentials
2025-06-26 11:03:34 - INFO - Found credentials in shared credentials file: ~/.aws/credentials
2025-06-26 11:03:34 - INFO - Found credentials in shared credentials file: ~/.aws/credentials
2025-06-26 11:03:34 - INFO - Found credentials in shared credentials file: ~/.aws/credentials
2025-06-26 11:03:34 - INFO - Found credentials in shared credentials file: ~/.aws/credentials
2025-06-26 11:03:34 - INFO - Found credentials in shared credentials file: ~/.aws/credentials
2025-06-26 11:03:34 - INFO - Found credentials in shared credentials file: ~/.aws/credentials
2025-06-26 11:03:34 - INFO - Found credentials in shared credentials file: ~/.aws/credentials
2025-06-26 11:03:34 - INFO - Found credentials in shared credentials file: ~/.aws/credentials
2025-06-26 11:03:34 - INFO - Found credentials in shared credentials file: ~/.aws/credentials
2025-06-26 11:03:34 - INFO - Found credentials in shared credentials file: ~/.aws/credentials
2025-06-26 11:03:34 - INFO - Found credentials in shared credentials file: ~/.aws/credentials
2025-06-26 11:03:34 - INFO - Found credentials in shared credentials file: ~/.aws/credentials
2025-06-26 11:03:34 - INFO - Found credentials in shared credentials file: ~/.aws/credentials
2025-06-26 11:03:34 - INFO - Found credentials in shared credentials file: ~/.aws/credentials
2025-06-26 11:03:34 - INFO - Found credentials in shared credentials file: ~/.aws/credentials
2025-06-26 11:03:35 - INFO - Found credentials in shared credentials file: ~/.aws/credentials
2025-06-26 11:03:35 - INFO - Found credentials in shared credentials file: ~/.aws/credentials
2025-06-26 11:03:35 - INFO - Found credentials in shared credentials file: ~/.aws/credentials
2025-06-26 11:03:35 - INFO - Found credentials in shared credentials file: ~/.aws/credentials
2025-06-26 11:03:35 - INFO - Found credentials in shared credentials file: ~/.aws/credentials
2025-06-26 11:03:35 - INFO - Found credentials in shared credentials file: ~/.aws/credentials
2025-06-26 11:03:35 - INFO - Found credentials in shared credentials file: ~/.aws/credentials
2025-06-26 11:03:35 - INFO - Found credentials in shared credentials file: ~/.aws/credentials
2025-06-26 11:03:35 - INFO - Found credentials in shared credentials file: ~/.aws/credentials
2025-06-26 11:03:35 - INFO - Found credentials in shared credentials file: ~/.aws/credentials
2025-06-26 11:03:35 - INFO - Found credentials in shared credentials file: ~/.aws/credentials
2025-06-26 11:03:35 - INFO - Found credentials in shared credentials file: ~/.aws/credentials
2025-06-26 11:03:35 - INFO - Found credentials in shared credentials file: ~/.aws/credentials
2025-06-26 11:03:35 - INFO - Found credentials in shared credentials file: ~/.aws/credentials
2025-06-26 11:03:36 - INFO - Found credentials in shared credentials file: ~/.aws/credentials
2025-06-26 11:03:36 - INFO - Found credentials in shared credentials file: ~/.aws/credentials
2025-06-26 11:03:36 - INFO - Found credentials in shared credentials file: ~/.aws/credentials
2025-06-26 11:03:36 - INFO - Found credentials in shared credentials file: ~/.aws/credentials
2025-06-26 11:03:36 - INFO - Found credentials in shared credentials file: ~/.aws/credentials
2025-06-26 11:03:36 - INFO - Found credentials in shared credentials file: ~/.aws/credentials
2025-06-26 11:03:36 - INFO - Found credentials in shared credentials file: ~/.aws/credentials
2025-06-26 11:03:36 - INFO - Found credentials in shared credentials file: ~/.aws/credentials
2025-06-26 11:03:36 - INFO - Found credentials in shared credentials file: ~/.aws/credentials
2025-06-26 11:03:36 - INFO - Found credentials in shared credentials file: ~/.aws/credentials
2025-06-26 11:03:36 - INFO - Found credentials in shared credentials file: ~/.aws/credentials
2025-06-26 11:03:36 - INFO - Found credentials in shared credentials file: ~/.aws/credentials
2025-06-26 11:03:36 - INFO - Found credentials in shared credentials file: ~/.aws/credentials
2025-06-26 11:03:36 - INFO - Found credentials in shared credentials file: ~/.aws/credentials
2025-06-26 11:03:36 - INFO - Found credentials in shared credentials file: ~/.aws/credentials
2025-06-26 11:03:37 - INFO - Found credentials in shared credentials file: ~/.aws/credentials
2025-06-26 11:03:37 - INFO - Found credentials in shared credentials file: ~/.aws/credentials
2025-06-26 11:03:37 - INFO - Found credentials in shared credentials file: ~/.aws/credentials
2025-06-26 11:03:37 - INFO - Found credentials in shared credentials file: ~/.aws/credentials
2025-06-26 11:03:37 - INFO - Found credentials in shared credentials file: ~/.aws/credentials
2025-06-26 11:03:37 - INFO - Found credentials in shared credentials file: ~/.aws/credentials
2025-06-26 11:03:37 - INFO - Found credentials in shared credentials file: ~/.aws/credentials
2025-06-26 11:03:37 - INFO - Found credentials in shared credentials file: ~/.aws/credentials
2025-06-26 11:03:37 - INFO - Found credentials in shared credentials file: ~/.aws/credentials
2025-06-26 11:03:37 - INFO - Found credentials in shared credentials file: ~/.aws/credentials
2025-06-26 11:03:37 - INFO - Found credentials in shared credentials file: ~/.aws/credentials
2025-06-26 11:03:37 - INFO - Found credentials in shared credentials file: ~/.aws/credentials
2025-06-26 11:03:37 - INFO - Found credentials in shared credentials file: ~/.aws/credentials
2025-06-26 11:03:37 - INFO - Found credentials in shared credentials file: ~/.aws/credentials
2025-06-26 11:03:37 - INFO - Found credentials in shared credentials file: ~/.aws/credentials
2025-06-26 11:03:38 - INFO - Found credentials in shared credentials file: ~/.aws/credentials
2025-06-26 11:03:39 - INFO - Found credentials in shared credentials file: ~/.aws/credentials
2025-06-26 11:03:39 - INFO - Found credentials in shared credentials file: ~/.aws/credentials
2025-06-26 11:03:39 - INFO - Found credentials in shared credentials file: ~/.aws/credentials
2025-06-26 11:03:39 - INFO - Found credentials in shared credentials file: ~/.aws/credentials
2025-06-26 11:03:39 - INFO - Found credentials in shared credentials file: ~/.aws/credentials
2025-06-26 11:03:39 - INFO - Found credentials in shared credentials file: ~/.aws/credentials
2025-06-26 11:03:39 - INFO - Found credentials in shared credentials file: ~/.aws/credentials
2025-06-26 11:03:39 - INFO - Found credentials in shared credentials file: ~/.aws/credentials
2025-06-26 11:03:39 - INFO - Found credentials in shared credentials file: ~/.aws/credentials
2025-06-26 11:03:39 - INFO - Found credentials in shared credentials file: ~/.aws/credentials
2025-06-26 11:03:39 - INFO - Found credentials in shared credentials file: ~/.aws/credentials
2025-06-26 11:03:39 - INFO - Found credentials in shared credentials file: ~/.aws/credentials
2025-06-26 11:03:39 - INFO - Found credentials in shared credentials file: ~/.aws/credentials
2025-06-26 11:03:39 - INFO - Found credentials in shared credentials file: ~/.aws/credentials
2025-06-26 11:03:39 - INFO - Found credentials in shared credentials file: ~/.aws/credentials
2025-06-26 11:03:39 - INFO - Found credentials in shared credentials file: ~/.aws/credentials
2025-06-26 11:03:39 - INFO - Found credentials in shared credentials file: ~/.aws/credentials
2025-06-26 11:03:40 - INFO - Found credentials in shared credentials file: ~/.aws/credentials
2025-06-26 11:03:40 - INFO - Found credentials in shared credentials file: ~/.aws/credentials
2025-06-26 11:03:40 - INFO - Found credentials in shared credentials file: ~/.aws/credentials
2025-06-26 11:03:40 - INFO - Found credentials in shared credentials file: ~/.aws/credentials
2025-06-26 11:03:41 - INFO - Found credentials in shared credentials file: ~/.aws/credentials
2025-06-26 11:03:41 - INFO - Found credentials in shared credentials file: ~/.aws/credentials
2025-06-26 11:03:41 - INFO - Found credentials in shared credentials file: ~/.aws/credentials
2025-06-26 11:03:41 - INFO - Found credentials in shared credentials file: ~/.aws/credentials
2025-06-26 11:03:41 - INFO - Found credentials in shared credentials file: ~/.aws/credentials
2025-06-26 11:03:41 - INFO - Found credentials in shared credentials file: ~/.aws/credentials
2025-06-26 11:03:41 - INFO - Found credentials in shared credentials file: ~/.aws/credentials
2025-06-26 11:03:41 - INFO - Found credentials in shared credentials file: ~/.aws/credentials
2025-06-26 11:03:41 - INFO - Found credentials in shared credentials file: ~/.aws/credentials
2025-06-26 11:03:41 - INFO - Found credentials in shared credentials file: ~/.aws/credentials
2025-06-26 11:03:41 - INFO - Found credentials in shared credentials file: ~/.aws/credentials
2025-06-26 11:03:41 - INFO - Found credentials in shared credentials file: ~/.aws/credentials
2025-06-26 11:03:41 - INFO - Found credentials in shared credentials file: ~/.aws/credentials
2025-06-26 11:03:41 - INFO - Found credentials in shared credentials file: ~/.aws/credentials
2025-06-26 11:03:41 - INFO - Found credentials in shared credentials file: ~/.aws/credentials
2025-06-26 11:03:41 - INFO - Found credentials in shared credentials file: ~/.aws/credentials
2025-06-26 11:03:41 - INFO - Found credentials in shared credentials file: ~/.aws/credentials
2025-06-26 11:03:41 - INFO - Found credentials in shared credentials file: ~/.aws/credentials
2025-06-26 11:03:41 - INFO - Found credentials in shared credentials file: ~/.aws/credentials
2025-06-26 11:03:41 - INFO - Found credentials in shared credentials file: ~/.aws/credentials
2025-06-26 11:03:41 - INFO - Found credentials in shared credentials file: ~/.aws/credentials
2025-06-26 11:03:41 - INFO - Found credentials in shared credentials file: ~/.aws/credentials
2025-06-26 11:03:43 - INFO - Found credentials in shared credentials file: ~/.aws/credentials
2025-06-26 11:03:43 - INFO - Found credentials in shared credentials file: ~/.aws/credentials
2025-06-26 11:03:43 - INFO - Found credentials in shared credentials file: ~/.aws/credentials
2025-06-26 11:03:43 - INFO - Found credentials in shared credentials file: ~/.aws/credentials
2025-06-26 11:03:43 - INFO - Found credentials in shared credentials file: ~/.aws/credentials
2025-06-26 11:03:43 - INFO - Found credentials in shared credentials file: ~/.aws/credentials
2025-06-26 11:03:43 - INFO - Found credentials in shared credentials file: ~/.aws/credentials
2025-06-26 11:03:43 - INFO - Found credentials in shared credentials file: ~/.aws/credentials
2025-06-26 11:03:43 - INFO - Found credentials in shared credentials file: ~/.aws/credentials
2025-06-26 11:03:43 - INFO - Found credentials in shared credentials file: ~/.aws/credentials
2025-06-26 11:03:43 - INFO - Found credentials in shared credentials file: ~/.aws/credentials
2025-06-26 11:03:43 - INFO - Found credentials in shared credentials file: ~/.aws/credentials
2025-06-26 11:03:43 - INFO - Found credentials in shared credentials file: ~/.aws/credentials
2025-06-26 11:03:43 - INFO - Found credentials in shared credentials file: ~/.aws/credentials
2025-06-26 11:03:43 - INFO - Found credentials in shared credentials file: ~/.aws/credentials
2025-06-26 11:03:43 - INFO - Found credentials in shared credentials file: ~/.aws/credentials
2025-06-26 11:03:44 - INFO - Found credentials in shared credentials file: ~/.aws/credentials
2025-06-26 11:03:44 - INFO - Found credentials in shared credentials file: ~/.aws/credentials
2025-06-26 11:03:44 - INFO - Found credentials in shared credentials file: ~/.aws/credentials
2025-06-26 11:03:44 - INFO - Found credentials in shared credentials file: ~/.aws/credentials
2025-06-26 11:03:44 - INFO - Found credentials in shared credentials file: ~/.aws/credentials
2025-06-26 11:03:44 - INFO - Found credentials in shared credentials file: ~/.aws/credentials
2025-06-26 11:03:44 - INFO - Found credentials in shared credentials file: ~/.aws/credentials
2025-06-26 11:03:44 - INFO - Found credentials in shared credentials file: ~/.aws/credentials
2025-06-26 11:03:44 - INFO - Found credentials in shared credentials file: ~/.aws/credentials
2025-06-26 11:03:44 - INFO - Found credentials in shared credentials file: ~/.aws/credentials
2025-06-26 11:03:44 - INFO - Found credentials in shared credentials file: ~/.aws/credentials
2025-06-26 11:03:44 - INFO - Found credentials in shared credentials file: ~/.aws/credentials
2025-06-26 11:03:44 - INFO - Found credentials in shared credentials file: ~/.aws/credentials
2025-06-26 11:03:44 - INFO - Found credentials in shared credentials file: ~/.aws/credentials
2025-06-26 11:03:44 - INFO - Found credentials in shared credentials file: ~/.aws/credentials
2025-06-26 11:03:44 - INFO - Found credentials in shared credentials file: ~/.aws/credentials
2025-06-26 11:03:44 - INFO - Found credentials in shared credentials file: ~/.aws/credentials
2025-06-26 11:03:44 - INFO - Found credentials in shared credentials file: ~/.aws/credentials
2025-06-26 11:03:44 - INFO - Found credentials in shared credentials file: ~/.aws/credentials
2025-06-26 11:03:44 - INFO - Found credentials in shared credentials file: ~/.aws/credentials
2025-06-26 11:03:44 - INFO - Found credentials in shared credentials file: ~/.aws/credentials
2025-06-26 11:03:46 - INFO - Found credentials in shared credentials file: ~/.aws/credentials
2025-06-26 11:03:46 - INFO - Found credentials in shared credentials file: ~/.aws/credentials
2025-06-26 11:03:46 - INFO - Found credentials in shared credentials file: ~/.aws/credentials
2025-06-26 11:03:46 - INFO - Found credentials in shared credentials file: ~/.aws/credentials
2025-06-26 11:03:46 - INFO - Found credentials in shared credentials file: ~/.aws/credentials
2025-06-26 11:03:46 - INFO - Found credentials in shared credentials file: ~/.aws/credentials
2025-06-26 11:03:46 - INFO - Found credentials in shared credentials file: ~/.aws/credentials
2025-06-26 11:03:46 - INFO - Found credentials in shared credentials file: ~/.aws/credentials
2025-06-26 11:03:46 - INFO - Found credentials in shared credentials file: ~/.aws/credentials
2025-06-26 11:03:46 - INFO - Found credentials in shared credentials file: ~/.aws/credentials
2025-06-26 11:03:46 - INFO - Found credentials in shared credentials file: ~/.aws/credentials
2025-06-26 11:03:47 - INFO - Found credentials in shared credentials file: ~/.aws/credentials
2025-06-26 11:03:47 - INFO - Found credentials in shared credentials file: ~/.aws/credentials
2025-06-26 11:03:47 - INFO - Found credentials in shared credentials file: ~/.aws/credentials
2025-06-26 11:03:47 - INFO - Found credentials in shared credentials file: ~/.aws/credentials
2025-06-26 11:03:47 - INFO - Found credentials in shared credentials file: ~/.aws/credentials
2025-06-26 11:03:47 - INFO - Found credentials in shared credentials file: ~/.aws/credentials
2025-06-26 11:03:47 - INFO - Found credentials in shared credentials file: ~/.aws/credentials
2025-06-26 11:03:47 - INFO - Found credentials in shared credentials file: ~/.aws/credentials
2025-06-26 11:03:47 - INFO - Found credentials in shared credentials file: ~/.aws/credentials
2025-06-26 11:03:47 - INFO - Found credentials in shared credentials file: ~/.aws/credentials
2025-06-26 11:03:47 - INFO - Found credentials in shared credentials file: ~/.aws/credentials
2025-06-26 11:03:47 - INFO - Found credentials in shared credentials file: ~/.aws/credentials
2025-06-26 11:03:47 - INFO - Found credentials in shared credentials file: ~/.aws/credentials
2025-06-26 11:03:47 - INFO - Found credentials in shared credentials file: ~/.aws/credentials
2025-06-26 11:03:47 - INFO - Found credentials in shared credentials file: ~/.aws/credentials
2025-06-26 11:03:47 - INFO - Found credentials in shared credentials file: ~/.aws/credentials
2025-06-26 11:03:47 - INFO - Found credentials in shared credentials file: ~/.aws/credentials
2025-06-26 11:03:47 - INFO - Found credentials in shared credentials file: ~/.aws/credentials
2025-06-26 11:03:48 - INFO - Found credentials in shared credentials file: ~/.aws/credentials
2025-06-26 11:03:48 - INFO - Found credentials in shared credentials file: ~/.aws/credentials
2025-06-26 11:03:48 - INFO - Found credentials in shared credentials file: ~/.aws/credentials
2025-06-26 11:03:48 - INFO - Found credentials in shared credentials file: ~/.aws/credentials
2025-06-26 11:03:48 - INFO - Found credentials in shared credentials file: ~/.aws/credentials
2025-06-26 11:03:48 - INFO - Found credentials in shared credentials file: ~/.aws/credentials
2025-06-26 11:03:48 - INFO - Found credentials in shared credentials file: ~/.aws/credentials
2025-06-26 11:03:48 - INFO - Found credentials in shared credentials file: ~/.aws/credentials
2025-06-26 11:03:48 - INFO - Found credentials in shared credentials file: ~/.aws/credentials
2025-06-26 11:03:48 - INFO - Found credentials in shared credentials file: ~/.aws/credentials
2025-06-26 11:03:48 - INFO - Found credentials in shared credentials file: ~/.aws/credentials
2025-06-26 11:03:48 - INFO - Found credentials in shared credentials file: ~/.aws/credentials
2025-06-26 11:03:48 - INFO - Found credentials in shared credentials file: ~/.aws/credentials
2025-06-26 11:03:50 - INFO - Found credentials in shared credentials file: ~/.aws/credentials
2025-06-26 11:03:50 - INFO - Found credentials in shared credentials file: ~/.aws/credentials
2025-06-26 11:03:50 - INFO - Found credentials in shared credentials file: ~/.aws/credentials
2025-06-26 11:03:50 - INFO - Found credentials in shared credentials file: ~/.aws/credentials
2025-06-26 11:03:50 - INFO - Found credentials in shared credentials file: ~/.aws/credentials
2025-06-26 11:03:50 - INFO - Found credentials in shared credentials file: ~/.aws/credentials
2025-06-26 11:03:50 - INFO - Found credentials in shared credentials file: ~/.aws/credentials
2025-06-26 11:03:50 - INFO - Found credentials in shared credentials file: ~/.aws/credentials
2025-06-26 11:03:51 - INFO - Found credentials in shared credentials file: ~/.aws/credentials
2025-06-26 11:03:51 - INFO - Found credentials in shared credentials file: ~/.aws/credentials
2025-06-26 11:03:51 - INFO - Found credentials in shared credentials file: ~/.aws/credentials
2025-06-26 11:03:51 - INFO - Found credentials in shared credentials file: ~/.aws/credentials
2025-06-26 11:03:51 - INFO - Found credentials in shared credentials file: ~/.aws/credentials
2025-06-26 11:03:51 - INFO - Found credentials in shared credentials file: ~/.aws/credentials
2025-06-26 11:03:51 - INFO - Found credentials in shared credentials file: ~/.aws/credentials
2025-06-26 11:03:51 - INFO - Found credentials in shared credentials file: ~/.aws/credentials
2025-06-26 11:03:51 - INFO - Found credentials in shared credentials file: ~/.aws/credentials
2025-06-26 11:03:51 - INFO - Found credentials in shared credentials file: ~/.aws/credentials
2025-06-26 11:03:51 - INFO - Found credentials in shared credentials file: ~/.aws/credentials
2025-06-26 11:03:51 - INFO - Found credentials in shared credentials file: ~/.aws/credentials
2025-06-26 11:03:51 - INFO - Found credentials in shared credentials file: ~/.aws/credentials
2025-06-26 11:03:51 - INFO - Found credentials in shared credentials file: ~/.aws/credentials
2025-06-26 11:03:51 - INFO - Found credentials in shared credentials file: ~/.aws/credentials
2025-06-26 11:03:51 - INFO - Found credentials in shared credentials file: ~/.aws/credentials
2025-06-26 11:03:51 - INFO - Found credentials in shared credentials file: ~/.aws/credentials
2025-06-26 11:03:51 - INFO - Found credentials in shared credentials file: ~/.aws/credentials
2025-06-26 11:03:51 - INFO - Found credentials in shared credentials file: ~/.aws/credentials
2025-06-26 11:03:51 - INFO - Found credentials in shared credentials file: ~/.aws/credentials
2025-06-26 11:03:51 - INFO - Found credentials in shared credentials file: ~/.aws/credentials
2025-06-26 11:03:51 - INFO - Found credentials in shared credentials file: ~/.aws/credentials
2025-06-26 11:03:52 - INFO - Found credentials in shared credentials file: ~/.aws/credentials
2025-06-26 11:03:52 - INFO - Found credentials in shared credentials file: ~/.aws/credentials
2025-06-26 11:03:52 - INFO - Found credentials in shared credentials file: ~/.aws/credentials
2025-06-26 11:03:52 - INFO - Found credentials in shared credentials file: ~/.aws/credentials
2025-06-26 11:03:52 - INFO - Found credentials in shared credentials file: ~/.aws/credentials
2025-06-26 11:03:52 - INFO - Found credentials in shared credentials file: ~/.aws/credentials
2025-06-26 11:03:52 - INFO - Found credentials in shared credentials file: ~/.aws/credentials
2025-06-26 11:03:52 - INFO - Found credentials in shared credentials file: ~/.aws/credentials
2025-06-26 11:03:52 - INFO - Found credentials in shared credentials file: ~/.aws/credentials
2025-06-26 11:03:52 - INFO - Found credentials in shared credentials file: ~/.aws/credentials
2025-06-26 11:03:52 - INFO - Found credentials in shared credentials file: ~/.aws/credentials
2025-06-26 11:03:52 - INFO - Found credentials in shared credentials file: ~/.aws/credentials
2025-06-26 11:03:52 - INFO - Found credentials in shared credentials file: ~/.aws/credentials
2025-06-26 11:03:52 - INFO - Found credentials in shared credentials file: ~/.aws/credentials
2025-06-26 11:03:52 - INFO - Found credentials in shared credentials file: ~/.aws/credentials
2025-06-26 11:03:52 - INFO - Found credentials in shared credentials file: ~/.aws/credentials
2025-06-26 11:03:52 - INFO - Found credentials in shared credentials file: ~/.aws/credentials
2025-06-26 11:03:52 - INFO - Found credentials in shared credentials file: ~/.aws/credentials
2025-06-26 11:03:52 - INFO - Found credentials in shared credentials file: ~/.aws/credentials
2025-06-26 11:03:52 - INFO - Found credentials in shared credentials file: ~/.aws/credentials
2025-06-26 11:03:52 - INFO - Found credentials in shared credentials file: ~/.aws/credentials
2025-06-26 11:03:52 - INFO - Found credentials in shared credentials file: ~/.aws/credentials
2025-06-26 11:03:52 - INFO - Found credentials in shared credentials file: ~/.aws/credentials
2025-06-26 11:03:52 - INFO - Found credentials in shared credentials file: ~/.aws/credentials
2025-06-26 11:03:52 - INFO - Found credentials in shared credentials file: ~/.aws/credentials
2025-06-26 11:03:52 - INFO - Found credentials in shared credentials file: ~/.aws/credentials
2025-06-26 11:03:53 - INFO - Found credentials in shared credentials file: ~/.aws/credentials
2025-06-26 11:03:53 - INFO - Found credentials in shared credentials file: ~/.aws/credentials
2025-06-26 11:03:53 - INFO - Found credentials in shared credentials file: ~/.aws/credentials
2025-06-26 11:03:53 - INFO - Found credentials in shared credentials file: ~/.aws/credentials
2025-06-26 11:03:53 - INFO - Found credentials in shared credentials file: ~/.aws/credentials
2025-06-26 11:03:53 - INFO - Found credentials in shared credentials file: ~/.aws/credentials
2025-06-26 11:03:53 - INFO - Found credentials in shared credentials file: ~/.aws/credentials
2025-06-26 11:03:56 - INFO - Found credentials in shared credentials file: ~/.aws/credentials
2025-06-26 11:03:56 - INFO - Found credentials in shared credentials file: ~/.aws/credentials
2025-06-26 11:03:56 - INFO - Found credentials in shared credentials file: ~/.aws/credentials
2025-06-26 11:03:56 - INFO - Found credentials in shared credentials file: ~/.aws/credentials
2025-06-26 11:03:56 - INFO - Found credentials in shared credentials file: ~/.aws/credentials
2025-06-26 11:03:56 - INFO - Found credentials in shared credentials file: ~/.aws/credentials
2025-06-26 11:03:56 - INFO - Found credentials in shared credentials file: ~/.aws/credentials
2025-06-26 11:03:56 - INFO - Found credentials in shared credentials file: ~/.aws/credentials
2025-06-26 11:03:56 - INFO - Found credentials in shared credentials file: ~/.aws/credentials
2025-06-26 11:03:56 - INFO - Found credentials in shared credentials file: ~/.aws/credentials
2025-06-26 11:03:56 - INFO - Found credentials in shared credentials file: ~/.aws/credentials
2025-06-26 11:03:56 - INFO - Found credentials in shared credentials file: ~/.aws/credentials
2025-06-26 11:03:56 - INFO - Found credentials in shared credentials file: ~/.aws/credentials
2025-06-26 11:03:56 - INFO - Found credentials in shared credentials file: ~/.aws/credentials
2025-06-26 11:03:56 - INFO - Found credentials in shared credentials file: ~/.aws/credentials
2025-06-26 11:03:56 - INFO - Found credentials in shared credentials file: ~/.aws/credentials
2025-06-26 11:03:56 - INFO - Found credentials in shared credentials file: ~/.aws/credentials
2025-06-26 11:03:56 - INFO - Found credentials in shared credentials file: ~/.aws/credentials
2025-06-26 11:03:56 - INFO - Found credentials in shared credentials file: ~/.aws/credentials
2025-06-26 11:03:56 - INFO - Found credentials in shared credentials file: ~/.aws/credentials
2025-06-26 11:03:56 - INFO - Found credentials in shared credentials file: ~/.aws/credentials
2025-06-26 11:03:56 - INFO - Found credentials in shared credentials file: ~/.aws/credentials
2025-06-26 11:04:49 - INFO - Updating file: results/results_lucas_us-east-1_300.csv
2025-06-26 11:04:50 - INFO - Updating file: results/results_lucas_us-east-1_300.csv
2025-06-26 11:04:50 - INFO - Updating file: results/results_lucas_us-east-1_300.csv
2025-06-26 11:04:50 - INFO - Updating file: results/results_lucas_us-east-1_300.csv
2025-06-26 11:04:50 - INFO - Updating file: results/results_lucas_us-east-1_300.csv
2025-06-26 11:04:50 - INFO - Updating file: results/results_lucas_us-east-1_300.csv
2025-06-26 11:04:51 - INFO - Updating file: results/results_lucas_us-east-1_300.csv
2025-06-26 11:04:51 - INFO - Updating file: results/results_lucas_us-east-1_300.csv
2025-06-26 11:04:51 - INFO - Updating file: results/results_lucas_us-east-1_300.csv
2025-06-26 11:04:51 - INFO - Updating file: results/results_lucas_us-east-1_300.csv
2025-06-26 11:04:51 - INFO - Updating file: results/results_lucas_us-east-1_300.csv
2025-06-26 11:04:51 - INFO - Updating file: results/results_lucas_us-east-1_300.csv
2025-06-26 11:04:52 - INFO - Updating file: results/results_lucas_us-east-1_300.csv
2025-06-26 11:04:52 - INFO - Updating file: results/results_lucas_us-east-1_300.csv
2025-06-26 11:04:52 - INFO - Updating file: results/results_lucas_us-east-1_300.csv
2025-06-26 11:04:52 - INFO - Updating file: results/results_lucas_us-east-1_300.csv
2025-06-26 11:04:52 - INFO - Updating file: results/results_lucas_us-east-1_300.csv
2025-06-26 11:04:52 - INFO - Updating file: results/results_lucas_us-east-1_300.csv
2025-06-26 11:05:01 - INFO - Updating file: results/results_lucas_us-east-1_300.csv
2025-06-26 11:05:02 - INFO - Updating file: results/results_lucas_us-east-1_300.csv
2025-06-26 11:05:02 - INFO - Updating file: results/results_lucas_us-east-1_300.csv
2025-06-26 11:05:02 - INFO - Updating file: results/results_lucas_us-east-1_300.csv
2025-06-26 11:05:02 - INFO - Updating file: results/results_lucas_us-east-1_300.csv
2025-06-26 11:05:02 - INFO - Updating file: results/results_lucas_us-east-1_300.csv
2025-06-26 11:05:02 - INFO - Updating file: results/results_lucas_us-east-1_300.csv
2025-06-26 11:05:02 - INFO - Updating file: results/results_lucas_us-east-1_300.csv
2025-06-26 11:05:02 - INFO - Updating file: results/results_lucas_us-east-1_300.csv
2025-06-26 11:05:03 - INFO - Updating file: results/results_lucas_us-east-1_300.csv
2025-06-26 11:05:03 - INFO - Updating file: results/results_lucas_us-east-1_300.csv
2025-06-26 11:05:03 - INFO - Updating file: results/results_lucas_us-east-1_300.csv
2025-06-26 11:05:03 - INFO - Updating file: results/results_lucas_us-east-1_300.csv
2025-06-26 11:05:03 - INFO - Updating file: results/results_lucas_us-east-1_300.csv
2025-06-26 11:05:03 - INFO - Updating file: results/results_lucas_us-east-1_300.csv
2025-06-26 11:05:03 - INFO - Updating file: results/results_lucas_us-east-1_300.csv
2025-06-26 11:05:03 - INFO - Updating file: results/results_lucas_us-east-1_300.csv
2025-06-26 11:05:03 - INFO - Updating file: results/results_lucas_us-east-1_300.csv
2025-06-26 11:05:03 - INFO - Updating file: results/results_lucas_us-east-1_300.csv
2025-06-26 11:05:03 - INFO - Updating file: results/results_lucas_us-east-1_300.csv
2025-06-26 11:05:03 - INFO - Updating file: results/results_lucas_us-east-1_300.csv
2025-06-26 11:05:04 - INFO - Updating file: results/results_lucas_us-east-1_300.csv
2025-06-26 11:05:04 - INFO - Updating file: results/results_lucas_us-east-1_300.csv
2025-06-26 11:05:04 - INFO - Updating file: results/results_lucas_us-east-1_300.csv
2025-06-26 11:05:04 - INFO - Updating file: results/results_lucas_us-east-1_300.csv
2025-06-26 11:05:04 - INFO - Updating file: results/results_lucas_us-east-1_300.csv
2025-06-26 11:05:04 - INFO - Updating file: results/results_lucas_us-east-1_300.csv
2025-06-26 11:05:04 - INFO - Updating file: results/results_lucas_us-east-1_300.csv
2025-06-26 11:05:04 - INFO - Updating file: results/results_lucas_us-east-1_300.csv
2025-06-26 11:05:04 - INFO - Updating file: results/results_lucas_us-east-1_300.csv
2025-06-26 11:05:04 - INFO - Updating file: results/results_lucas_us-east-1_300.csv
2025-06-26 11:05:04 - INFO - Updating file: results/results_lucas_us-east-1_300.csv
2025-06-26 11:05:04 - INFO - Updating file: results/results_lucas_us-east-1_300.csv
2025-06-26 11:05:05 - INFO - Updating file: results/results_lucas_us-east-1_300.csv
2025-06-26 11:05:05 - INFO - Updating file: results/results_lucas_us-east-1_300.csv
2025-06-26 11:05:05 - INFO - Updating file: results/results_lucas_us-east-1_300.csv
2025-06-26 11:05:05 - INFO - Updating file: results/results_lucas_us-east-1_300.csv
2025-06-26 11:05:05 - INFO - Updating file: results/results_lucas_us-east-1_300.csv
2025-06-26 11:05:05 - INFO - Updating file: results/results_lucas_us-east-1_300.csv
2025-06-26 11:05:05 - INFO - Updating file: results/results_lucas_us-east-1_300.csv
2025-06-26 11:05:05 - INFO - Updating file: results/results_lucas_us-east-1_300.csv
2025-06-26 11:05:05 - INFO - Updating file: results/results_lucas_us-east-1_300.csv
2025-06-26 11:05:05 - INFO - Updating file: results/results_lucas_us-east-1_300.csv
2025-06-26 11:05:05 - INFO - Updating file: results/results_lucas_us-east-1_300.csv
2025-06-26 11:05:05 - INFO - Updating file: results/results_lucas_us-east-1_300.csv
2025-06-26 11:05:05 - INFO - Updating file: results/results_lucas_us-east-1_300.csv
2025-06-26 11:05:05 - INFO - Updating file: results/results_lucas_us-east-1_300.csv
2025-06-26 11:05:05 - INFO - Updating file: results/results_lucas_us-east-1_300.csv
2025-06-26 11:05:05 - INFO - Updating file: results/results_lucas_us-east-1_300.csv
2025-06-26 11:05:05 - INFO - Updating file: results/results_lucas_us-east-1_300.csv
2025-06-26 11:05:05 - INFO - Updating file: results/results_lucas_us-east-1_300.csv
2025-06-26 11:05:05 - INFO - Updating file: results/results_lucas_us-east-1_300.csv
2025-06-26 11:05:05 - INFO - Updating file: results/results_lucas_us-east-1_300.csv
2025-06-26 11:05:05 - INFO - Updating file: results/results_lucas_us-east-1_300.csv
2025-06-26 11:05:05 - INFO - Updating file: results/results_lucas_us-east-1_300.csv
2025-06-26 11:05:05 - INFO - Updating file: results/results_lucas_us-east-1_300.csv
2025-06-26 11:05:05 - INFO - Updating file: results/results_lucas_us-east-1_300.csv
2025-06-26 11:05:05 - INFO - Updating file: results/results_lucas_us-east-1_300.csv
2025-06-26 11:05:05 - INFO - Updating file: results/results_lucas_us-east-1_300.csv
2025-06-26 11:05:05 - INFO - Updating file: results/results_lucas_us-east-1_300.csv
2025-06-26 11:05:05 - INFO - Updating file: results/results_lucas_us-east-1_300.csv
2025-06-26 11:05:05 - INFO - Updating file: results/results_lucas_us-east-1_300.csv
2025-06-26 11:05:05 - INFO - Updating file: results/results_lucas_us-east-1_300.csv
2025-06-26 11:05:05 - INFO - Updating file: results/results_lucas_us-east-1_300.csv
2025-06-26 11:05:05 - INFO - Updating file: results/results_lucas_us-east-1_300.csv
2025-06-26 11:05:05 - INFO - Updating file: results/results_lucas_us-east-1_300.csv
2025-06-26 11:05:05 - INFO - Updating file: results/results_lucas_us-east-1_300.csv
2025-06-26 11:05:05 - INFO - Updating file: results/results_lucas_us-east-1_300.csv
2025-06-26 11:05:06 - INFO - Updating file: results/results_lucas_us-east-1_300.csv
2025-06-26 11:05:06 - INFO - Updating file: results/results_lucas_us-east-1_300.csv
2025-06-26 11:05:06 - INFO - Updating file: results/results_lucas_us-east-1_300.csv
2025-06-26 11:05:06 - INFO - Updating file: results/results_lucas_us-east-1_300.csv
2025-06-26 11:05:06 - INFO - Updating file: results/results_lucas_us-east-1_300.csv
2025-06-26 11:05:06 - INFO - Updating file: results/results_lucas_us-east-1_300.csv
2025-06-26 11:05:06 - INFO - Updating file: results/results_lucas_us-east-1_300.csv
2025-06-26 11:05:06 - INFO - Updating file: results/results_lucas_us-east-1_300.csv
2025-06-26 11:05:06 - INFO - Updating file: results/results_lucas_us-east-1_300.csv
2025-06-26 11:05:06 - INFO - Updating file: results/results_lucas_us-east-1_300.csv
2025-06-26 11:05:06 - INFO - Updating file: results/results_lucas_us-east-1_300.csv
2025-06-26 11:05:06 - INFO - Updating file: results/results_lucas_us-east-1_300.csv
2025-06-26 11:05:06 - INFO - Updating file: results/results_lucas_us-east-1_300.csv
2025-06-26 11:05:06 - INFO - Updating file: results/results_lucas_us-east-1_300.csv
2025-06-26 11:05:06 - INFO - Updating file: results/results_lucas_us-east-1_300.csv
2025-06-26 11:05:06 - INFO - Updating file: results/results_lucas_us-east-1_300.csv
2025-06-26 11:05:06 - INFO - Updating file: results/results_lucas_us-east-1_300.csv
2025-06-26 11:05:06 - INFO - Updating file: results/results_lucas_us-east-1_300.csv
2025-06-26 11:05:06 - INFO - Updating file: results/results_lucas_us-east-1_300.csv
2025-06-26 11:05:06 - INFO - Updating file: results/results_lucas_us-east-1_300.csv
2025-06-26 11:05:06 - INFO - Updating file: results/results_lucas_us-east-1_300.csv
2025-06-26 11:05:06 - INFO - Updating file: results/results_lucas_us-east-1_300.csv
2025-06-26 11:05:06 - INFO - Updating file: results/results_lucas_us-east-1_300.csv
2025-06-26 11:05:06 - INFO - Updating file: results/results_lucas_us-east-1_300.csv
2025-06-26 11:05:06 - INFO - Updating file: results/results_lucas_us-east-1_300.csv
2025-06-26 11:05:06 - INFO - Updating file: results/results_lucas_us-east-1_300.csv
2025-06-26 11:05:06 - INFO - Updating file: results/results_lucas_us-east-1_300.csv
2025-06-26 11:05:06 - INFO - Updating file: results/results_lucas_us-east-1_300.csv
2025-06-26 11:05:06 - INFO - Updating file: results/results_lucas_us-east-1_300.csv
2025-06-26 11:05:06 - INFO - Updating file: results/results_lucas_us-east-1_300.csv
2025-06-26 11:05:06 - INFO - Updating file: results/results_lucas_us-east-1_300.csv
2025-06-26 11:05:06 - INFO - Updating file: results/results_lucas_us-east-1_300.csv
2025-06-26 11:05:06 - INFO - Updating file: results/results_lucas_us-east-1_300.csv
2025-06-26 11:05:06 - INFO - Updating file: results/results_lucas_us-east-1_300.csv
2025-06-26 11:05:06 - INFO - Updating file: results/results_lucas_us-east-1_300.csv
2025-06-26 11:05:06 - INFO - Updating file: results/results_lucas_us-east-1_300.csv
2025-06-26 11:05:06 - INFO - Updating file: results/results_lucas_us-east-1_300.csv
2025-06-26 11:05:06 - INFO - Updating file: results/results_lucas_us-east-1_300.csv
2025-06-26 11:05:06 - INFO - Updating file: results/results_lucas_us-east-1_300.csv
2025-06-26 11:05:06 - INFO - Updating file: results/results_lucas_us-east-1_300.csv
2025-06-26 11:05:06 - INFO - Updating file: results/results_lucas_us-east-1_300.csv
2025-06-26 11:05:06 - INFO - Updating file: results/results_lucas_us-east-1_300.csv
2025-06-26 11:05:06 - INFO - Updating file: results/results_lucas_us-east-1_300.csv
2025-06-26 11:05:06 - INFO - Updating file: results/results_lucas_us-east-1_300.csv
2025-06-26 11:05:06 - INFO - Updating file: results/results_lucas_us-east-1_300.csv
2025-06-26 11:05:06 - INFO - Updating file: results/results_lucas_us-east-1_300.csv
2025-06-26 11:05:06 - INFO - Updating file: results/results_lucas_us-east-1_300.csv
2025-06-26 11:05:06 - INFO - Updating file: results/results_lucas_us-east-1_300.csv
2025-06-26 11:05:06 - INFO - Updating file: results/results_lucas_us-east-1_300.csv
2025-06-26 11:05:06 - INFO - Updating file: results/results_lucas_us-east-1_300.csv
2025-06-26 11:05:06 - INFO - Updating file: results/results_lucas_us-east-1_300.csv
2025-06-26 11:05:06 - INFO - Updating file: results/results_lucas_us-east-1_300.csv
2025-06-26 11:05:06 - INFO - Updating file: results/results_lucas_us-east-1_300.csv
2025-06-26 11:05:06 - INFO - Updating file: results/results_lucas_us-east-1_300.csv
2025-06-26 11:05:06 - INFO - Updating file: results/results_lucas_us-east-1_300.csv
2025-06-26 11:05:06 - INFO - Updating file: results/results_lucas_us-east-1_300.csv
2025-06-26 11:05:06 - INFO - Updating file: results/results_lucas_us-east-1_300.csv
2025-06-26 11:05:06 - INFO - Updating file: results/results_lucas_us-east-1_300.csv
2025-06-26 11:05:06 - INFO - Updating file: results/results_lucas_us-east-1_300.csv
2025-06-26 11:05:06 - INFO - Updating file: results/results_lucas_us-east-1_300.csv
2025-06-26 11:05:06 - INFO - Updating file: results/results_lucas_us-east-1_300.csv
2025-06-26 11:05:06 - INFO - Updating file: results/results_lucas_us-east-1_300.csv
2025-06-26 11:05:06 - INFO - Updating file: results/results_lucas_us-east-1_300.csv
2025-06-26 11:05:06 - INFO - Updating file: results/results_lucas_us-east-1_300.csv
2025-06-26 11:05:06 - INFO - Updating file: results/results_lucas_us-east-1_300.csv
2025-06-26 11:05:06 - INFO - Updating file: results/results_lucas_us-east-1_300.csv
2025-06-26 11:05:06 - INFO - Updating file: results/results_lucas_us-east-1_300.csv
2025-06-26 11:05:06 - INFO - Updating file: results/results_lucas_us-east-1_300.csv
2025-06-26 11:05:06 - INFO - Updating file: results/results_lucas_us-east-1_300.csv
2025-06-26 11:05:06 - INFO - Updating file: results/results_lucas_us-east-1_300.csv
2025-06-26 11:05:06 - INFO - Updating file: results/results_lucas_us-east-1_300.csv
2025-06-26 11:05:07 - INFO - Updating file: results/results_lucas_us-east-1_300.csv
2025-06-26 11:05:07 - INFO - Updating file: results/results_lucas_us-east-1_300.csv
2025-06-26 11:05:07 - INFO - Updating file: results/results_lucas_us-east-1_300.csv
2025-06-26 11:05:07 - INFO - Updating file: results/results_lucas_us-east-1_300.csv
2025-06-26 11:05:07 - INFO - Updating file: results/results_lucas_us-east-1_300.csv
2025-06-26 11:05:07 - INFO - Updating file: results/results_lucas_us-east-1_300.csv
2025-06-26 11:05:07 - INFO - Updating file: results/results_lucas_us-east-1_300.csv
2025-06-26 11:05:07 - INFO - Updating file: results/results_lucas_us-east-1_300.csv
2025-06-26 11:05:07 - INFO - Updating file: results/results_lucas_us-east-1_300.csv
2025-06-26 11:05:07 - INFO - Updating file: results/results_lucas_us-east-1_300.csv
2025-06-26 11:05:07 - INFO - Updating file: results/results_lucas_us-east-1_300.csv
2025-06-26 11:05:07 - INFO - Updating file: results/results_lucas_us-east-1_300.csv
2025-06-26 11:05:07 - INFO - Updating file: results/results_lucas_us-east-1_300.csv
2025-06-26 11:05:07 - INFO - Updating file: results/results_lucas_us-east-1_300.csv
2025-06-26 11:05:07 - INFO - Updating file: results/results_lucas_us-east-1_300.csv
2025-06-26 11:05:07 - INFO - Updating file: results/results_lucas_us-east-1_300.csv
2025-06-26 11:05:07 - INFO - Updating file: results/results_lucas_us-east-1_300.csv
2025-06-26 11:05:07 - INFO - Updating file: results/results_lucas_us-east-1_300.csv
2025-06-26 11:05:07 - INFO - Updating file: results/results_lucas_us-east-1_300.csv
2025-06-26 11:05:07 - INFO - Updating file: results/results_lucas_us-east-1_300.csv
2025-06-26 11:05:07 - INFO - Updating file: results/results_lucas_us-east-1_300.csv
2025-06-26 11:05:07 - INFO - Updating file: results/results_lucas_us-east-1_300.csv
2025-06-26 11:05:07 - INFO - Updating file: results/results_lucas_us-east-1_300.csv
2025-06-26 11:05:07 - INFO - Updating file: results/results_lucas_us-east-1_300.csv
2025-06-26 11:05:07 - INFO - Updating file: results/results_lucas_us-east-1_300.csv
2025-06-26 11:05:07 - INFO - Updating file: results/results_lucas_us-east-1_300.csv
2025-06-26 11:05:07 - INFO - Updating file: results/results_lucas_us-east-1_300.csv
2025-06-26 11:05:07 - INFO - Updating file: results/results_lucas_us-east-1_300.csv
2025-06-26 11:05:07 - INFO - Updating file: results/results_lucas_us-east-1_300.csv
2025-06-26 11:05:07 - INFO - Updating file: results/results_lucas_us-east-1_300.csv
2025-06-26 11:05:07 - INFO - Updating file: results/results_lucas_us-east-1_300.csv
2025-06-26 11:05:07 - INFO - Updating file: results/results_lucas_us-east-1_300.csv
2025-06-26 11:05:07 - INFO - Updating file: results/results_lucas_us-east-1_300.csv
2025-06-26 11:05:07 - INFO - Updating file: results/results_lucas_us-east-1_300.csv
2025-06-26 11:05:07 - INFO - Updating file: results/results_lucas_us-east-1_300.csv
2025-06-26 11:05:07 - INFO - Updating file: results/results_lucas_us-east-1_300.csv
2025-06-26 11:05:07 - INFO - Updating file: results/results_lucas_us-east-1_300.csv
2025-06-26 11:05:07 - INFO - Updating file: results/results_lucas_us-east-1_300.csv
2025-06-26 11:05:07 - INFO - Updating file: results/results_lucas_us-east-1_300.csv
2025-06-26 11:05:07 - INFO - Updating file: results/results_lucas_us-east-1_300.csv
2025-06-26 11:05:07 - INFO - Updating file: results/results_lucas_us-east-1_300.csv
2025-06-26 11:05:07 - INFO - Updating file: results/results_lucas_us-east-1_300.csv
2025-06-26 11:05:07 - INFO - Updating file: results/results_lucas_us-east-1_300.csv
2025-06-26 11:05:07 - INFO - Updating file: results/results_lucas_us-east-1_300.csv
2025-06-26 11:05:07 - INFO - Updating file: results/results_lucas_us-east-1_300.csv
2025-06-26 11:05:07 - INFO - Updating file: results/results_lucas_us-east-1_300.csv
2025-06-26 11:05:07 - INFO - Updating file: results/results_lucas_us-east-1_300.csv
2025-06-26 11:05:07 - INFO - Updating file: results/results_lucas_us-east-1_300.csv
2025-06-26 11:05:07 - INFO - Updating file: results/results_lucas_us-east-1_300.csv
2025-06-26 11:05:07 - INFO - Updating file: results/results_lucas_us-east-1_300.csv
2025-06-26 11:05:07 - INFO - Updating file: results/results_lucas_us-east-1_300.csv
2025-06-26 11:05:07 - INFO - Updating file: results/results_lucas_us-east-1_300.csv
2025-06-26 11:05:07 - INFO - Updating file: results/results_lucas_us-east-1_300.csv
2025-06-26 11:05:07 - INFO - Updating file: results/results_lucas_us-east-1_300.csv
2025-06-26 11:05:07 - INFO - Updating file: results/results_lucas_us-east-1_300.csv
2025-06-26 11:05:07 - INFO - Updating file: results/results_lucas_us-east-1_300.csv
2025-06-26 11:05:07 - INFO - Updating file: results/results_lucas_us-east-1_300.csv
2025-06-26 11:05:07 - INFO - Updating file: results/results_lucas_us-east-1_300.csv
2025-06-26 11:05:07 - INFO - Updating file: results/results_lucas_us-east-1_300.csv
2025-06-26 11:05:07 - INFO - Updating file: results/results_lucas_us-east-1_300.csv
2025-06-26 11:05:07 - INFO - Updating file: results/results_lucas_us-east-1_300.csv
2025-06-26 11:05:07 - INFO - Updating file: results/results_lucas_us-east-1_300.csv
2025-06-26 11:05:07 - INFO - Updating file: results/results_lucas_us-east-1_300.csv
2025-06-26 11:05:07 - INFO - Updating file: results/results_lucas_us-east-1_300.csv
2025-06-26 11:05:07 - INFO - Updating file: results/results_lucas_us-east-1_300.csv
2025-06-26 11:05:07 - INFO - Updating file: results/results_lucas_us-east-1_300.csv
2025-06-26 11:05:07 - INFO - Updating file: results/results_lucas_us-east-1_300.csv
2025-06-26 11:05:07 - INFO - Updating file: results/results_lucas_us-east-1_300.csv
2025-06-26 11:05:07 - INFO - Updating file: results/results_lucas_us-east-1_300.csv
2025-06-26 11:05:08 - INFO - Updating file: results/results_lucas_us-east-1_300.csv
2025-06-26 11:05:08 - INFO - Updating file: results/results_lucas_us-east-1_300.csv
2025-06-26 11:05:08 - INFO - Updating file: results/results_lucas_us-east-1_300.csv
2025-06-26 11:05:08 - INFO - Updating file: results/results_lucas_us-east-1_300.csv
2025-06-26 11:05:08 - INFO - Updating file: results/results_lucas_us-east-1_300.csv
2025-06-26 11:05:08 - INFO - Updating file: results/results_lucas_us-east-1_300.csv
2025-06-26 11:05:08 - INFO - Updating file: results/results_lucas_us-east-1_300.csv
2025-06-26 11:05:08 - INFO - Updating file: results/results_lucas_us-east-1_300.csv
2025-06-26 11:05:08 - INFO - Updating file: results/results_lucas_us-east-1_300.csv
2025-06-26 11:05:08 - INFO - Updating file: results/results_lucas_us-east-1_300.csv
2025-06-26 11:05:08 - INFO - Updating file: results/results_lucas_us-east-1_300.csv
2025-06-26 11:05:08 - INFO - Updating file: results/results_lucas_us-east-1_300.csv
2025-06-26 11:05:08 - INFO - Updating file: results/results_lucas_us-east-1_300.csv
2025-06-26 11:05:08 - INFO - Updating file: results/results_lucas_us-east-1_300.csv
2025-06-26 11:05:08 - INFO - Updating file: results/results_lucas_us-east-1_300.csv
2025-06-26 11:05:08 - INFO - Updating file: results/results_lucas_us-east-1_300.csv
2025-06-26 11:05:08 - INFO - Updating file: results/results_lucas_us-east-1_300.csv
2025-06-26 11:05:08 - INFO - Updating file: results/results_lucas_us-east-1_300.csv
2025-06-26 11:05:08 - INFO - Updating file: results/results_lucas_us-east-1_300.csv
2025-06-26 11:05:08 - INFO - Updating file: results/results_lucas_us-east-1_300.csv
2025-06-26 11:05:08 - INFO - Updating file: results/results_lucas_us-east-1_300.csv
2025-06-26 11:05:08 - INFO - Updating file: results/results_lucas_us-east-1_300.csv
2025-06-26 11:05:08 - INFO - Updating file: results/results_lucas_us-east-1_300.csv
2025-06-26 11:05:08 - INFO - Updating file: results/results_lucas_us-east-1_300.csv
2025-06-26 11:05:08 - INFO - Updating file: results/results_lucas_us-east-1_300.csv
2025-06-26 11:05:08 - INFO - Updating file: results/results_lucas_us-east-1_300.csv
2025-06-26 11:05:08 - INFO - Updating file: results/results_lucas_us-east-1_300.csv
2025-06-26 11:05:08 - INFO - Updating file: results/results_lucas_us-east-1_300.csv
2025-06-26 11:05:08 - INFO - Updating file: results/results_lucas_us-east-1_300.csv
2025-06-26 11:05:08 - INFO - Updating file: results/results_lucas_us-east-1_300.csv
2025-06-26 11:05:08 - INFO - Updating file: results/results_lucas_us-east-1_300.csv
2025-06-26 11:05:08 - INFO - Updating file: results/results_lucas_us-east-1_300.csv
2025-06-26 11:05:08 - INFO - Updating file: results/results_lucas_us-east-1_300.csv
2025-06-26 11:05:08 - INFO - Updating file: results/results_lucas_us-east-1_300.csv
2025-06-26 11:05:08 - INFO - Updating file: results/results_lucas_us-east-1_300.csv
2025-06-26 11:05:08 - INFO - Updating file: results/results_lucas_us-east-1_300.csv
2025-06-26 11:05:08 - INFO - Updating file: results/results_lucas_us-east-1_300.csv
2025-06-26 11:05:08 - INFO - Updating file: results/results_lucas_us-east-1_300.csv
2025-06-26 11:05:08 - INFO - Updating file: results/results_lucas_us-east-1_300.csv
2025-06-26 11:05:08 - INFO - Updating file: results/results_lucas_us-east-1_300.csv
2025-06-26 11:05:08 - INFO - Updating file: results/results_lucas_us-east-1_300.csv
2025-06-26 11:05:08 - INFO - Updating file: results/results_lucas_us-east-1_300.csv
2025-06-26 11:05:08 - INFO - Updating file: results/results_lucas_us-east-1_300.csv
2025-06-26 11:05:08 - INFO - Updating file: results/results_lucas_us-east-1_300.csv
2025-06-26 11:05:08 - INFO - Updating file: results/results_lucas_us-east-1_300.csv
2025-06-26 11:05:08 - INFO - Updating file: results/results_lucas_us-east-1_300.csv
2025-06-26 11:05:08 - INFO - Updating file: results/results_lucas_us-east-1_300.csv
2025-06-26 11:05:08 - INFO - Updating file: results/results_lucas_us-east-1_300.csv
2025-06-26 11:05:08 - INFO - Updating file: results/results_lucas_us-east-1_300.csv
2025-06-26 11:05:08 - INFO - Updating file: results/results_lucas_us-east-1_300.csv
2025-06-26 11:05:08 - INFO - Updating file: results/results_lucas_us-east-1_300.csv
2025-06-26 11:05:08 - INFO - Updating file: results/results_lucas_us-east-1_300.csv
2025-06-26 11:05:08 - INFO - Updating file: results/results_lucas_us-east-1_300.csv
2025-06-26 11:05:08 - INFO - Updating file: results/results_lucas_us-east-1_300.csv
2025-06-26 11:05:08 - INFO - Updating file: results/results_lucas_us-east-1_300.csv
2025-06-26 11:05:08 - INFO - Updating file: results/results_lucas_us-east-1_300.csv
2025-06-26 11:05:08 - INFO - Updating file: results/results_lucas_us-east-1_300.csv
2025-06-26 11:05:08 - INFO - Updating file: results/results_lucas_us-east-1_300.csv
2025-06-26 11:05:08 - INFO - Updating file: results/results_lucas_us-east-1_300.csv
2025-06-26 11:05:09 - INFO - Updating file: results/results_lucas_us-east-1_300.csv
2025-06-26 11:05:09 - INFO - Updating file: results/results_lucas_us-east-1_300.csv
2025-06-26 11:05:09 - INFO - Updating file: results/results_lucas_us-east-1_300.csv
2025-06-26 11:05:09 - INFO - Updating file: results/results_lucas_us-east-1_300.csv
2025-06-26 11:05:09 - INFO - Updating file: results/results_lucas_us-east-1_300.csv
2025-06-26 11:05:09 - INFO - Updating file: results/results_lucas_us-east-1_300.csv
2025-06-26 11:05:09 - INFO - Updating file: results/results_lucas_us-east-1_300.csv
2025-06-26 11:05:09 - INFO - Updating file: results/results_lucas_us-east-1_300.csv
2025-06-26 11:05:09 - INFO - Updating file: results/results_lucas_us-east-1_300.csv
2025-06-26 11:05:09 - INFO - Updating file: results/results_lucas_us-east-1_300.csv
2025-06-26 11:05:09 - INFO - Updating file: results/results_lucas_us-east-1_300.csv
2025-06-26 11:05:09 - INFO - Updating file: results/results_lucas_us-east-1_300.csv
2025-06-26 11:05:09 - INFO - Updating file: results/results_lucas_us-east-1_300.csv
2025-06-26 11:05:09 - INFO - Updating file: results/results_lucas_us-east-1_300.csv
2025-06-26 11:05:09 - INFO - Updating file: results/results_lucas_us-east-1_300.csv
2025-06-26 11:05:26 - INFO - All instances have been terminated.
2025-07-02 12:21:59 - INFO - Start execution in us-east-1 Nodes=100 Benchmark=bt.A.x Allocation Strategy=lowest-price
2025-07-02 12:21:59 - INFO - Found credentials in shared credentials file: ~/.aws/credentials
2025-07-02 12:22:33 - INFO - Tempo que levou para receber response AWS: 33.919569 segundos
2025-07-02 12:22:33 - INFO - Fleet created with instances: ['i-02630c7d9be16ed44', 'i-02bc2f348d55dbbb6', 'i-02d16b9c32e012b5d', 'i-02721950d95771694', 'i-0f49798addb423303', 'i-02675283741715ce8', 'i-0b717ecbe394bbc68', 'i-03aa78212c9eb7af6', 'i-05141412e68e2d779', 'i-07a929f55b2dd32bc', 'i-06200be307cc8f5e0', 'i-05295c7a54057062b', 'i-0aeea3562efa4e6f2', 'i-07f05f1dae6f9ea22', 'i-01b8cd3c24d452194', 'i-036ac840221ef814d', 'i-07c4ba4fb37171555', 'i-052671a7a1035d395', 'i-037845f2f722484cc', 'i-00d173eb0ba8978e6', 'i-0969ebf2a406a9b20', 'i-0f40143808bc922eb', 'i-0729b6c6647875fef', 'i-0cc73c0f8bbd3a7e4', 'i-0be9cd9e75ced7267', 'i-0bfefc9d2cf86cd5e', 'i-091a28b9b8511b45a', 'i-095840b747181fe1c', 'i-04f10bdaac8036e82', 'i-05bd439682e0d9631', 'i-0a3b8801fc881b8e2', 'i-01a29118f26a2931e', 'i-0b550eea53298c906', 'i-0d6d627432d5922b3', 'i-0ee38bc95a763b8aa', 'i-02c66c409e6b20b4b', 'i-0c1675ddc29187745', 'i-0fc950d177a7b0b4b', 'i-05f08b9df8deb8940', 'i-0c70e1b5f801e5644', 'i-0781cf7f94bc16bd3', 'i-0975c74f9c3eaf9b4', 'i-0fdac8fb41b14557a', 'i-08d94c6c4bfcb109f', 'i-0bcaf290718f8c86a', 'i-0301f0fcc4bf51f62', 'i-0616176474e335011', 'i-00a4178c929b0379d', 'i-0895e29421a83e63f', 'i-0571e360aa13adf5a', 'i-0d66e4adc9c18f58a', 'i-0afc9cb691b2dcb87', 'i-0d55c8d067dc28531', 'i-0bdab50647c5f1920', 'i-003b4c110586993e5', 'i-0326ca01819bc1bfe', 'i-027f372843f719a26', 'i-01a7c52c0a5273220', 'i-055ce8e649503a4df', 'i-08b488ffe50dac148', 'i-02910f2dd0ce06447', 'i-0310630e15dbc43f7', 'i-06861f46b73db7841', 'i-0da4231e1d8ec59d5', 'i-038b5b54e933a4edd', 'i-075219fcb227f1050', 'i-06e003db982d7c00f', 'i-022b4a729d2a3c20b', 'i-0c4f28445158e4093', 'i-07b94d33e6b0b4f21', 'i-0a3db74335c433de9', 'i-0cf7f418263c6771d', 'i-00e1ac8da9de1f70c', 'i-0b15fa554f5faeb17', 'i-01e8173c59619f97f', 'i-0371d5e1f34a8ca18', 'i-0c3a4cf217003db71', 'i-076cf6716b1970d21', 'i-093b64ac3d30f83d2', 'i-06c0f9c5135f19a5d', 'i-06ad350cdaef33b0f', 'i-076e68025535e58ac', 'i-0fb049eb5c3c7ac9f', 'i-0b33fe9e46536a7b1', 'i-0aa049bb9fba7a29c', 'i-0a9748684e4751cc4', 'i-071e3b24b13660291', 'i-0e85eba70fbab39e6', 'i-0a9b971308a8d6ad7', 'i-06ee1cbdd4ed7c06d', 'i-0114fa1c60ecc6960', 'i-0a040f4f53b96cc0b', 'i-0797a28157b6e31b3', 'i-050e88c3c3536aa47', 'i-089a9d923099bfdf0', 'i-04ce3dcbddb5cd4d8', 'i-0f900f8ad3a518907', 'i-0f50af3975c5355b6', 'i-04832b07cf918212a', 'i-0159d19f8793e7148']
2025-07-02 12:23:22 - INFO - Tempo que levou para as máquinas estarem running: 46.843596 segundos
2025-07-02 12:23:22 - INFO - Tempo total gasto: 80.763165 segundos
2025-07-02 12:23:22 - INFO - Found credentials in shared credentials file: ~/.aws/credentials
2025-07-02 12:23:23 - WARNING - No spot price history found.
2025-07-02 12:23:23 - INFO - Updating file: results/results_lucas_us-east-1_100.csv
2025-07-02 12:23:23 - INFO - Found credentials in shared credentials file: ~/.aws/credentials
2025-07-02 12:23:24 - WARNING - No spot price history found.
2025-07-02 12:23:24 - INFO - Updating file: results/results_lucas_us-east-1_100.csv
2025-07-02 12:23:24 - INFO - Found credentials in shared credentials file: ~/.aws/credentials
2025-07-02 12:23:25 - WARNING - No spot price history found.
2025-07-02 12:23:25 - INFO - Updating file: results/results_lucas_us-east-1_100.csv
2025-07-02 12:23:25 - INFO - Found credentials in shared credentials file: ~/.aws/credentials
2025-07-02 12:23:26 - WARNING - No spot price history found.
2025-07-02 12:23:26 - INFO - Updating file: results/results_lucas_us-east-1_100.csv
2025-07-02 12:23:26 - INFO - Found credentials in shared credentials file: ~/.aws/credentials
2025-07-02 12:23:27 - WARNING - No spot price history found.
2025-07-02 12:23:27 - INFO - Updating file: results/results_lucas_us-east-1_100.csv
2025-07-02 12:23:27 - INFO - Found credentials in shared credentials file: ~/.aws/credentials
2025-07-02 12:23:28 - WARNING - No spot price history found.
2025-07-02 12:23:28 - INFO - Updating file: results/results_lucas_us-east-1_100.csv
2025-07-02 12:23:28 - INFO - Found credentials in shared credentials file: ~/.aws/credentials
2025-07-02 12:23:28 - WARNING - No spot price history found.
2025-07-02 12:23:28 - INFO - Updating file: results/results_lucas_us-east-1_100.csv
2025-07-02 12:23:28 - INFO - Found credentials in shared credentials file: ~/.aws/credentials
2025-07-02 12:23:29 - WARNING - No spot price history found.
2025-07-02 12:23:29 - INFO - Updating file: results/results_lucas_us-east-1_100.csv
2025-07-02 12:23:29 - INFO - Found credentials in shared credentials file: ~/.aws/credentials
2025-07-02 12:23:30 - WARNING - No spot price history found.
2025-07-02 12:23:30 - INFO - Updating file: results/results_lucas_us-east-1_100.csv
2025-07-02 12:23:30 - INFO - Found credentials in shared credentials file: ~/.aws/credentials
2025-07-02 12:23:31 - WARNING - No spot price history found.
2025-07-02 12:23:31 - INFO - Updating file: results/results_lucas_us-east-1_100.csv
2025-07-02 12:23:31 - INFO - Found credentials in shared credentials file: ~/.aws/credentials
2025-07-02 12:23:32 - WARNING - No spot price history found.
2025-07-02 12:23:32 - INFO - Updating file: results/results_lucas_us-east-1_100.csv
2025-07-02 12:23:32 - INFO - Found credentials in shared credentials file: ~/.aws/credentials
2025-07-02 12:23:33 - WARNING - No spot price history found.
2025-07-02 12:23:33 - INFO - Updating file: results/results_lucas_us-east-1_100.csv
2025-07-02 12:23:33 - INFO - Found credentials in shared credentials file: ~/.aws/credentials
2025-07-02 12:23:34 - WARNING - No spot price history found.
2025-07-02 12:23:34 - INFO - Updating file: results/results_lucas_us-east-1_100.csv
2025-07-02 12:23:34 - INFO - Found credentials in shared credentials file: ~/.aws/credentials
2025-07-02 12:23:35 - WARNING - No spot price history found.
2025-07-02 12:23:35 - INFO - Updating file: results/results_lucas_us-east-1_100.csv
2025-07-02 12:23:35 - INFO - Found credentials in shared credentials file: ~/.aws/credentials
2025-07-02 12:23:36 - WARNING - No spot price history found.
2025-07-02 12:23:36 - INFO - Updating file: results/results_lucas_us-east-1_100.csv
2025-07-02 12:23:36 - INFO - Found credentials in shared credentials file: ~/.aws/credentials
2025-07-02 12:23:37 - WARNING - No spot price history found.
2025-07-02 12:23:37 - INFO - Updating file: results/results_lucas_us-east-1_100.csv
2025-07-02 12:23:37 - INFO - Found credentials in shared credentials file: ~/.aws/credentials
2025-07-02 12:23:38 - WARNING - No spot price history found.
2025-07-02 12:23:38 - INFO - Updating file: results/results_lucas_us-east-1_100.csv
2025-07-02 12:23:38 - INFO - Found credentials in shared credentials file: ~/.aws/credentials
2025-07-02 12:23:38 - WARNING - No spot price history found.
2025-07-02 12:23:38 - INFO - Updating file: results/results_lucas_us-east-1_100.csv
2025-07-02 12:23:39 - INFO - Found credentials in shared credentials file: ~/.aws/credentials
2025-07-02 12:23:39 - WARNING - No spot price history found.
2025-07-02 12:23:39 - INFO - Updating file: results/results_lucas_us-east-1_100.csv
2025-07-02 12:23:39 - INFO - Found credentials in shared credentials file: ~/.aws/credentials
2025-07-02 12:23:40 - WARNING - No spot price history found.
2025-07-02 12:23:40 - INFO - Updating file: results/results_lucas_us-east-1_100.csv
2025-07-02 12:23:40 - INFO - Found credentials in shared credentials file: ~/.aws/credentials
2025-07-02 12:23:41 - WARNING - No spot price history found.
2025-07-02 12:23:41 - INFO - Updating file: results/results_lucas_us-east-1_100.csv
2025-07-02 12:23:41 - INFO - Found credentials in shared credentials file: ~/.aws/credentials
2025-07-02 12:23:42 - WARNING - No spot price history found.
2025-07-02 12:23:42 - INFO - Updating file: results/results_lucas_us-east-1_100.csv
2025-07-02 12:23:42 - INFO - Found credentials in shared credentials file: ~/.aws/credentials
2025-07-02 12:23:43 - WARNING - No spot price history found.
2025-07-02 12:23:43 - INFO - Updating file: results/results_lucas_us-east-1_100.csv
2025-07-02 12:23:43 - INFO - Found credentials in shared credentials file: ~/.aws/credentials
2025-07-02 12:23:44 - WARNING - No spot price history found.
2025-07-02 12:23:44 - INFO - Updating file: results/results_lucas_us-east-1_100.csv
2025-07-02 12:23:44 - INFO - Found credentials in shared credentials file: ~/.aws/credentials
2025-07-02 12:23:45 - WARNING - No spot price history found.
2025-07-02 12:23:45 - INFO - Updating file: results/results_lucas_us-east-1_100.csv
2025-07-02 12:23:45 - INFO - Found credentials in shared credentials file: ~/.aws/credentials
2025-07-02 12:23:46 - WARNING - No spot price history found.
2025-07-02 12:23:46 - INFO - Updating file: results/results_lucas_us-east-1_100.csv
2025-07-02 12:23:46 - INFO - Found credentials in shared credentials file: ~/.aws/credentials
2025-07-02 12:23:47 - WARNING - No spot price history found.
2025-07-02 12:23:47 - INFO - Updating file: results/results_lucas_us-east-1_100.csv
2025-07-02 12:23:47 - INFO - Found credentials in shared credentials file: ~/.aws/credentials
2025-07-02 12:23:48 - WARNING - No spot price history found.
2025-07-02 12:23:48 - INFO - Updating file: results/results_lucas_us-east-1_100.csv
2025-07-02 12:23:48 - INFO - Found credentials in shared credentials file: ~/.aws/credentials
2025-07-02 12:23:48 - WARNING - No spot price history found.
2025-07-02 12:23:48 - INFO - Updating file: results/results_lucas_us-east-1_100.csv
2025-07-02 12:23:48 - INFO - Found credentials in shared credentials file: ~/.aws/credentials
2025-07-02 12:23:49 - WARNING - No spot price history found.
2025-07-02 12:23:49 - INFO - Updating file: results/results_lucas_us-east-1_100.csv
2025-07-02 12:23:49 - INFO - Found credentials in shared credentials file: ~/.aws/credentials
2025-07-02 12:23:50 - WARNING - No spot price history found.
2025-07-02 12:23:50 - INFO - Updating file: results/results_lucas_us-east-1_100.csv
2025-07-02 12:23:50 - INFO - Found credentials in shared credentials file: ~/.aws/credentials
2025-07-02 12:23:51 - WARNING - No spot price history found.
2025-07-02 12:23:51 - INFO - Updating file: results/results_lucas_us-east-1_100.csv
2025-07-02 12:23:51 - INFO - Found credentials in shared credentials file: ~/.aws/credentials
2025-07-02 12:23:52 - WARNING - No spot price history found.
2025-07-02 12:23:52 - INFO - Updating file: results/results_lucas_us-east-1_100.csv
2025-07-02 12:23:52 - INFO - Found credentials in shared credentials file: ~/.aws/credentials
2025-07-02 12:23:53 - WARNING - No spot price history found.
2025-07-02 12:23:53 - INFO - Updating file: results/results_lucas_us-east-1_100.csv
2025-07-02 12:23:53 - INFO - Found credentials in shared credentials file: ~/.aws/credentials
2025-07-02 12:23:54 - WARNING - No spot price history found.
2025-07-02 12:23:54 - INFO - Updating file: results/results_lucas_us-east-1_100.csv
2025-07-02 12:23:54 - INFO - Found credentials in shared credentials file: ~/.aws/credentials
2025-07-02 12:23:55 - WARNING - No spot price history found.
2025-07-02 12:23:55 - INFO - Updating file: results/results_lucas_us-east-1_100.csv
2025-07-02 12:23:55 - INFO - Found credentials in shared credentials file: ~/.aws/credentials
2025-07-02 12:23:56 - WARNING - No spot price history found.
2025-07-02 12:23:56 - INFO - Updating file: results/results_lucas_us-east-1_100.csv
2025-07-02 12:23:56 - INFO - Found credentials in shared credentials file: ~/.aws/credentials
2025-07-02 12:23:57 - INFO - Updating file: results/results_lucas_us-east-1_100.csv
2025-07-02 12:23:57 - INFO - Found credentials in shared credentials file: ~/.aws/credentials
2025-07-02 12:23:58 - INFO - Updating file: results/results_lucas_us-east-1_100.csv
2025-07-02 12:23:58 - INFO - Found credentials in shared credentials file: ~/.aws/credentials
2025-07-02 12:23:59 - INFO - Updating file: results/results_lucas_us-east-1_100.csv
2025-07-02 12:23:59 - INFO - Found credentials in shared credentials file: ~/.aws/credentials
2025-07-02 12:24:00 - INFO - Updating file: results/results_lucas_us-east-1_100.csv
2025-07-02 12:24:00 - INFO - Found credentials in shared credentials file: ~/.aws/credentials
2025-07-02 12:24:00 - INFO - Updating file: results/results_lucas_us-east-1_100.csv
2025-07-02 12:24:00 - INFO - Found credentials in shared credentials file: ~/.aws/credentials
2025-07-02 12:24:01 - INFO - Updating file: results/results_lucas_us-east-1_100.csv
2025-07-02 12:24:01 - INFO - Found credentials in shared credentials file: ~/.aws/credentials
2025-07-02 12:24:02 - INFO - Updating file: results/results_lucas_us-east-1_100.csv
2025-07-02 12:24:02 - INFO - Found credentials in shared credentials file: ~/.aws/credentials
2025-07-02 12:24:03 - INFO - Updating file: results/results_lucas_us-east-1_100.csv
2025-07-02 12:24:03 - INFO - Found credentials in shared credentials file: ~/.aws/credentials
2025-07-02 12:24:04 - INFO - Updating file: results/results_lucas_us-east-1_100.csv
2025-07-02 12:24:04 - INFO - Found credentials in shared credentials file: ~/.aws/credentials
2025-07-02 12:24:05 - INFO - Updating file: results/results_lucas_us-east-1_100.csv
2025-07-02 12:24:05 - INFO - Found credentials in shared credentials file: ~/.aws/credentials
2025-07-02 12:24:06 - INFO - Updating file: results/results_lucas_us-east-1_100.csv
2025-07-02 12:24:06 - INFO - Found credentials in shared credentials file: ~/.aws/credentials
2025-07-02 12:24:07 - INFO - Updating file: results/results_lucas_us-east-1_100.csv
2025-07-02 12:24:07 - INFO - Found credentials in shared credentials file: ~/.aws/credentials
2025-07-02 12:24:08 - INFO - Updating file: results/results_lucas_us-east-1_100.csv
2025-07-02 12:24:08 - INFO - Found credentials in shared credentials file: ~/.aws/credentials
2025-07-02 12:24:09 - INFO - Updating file: results/results_lucas_us-east-1_100.csv
2025-07-02 12:24:09 - INFO - Found credentials in shared credentials file: ~/.aws/credentials
2025-07-02 12:24:10 - INFO - Updating file: results/results_lucas_us-east-1_100.csv
2025-07-02 12:24:10 - INFO - Found credentials in shared credentials file: ~/.aws/credentials
2025-07-02 12:24:11 - INFO - Updating file: results/results_lucas_us-east-1_100.csv
2025-07-02 12:24:11 - INFO - Found credentials in shared credentials file: ~/.aws/credentials
2025-07-02 12:24:12 - INFO - Updating file: results/results_lucas_us-east-1_100.csv
2025-07-02 12:24:12 - INFO - Found credentials in shared credentials file: ~/.aws/credentials
2025-07-02 12:24:13 - INFO - Updating file: results/results_lucas_us-east-1_100.csv
2025-07-02 12:24:13 - INFO - Found credentials in shared credentials file: ~/.aws/credentials
2025-07-02 12:24:13 - INFO - Updating file: results/results_lucas_us-east-1_100.csv
2025-07-02 12:24:13 - INFO - Found credentials in shared credentials file: ~/.aws/credentials
2025-07-02 12:24:14 - INFO - Updating file: results/results_lucas_us-east-1_100.csv
2025-07-02 12:24:14 - INFO - Found credentials in shared credentials file: ~/.aws/credentials
2025-07-02 12:24:15 - INFO - Updating file: results/results_lucas_us-east-1_100.csv
2025-07-02 12:24:15 - INFO - Found credentials in shared credentials file: ~/.aws/credentials
2025-07-02 12:24:16 - INFO - Updating file: results/results_lucas_us-east-1_100.csv
2025-07-02 12:24:16 - INFO - Found credentials in shared credentials file: ~/.aws/credentials
2025-07-02 12:24:17 - INFO - Updating file: results/results_lucas_us-east-1_100.csv
2025-07-02 12:24:17 - INFO - Found credentials in shared credentials file: ~/.aws/credentials
2025-07-02 12:24:18 - INFO - Updating file: results/results_lucas_us-east-1_100.csv
2025-07-02 12:24:18 - INFO - Found credentials in shared credentials file: ~/.aws/credentials
2025-07-02 12:24:19 - INFO - Updating file: results/results_lucas_us-east-1_100.csv
2025-07-02 12:24:19 - INFO - Found credentials in shared credentials file: ~/.aws/credentials
2025-07-02 12:24:20 - INFO - Updating file: results/results_lucas_us-east-1_100.csv
2025-07-02 12:24:20 - INFO - Found credentials in shared credentials file: ~/.aws/credentials
2025-07-02 12:24:21 - INFO - Updating file: results/results_lucas_us-east-1_100.csv
2025-07-02 12:24:21 - INFO - Found credentials in shared credentials file: ~/.aws/credentials
2025-07-02 12:24:22 - INFO - Updating file: results/results_lucas_us-east-1_100.csv
2025-07-02 12:24:22 - INFO - Found credentials in shared credentials file: ~/.aws/credentials
2025-07-02 12:24:23 - INFO - Updating file: results/results_lucas_us-east-1_100.csv
2025-07-02 12:24:23 - INFO - Found credentials in shared credentials file: ~/.aws/credentials
2025-07-02 12:24:24 - INFO - Updating file: results/results_lucas_us-east-1_100.csv
2025-07-02 12:24:24 - INFO - Found credentials in shared credentials file: ~/.aws/credentials
2025-07-02 12:24:25 - INFO - Updating file: results/results_lucas_us-east-1_100.csv
2025-07-02 12:24:25 - INFO - 100 instâncias no total. Iniciando benchmark em paralelo...
2025-07-02 12:24:25 - INFO - Found credentials in shared credentials file: ~/.aws/credentials
2025-07-02 12:24:25 - INFO - Found credentials in shared credentials file: ~/.aws/credentials
2025-07-02 12:24:25 - INFO - Found credentials in shared credentials file: ~/.aws/credentials
2025-07-02 12:24:25 - INFO - Found credentials in shared credentials file: ~/.aws/credentials
2025-07-02 12:24:26 - INFO - Found credentials in shared credentials file: ~/.aws/credentials
2025-07-02 12:24:26 - INFO - Found credentials in shared credentials file: ~/.aws/credentials
2025-07-02 12:24:26 - INFO - Found credentials in shared credentials file: ~/.aws/credentials
2025-07-02 12:24:26 - INFO - Found credentials in shared credentials file: ~/.aws/credentials
2025-07-02 12:24:26 - INFO - Found credentials in shared credentials file: ~/.aws/credentials
2025-07-02 12:24:26 - INFO - Found credentials in shared credentials file: ~/.aws/credentials
2025-07-02 12:24:26 - INFO - Found credentials in shared credentials file: ~/.aws/credentials
2025-07-02 12:24:26 - INFO - Found credentials in shared credentials file: ~/.aws/credentials
2025-07-02 12:24:26 - INFO - Found credentials in shared credentials file: ~/.aws/credentials
2025-07-02 12:24:26 - INFO - Found credentials in shared credentials file: ~/.aws/credentials
2025-07-02 12:24:26 - INFO - Found credentials in shared credentials file: ~/.aws/credentials
2025-07-02 12:24:26 - INFO - Found credentials in shared credentials file: ~/.aws/credentials
2025-07-02 12:24:26 - INFO - Found credentials in shared credentials file: ~/.aws/credentials
2025-07-02 12:24:26 - INFO - Found credentials in shared credentials file: ~/.aws/credentials
2025-07-02 12:24:26 - INFO - Found credentials in shared credentials file: ~/.aws/credentials
2025-07-02 12:24:26 - INFO - Found credentials in shared credentials file: ~/.aws/credentials
2025-07-02 12:24:27 - INFO - Found credentials in shared credentials file: ~/.aws/credentials
2025-07-02 12:24:27 - INFO - Found credentials in shared credentials file: ~/.aws/credentials
2025-07-02 12:24:27 - INFO - Found credentials in shared credentials file: ~/.aws/credentials
2025-07-02 12:24:27 - INFO - Found credentials in shared credentials file: ~/.aws/credentials
2025-07-02 12:24:27 - INFO - Found credentials in shared credentials file: ~/.aws/credentials
2025-07-02 12:24:27 - INFO - Found credentials in shared credentials file: ~/.aws/credentials
2025-07-02 12:24:27 - INFO - Found credentials in shared credentials file: ~/.aws/credentials
2025-07-02 12:24:27 - INFO - Found credentials in shared credentials file: ~/.aws/credentials
2025-07-02 12:24:27 - INFO - Found credentials in shared credentials file: ~/.aws/credentials
2025-07-02 12:24:27 - INFO - Found credentials in shared credentials file: ~/.aws/credentials
2025-07-02 12:24:27 - INFO - Found credentials in shared credentials file: ~/.aws/credentials
2025-07-02 12:24:27 - INFO - Found credentials in shared credentials file: ~/.aws/credentials
2025-07-02 12:24:27 - INFO - Found credentials in shared credentials file: ~/.aws/credentials
2025-07-02 12:24:27 - INFO - Found credentials in shared credentials file: ~/.aws/credentials
2025-07-02 12:24:27 - INFO - Found credentials in shared credentials file: ~/.aws/credentials
2025-07-02 12:24:28 - INFO - Found credentials in shared credentials file: ~/.aws/credentials
2025-07-02 12:24:28 - INFO - Found credentials in shared credentials file: ~/.aws/credentials
2025-07-02 12:24:28 - INFO - Found credentials in shared credentials file: ~/.aws/credentials
2025-07-02 12:24:28 - INFO - Found credentials in shared credentials file: ~/.aws/credentials
2025-07-02 12:24:28 - INFO - Found credentials in shared credentials file: ~/.aws/credentials
2025-07-02 12:24:28 - INFO - Found credentials in shared credentials file: ~/.aws/credentials
2025-07-02 12:24:28 - INFO - Found credentials in shared credentials file: ~/.aws/credentials
2025-07-02 12:24:28 - INFO - Found credentials in shared credentials file: ~/.aws/credentials
2025-07-02 12:24:28 - INFO - Found credentials in shared credentials file: ~/.aws/credentials
2025-07-02 12:24:28 - INFO - Found credentials in shared credentials file: ~/.aws/credentials
2025-07-02 12:24:28 - INFO - Found credentials in shared credentials file: ~/.aws/credentials
2025-07-02 12:24:28 - INFO - Found credentials in shared credentials file: ~/.aws/credentials
2025-07-02 12:24:28 - INFO - Found credentials in shared credentials file: ~/.aws/credentials
2025-07-02 12:24:28 - INFO - Found credentials in shared credentials file: ~/.aws/credentials
2025-07-02 12:24:29 - INFO - Found credentials in shared credentials file: ~/.aws/credentials
2025-07-02 12:24:29 - INFO - Found credentials in shared credentials file: ~/.aws/credentials
2025-07-02 12:24:29 - INFO - Found credentials in shared credentials file: ~/.aws/credentials
2025-07-02 12:24:29 - INFO - Found credentials in shared credentials file: ~/.aws/credentials
2025-07-02 12:24:29 - INFO - Found credentials in shared credentials file: ~/.aws/credentials
2025-07-02 12:24:29 - INFO - Found credentials in shared credentials file: ~/.aws/credentials
2025-07-02 12:24:29 - INFO - Found credentials in shared credentials file: ~/.aws/credentials
2025-07-02 12:24:30 - INFO - Found credentials in shared credentials file: ~/.aws/credentials
2025-07-02 12:24:30 - INFO - Found credentials in shared credentials file: ~/.aws/credentials
2025-07-02 12:24:30 - INFO - Found credentials in shared credentials file: ~/.aws/credentials
2025-07-02 12:24:30 - INFO - Found credentials in shared credentials file: ~/.aws/credentials
2025-07-02 12:24:30 - INFO - Found credentials in shared credentials file: ~/.aws/credentials
2025-07-02 12:24:30 - INFO - Found credentials in shared credentials file: ~/.aws/credentials
2025-07-02 12:24:30 - INFO - Found credentials in shared credentials file: ~/.aws/credentials
2025-07-02 12:24:30 - INFO - Found credentials in shared credentials file: ~/.aws/credentials
2025-07-02 12:24:30 - INFO - Found credentials in shared credentials file: ~/.aws/credentials
2025-07-02 12:24:30 - INFO - Found credentials in shared credentials file: ~/.aws/credentials
2025-07-02 12:24:30 - INFO - Found credentials in shared credentials file: ~/.aws/credentials
2025-07-02 12:24:31 - INFO - Found credentials in shared credentials file: ~/.aws/credentials
2025-07-02 12:24:31 - INFO - Found credentials in shared credentials file: ~/.aws/credentials
2025-07-02 12:24:31 - INFO - Found credentials in shared credentials file: ~/.aws/credentials
2025-07-02 12:24:31 - INFO - Found credentials in shared credentials file: ~/.aws/credentials
2025-07-02 12:24:31 - INFO - Found credentials in shared credentials file: ~/.aws/credentials
2025-07-02 12:24:31 - INFO - Found credentials in shared credentials file: ~/.aws/credentials
2025-07-02 12:24:31 - INFO - Found credentials in shared credentials file: ~/.aws/credentials
2025-07-02 12:24:31 - INFO - Found credentials in shared credentials file: ~/.aws/credentials
2025-07-02 12:24:31 - INFO - Found credentials in shared credentials file: ~/.aws/credentials
2025-07-02 12:24:32 - INFO - Found credentials in shared credentials file: ~/.aws/credentials
2025-07-02 12:24:32 - INFO - Found credentials in shared credentials file: ~/.aws/credentials
2025-07-02 12:24:32 - INFO - Found credentials in shared credentials file: ~/.aws/credentials
2025-07-02 12:24:32 - INFO - Found credentials in shared credentials file: ~/.aws/credentials
2025-07-02 12:24:32 - INFO - Found credentials in shared credentials file: ~/.aws/credentials
2025-07-02 12:24:32 - INFO - Found credentials in shared credentials file: ~/.aws/credentials
2025-07-02 12:24:32 - INFO - Found credentials in shared credentials file: ~/.aws/credentials
2025-07-02 12:24:32 - INFO - Found credentials in shared credentials file: ~/.aws/credentials
2025-07-02 12:24:32 - INFO - Found credentials in shared credentials file: ~/.aws/credentials
2025-07-02 12:24:32 - INFO - Found credentials in shared credentials file: ~/.aws/credentials
2025-07-02 12:24:32 - INFO - Found credentials in shared credentials file: ~/.aws/credentials
2025-07-02 12:24:32 - INFO - Found credentials in shared credentials file: ~/.aws/credentials
2025-07-02 12:24:32 - INFO - Found credentials in shared credentials file: ~/.aws/credentials
2025-07-02 12:24:32 - INFO - Found credentials in shared credentials file: ~/.aws/credentials
2025-07-02 12:24:32 - INFO - Found credentials in shared credentials file: ~/.aws/credentials
2025-07-02 12:24:33 - INFO - Found credentials in shared credentials file: ~/.aws/credentials
2025-07-02 12:24:33 - INFO - Found credentials in shared credentials file: ~/.aws/credentials
2025-07-02 12:24:33 - INFO - Found credentials in shared credentials file: ~/.aws/credentials
2025-07-02 12:24:33 - INFO - Found credentials in shared credentials file: ~/.aws/credentials
2025-07-02 12:24:33 - INFO - Found credentials in shared credentials file: ~/.aws/credentials
2025-07-02 12:24:33 - INFO - Found credentials in shared credentials file: ~/.aws/credentials
2025-07-02 12:24:33 - INFO - Found credentials in shared credentials file: ~/.aws/credentials
2025-07-02 12:24:33 - INFO - Found credentials in shared credentials file: ~/.aws/credentials
2025-07-02 12:24:33 - INFO - Found credentials in shared credentials file: ~/.aws/credentials
2025-07-02 12:24:54 - INFO - Updating file: results/results_lucas_us-east-1_100.csv
2025-07-02 12:24:54 - INFO - Updating file: results/results_lucas_us-east-1_100.csv
2025-07-02 12:24:54 - INFO - Updating file: results/results_lucas_us-east-1_100.csv
2025-07-02 12:24:56 - INFO - Updating file: results/results_lucas_us-east-1_100.csv
2025-07-02 12:24:56 - INFO - Updating file: results/results_lucas_us-east-1_100.csv
2025-07-02 12:24:57 - INFO - Updating file: results/results_lucas_us-east-1_100.csv
2025-07-02 12:24:57 - INFO - Updating file: results/results_lucas_us-east-1_100.csv
2025-07-02 12:24:57 - INFO - Updating file: results/results_lucas_us-east-1_100.csv
2025-07-02 12:24:57 - INFO - Updating file: results/results_lucas_us-east-1_100.csv
2025-07-02 12:24:57 - INFO - Updating file: results/results_lucas_us-east-1_100.csv
2025-07-02 12:24:57 - INFO - Updating file: results/results_lucas_us-east-1_100.csv
2025-07-02 12:24:57 - INFO - Updating file: results/results_lucas_us-east-1_100.csv
2025-07-02 12:24:57 - INFO - Updating file: results/results_lucas_us-east-1_100.csv
2025-07-02 12:24:57 - INFO - Updating file: results/results_lucas_us-east-1_100.csv
2025-07-02 12:24:57 - INFO - Updating file: results/results_lucas_us-east-1_100.csv
2025-07-02 12:24:57 - INFO - Updating file: results/results_lucas_us-east-1_100.csv
2025-07-02 12:24:57 - INFO - Updating file: results/results_lucas_us-east-1_100.csv
2025-07-02 12:24:57 - INFO - Updating file: results/results_lucas_us-east-1_100.csv
2025-07-02 12:24:57 - INFO - Updating file: results/results_lucas_us-east-1_100.csv
2025-07-02 12:24:57 - INFO - Updating file: results/results_lucas_us-east-1_100.csv
2025-07-02 12:24:57 - INFO - Updating file: results/results_lucas_us-east-1_100.csv
2025-07-02 12:24:57 - INFO - Updating file: results/results_lucas_us-east-1_100.csv
2025-07-02 12:24:57 - INFO - Updating file: results/results_lucas_us-east-1_100.csv
2025-07-02 12:24:57 - INFO - Updating file: results/results_lucas_us-east-1_100.csv
2025-07-02 12:24:57 - INFO - Updating file: results/results_lucas_us-east-1_100.csv
2025-07-02 12:24:57 - INFO - Updating file: results/results_lucas_us-east-1_100.csv
2025-07-02 12:24:58 - INFO - Updating file: results/results_lucas_us-east-1_100.csv
2025-07-02 12:24:58 - INFO - Updating file: results/results_lucas_us-east-1_100.csv
2025-07-02 12:24:58 - INFO - Updating file: results/results_lucas_us-east-1_100.csv
2025-07-02 12:24:58 - INFO - Updating file: results/results_lucas_us-east-1_100.csv
2025-07-02 12:24:58 - INFO - Updating file: results/results_lucas_us-east-1_100.csv
2025-07-02 12:24:58 - INFO - Updating file: results/results_lucas_us-east-1_100.csv
2025-07-02 12:24:58 - INFO - Updating file: results/results_lucas_us-east-1_100.csv
2025-07-02 12:24:58 - INFO - Updating file: results/results_lucas_us-east-1_100.csv
2025-07-02 12:24:58 - INFO - Updating file: results/results_lucas_us-east-1_100.csv
2025-07-02 12:24:58 - INFO - Updating file: results/results_lucas_us-east-1_100.csv
2025-07-02 12:24:58 - INFO - Updating file: results/results_lucas_us-east-1_100.csv
2025-07-02 12:24:58 - INFO - Updating file: results/results_lucas_us-east-1_100.csv
2025-07-02 12:24:58 - INFO - Updating file: results/results_lucas_us-east-1_100.csv
2025-07-02 12:24:58 - INFO - Updating file: results/results_lucas_us-east-1_100.csv
2025-07-02 12:24:58 - INFO - Updating file: results/results_lucas_us-east-1_100.csv
2025-07-02 12:24:58 - INFO - Updating file: results/results_lucas_us-east-1_100.csv
2025-07-02 12:24:58 - INFO - Updating file: results/results_lucas_us-east-1_100.csv
2025-07-02 12:24:58 - INFO - Updating file: results/results_lucas_us-east-1_100.csv
2025-07-02 12:24:58 - INFO - Updating file: results/results_lucas_us-east-1_100.csv
2025-07-02 12:24:58 - INFO - Updating file: results/results_lucas_us-east-1_100.csv
2025-07-02 12:24:58 - INFO - Updating file: results/results_lucas_us-east-1_100.csv
2025-07-02 12:24:58 - INFO - Updating file: results/results_lucas_us-east-1_100.csv
2025-07-02 12:24:58 - INFO - Updating file: results/results_lucas_us-east-1_100.csv
2025-07-02 12:24:58 - INFO - Updating file: results/results_lucas_us-east-1_100.csv
2025-07-02 12:24:58 - INFO - Updating file: results/results_lucas_us-east-1_100.csv
2025-07-02 12:24:58 - INFO - Updating file: results/results_lucas_us-east-1_100.csv
2025-07-02 12:24:58 - INFO - Updating file: results/results_lucas_us-east-1_100.csv
2025-07-02 12:24:58 - INFO - Updating file: results/results_lucas_us-east-1_100.csv
2025-07-02 12:24:58 - INFO - Updating file: results/results_lucas_us-east-1_100.csv
2025-07-02 12:24:58 - INFO - Updating file: results/results_lucas_us-east-1_100.csv
2025-07-02 12:24:58 - INFO - Updating file: results/results_lucas_us-east-1_100.csv
2025-07-02 12:24:58 - INFO - Updating file: results/results_lucas_us-east-1_100.csv
2025-07-02 12:24:58 - INFO - Updating file: results/results_lucas_us-east-1_100.csv
2025-07-02 12:24:58 - INFO - Updating file: results/results_lucas_us-east-1_100.csv
2025-07-02 12:24:58 - INFO - Updating file: results/results_lucas_us-east-1_100.csv
2025-07-02 12:24:58 - INFO - Updating file: results/results_lucas_us-east-1_100.csv
2025-07-02 12:24:58 - INFO - Updating file: results/results_lucas_us-east-1_100.csv
2025-07-02 12:24:58 - INFO - Updating file: results/results_lucas_us-east-1_100.csv
2025-07-02 12:24:58 - INFO - Updating file: results/results_lucas_us-east-1_100.csv
2025-07-02 12:24:58 - INFO - Updating file: results/results_lucas_us-east-1_100.csv
2025-07-02 12:24:58 - INFO - Updating file: results/results_lucas_us-east-1_100.csv
2025-07-02 12:24:58 - INFO - Updating file: results/results_lucas_us-east-1_100.csv
2025-07-02 12:24:58 - INFO - Updating file: results/results_lucas_us-east-1_100.csv
2025-07-02 12:24:58 - INFO - Updating file: results/results_lucas_us-east-1_100.csv
2025-07-02 12:24:58 - INFO - Updating file: results/results_lucas_us-east-1_100.csv
2025-07-02 12:24:58 - INFO - Updating file: results/results_lucas_us-east-1_100.csv
2025-07-02 12:24:58 - INFO - Updating file: results/results_lucas_us-east-1_100.csv
2025-07-02 12:24:58 - INFO - Updating file: results/results_lucas_us-east-1_100.csv
2025-07-02 12:24:58 - INFO - Updating file: results/results_lucas_us-east-1_100.csv
2025-07-02 12:24:58 - INFO - Updating file: results/results_lucas_us-east-1_100.csv
2025-07-02 12:24:58 - INFO - Updating file: results/results_lucas_us-east-1_100.csv
2025-07-02 12:24:58 - INFO - Updating file: results/results_lucas_us-east-1_100.csv
2025-07-02 12:24:58 - INFO - Updating file: results/results_lucas_us-east-1_100.csv
2025-07-02 12:24:58 - INFO - Updating file: results/results_lucas_us-east-1_100.csv
2025-07-02 12:24:58 - INFO - Updating file: results/results_lucas_us-east-1_100.csv
2025-07-02 12:24:58 - INFO - Updating file: results/results_lucas_us-east-1_100.csv
2025-07-02 12:24:58 - INFO - Updating file: results/results_lucas_us-east-1_100.csv
2025-07-02 12:24:58 - INFO - Updating file: results/results_lucas_us-east-1_100.csv
2025-07-02 12:24:58 - INFO - Updating file: results/results_lucas_us-east-1_100.csv
2025-07-02 12:24:58 - INFO - Updating file: results/results_lucas_us-east-1_100.csv
2025-07-02 12:24:58 - INFO - Updating file: results/results_lucas_us-east-1_100.csv
2025-07-02 12:24:58 - INFO - Updating file: results/results_lucas_us-east-1_100.csv
2025-07-02 12:24:58 - INFO - Updating file: results/results_lucas_us-east-1_100.csv
2025-07-02 12:24:58 - INFO - Updating file: results/results_lucas_us-east-1_100.csv
2025-07-02 12:24:58 - INFO - Updating file: results/results_lucas_us-east-1_100.csv
2025-07-02 12:24:58 - INFO - Updating file: results/results_lucas_us-east-1_100.csv
2025-07-02 12:24:58 - INFO - Updating file: results/results_lucas_us-east-1_100.csv
2025-07-02 12:24:58 - INFO - Updating file: results/results_lucas_us-east-1_100.csv
2025-07-02 12:24:58 - INFO - Updating file: results/results_lucas_us-east-1_100.csv
2025-07-02 12:24:59 - INFO - Updating file: results/results_lucas_us-east-1_100.csv
2025-07-02 12:24:59 - INFO - Updating file: results/results_lucas_us-east-1_100.csv
2025-07-02 12:24:59 - INFO - Updating file: results/results_lucas_us-east-1_100.csv
2025-07-02 12:24:59 - INFO - Updating file: results/results_lucas_us-east-1_100.csv
2025-07-02 12:24:59 - INFO - Updating file: results/results_lucas_us-east-1_100.csv
2025-07-02 12:25:07 - INFO - All instances have been terminated.
