Start_Time,End_Time,Instance,InstanceID,Price,Market,Region,Zone,Algorithm_Name,Allocation_Strategy,Class,Time_in_Seconds,Total_Threads,Available_Threads,Mops_Total,Mops_per_Thread,Status
2025-06-25 22:53:44.673248,2025-06-25 22:55:02.387985,m5.24xlarge,,0.5705,spot,us-east-1,f,bt.A.x,lowest-price,,,,,,,InsufficientInstanceCapacity
2025-06-25 22:53:44.673248,2025-06-25 22:57:26.727169,c5.24xlarge,,0.5929,spot,us-east-1,b,bt.A.x,lowest-price,,,,,,,InsufficientFreeAddressesInSubnet
2025-06-25 22:53:44.673248,2025-06-25 22:57:28.604129,c5.24xlarge,,0.5929,spot,us-east-1,b,bt.A.x,lowest-price,,,,,,,InsufficientFreeAddressesInSubnet
2025-06-25 22:53:44.673248,2025-06-25 22:57:30.621419,r5.24xlarge,,0.6048,spot,us-east-1,c,bt.A.x,lowest-price,,,,,,,InsufficientInstanceCapacity
2025-06-25 22:53:44.673248,2025-06-25 22:57:32.779961,m7i.24xlarge,,0.7261,spot,us-east-1,d,bt.A.x,lowest-price,,,,,,,InsufficientInstanceCapacity
2025-06-25 22:53:44.673248,2025-06-25 22:57:34.647553,r7a.24xlarge,,0.7303,spot,us-east-1,c,bt.A.x,lowest-price,,,,,,,InsufficientInstanceCapacity
2025-06-25 22:53:44.673248,2025-06-25 22:57:36.353214,r6a.24xlarge,,0.7676,spot,us-east-1,b,bt.A.x,lowest-price,,,,,,,InsufficientFreeAddressesInSubnet
2025-06-25 22:53:44.673248,2025-06-25 22:57:38.328774,m6a.24xlarge,,0.7758,spot,us-east-1,f,bt.A.x,lowest-price,,,,,,,InsufficientInstanceCapacity
2025-06-25 22:58:20.892378,2025-06-25 22:58:20.892381,c5.24xlarge,,0.5929,spot,us-east-1,b,bt.A.x,lowest-price,,,,,,,REVOCATION
2025-06-25 22:58:20.896654,2025-06-25 22:58:20.896657,c5.24xlarge,,0.5929,spot,us-east-1,b,bt.A.x,lowest-price,,,,,,,REVOCATION
2025-06-25 22:58:20.896860,2025-06-25 22:58:20.896862,c5.24xlarge,,0.5929,spot,us-east-1,b,bt.A.x,lowest-price,,,,,,,REVOCATION
2025-06-25 22:58:20.898479,2025-06-25 22:58:20.898482,c5.24xlarge,,0.5929,spot,us-east-1,b,bt.A.x,lowest-price,,,,,,,REVOCATION
2025-06-25 22:58:20.898675,2025-06-25 22:58:20.898678,c5.24xlarge,,0.5929,spot,us-east-1,b,bt.A.x,lowest-price,,,,,,,REVOCATION
2025-06-25 22:58:20.899188,2025-06-25 22:58:20.899189,c5.24xlarge,,0.5929,spot,us-east-1,b,bt.A.x,lowest-price,,,,,,,REVOCATION
2025-06-25 22:58:20.902690,2025-06-25 22:58:20.902693,c5.24xlarge,,0.5929,spot,us-east-1,b,bt.A.x,lowest-price,,,,,,,REVOCATION
2025-06-25 22:58:20.902785,2025-06-25 22:58:20.902787,c5.24xlarge,,0.5929,spot,us-east-1,b,bt.A.x,lowest-price,,,,,,,REVOCATION
2025-06-25 22:58:20.902974,2025-06-25 22:58:20.902977,c5.24xlarge,,0.5929,spot,us-east-1,b,bt.A.x,lowest-price,,,,,,,REVOCATION
2025-06-25 22:58:20.903163,2025-06-25 22:58:20.903165,c5.24xlarge,,0.5929,spot,us-east-1,b,bt.A.x,lowest-price,,,,,,,REVOCATION
2025-06-25 22:58:20.904367,2025-06-25 22:58:20.904370,c5.24xlarge,,0.5929,spot,us-east-1,b,bt.A.x,lowest-price,,,,,,,REVOCATION
2025-06-25 22:58:20.904565,2025-06-25 22:58:20.904568,c5.24xlarge,,0.5929,spot,us-east-1,b,bt.A.x,lowest-price,,,,,,,REVOCATION
2025-06-25 22:58:20.904698,2025-06-25 22:58:20.904699,c5.24xlarge,,0.5929,spot,us-east-1,b,bt.A.x,lowest-price,,,,,,,REVOCATION
2025-06-25 22:58:20.908167,2025-06-25 22:58:20.908170,c5.24xlarge,,0.5929,spot,us-east-1,b,bt.A.x,lowest-price,,,,,,,REVOCATION
2025-06-25 22:58:20.908255,2025-06-25 22:58:20.908258,c5.24xlarge,,0.5929,spot,us-east-1,b,bt.A.x,lowest-price,,,,,,,REVOCATION
2025-06-25 22:58:20.908438,2025-06-25 22:58:20.908440,c5.24xlarge,,0.5929,spot,us-east-1,b,bt.A.x,lowest-price,,,,,,,REVOCATION
2025-06-25 22:58:20.908601,2025-06-25 22:58:20.908603,c5.24xlarge,,0.5929,spot,us-east-1,b,bt.A.x,lowest-price,,,,,,,REVOCATION
2025-06-25 22:58:20.908736,2025-06-25 22:58:20.908737,c5.24xlarge,,0.5929,spot,us-east-1,b,bt.A.x,lowest-price,,,,,,,REVOCATION
2025-06-25 22:58:20.909910,2025-06-25 22:58:20.909913,c5.24xlarge,,0.5929,spot,us-east-1,b,bt.A.x,lowest-price,,,,,,,REVOCATION
2025-06-25 22:58:20.910080,2025-06-25 22:58:20.910081,c5.24xlarge,,0.5929,spot,us-east-1,b,bt.A.x,lowest-price,,,,,,,REVOCATION
2025-06-25 22:58:20.910209,2025-06-25 22:58:20.910210,c5.24xlarge,,0.5929,spot,us-east-1,b,bt.A.x,lowest-price,,,,,,,REVOCATION
2025-06-25 22:58:20.910348,2025-06-25 22:58:20.910350,c5.24xlarge,,0.5929,spot,us-east-1,b,bt.A.x,lowest-price,,,,,,,REVOCATION
2025-06-25 22:58:20.913766,2025-06-25 22:58:20.913769,c5.24xlarge,,0.5929,spot,us-east-1,b,bt.A.x,lowest-price,,,,,,,REVOCATION
2025-06-25 22:58:20.913859,2025-06-25 22:58:20.913862,c5.24xlarge,,0.5929,spot,us-east-1,b,bt.A.x,lowest-price,,,,,,,REVOCATION
2025-06-25 22:58:20.914035,2025-06-25 22:58:20.914036,c5.24xlarge,,0.5929,spot,us-east-1,b,bt.A.x,lowest-price,,,,,,,REVOCATION
2025-06-25 22:58:20.914198,2025-06-25 22:58:20.914200,c5.24xlarge,,0.5929,spot,us-east-1,b,bt.A.x,lowest-price,,,,,,,REVOCATION
2025-06-25 22:58:20.914340,2025-06-25 22:58:20.914341,c5.24xlarge,,0.5929,spot,us-east-1,b,bt.A.x,lowest-price,,,,,,,REVOCATION
2025-06-25 22:58:20.915516,2025-06-25 22:58:20.915518,c5.24xlarge,,0.5929,spot,us-east-1,b,bt.A.x,lowest-price,,,,,,,REVOCATION
2025-06-25 22:58:20.915661,2025-06-25 22:58:20.915663,c5.24xlarge,,0.5929,spot,us-east-1,b,bt.A.x,lowest-price,,,,,,,REVOCATION
2025-06-25 22:58:20.915800,2025-06-25 22:58:20.915803,c5.24xlarge,,0.5929,spot,us-east-1,b,bt.A.x,lowest-price,,,,,,,REVOCATION
2025-06-25 22:58:20.919155,2025-06-25 22:58:20.919157,c5.24xlarge,,0.5929,spot,us-east-1,b,bt.A.x,lowest-price,,,,,,,REVOCATION
2025-06-25 22:58:20.919237,2025-06-25 22:58:20.919239,c5.24xlarge,,0.5929,spot,us-east-1,b,bt.A.x,lowest-price,,,,,,,REVOCATION
2025-06-25 22:58:20.919426,2025-06-25 22:58:20.919428,c5.24xlarge,,0.5929,spot,us-east-1,b,bt.A.x,lowest-price,,,,,,,REVOCATION
2025-06-25 22:58:20.920603,2025-06-25 22:58:20.920606,c5.24xlarge,,0.5929,spot,us-east-1,b,bt.A.x,lowest-price,,,,,,,REVOCATION
2025-06-25 22:58:20.920804,2025-06-25 22:58:20.920806,c5.24xlarge,,0.5929,spot,us-east-1,b,bt.A.x,lowest-price,,,,,,,REVOCATION
2025-06-25 22:58:20.920939,2025-06-25 22:58:20.920940,c5.24xlarge,,0.5929,spot,us-east-1,b,bt.A.x,lowest-price,,,,,,,REVOCATION
2025-06-25 22:58:20.924700,2025-06-25 22:58:20.924702,c5.24xlarge,,0.5929,spot,us-east-1,b,bt.A.x,lowest-price,,,,,,,REVOCATION
2025-06-25 22:58:20.924734,2025-06-25 22:58:20.924737,c5.24xlarge,,0.5929,spot,us-east-1,b,bt.A.x,lowest-price,,,,,,,REVOCATION
2025-06-25 22:58:20.925194,2025-06-25 22:58:20.925196,c5.24xlarge,,0.5929,spot,us-east-1,b,bt.A.x,lowest-price,,,,,,,REVOCATION
2025-06-25 22:58:20.925346,2025-06-25 22:58:20.925347,c5.24xlarge,,0.5929,spot,us-east-1,b,bt.A.x,lowest-price,,,,,,,REVOCATION
2025-06-25 22:58:20.925467,2025-06-25 22:58:20.925468,c5.24xlarge,,0.5929,spot,us-east-1,b,bt.A.x,lowest-price,,,,,,,REVOCATION
2025-06-25 22:58:20.926878,2025-06-25 22:58:20.926880,c5.24xlarge,,0.5929,spot,us-east-1,b,bt.A.x,lowest-price,,,,,,,REVOCATION
2025-06-25 22:58:20.927080,2025-06-25 22:58:20.927082,c5.24xlarge,,0.5929,spot,us-east-1,b,bt.A.x,lowest-price,,,,,,,REVOCATION
2025-06-25 22:58:20.927213,2025-06-25 22:58:20.927216,c5.24xlarge,,0.5929,spot,us-east-1,b,bt.A.x,lowest-price,,,,,,,REVOCATION
2025-06-25 22:58:20.930390,2025-06-25 22:58:20.930391,c5.24xlarge,,0.5929,spot,us-east-1,b,bt.A.x,lowest-price,,,,,,,REVOCATION
2025-06-25 22:58:20.930419,2025-06-25 22:58:20.930420,c5.24xlarge,,0.5929,spot,us-east-1,b,bt.A.x,lowest-price,,,,,,,REVOCATION
2025-06-25 22:58:20.930846,2025-06-25 22:58:20.930849,c5.24xlarge,,0.5929,spot,us-east-1,b,bt.A.x,lowest-price,,,,,,,REVOCATION
2025-06-25 22:58:20.931061,2025-06-25 22:58:20.931064,c5.24xlarge,,0.5929,spot,us-east-1,b,bt.A.x,lowest-price,,,,,,,REVOCATION
2025-06-25 22:58:21.058823,2025-06-25 22:58:21.058828,c5.24xlarge,,0.5929,spot,us-east-1,b,bt.A.x,lowest-price,,,,,,,REVOCATION
2025-06-25 22:58:21.059280,2025-06-25 22:58:21.059295,c5.24xlarge,,0.5929,spot,us-east-1,b,bt.A.x,lowest-price,,,,,,,REVOCATION
2025-06-25 22:58:21.059464,2025-06-25 22:58:21.059465,c5.24xlarge,,0.5929,spot,us-east-1,b,bt.A.x,lowest-price,,,,,,,REVOCATION
2025-06-25 22:58:21.059627,2025-06-25 22:58:21.059629,c5.24xlarge,,0.5929,spot,us-east-1,b,bt.A.x,lowest-price,,,,,,,REVOCATION
2025-06-25 22:58:21.063816,2025-06-25 22:58:21.063818,c5.24xlarge,,0.5929,spot,us-east-1,b,bt.A.x,lowest-price,,,,,,,REVOCATION
2025-06-25 22:58:21.063858,2025-06-25 22:58:21.063861,c5.24xlarge,,0.5929,spot,us-east-1,b,bt.A.x,lowest-price,,,,,,,REVOCATION
2025-06-25 22:58:21.064078,2025-06-25 22:58:21.064081,c5.24xlarge,,0.5929,spot,us-east-1,b,bt.A.x,lowest-price,,,,,,,REVOCATION
2025-06-25 22:58:21.064231,2025-06-25 22:58:21.064232,c5.24xlarge,,0.5929,spot,us-east-1,b,bt.A.x,lowest-price,,,,,,,REVOCATION
2025-06-25 22:58:21.065494,2025-06-25 22:58:21.065496,c5.24xlarge,,0.5929,spot,us-east-1,b,bt.A.x,lowest-price,,,,,,,REVOCATION
2025-06-25 22:58:21.065713,2025-06-25 22:58:21.065716,c5.24xlarge,,0.5929,spot,us-east-1,b,bt.A.x,lowest-price,,,,,,,REVOCATION
2025-06-25 22:58:21.065880,2025-06-25 22:58:21.065890,c5.24xlarge,,0.5929,spot,us-east-1,b,bt.A.x,lowest-price,,,,,,,REVOCATION
2025-06-25 22:58:21.069250,2025-06-25 22:58:21.069252,c5.24xlarge,,0.5929,spot,us-east-1,b,bt.A.x,lowest-price,,,,,,,REVOCATION
2025-06-25 22:58:21.069295,2025-06-25 22:58:21.069298,c5.24xlarge,,0.5929,spot,us-east-1,b,bt.A.x,lowest-price,,,,,,,REVOCATION
2025-06-25 22:58:21.069741,2025-06-25 22:58:21.069742,c5.24xlarge,,0.5929,spot,us-east-1,b,bt.A.x,lowest-price,,,,,,,REVOCATION
2025-06-25 22:58:21.069892,2025-06-25 22:58:21.069894,c5.24xlarge,,0.5929,spot,us-east-1,b,bt.A.x,lowest-price,,,,,,,REVOCATION
2025-06-25 22:58:21.070030,2025-06-25 22:58:21.070031,c5.24xlarge,,0.5929,spot,us-east-1,b,bt.A.x,lowest-price,,,,,,,REVOCATION
2025-06-25 22:58:21.071218,2025-06-25 22:58:21.071221,c5.24xlarge,,0.5929,spot,us-east-1,b,bt.A.x,lowest-price,,,,,,,REVOCATION
2025-06-25 22:58:21.071427,2025-06-25 22:58:21.071429,c5.24xlarge,,0.5929,spot,us-east-1,b,bt.A.x,lowest-price,,,,,,,REVOCATION
2025-06-25 22:58:21.071558,2025-06-25 22:58:21.071559,c5.24xlarge,,0.5929,spot,us-east-1,b,bt.A.x,lowest-price,,,,,,,REVOCATION
2025-06-25 22:58:21.071710,2025-06-25 22:58:21.071712,c5.24xlarge,,0.5929,spot,us-east-1,b,bt.A.x,lowest-price,,,,,,,REVOCATION
2025-06-25 22:58:21.075195,2025-06-25 22:58:21.075196,c5.24xlarge,,0.5929,spot,us-east-1,b,bt.A.x,lowest-price,,,,,,,REVOCATION
2025-06-25 22:58:21.075272,2025-06-25 22:58:21.075274,c5.24xlarge,,0.5929,spot,us-east-1,b,bt.A.x,lowest-price,,,,,,,REVOCATION
2025-06-25 22:58:21.075470,2025-06-25 22:58:21.075471,c5.24xlarge,,0.5929,spot,us-east-1,b,bt.A.x,lowest-price,,,,,,,REVOCATION
2025-06-25 22:58:21.075595,2025-06-25 22:58:21.075596,c5.24xlarge,,0.5929,spot,us-east-1,b,bt.A.x,lowest-price,,,,,,,REVOCATION
2025-06-25 22:58:21.075726,2025-06-25 22:58:21.075727,c5.24xlarge,,0.5929,spot,us-east-1,b,bt.A.x,lowest-price,,,,,,,REVOCATION
2025-06-25 22:58:21.076976,2025-06-25 22:58:21.076979,c5.24xlarge,,0.5929,spot,us-east-1,b,bt.A.x,lowest-price,,,,,,,REVOCATION
2025-06-25 22:58:21.077138,2025-06-25 22:58:21.077139,c5.24xlarge,,0.5929,spot,us-east-1,b,bt.A.x,lowest-price,,,,,,,REVOCATION
2025-06-25 22:58:21.077292,2025-06-25 22:58:21.077294,c5.24xlarge,,0.5929,spot,us-east-1,b,bt.A.x,lowest-price,,,,,,,REVOCATION
2025-06-25 22:58:21.080915,2025-06-25 22:58:21.080916,c5.24xlarge,,0.5929,spot,us-east-1,b,bt.A.x,lowest-price,,,,,,,REVOCATION
2025-06-25 22:58:21.080943,2025-06-25 22:58:21.080945,c5.24xlarge,,0.5929,spot,us-east-1,b,bt.A.x,lowest-price,,,,,,,REVOCATION
2025-06-25 22:58:21.081367,2025-06-25 22:58:21.081368,c5.24xlarge,,0.5929,spot,us-east-1,b,bt.A.x,lowest-price,,,,,,,REVOCATION
2025-06-25 22:58:21.081537,2025-06-25 22:58:21.081538,c5.24xlarge,,0.5929,spot,us-east-1,b,bt.A.x,lowest-price,,,,,,,REVOCATION
2025-06-25 22:58:21.081709,2025-06-25 22:58:21.081712,c5.24xlarge,,0.5929,spot,us-east-1,b,bt.A.x,lowest-price,,,,,,,REVOCATION
2025-06-25 22:58:21.081837,2025-06-25 22:58:21.081838,c5.24xlarge,,0.5929,spot,us-east-1,b,bt.A.x,lowest-price,,,,,,,REVOCATION
2025-06-25 22:58:21.083073,2025-06-25 22:58:21.083076,c5.24xlarge,,0.5929,spot,us-east-1,b,bt.A.x,lowest-price,,,,,,,REVOCATION
2025-06-25 22:58:21.083287,2025-06-25 22:58:21.083289,c5.24xlarge,,0.5929,spot,us-east-1,b,bt.A.x,lowest-price,,,,,,,REVOCATION
2025-06-25 22:58:21.083466,2025-06-25 22:58:21.083469,c5.24xlarge,,0.5929,spot,us-east-1,b,bt.A.x,lowest-price,,,,,,,REVOCATION
2025-06-25 22:58:21.086982,2025-06-25 22:58:21.086985,c5.24xlarge,,0.5929,spot,us-east-1,b,bt.A.x,lowest-price,,,,,,,REVOCATION
2025-06-25 22:58:21.087082,2025-06-25 22:58:21.087084,c5.24xlarge,,0.5929,spot,us-east-1,b,bt.A.x,lowest-price,,,,,,,REVOCATION
2025-06-25 22:58:21.087272,2025-06-25 22:58:21.087274,c5.24xlarge,,0.5929,spot,us-east-1,b,bt.A.x,lowest-price,,,,,,,REVOCATION
2025-06-25 22:58:21.087445,2025-06-25 22:58:21.087447,c5.24xlarge,,0.5929,spot,us-east-1,b,bt.A.x,lowest-price,,,,,,,REVOCATION
2025-06-25 22:58:21.087587,2025-06-25 22:58:21.087588,c5.24xlarge,,0.5929,spot,us-east-1,b,bt.A.x,lowest-price,,,,,,,REVOCATION
2025-06-25 22:58:21.088836,2025-06-25 22:58:21.088838,c5.24xlarge,,0.5929,spot,us-east-1,b,bt.A.x,lowest-price,,,,,,,REVOCATION
2025-06-25 22:58:21.089029,2025-06-25 22:58:21.089031,c5.24xlarge,,0.5929,spot,us-east-1,b,bt.A.x,lowest-price,,,,,,,REVOCATION
2025-06-25 22:58:21.089200,2025-06-25 22:58:21.089202,c5.24xlarge,,0.5929,spot,us-east-1,b,bt.A.x,lowest-price,,,,,,,REVOCATION
2025-06-25 22:58:21.089363,2025-06-25 22:58:21.089365,c5.24xlarge,,0.5929,spot,us-east-1,b,bt.A.x,lowest-price,,,,,,,REVOCATION
2025-06-25 22:58:21.092637,2025-06-25 22:58:21.092639,c5.24xlarge,,0.5929,spot,us-east-1,b,bt.A.x,lowest-price,,,,,,,REVOCATION
2025-06-25 22:58:21.092673,2025-06-25 22:58:21.092675,c5.24xlarge,,0.5929,spot,us-east-1,b,bt.A.x,lowest-price,,,,,,,REVOCATION
2025-06-25 22:58:21.093133,2025-06-25 22:58:21.093134,c5.24xlarge,,0.5929,spot,us-east-1,b,bt.A.x,lowest-price,,,,,,,REVOCATION
2025-06-25 22:58:21.093287,2025-06-25 22:58:21.093288,c5.24xlarge,,0.5929,spot,us-east-1,b,bt.A.x,lowest-price,,,,,,,REVOCATION
2025-06-25 22:58:21.093420,2025-06-25 22:58:21.093421,c5.24xlarge,,0.5929,spot,us-east-1,b,bt.A.x,lowest-price,,,,,,,REVOCATION
2025-06-25 22:58:21.093551,2025-06-25 22:58:21.093552,c5.24xlarge,,0.5929,spot,us-east-1,b,bt.A.x,lowest-price,,,,,,,REVOCATION
2025-06-25 22:58:21.094661,2025-06-25 22:58:21.094663,c5.24xlarge,,0.5929,spot,us-east-1,b,bt.A.x,lowest-price,,,,,,,REVOCATION
2025-06-25 22:58:21.094915,2025-06-25 22:58:21.094918,c5.24xlarge,,0.5929,spot,us-east-1,b,bt.A.x,lowest-price,,,,,,,REVOCATION
2025-06-25 22:58:21.095081,2025-06-25 22:58:21.095082,c5.24xlarge,,0.5929,spot,us-east-1,b,bt.A.x,lowest-price,,,,,,,REVOCATION
2025-06-25 22:58:21.098505,2025-06-25 22:58:21.098507,c5.24xlarge,,0.5929,spot,us-east-1,b,bt.A.x,lowest-price,,,,,,,REVOCATION
2025-06-25 22:58:21.098545,2025-06-25 22:58:21.098547,c5.24xlarge,,0.5929,spot,us-east-1,b,bt.A.x,lowest-price,,,,,,,REVOCATION
2025-06-25 22:58:21.098953,2025-06-25 22:58:21.098955,c5.24xlarge,,0.5929,spot,us-east-1,b,bt.A.x,lowest-price,,,,,,,REVOCATION
2025-06-25 22:58:21.099090,2025-06-25 22:58:21.099091,c5.24xlarge,,0.5929,spot,us-east-1,b,bt.A.x,lowest-price,,,,,,,REVOCATION
2025-06-25 22:58:21.099229,2025-06-25 22:58:21.099230,c5.24xlarge,,0.5929,spot,us-east-1,b,bt.A.x,lowest-price,,,,,,,REVOCATION
2025-06-25 22:58:21.099352,2025-06-25 22:58:21.099352,c5.24xlarge,,0.5929,spot,us-east-1,b,bt.A.x,lowest-price,,,,,,,REVOCATION
2025-06-25 22:58:21.099478,2025-06-25 22:58:21.099479,c5.24xlarge,,0.5929,spot,us-east-1,b,bt.A.x,lowest-price,,,,,,,REVOCATION
2025-06-25 22:58:21.100750,2025-06-25 22:58:21.100753,c5.24xlarge,,0.5929,spot,us-east-1,b,bt.A.x,lowest-price,,,,,,,REVOCATION
2025-06-25 22:58:21.101297,2025-06-25 22:58:21.101298,c5.24xlarge,,0.5929,spot,us-east-1,b,bt.A.x,lowest-price,,,,,,,REVOCATION
2025-06-25 22:58:21.104704,2025-06-25 22:58:21.104706,c5.24xlarge,,0.5929,spot,us-east-1,b,bt.A.x,lowest-price,,,,,,,REVOCATION
2025-06-25 22:58:21.104743,2025-06-25 22:58:21.104744,c5.24xlarge,,0.5929,spot,us-east-1,b,bt.A.x,lowest-price,,,,,,,REVOCATION
2025-06-25 22:58:21.105195,2025-06-25 22:58:21.105197,c5.24xlarge,,0.5929,spot,us-east-1,b,bt.A.x,lowest-price,,,,,,,REVOCATION
2025-06-25 22:58:21.105382,2025-06-25 22:58:21.105384,c5.24xlarge,,0.5929,spot,us-east-1,b,bt.A.x,lowest-price,,,,,,,REVOCATION
2025-06-25 22:58:21.106628,2025-06-25 22:58:21.106630,c5.24xlarge,,0.5929,spot,us-east-1,b,bt.A.x,lowest-price,,,,,,,REVOCATION
2025-06-25 22:58:21.106826,2025-06-25 22:58:21.106827,c5.24xlarge,,0.5929,spot,us-east-1,b,bt.A.x,lowest-price,,,,,,,REVOCATION
2025-06-25 22:58:21.107001,2025-06-25 22:58:21.107004,c5.24xlarge,,0.5929,spot,us-east-1,b,bt.A.x,lowest-price,,,,,,,REVOCATION
2025-06-25 22:58:21.110335,2025-06-25 22:58:21.110338,c5.24xlarge,,0.5929,spot,us-east-1,b,bt.A.x,lowest-price,,,,,,,REVOCATION
2025-06-25 22:58:21.110428,2025-06-25 22:58:21.110431,c5.24xlarge,,0.5929,spot,us-east-1,b,bt.A.x,lowest-price,,,,,,,REVOCATION
2025-06-25 22:58:21.110639,2025-06-25 22:58:21.110642,c5.24xlarge,,0.5929,spot,us-east-1,b,bt.A.x,lowest-price,,,,,,,REVOCATION
2025-06-25 22:58:21.110786,2025-06-25 22:58:21.110787,c5.24xlarge,,0.5929,spot,us-east-1,b,bt.A.x,lowest-price,,,,,,,REVOCATION
2025-06-25 22:58:21.110947,2025-06-25 22:58:21.110948,c5.24xlarge,,0.5929,spot,us-east-1,b,bt.A.x,lowest-price,,,,,,,REVOCATION
2025-06-25 22:58:21.112371,2025-06-25 22:58:21.112374,c5.24xlarge,,0.5929,spot,us-east-1,b,bt.A.x,lowest-price,,,,,,,REVOCATION
2025-06-25 22:58:21.112630,2025-06-25 22:58:21.112631,c5.24xlarge,,0.5929,spot,us-east-1,b,bt.A.x,lowest-price,,,,,,,REVOCATION
2025-06-25 22:58:21.112785,2025-06-25 22:58:21.112787,c5.24xlarge,,0.5929,spot,us-east-1,b,bt.A.x,lowest-price,,,,,,,REVOCATION
2025-06-25 22:58:21.115956,2025-06-25 22:58:21.115957,c5.24xlarge,,0.5929,spot,us-east-1,b,bt.A.x,lowest-price,,,,,,,REVOCATION
2025-06-25 22:58:21.115986,2025-06-25 22:58:21.115988,c5.24xlarge,,0.5929,spot,us-east-1,b,bt.A.x,lowest-price,,,,,,,REVOCATION
2025-06-25 22:58:21.116426,2025-06-25 22:58:21.116428,c5.24xlarge,,0.5929,spot,us-east-1,b,bt.A.x,lowest-price,,,,,,,REVOCATION
2025-06-25 22:58:21.116575,2025-06-25 22:58:21.116576,c5.24xlarge,,0.5929,spot,us-east-1,b,bt.A.x,lowest-price,,,,,,,REVOCATION
2025-06-25 22:58:21.116700,2025-06-25 22:58:21.116701,c5.24xlarge,,0.5929,spot,us-east-1,b,bt.A.x,lowest-price,,,,,,,REVOCATION
2025-06-25 22:58:21.116818,2025-06-25 22:58:21.116819,c5.24xlarge,,0.5929,spot,us-east-1,b,bt.A.x,lowest-price,,,,,,,REVOCATION
2025-06-25 22:58:21.118103,2025-06-25 22:58:21.118105,c5.24xlarge,,0.5929,spot,us-east-1,b,bt.A.x,lowest-price,,,,,,,REVOCATION
2025-06-25 22:58:21.118289,2025-06-25 22:58:21.118290,c5.24xlarge,,0.5929,spot,us-east-1,b,bt.A.x,lowest-price,,,,,,,REVOCATION
2025-06-25 22:58:21.118434,2025-06-25 22:58:21.118437,c5.24xlarge,,0.5929,spot,us-east-1,b,bt.A.x,lowest-price,,,,,,,REVOCATION
2025-06-25 22:58:21.121647,2025-06-25 22:58:21.121648,c5.24xlarge,,0.5929,spot,us-east-1,b,bt.A.x,lowest-price,,,,,,,REVOCATION
2025-06-25 22:58:21.121675,2025-06-25 22:58:21.121676,c5.24xlarge,,0.5929,spot,us-east-1,b,bt.A.x,lowest-price,,,,,,,REVOCATION
2025-06-25 22:58:21.122083,2025-06-25 22:58:21.122085,c5.24xlarge,,0.5929,spot,us-east-1,b,bt.A.x,lowest-price,,,,,,,REVOCATION
2025-06-25 22:58:21.122228,2025-06-25 22:58:21.122229,c5.24xlarge,,0.5929,spot,us-east-1,b,bt.A.x,lowest-price,,,,,,,REVOCATION
2025-06-25 22:58:21.122363,2025-06-25 22:58:21.122364,c5.24xlarge,,0.5929,spot,us-east-1,b,bt.A.x,lowest-price,,,,,,,REVOCATION
2025-06-25 22:58:21.122493,2025-06-25 22:58:21.122494,c5.24xlarge,,0.5929,spot,us-east-1,b,bt.A.x,lowest-price,,,,,,,REVOCATION
2025-06-25 22:58:21.123762,2025-06-25 22:58:21.123765,c5.24xlarge,,0.5929,spot,us-east-1,b,bt.A.x,lowest-price,,,,,,,REVOCATION
2025-06-25 22:58:21.123933,2025-06-25 22:58:21.123935,c5.24xlarge,,0.5929,spot,us-east-1,b,bt.A.x,lowest-price,,,,,,,REVOCATION
2025-06-25 22:58:21.124056,2025-06-25 22:58:21.124057,c5.24xlarge,,0.5929,spot,us-east-1,b,bt.A.x,lowest-price,,,,,,,REVOCATION
2025-06-25 22:58:21.124194,2025-06-25 22:58:21.124196,c5.24xlarge,,0.5929,spot,us-east-1,b,bt.A.x,lowest-price,,,,,,,REVOCATION
2025-06-25 22:58:21.128024,2025-06-25 22:58:21.128027,c5.24xlarge,,0.5929,spot,us-east-1,b,bt.A.x,lowest-price,,,,,,,REVOCATION
2025-06-25 22:58:21.128107,2025-06-25 22:58:21.128109,c5.24xlarge,,0.5929,spot,us-east-1,b,bt.A.x,lowest-price,,,,,,,REVOCATION
2025-06-25 22:58:21.128328,2025-06-25 22:58:21.128330,c5.24xlarge,,0.5929,spot,us-east-1,b,bt.A.x,lowest-price,,,,,,,REVOCATION
2025-06-25 22:58:21.128498,2025-06-25 22:58:21.128500,c5.24xlarge,,0.5929,spot,us-east-1,b,bt.A.x,lowest-price,,,,,,,REVOCATION
2025-06-25 22:58:21.128627,2025-06-25 22:58:21.128628,c5.24xlarge,,0.5929,spot,us-east-1,b,bt.A.x,lowest-price,,,,,,,REVOCATION
2025-06-25 22:58:21.128786,2025-06-25 22:58:21.128789,c5.24xlarge,,0.5929,spot,us-east-1,b,bt.A.x,lowest-price,,,,,,,REVOCATION
2025-06-25 22:58:21.130043,2025-06-25 22:58:21.130044,c5.24xlarge,,0.5929,spot,us-east-1,b,bt.A.x,lowest-price,,,,,,,REVOCATION
2025-06-25 22:58:21.130176,2025-06-25 22:58:21.130177,c5.24xlarge,,0.5929,spot,us-east-1,b,bt.A.x,lowest-price,,,,,,,REVOCATION
2025-06-25 22:58:21.130333,2025-06-25 22:58:21.130336,c5.24xlarge,,0.5929,spot,us-east-1,b,bt.A.x,lowest-price,,,,,,,REVOCATION
2025-06-25 22:58:21.130542,2025-06-25 22:58:21.130543,c5.24xlarge,,0.5929,spot,us-east-1,b,bt.A.x,lowest-price,,,,,,,REVOCATION
2025-06-25 22:58:21.130567,2025-06-25 22:58:21.130569,c5.24xlarge,,0.5929,spot,us-east-1,b,bt.A.x,lowest-price,,,,,,,REVOCATION
2025-06-25 22:58:21.133735,2025-06-25 22:58:21.133736,c5.24xlarge,,0.5929,spot,us-east-1,b,bt.A.x,lowest-price,,,,,,,REVOCATION
2025-06-25 22:58:21.134113,2025-06-25 22:58:21.134115,c5.24xlarge,,0.5929,spot,us-east-1,b,bt.A.x,lowest-price,,,,,,,REVOCATION
2025-06-25 22:58:21.134347,2025-06-25 22:58:21.134349,c5.24xlarge,,0.5929,spot,us-east-1,b,bt.A.x,lowest-price,,,,,,,REVOCATION
2025-06-25 22:58:21.134482,2025-06-25 22:58:21.134483,c5.24xlarge,,0.5929,spot,us-east-1,b,bt.A.x,lowest-price,,,,,,,REVOCATION
2025-06-25 22:58:21.134599,2025-06-25 22:58:21.134600,c5.24xlarge,,0.5929,spot,us-east-1,b,bt.A.x,lowest-price,,,,,,,REVOCATION
2025-06-25 22:58:21.135875,2025-06-25 22:58:21.135876,c5.24xlarge,,0.5929,spot,us-east-1,b,bt.A.x,lowest-price,,,,,,,REVOCATION
2025-06-25 22:58:21.136047,2025-06-25 22:58:21.136049,c5.24xlarge,,0.5929,spot,us-east-1,b,bt.A.x,lowest-price,,,,,,,REVOCATION
2025-06-25 22:58:21.136214,2025-06-25 22:58:21.136216,c5.24xlarge,,0.5929,spot,us-east-1,b,bt.A.x,lowest-price,,,,,,,REVOCATION
2025-06-25 22:58:21.136450,2025-06-25 22:58:21.136452,c5.24xlarge,,0.5929,spot,us-east-1,b,bt.A.x,lowest-price,,,,,,,REVOCATION
2025-06-25 22:58:21.136478,2025-06-25 22:58:21.136481,c5.24xlarge,,0.5929,spot,us-east-1,b,bt.A.x,lowest-price,,,,,,,REVOCATION
2025-06-25 22:58:21.140241,2025-06-25 22:58:21.140243,c5.24xlarge,,0.5929,spot,us-east-1,b,bt.A.x,lowest-price,,,,,,,REVOCATION
2025-06-25 22:58:21.140406,2025-06-25 22:58:21.140407,c5.24xlarge,,0.5929,spot,us-east-1,b,bt.A.x,lowest-price,,,,,,,REVOCATION
2025-06-25 22:58:21.140568,2025-06-25 22:58:21.140570,c5.24xlarge,,0.5929,spot,us-east-1,b,bt.A.x,lowest-price,,,,,,,REVOCATION
2025-06-25 22:58:21.140699,2025-06-25 22:58:21.140700,c5.24xlarge,,0.5929,spot,us-east-1,b,bt.A.x,lowest-price,,,,,,,REVOCATION
2025-06-25 22:58:21.140847,2025-06-25 22:58:21.140848,c5.24xlarge,,0.5929,spot,us-east-1,b,bt.A.x,lowest-price,,,,,,,REVOCATION
2025-06-25 22:58:21.142205,2025-06-25 22:58:21.142208,c5.24xlarge,,0.5929,spot,us-east-1,b,bt.A.x,lowest-price,,,,,,,REVOCATION
2025-06-25 22:58:21.142408,2025-06-25 22:58:21.142411,c5.24xlarge,,0.5929,spot,us-east-1,b,bt.A.x,lowest-price,,,,,,,REVOCATION
2025-06-25 22:58:21.142582,2025-06-25 22:58:21.142584,c5.24xlarge,,0.5929,spot,us-east-1,b,bt.A.x,lowest-price,,,,,,,REVOCATION
2025-06-25 22:58:21.142790,2025-06-25 22:58:21.142791,c5.24xlarge,,0.5929,spot,us-east-1,b,bt.A.x,lowest-price,,,,,,,REVOCATION
2025-06-25 22:58:21.142814,2025-06-25 22:58:21.142817,c5.24xlarge,,0.5929,spot,us-east-1,b,bt.A.x,lowest-price,,,,,,,REVOCATION
2025-06-25 22:58:21.145903,2025-06-25 22:58:21.145905,c5.24xlarge,,0.5929,spot,us-east-1,b,bt.A.x,lowest-price,,,,,,,REVOCATION
2025-06-25 22:58:21.146259,2025-06-25 22:58:21.146261,c5.24xlarge,,0.5929,spot,us-east-1,b,bt.A.x,lowest-price,,,,,,,REVOCATION
2025-06-25 22:58:21.146408,2025-06-25 22:58:21.146409,c5.24xlarge,,0.5929,spot,us-east-1,b,bt.A.x,lowest-price,,,,,,,REVOCATION
2025-06-25 22:58:21.146534,2025-06-25 22:58:21.146535,c5.24xlarge,,0.5929,spot,us-east-1,b,bt.A.x,lowest-price,,,,,,,REVOCATION
2025-06-25 22:58:21.146647,2025-06-25 22:58:21.146648,c5.24xlarge,,0.5929,spot,us-east-1,b,bt.A.x,lowest-price,,,,,,,REVOCATION
2025-06-25 22:58:21.146761,2025-06-25 22:58:21.146762,c5.24xlarge,,0.5929,spot,us-east-1,b,bt.A.x,lowest-price,,,,,,,REVOCATION
2025-06-25 22:58:21.146933,2025-06-25 22:58:21.146935,c5.24xlarge,,0.5929,spot,us-east-1,b,bt.A.x,lowest-price,,,,,,,REVOCATION
2025-06-25 22:58:21.148144,2025-06-25 22:58:21.148147,c5.24xlarge,,0.5929,spot,us-east-1,b,bt.A.x,lowest-price,,,,,,,REVOCATION
2025-06-25 22:58:21.148286,2025-06-25 22:58:21.148286,c5.24xlarge,,0.5929,spot,us-east-1,b,bt.A.x,lowest-price,,,,,,,REVOCATION
2025-06-25 22:58:21.148408,2025-06-25 22:58:21.148409,c5.24xlarge,,0.5929,spot,us-east-1,b,bt.A.x,lowest-price,,,,,,,REVOCATION
2025-06-25 22:58:21.148638,2025-06-25 22:58:21.148640,c5.24xlarge,,0.5929,spot,us-east-1,b,bt.A.x,lowest-price,,,,,,,REVOCATION
2025-06-25 22:58:21.148667,2025-06-25 22:58:21.148669,c5.24xlarge,,0.5929,spot,us-east-1,b,bt.A.x,lowest-price,,,,,,,REVOCATION
2025-06-25 22:58:21.151840,2025-06-25 22:58:21.151841,c5.24xlarge,,0.5929,spot,us-east-1,b,bt.A.x,lowest-price,,,,,,,REVOCATION
2025-06-25 22:58:21.152227,2025-06-25 22:58:21.152229,c5.24xlarge,,0.5929,spot,us-east-1,b,bt.A.x,lowest-price,,,,,,,REVOCATION
2025-06-25 22:58:21.152383,2025-06-25 22:58:21.152384,c5.24xlarge,,0.5929,spot,us-east-1,b,bt.A.x,lowest-price,,,,,,,REVOCATION
2025-06-25 22:58:21.152503,2025-06-25 22:58:21.152504,c5.24xlarge,,0.5929,spot,us-east-1,b,bt.A.x,lowest-price,,,,,,,REVOCATION
2025-06-25 22:58:21.152624,2025-06-25 22:58:21.152625,c5.24xlarge,,0.5929,spot,us-east-1,b,bt.A.x,lowest-price,,,,,,,REVOCATION
2025-06-25 22:58:21.152738,2025-06-25 22:58:21.152739,c5.24xlarge,,0.5929,spot,us-east-1,b,bt.A.x,lowest-price,,,,,,,REVOCATION
2025-06-25 22:58:21.152857,2025-06-25 22:58:21.152857,c5.24xlarge,,0.5929,spot,us-east-1,b,bt.A.x,lowest-price,,,,,,,REVOCATION
2025-06-25 22:58:21.154148,2025-06-25 22:58:21.154149,c5.24xlarge,,0.5929,spot,us-east-1,b,bt.A.x,lowest-price,,,,,,,REVOCATION
2025-06-25 22:58:21.154286,2025-06-25 22:58:21.154287,c5.24xlarge,,0.5929,spot,us-east-1,b,bt.A.x,lowest-price,,,,,,,REVOCATION
2025-06-25 22:58:21.154451,2025-06-25 22:58:21.154453,c5.24xlarge,,0.5929,spot,us-east-1,b,bt.A.x,lowest-price,,,,,,,REVOCATION
2025-06-25 22:58:21.154688,2025-06-25 22:58:21.154690,c5.24xlarge,,0.5929,spot,us-east-1,b,bt.A.x,lowest-price,,,,,,,REVOCATION
2025-06-25 22:58:21.154718,2025-06-25 22:58:21.154720,c5.24xlarge,,0.5929,spot,us-east-1,b,bt.A.x,lowest-price,,,,,,,REVOCATION
2025-06-25 22:58:21.157942,2025-06-25 22:58:21.157945,c5.24xlarge,,0.5929,spot,us-east-1,b,bt.A.x,lowest-price,,,,,,,REVOCATION
2025-06-25 22:58:21.158325,2025-06-25 22:58:21.158326,c5.24xlarge,,0.5929,spot,us-east-1,b,bt.A.x,lowest-price,,,,,,,REVOCATION
2025-06-25 22:58:21.158469,2025-06-25 22:58:21.158470,c5.24xlarge,,0.5929,spot,us-east-1,b,bt.A.x,lowest-price,,,,,,,REVOCATION
2025-06-25 22:58:21.158593,2025-06-25 22:58:21.158594,c5.24xlarge,,0.5929,spot,us-east-1,b,bt.A.x,lowest-price,,,,,,,REVOCATION
2025-06-25 22:58:21.158709,2025-06-25 22:58:21.158710,c5.24xlarge,,0.5929,spot,us-east-1,b,bt.A.x,lowest-price,,,,,,,REVOCATION
2025-06-25 22:58:21.158820,2025-06-25 22:58:21.158821,c5.24xlarge,,0.5929,spot,us-east-1,b,bt.A.x,lowest-price,,,,,,,REVOCATION
2025-06-25 22:58:21.158952,2025-06-25 22:58:21.158953,c5.24xlarge,,0.5929,spot,us-east-1,b,bt.A.x,lowest-price,,,,,,,REVOCATION
2025-06-25 22:58:21.160267,2025-06-25 22:58:21.160269,c5.24xlarge,,0.5929,spot,us-east-1,b,bt.A.x,lowest-price,,,,,,,REVOCATION
2025-06-25 22:58:21.160404,2025-06-25 22:58:21.160405,c5.24xlarge,,0.5929,spot,us-east-1,b,bt.A.x,lowest-price,,,,,,,REVOCATION
2025-06-25 22:58:21.160518,2025-06-25 22:58:21.160519,c5.24xlarge,,0.5929,spot,us-east-1,b,bt.A.x,lowest-price,,,,,,,REVOCATION
2025-06-25 22:58:21.160651,2025-06-25 22:58:21.160654,c5.24xlarge,,0.5929,spot,us-east-1,b,bt.A.x,lowest-price,,,,,,,REVOCATION
2025-06-25 22:58:21.163982,2025-06-25 22:58:21.163985,c5.24xlarge,,0.5929,spot,us-east-1,b,bt.A.x,lowest-price,,,,,,,REVOCATION
2025-06-25 22:58:21.164054,2025-06-25 22:58:21.164057,c5.24xlarge,,0.5929,spot,us-east-1,b,bt.A.x,lowest-price,,,,,,,REVOCATION
2025-06-25 22:58:21.164430,2025-06-25 22:58:21.164432,c5.24xlarge,,0.5929,spot,us-east-1,b,bt.A.x,lowest-price,,,,,,,REVOCATION
2025-06-25 22:58:21.164585,2025-06-25 22:58:21.164586,c5.24xlarge,,0.5929,spot,us-east-1,b,bt.A.x,lowest-price,,,,,,,REVOCATION
2025-06-25 22:58:21.164708,2025-06-25 22:58:21.164708,c5.24xlarge,,0.5929,spot,us-east-1,b,bt.A.x,lowest-price,,,,,,,REVOCATION
2025-06-25 22:58:21.164831,2025-06-25 22:58:21.164832,c5.24xlarge,,0.5929,spot,us-east-1,b,bt.A.x,lowest-price,,,,,,,REVOCATION
2025-06-25 22:58:21.164995,2025-06-25 22:58:21.164997,c5.24xlarge,,0.5929,spot,us-east-1,b,bt.A.x,lowest-price,,,,,,,REVOCATION
2025-06-25 22:58:21.165122,2025-06-25 22:58:21.165123,c5.24xlarge,,0.5929,spot,us-east-1,b,bt.A.x,lowest-price,,,,,,,REVOCATION
2025-06-25 22:58:21.166426,2025-06-25 22:58:21.166427,c5.24xlarge,,0.5929,spot,us-east-1,b,bt.A.x,lowest-price,,,,,,,REVOCATION
2025-06-25 22:58:21.166559,2025-06-25 22:58:21.166560,c5.24xlarge,,0.5929,spot,us-east-1,b,bt.A.x,lowest-price,,,,,,,REVOCATION
2025-06-25 22:58:21.166678,2025-06-25 22:58:21.166679,c5.24xlarge,,0.5929,spot,us-east-1,b,bt.A.x,lowest-price,,,,,,,REVOCATION
2025-06-25 22:58:21.166835,2025-06-25 22:58:21.166837,c5.24xlarge,,0.5929,spot,us-east-1,b,bt.A.x,lowest-price,,,,,,,REVOCATION
2025-06-25 22:58:21.167078,2025-06-25 22:58:21.167080,c5.24xlarge,,0.5929,spot,us-east-1,b,bt.A.x,lowest-price,,,,,,,REVOCATION
2025-06-25 22:58:21.167104,2025-06-25 22:58:21.167106,c5.24xlarge,,0.5929,spot,us-east-1,b,bt.A.x,lowest-price,,,,,,,REVOCATION
2025-06-25 22:58:21.170284,2025-06-25 22:58:21.170285,c5.24xlarge,,0.5929,spot,us-east-1,b,bt.A.x,lowest-price,,,,,,,REVOCATION
2025-06-25 22:58:21.170622,2025-06-25 22:58:21.170623,c5.24xlarge,,0.5929,spot,us-east-1,b,bt.A.x,lowest-price,,,,,,,REVOCATION
2025-06-25 22:58:21.170765,2025-06-25 22:58:21.170766,c5.24xlarge,,0.5929,spot,us-east-1,b,bt.A.x,lowest-price,,,,,,,REVOCATION
2025-06-25 22:58:21.170880,2025-06-25 22:58:21.170886,c5.24xlarge,,0.5929,spot,us-east-1,b,bt.A.x,lowest-price,,,,,,,REVOCATION
2025-06-25 22:58:21.171004,2025-06-25 22:58:21.171005,c5.24xlarge,,0.5929,spot,us-east-1,b,bt.A.x,lowest-price,,,,,,,REVOCATION
2025-06-25 22:58:21.171122,2025-06-25 22:58:21.171123,c5.24xlarge,,0.5929,spot,us-east-1,b,bt.A.x,lowest-price,,,,,,,REVOCATION
2025-06-25 22:58:21.172453,2025-06-25 22:58:21.172456,c5.24xlarge,,0.5929,spot,us-east-1,b,bt.A.x,lowest-price,,,,,,,REVOCATION
2025-06-25 22:58:21.172710,2025-06-25 22:58:21.172712,c5.24xlarge,,0.5929,spot,us-east-1,b,bt.A.x,lowest-price,,,,,,,REVOCATION
2025-06-25 22:58:21.172849,2025-06-25 22:58:21.172850,c5.24xlarge,,0.5929,spot,us-east-1,b,bt.A.x,lowest-price,,,,,,,REVOCATION
2025-06-25 22:58:21.172997,2025-06-25 22:58:21.173000,c5.24xlarge,,0.5929,spot,us-east-1,b,bt.A.x,lowest-price,,,,,,,REVOCATION
2025-06-25 22:58:21.176415,2025-06-25 22:58:21.176417,c5.24xlarge,,0.5929,spot,us-east-1,b,bt.A.x,lowest-price,,,,,,,REVOCATION
2025-06-25 22:58:21.176448,2025-06-25 22:58:21.176450,c5.24xlarge,,0.5929,spot,us-east-1,b,bt.A.x,lowest-price,,,,,,,REVOCATION
2025-06-25 22:58:21.176831,2025-06-25 22:58:21.176833,c5.24xlarge,,0.5929,spot,us-east-1,b,bt.A.x,lowest-price,,,,,,,REVOCATION
2025-06-25 22:58:21.177032,2025-06-25 22:58:21.177034,c5.24xlarge,,0.5929,spot,us-east-1,b,bt.A.x,lowest-price,,,,,,,REVOCATION
2025-06-25 22:58:21.177159,2025-06-25 22:58:21.177160,c5.24xlarge,,0.5929,spot,us-east-1,b,bt.A.x,lowest-price,,,,,,,REVOCATION
2025-06-25 22:58:21.177279,2025-06-25 22:58:21.177280,c5.24xlarge,,0.5929,spot,us-east-1,b,bt.A.x,lowest-price,,,,,,,REVOCATION
2025-06-25 22:58:21.177395,2025-06-25 22:58:21.177396,c5.24xlarge,,0.5929,spot,us-east-1,b,bt.A.x,lowest-price,,,,,,,REVOCATION
2025-06-25 22:58:21.178718,2025-06-25 22:58:21.178719,c5.24xlarge,,0.5929,spot,us-east-1,b,bt.A.x,lowest-price,,,,,,,REVOCATION
2025-06-25 22:58:21.178852,2025-06-25 22:58:21.178853,c5.24xlarge,,0.5929,spot,us-east-1,b,bt.A.x,lowest-price,,,,,,,REVOCATION
2025-06-25 22:58:21.178978,2025-06-25 22:58:21.178979,c5.24xlarge,,0.5929,spot,us-east-1,b,bt.A.x,lowest-price,,,,,,,REVOCATION
2025-06-25 22:58:21.179128,2025-06-25 22:58:21.179130,c5.24xlarge,,0.5929,spot,us-east-1,b,bt.A.x,lowest-price,,,,,,,REVOCATION
2025-06-25 22:58:21.182426,2025-06-25 22:58:21.182427,c5.24xlarge,,0.5929,spot,us-east-1,b,bt.A.x,lowest-price,,,,,,,REVOCATION
2025-06-25 22:58:21.182452,2025-06-25 22:58:21.182455,c5.24xlarge,,0.5929,spot,us-east-1,b,bt.A.x,lowest-price,,,,,,,REVOCATION
2025-06-25 22:58:21.182791,2025-06-25 22:58:21.182792,c5.24xlarge,,0.5929,spot,us-east-1,b,bt.A.x,lowest-price,,,,,,,REVOCATION
2025-06-25 22:58:21.182998,2025-06-25 22:58:21.183000,c5.24xlarge,,0.5929,spot,us-east-1,b,bt.A.x,lowest-price,,,,,,,REVOCATION
2025-06-25 22:58:21.183136,2025-06-25 22:58:21.183137,c5.24xlarge,,0.8034,spot,us-east-1,a,bt.A.x,lowest-price,,,,,,,REVOCATION
2025-06-25 22:58:21.183268,2025-06-25 22:58:21.183269,c5.24xlarge,,0.8034,spot,us-east-1,a,bt.A.x,lowest-price,,,,,,,REVOCATION
2025-06-25 22:58:21.183388,2025-06-25 22:58:21.183389,c5.24xlarge,,0.8034,spot,us-east-1,a,bt.A.x,lowest-price,,,,,,,REVOCATION
2025-06-25 22:58:21.183550,2025-06-25 22:58:21.183552,c5.24xlarge,,0.8034,spot,us-east-1,a,bt.A.x,lowest-price,,,,,,,REVOCATION
2025-06-25 22:58:21.185012,2025-06-25 22:58:21.185014,c5.24xlarge,,0.8034,spot,us-east-1,a,bt.A.x,lowest-price,,,,,,,REVOCATION
2025-06-25 22:58:21.185159,2025-06-25 22:58:21.185159,c5.24xlarge,,0.8034,spot,us-east-1,a,bt.A.x,lowest-price,,,,,,,REVOCATION
2025-06-25 22:58:21.185285,2025-06-25 22:58:21.185286,c5.24xlarge,,0.8034,spot,us-east-1,a,bt.A.x,lowest-price,,,,,,,REVOCATION
2025-06-25 22:58:21.185477,2025-06-25 22:58:21.185478,c5.24xlarge,,0.8034,spot,us-east-1,a,bt.A.x,lowest-price,,,,,,,REVOCATION
2025-06-25 22:58:21.185500,2025-06-25 22:58:21.185503,c5.24xlarge,,0.8034,spot,us-east-1,a,bt.A.x,lowest-price,,,,,,,REVOCATION
2025-06-25 22:58:21.188911,2025-06-25 22:58:21.188913,c5.24xlarge,,0.8034,spot,us-east-1,a,bt.A.x,lowest-price,,,,,,,REVOCATION
2025-06-25 22:58:21.189166,2025-06-25 22:58:21.189169,c5.24xlarge,,0.8034,spot,us-east-1,a,bt.A.x,lowest-price,,,,,,,REVOCATION
2025-06-25 22:58:21.189334,2025-06-25 22:58:21.189335,c5.24xlarge,,0.8034,spot,us-east-1,a,bt.A.x,lowest-price,,,,,,,REVOCATION
2025-06-25 22:58:21.189457,2025-06-25 22:58:21.189458,c5.24xlarge,,0.8034,spot,us-east-1,a,bt.A.x,lowest-price,,,,,,,REVOCATION
2025-06-25 22:58:21.189581,2025-06-25 22:58:21.189582,c5.24xlarge,,0.8034,spot,us-east-1,a,bt.A.x,lowest-price,,,,,,,REVOCATION
2025-06-25 22:58:21.189713,2025-06-25 22:58:21.189714,c5.24xlarge,,0.8034,spot,us-east-1,a,bt.A.x,lowest-price,,,,,,,REVOCATION
2025-06-25 22:58:21.191146,2025-06-25 22:58:21.191148,c5.24xlarge,,0.8034,spot,us-east-1,a,bt.A.x,lowest-price,,,,,,,REVOCATION
2025-06-25 22:58:21.191323,2025-06-25 22:58:21.191324,c5.24xlarge,,0.8034,spot,us-east-1,a,bt.A.x,lowest-price,,,,,,,REVOCATION
2025-06-25 22:58:21.191462,2025-06-25 22:58:21.191464,c5.24xlarge,,0.8034,spot,us-east-1,a,bt.A.x,lowest-price,,,,,,,REVOCATION
2025-06-25 22:58:21.194889,2025-06-25 22:58:21.194892,c5.24xlarge,,0.8034,spot,us-east-1,a,bt.A.x,lowest-price,,,,,,,REVOCATION
2025-06-25 22:58:21.195032,2025-06-25 22:58:21.195035,c5.24xlarge,,0.8034,spot,us-east-1,a,bt.A.x,lowest-price,,,,,,,REVOCATION
2025-06-25 22:58:21.195211,2025-06-25 22:58:21.195212,c5.24xlarge,,0.8034,spot,us-east-1,a,bt.A.x,lowest-price,,,,,,,REVOCATION
2025-06-25 22:58:21.195336,2025-06-25 22:58:21.195336,c5.24xlarge,,0.8034,spot,us-east-1,a,bt.A.x,lowest-price,,,,,,,REVOCATION
2025-06-25 22:58:21.195458,2025-06-25 22:58:21.195459,c5.24xlarge,,0.8034,spot,us-east-1,a,bt.A.x,lowest-price,,,,,,,REVOCATION
2025-06-25 22:58:21.195578,2025-06-25 22:58:21.195579,c5.24xlarge,,0.8034,spot,us-east-1,a,bt.A.x,lowest-price,,,,,,,REVOCATION
2025-06-25 22:58:21.195695,2025-06-25 22:58:21.195696,c5.24xlarge,,0.8034,spot,us-east-1,a,bt.A.x,lowest-price,,,,,,,REVOCATION
2025-06-25 22:58:21.197186,2025-06-25 22:58:21.197188,c5.24xlarge,,0.8034,spot,us-east-1,a,bt.A.x,lowest-price,,,,,,,REVOCATION
2025-06-25 22:58:21.197336,2025-06-25 22:58:21.197337,c5.24xlarge,,0.8034,spot,us-east-1,a,bt.A.x,lowest-price,,,,,,,REVOCATION
2025-06-25 22:58:21.197461,2025-06-25 22:58:21.197462,c5.24xlarge,,0.8034,spot,us-east-1,a,bt.A.x,lowest-price,,,,,,,REVOCATION
2025-06-25 22:58:21.200795,2025-06-25 22:58:21.200797,c5.24xlarge,,0.8034,spot,us-east-1,a,bt.A.x,lowest-price,,,,,,,REVOCATION
2025-06-25 22:58:21.200848,2025-06-25 22:58:21.200851,c5.24xlarge,,0.8034,spot,us-east-1,a,bt.A.x,lowest-price,,,,,,,REVOCATION
2025-06-25 22:58:21.201268,2025-06-25 22:58:21.201270,c5.24xlarge,,0.8034,spot,us-east-1,a,bt.A.x,lowest-price,,,,,,,REVOCATION
2025-06-25 22:58:21.201483,2025-06-25 22:58:21.201486,c5.24xlarge,,0.8034,spot,us-east-1,a,bt.A.x,lowest-price,,,,,,,REVOCATION
2025-06-25 22:58:21.201646,2025-06-25 22:58:21.201647,c5.24xlarge,,0.8034,spot,us-east-1,a,bt.A.x,lowest-price,,,,,,,REVOCATION
2025-06-25 22:58:21.201782,2025-06-25 22:58:21.201783,c5.24xlarge,,0.8034,spot,us-east-1,a,bt.A.x,lowest-price,,,,,,,REVOCATION
2025-06-25 22:58:21.201977,2025-06-25 22:58:21.201979,c5.24xlarge,,0.8034,spot,us-east-1,a,bt.A.x,lowest-price,,,,,,,REVOCATION
2025-06-25 22:58:21.203426,2025-06-25 22:58:21.203428,c5.24xlarge,,0.8034,spot,us-east-1,a,bt.A.x,lowest-price,,,,,,,REVOCATION
2025-06-25 22:58:21.203574,2025-06-25 22:58:21.203575,c5.24xlarge,,0.8034,spot,us-east-1,a,bt.A.x,lowest-price,,,,,,,REVOCATION
2025-06-25 22:58:21.203698,2025-06-25 22:58:21.203699,c5.24xlarge,,0.8034,spot,us-east-1,a,bt.A.x,lowest-price,,,,,,,REVOCATION
2025-06-25 22:58:21.203840,2025-06-25 22:58:21.203842,c5.24xlarge,,0.8034,spot,us-east-1,a,bt.A.x,lowest-price,,,,,,,REVOCATION
2025-06-25 22:58:21.207233,2025-06-25 22:58:21.207235,c5.24xlarge,,0.8034,spot,us-east-1,a,bt.A.x,lowest-price,,,,,,,REVOCATION
2025-06-25 22:58:21.207263,2025-06-25 22:58:21.207264,c5.24xlarge,,0.8034,spot,us-east-1,a,bt.A.x,lowest-price,,,,,,,REVOCATION
2025-06-25 22:58:21.207626,2025-06-25 22:58:21.207627,c5.24xlarge,,0.8034,spot,us-east-1,a,bt.A.x,lowest-price,,,,,,,REVOCATION
2025-06-25 22:58:21.207774,2025-06-25 22:58:21.207775,c5.24xlarge,,0.8034,spot,us-east-1,a,bt.A.x,lowest-price,,,,,,,REVOCATION
2025-06-25 22:58:21.207907,2025-06-25 22:58:21.207908,c5.24xlarge,,0.8034,spot,us-east-1,a,bt.A.x,lowest-price,,,,,,,REVOCATION
2025-06-25 22:58:21.208034,2025-06-25 22:58:21.208034,c5.24xlarge,,0.8034,spot,us-east-1,a,bt.A.x,lowest-price,,,,,,,REVOCATION
2025-06-25 22:58:21.208204,2025-06-25 22:58:21.208206,c5.24xlarge,,0.8034,spot,us-east-1,a,bt.A.x,lowest-price,,,,,,,REVOCATION
2025-06-25 22:58:21.209652,2025-06-25 22:58:21.209654,c5.24xlarge,,0.8034,spot,us-east-1,a,bt.A.x,lowest-price,,,,,,,REVOCATION
2025-06-25 22:58:21.209814,2025-06-25 22:58:21.209816,c5.24xlarge,,0.8034,spot,us-east-1,a,bt.A.x,lowest-price,,,,,,,REVOCATION
2025-06-25 22:58:21.209959,2025-06-25 22:58:21.209962,c5.24xlarge,,0.8034,spot,us-east-1,a,bt.A.x,lowest-price,,,,,,,REVOCATION
2025-06-26 12:41:43.891796,2025-06-26 12:44:09.659729,r5.24xlarge,,0.6048,spot,us-east-1,c,bt.A.x,lowest-price,,,,,,,InsufficientInstanceCapacity
2025-06-26 12:41:43.891796,2025-06-26 12:44:09.670686,r5.24xlarge,,0.6048,spot,us-east-1,c,bt.A.x,lowest-price,,,,,,,InsufficientFreeAddressesInSubnet
2025-06-26 12:41:43.891796,2025-06-26 12:44:09.679438,r5.24xlarge,,0.6048,spot,us-east-1,c,bt.A.x,lowest-price,,,,,,,InsufficientInstanceCapacity
2025-06-26 12:41:43.891796,2025-06-26 12:44:13.153717,r5.24xlarge,,0.6048,spot,us-east-1,c,bt.A.x,lowest-price,,,,,,,InsufficientInstanceCapacity
2025-06-26 12:41:43.891796,2025-06-26 12:44:13.163214,r5.24xlarge,,0.6048,spot,us-east-1,c,bt.A.x,lowest-price,,,,,,,InsufficientFreeAddressesInSubnet
2025-06-26 12:41:43.891796,2025-06-26 12:44:13.171870,r5.24xlarge,,0.6048,spot,us-east-1,c,bt.A.x,lowest-price,,,,,,,InsufficientInstanceCapacity
2025-06-26 12:41:43.891796,2025-06-26 12:44:17.345318,m6a.24xlarge,,0.7679,spot,us-east-1,f,bt.A.x,lowest-price,,,,,,,InsufficientInstanceCapacity
2025-06-26 12:41:43.891796,2025-06-26 12:44:17.354481,m6a.24xlarge,,0.7679,spot,us-east-1,f,bt.A.x,lowest-price,,,,,,,InsufficientInstanceCapacity
2025-06-26 12:41:43.891796,2025-06-26 12:44:17.362777,m6a.24xlarge,,0.7679,spot,us-east-1,f,bt.A.x,lowest-price,,,,,,,InsufficientFreeAddressesInSubnet
2025-06-26 12:41:43.891796,2025-06-26 12:44:17.371037,m6a.24xlarge,,0.7679,spot,us-east-1,f,bt.A.x,lowest-price,,,,,,,InsufficientInstanceCapacity
2025-06-26 12:45:02.584725,2025-06-26 12:45:02.584728,c5.24xlarge,,0.6048,spot,us-east-1,b,bt.A.x,lowest-price,,,,,,,REVOCATION
2025-06-26 12:45:02.590712,2025-06-26 12:45:02.590716,c5.24xlarge,,0.6048,spot,us-east-1,b,bt.A.x,lowest-price,,,,,,,REVOCATION
2025-06-26 12:45:02.590920,2025-06-26 12:45:02.590923,c5.24xlarge,,0.6048,spot,us-east-1,b,bt.A.x,lowest-price,,,,,,,REVOCATION
2025-06-26 12:45:02.591104,2025-06-26 12:45:02.591107,c5.24xlarge,,0.6048,spot,us-east-1,b,bt.A.x,lowest-price,,,,,,,REVOCATION
2025-06-26 12:45:02.591284,2025-06-26 12:45:02.591287,c5.24xlarge,,0.6048,spot,us-east-1,b,bt.A.x,lowest-price,,,,,,,REVOCATION
2025-06-26 12:45:02.591449,2025-06-26 12:45:02.591452,c5.24xlarge,,0.6048,spot,us-east-1,b,bt.A.x,lowest-price,,,,,,,REVOCATION
2025-06-26 12:45:02.594525,2025-06-26 12:45:02.594528,c5.24xlarge,,0.6048,spot,us-east-1,b,bt.A.x,lowest-price,,,,,,,REVOCATION
2025-06-26 12:45:02.595065,2025-06-26 12:45:02.595067,c5.24xlarge,,0.6048,spot,us-east-1,b,bt.A.x,lowest-price,,,,,,,REVOCATION
2025-06-26 12:45:02.595237,2025-06-26 12:45:02.595240,c5.24xlarge,,0.6048,spot,us-east-1,b,bt.A.x,lowest-price,,,,,,,REVOCATION
2025-06-26 12:45:02.595559,2025-06-26 12:45:02.595561,c5.24xlarge,,0.6048,spot,us-east-1,b,bt.A.x,lowest-price,,,,,,,REVOCATION
2025-06-26 12:45:02.595609,2025-06-26 12:45:02.595612,c5.24xlarge,,0.6048,spot,us-east-1,b,bt.A.x,lowest-price,,,,,,,REVOCATION
2025-06-26 12:45:02.603334,2025-06-26 12:45:02.603337,c5.24xlarge,,0.6048,spot,us-east-1,b,bt.A.x,lowest-price,,,,,,,REVOCATION
2025-06-26 12:45:02.603848,2025-06-26 12:45:02.603851,c5.24xlarge,,0.6048,spot,us-east-1,b,bt.A.x,lowest-price,,,,,,,REVOCATION
2025-06-26 12:45:02.604023,2025-06-26 12:45:02.604026,c5.24xlarge,,0.6048,spot,us-east-1,b,bt.A.x,lowest-price,,,,,,,REVOCATION
2025-06-26 12:45:02.604186,2025-06-26 12:45:02.604189,c5.24xlarge,,0.6048,spot,us-east-1,b,bt.A.x,lowest-price,,,,,,,REVOCATION
2025-06-26 12:45:02.604872,2025-06-26 12:45:02.604874,c5.24xlarge,,0.6048,spot,us-east-1,b,bt.A.x,lowest-price,,,,,,,REVOCATION
2025-06-26 12:45:02.609215,2025-06-26 12:45:02.609218,c5.24xlarge,,0.6048,spot,us-east-1,b,bt.A.x,lowest-price,,,,,,,REVOCATION
2025-06-26 12:45:02.609395,2025-06-26 12:45:02.609396,c5.24xlarge,,0.6048,spot,us-east-1,b,bt.A.x,lowest-price,,,,,,,REVOCATION
2025-06-26 12:45:02.609522,2025-06-26 12:45:02.609523,c5.24xlarge,,0.6048,spot,us-east-1,b,bt.A.x,lowest-price,,,,,,,REVOCATION
2025-06-26 12:45:02.609655,2025-06-26 12:45:02.609656,c5.24xlarge,,0.6048,spot,us-east-1,b,bt.A.x,lowest-price,,,,,,,REVOCATION
2025-06-26 12:45:02.615313,2025-06-26 12:45:02.615317,c5.24xlarge,,0.6048,spot,us-east-1,b,bt.A.x,lowest-price,,,,,,,REVOCATION
2025-06-26 12:45:02.615411,2025-06-26 12:45:02.615414,c5.24xlarge,,0.6048,spot,us-east-1,b,bt.A.x,lowest-price,,,,,,,REVOCATION
2025-06-26 12:45:02.615878,2025-06-26 12:45:02.615880,c5.24xlarge,,0.6048,spot,us-east-1,b,bt.A.x,lowest-price,,,,,,,REVOCATION
2025-06-26 12:45:02.616016,2025-06-26 12:45:02.616017,c5.24xlarge,,0.6048,spot,us-east-1,b,bt.A.x,lowest-price,,,,,,,REVOCATION
2025-06-26 12:45:02.616146,2025-06-26 12:45:02.616147,c5.24xlarge,,0.6048,spot,us-east-1,b,bt.A.x,lowest-price,,,,,,,REVOCATION
2025-06-26 12:45:02.616263,2025-06-26 12:45:02.616264,c5.24xlarge,,0.6048,spot,us-east-1,b,bt.A.x,lowest-price,,,,,,,REVOCATION
2025-06-26 12:45:02.616740,2025-06-26 12:45:02.616741,c5.24xlarge,,0.6048,spot,us-east-1,b,bt.A.x,lowest-price,,,,,,,REVOCATION
2025-06-26 12:45:02.619746,2025-06-26 12:45:02.619749,c5.24xlarge,,0.6048,spot,us-east-1,b,bt.A.x,lowest-price,,,,,,,REVOCATION
2025-06-26 12:45:02.619944,2025-06-26 12:45:02.619947,c5.24xlarge,,0.6048,spot,us-east-1,b,bt.A.x,lowest-price,,,,,,,REVOCATION
2025-06-26 12:45:02.620135,2025-06-26 12:45:02.620137,c5.24xlarge,,0.6048,spot,us-east-1,b,bt.A.x,lowest-price,,,,,,,REVOCATION
2025-06-26 12:45:02.620290,2025-06-26 12:45:02.620291,c5.24xlarge,,0.6048,spot,us-east-1,b,bt.A.x,lowest-price,,,,,,,REVOCATION
2025-06-26 12:45:02.625361,2025-06-26 12:45:02.625364,c5.24xlarge,,0.6048,spot,us-east-1,b,bt.A.x,lowest-price,,,,,,,REVOCATION
2025-06-26 12:45:02.625442,2025-06-26 12:45:02.625445,c5.24xlarge,,0.6048,spot,us-east-1,b,bt.A.x,lowest-price,,,,,,,REVOCATION
2025-06-26 12:45:02.625866,2025-06-26 12:45:02.625867,c5.24xlarge,,0.6048,spot,us-east-1,b,bt.A.x,lowest-price,,,,,,,REVOCATION
2025-06-26 12:45:02.626055,2025-06-26 12:45:02.626057,c5.24xlarge,,0.6048,spot,us-east-1,b,bt.A.x,lowest-price,,,,,,,REVOCATION
2025-06-26 12:45:02.626238,2025-06-26 12:45:02.626240,c5.24xlarge,,0.6048,spot,us-east-1,b,bt.A.x,lowest-price,,,,,,,REVOCATION
2025-06-26 12:45:02.626758,2025-06-26 12:45:02.626760,c5.24xlarge,,0.6048,spot,us-east-1,b,bt.A.x,lowest-price,,,,,,,REVOCATION
2025-06-26 12:45:02.629466,2025-06-26 12:45:02.629469,c5.24xlarge,,0.6048,spot,us-east-1,b,bt.A.x,lowest-price,,,,,,,REVOCATION
2025-06-26 12:45:02.629639,2025-06-26 12:45:02.629641,c5.24xlarge,,0.6048,spot,us-east-1,b,bt.A.x,lowest-price,,,,,,,REVOCATION
2025-06-26 12:45:02.629821,2025-06-26 12:45:02.629824,c5.24xlarge,,0.6048,spot,us-east-1,b,bt.A.x,lowest-price,,,,,,,REVOCATION
2025-06-26 12:45:02.630022,2025-06-26 12:45:02.630024,c5.24xlarge,,0.6048,spot,us-east-1,b,bt.A.x,lowest-price,,,,,,,REVOCATION
2025-06-26 12:45:02.630606,2025-06-26 12:45:02.630609,c5.24xlarge,,0.6048,spot,us-east-1,b,bt.A.x,lowest-price,,,,,,,REVOCATION
2025-06-26 12:45:02.630641,2025-06-26 12:45:02.630642,c5.24xlarge,,0.6048,spot,us-east-1,b,bt.A.x,lowest-price,,,,,,,REVOCATION
2025-06-26 12:45:02.635853,2025-06-26 12:45:02.635856,c5.24xlarge,,0.6048,spot,us-east-1,b,bt.A.x,lowest-price,,,,,,,REVOCATION
2025-06-26 12:45:02.636056,2025-06-26 12:45:02.636059,c5.24xlarge,,0.6048,spot,us-east-1,b,bt.A.x,lowest-price,,,,,,,REVOCATION
2025-06-26 12:45:02.636216,2025-06-26 12:45:02.636218,c5.24xlarge,,0.6048,spot,us-east-1,b,bt.A.x,lowest-price,,,,,,,REVOCATION
2025-06-26 12:45:02.639297,2025-06-26 12:45:02.639299,c5.24xlarge,,0.6048,spot,us-east-1,b,bt.A.x,lowest-price,,,,,,,REVOCATION
2025-06-26 12:45:02.639747,2025-06-26 12:45:02.639749,c5.24xlarge,,0.6048,spot,us-east-1,b,bt.A.x,lowest-price,,,,,,,REVOCATION
2025-06-26 12:45:02.639912,2025-06-26 12:45:02.639914,c5.24xlarge,,0.6048,spot,us-east-1,b,bt.A.x,lowest-price,,,,,,,REVOCATION
2025-06-26 12:45:02.645525,2025-06-26 12:45:02.645528,c5.24xlarge,,0.6048,spot,us-east-1,b,bt.A.x,lowest-price,,,,,,,REVOCATION
2025-06-26 12:45:02.645619,2025-06-26 12:45:02.645622,c5.24xlarge,,0.6048,spot,us-east-1,b,bt.A.x,lowest-price,,,,,,,REVOCATION
2025-06-26 12:45:02.645822,2025-06-26 12:45:02.645824,c5.24xlarge,,0.6048,spot,us-east-1,b,bt.A.x,lowest-price,,,,,,,REVOCATION
2025-06-26 12:45:02.645995,2025-06-26 12:45:02.645997,c5.24xlarge,,0.6048,spot,us-east-1,b,bt.A.x,lowest-price,,,,,,,REVOCATION
2025-06-26 12:45:02.646164,2025-06-26 12:45:02.646167,c5.24xlarge,,0.6048,spot,us-east-1,b,bt.A.x,lowest-price,,,,,,,REVOCATION
2025-06-26 12:45:02.646329,2025-06-26 12:45:02.646332,c5.24xlarge,,0.6048,spot,us-east-1,b,bt.A.x,lowest-price,,,,,,,REVOCATION
2025-06-26 12:45:02.650174,2025-06-26 12:45:02.650177,c5.24xlarge,,0.6048,spot,us-east-1,b,bt.A.x,lowest-price,,,,,,,REVOCATION
2025-06-26 12:45:02.650366,2025-06-26 12:45:02.650369,c5.24xlarge,,0.6048,spot,us-east-1,b,bt.A.x,lowest-price,,,,,,,REVOCATION
2025-06-26 12:45:02.650512,2025-06-26 12:45:02.650513,c5.24xlarge,,0.6048,spot,us-east-1,b,bt.A.x,lowest-price,,,,,,,REVOCATION
2025-06-26 12:45:02.650640,2025-06-26 12:45:02.650642,c5.24xlarge,,0.6048,spot,us-east-1,b,bt.A.x,lowest-price,,,,,,,REVOCATION
2025-06-26 12:45:02.650773,2025-06-26 12:45:02.650775,c5.24xlarge,,0.6048,spot,us-east-1,b,bt.A.x,lowest-price,,,,,,,REVOCATION
2025-06-26 12:45:02.656168,2025-06-26 12:45:02.656171,c5.24xlarge,,0.6048,spot,us-east-1,b,bt.A.x,lowest-price,,,,,,,REVOCATION
2025-06-26 12:45:02.656253,2025-06-26 12:45:02.656255,c5.24xlarge,,0.6048,spot,us-east-1,b,bt.A.x,lowest-price,,,,,,,REVOCATION
2025-06-26 12:45:02.656451,2025-06-26 12:45:02.656452,c5.24xlarge,,0.6048,spot,us-east-1,b,bt.A.x,lowest-price,,,,,,,REVOCATION
2025-06-26 12:45:02.656617,2025-06-26 12:45:02.656619,c5.24xlarge,,0.6048,spot,us-east-1,b,bt.A.x,lowest-price,,,,,,,REVOCATION
2025-06-26 12:45:02.656806,2025-06-26 12:45:02.656808,c5.24xlarge,,0.6048,spot,us-east-1,b,bt.A.x,lowest-price,,,,,,,REVOCATION
2025-06-26 12:45:02.656960,2025-06-26 12:45:02.656963,c5.24xlarge,,0.6048,spot,us-east-1,b,bt.A.x,lowest-price,,,,,,,REVOCATION
2025-06-26 12:45:02.657495,2025-06-26 12:45:02.657496,c5.24xlarge,,0.6048,spot,us-east-1,b,bt.A.x,lowest-price,,,,,,,REVOCATION
2025-06-26 12:45:02.660217,2025-06-26 12:45:02.660218,c5.24xlarge,,0.6048,spot,us-east-1,b,bt.A.x,lowest-price,,,,,,,REVOCATION
2025-06-26 12:45:02.660353,2025-06-26 12:45:02.660354,c5.24xlarge,,0.6048,spot,us-east-1,b,bt.A.x,lowest-price,,,,,,,REVOCATION
2025-06-26 12:45:02.660477,2025-06-26 12:45:02.660478,c5.24xlarge,,0.6048,spot,us-east-1,b,bt.A.x,lowest-price,,,,,,,REVOCATION
2025-06-26 12:45:02.660692,2025-06-26 12:45:02.660695,c5.24xlarge,,0.6048,spot,us-east-1,b,bt.A.x,lowest-price,,,,,,,REVOCATION
2025-06-26 12:45:02.665938,2025-06-26 12:45:02.665941,c5.24xlarge,,0.6048,spot,us-east-1,b,bt.A.x,lowest-price,,,,,,,REVOCATION
2025-06-26 12:45:02.666021,2025-06-26 12:45:02.666023,c5.24xlarge,,0.6048,spot,us-east-1,b,bt.A.x,lowest-price,,,,,,,REVOCATION
2025-06-26 12:45:02.666218,2025-06-26 12:45:02.666219,c5.24xlarge,,0.6048,spot,us-east-1,b,bt.A.x,lowest-price,,,,,,,REVOCATION
2025-06-26 12:45:02.666402,2025-06-26 12:45:02.666405,c5.24xlarge,,0.6048,spot,us-east-1,b,bt.A.x,lowest-price,,,,,,,REVOCATION
2025-06-26 12:45:02.666533,2025-06-26 12:45:02.666535,c5.24xlarge,,0.6048,spot,us-east-1,b,bt.A.x,lowest-price,,,,,,,REVOCATION
2025-06-26 12:45:02.667003,2025-06-26 12:45:02.667004,c5.24xlarge,,0.6048,spot,us-east-1,b,bt.A.x,lowest-price,,,,,,,REVOCATION
2025-06-26 12:45:02.667147,2025-06-26 12:45:02.667148,c5.24xlarge,,0.6048,spot,us-east-1,b,bt.A.x,lowest-price,,,,,,,REVOCATION
2025-06-26 12:45:02.667265,2025-06-26 12:45:02.667266,c5.24xlarge,,0.6048,spot,us-east-1,b,bt.A.x,lowest-price,,,,,,,REVOCATION
2025-06-26 12:45:02.667403,2025-06-26 12:45:02.667404,c5.24xlarge,,0.6048,spot,us-east-1,b,bt.A.x,lowest-price,,,,,,,REVOCATION
2025-06-26 12:45:02.667530,2025-06-26 12:45:02.667531,c5.24xlarge,,0.6048,spot,us-east-1,b,bt.A.x,lowest-price,,,,,,,REVOCATION
2025-06-26 12:45:02.667654,2025-06-26 12:45:02.667655,c5.24xlarge,,0.6048,spot,us-east-1,b,bt.A.x,lowest-price,,,,,,,REVOCATION
2025-06-26 12:45:02.667785,2025-06-26 12:45:02.667786,c5.24xlarge,,0.6048,spot,us-east-1,b,bt.A.x,lowest-price,,,,,,,REVOCATION
2025-06-26 12:45:02.667962,2025-06-26 12:45:02.667964,c5.24xlarge,,0.6048,spot,us-east-1,b,bt.A.x,lowest-price,,,,,,,REVOCATION
2025-06-26 12:45:02.668165,2025-06-26 12:45:02.668166,c5.24xlarge,,0.6048,spot,us-east-1,b,bt.A.x,lowest-price,,,,,,,REVOCATION
2025-06-26 12:45:02.668291,2025-06-26 12:45:02.668291,c5.24xlarge,,0.6048,spot,us-east-1,b,bt.A.x,lowest-price,,,,,,,REVOCATION
2025-06-26 12:45:02.668464,2025-06-26 12:45:02.668467,c5.24xlarge,,0.6048,spot,us-east-1,b,bt.A.x,lowest-price,,,,,,,REVOCATION
2025-06-26 12:45:02.668628,2025-06-26 12:45:02.668631,c5.24xlarge,,0.6048,spot,us-east-1,b,bt.A.x,lowest-price,,,,,,,REVOCATION
2025-06-26 12:45:02.668793,2025-06-26 12:45:02.668795,c5.24xlarge,,0.6048,spot,us-east-1,b,bt.A.x,lowest-price,,,,,,,REVOCATION
2025-06-26 12:45:02.668948,2025-06-26 12:45:02.668950,c5.24xlarge,,0.6048,spot,us-east-1,b,bt.A.x,lowest-price,,,,,,,REVOCATION
2025-06-26 12:45:02.669082,2025-06-26 12:45:02.669083,c5.24xlarge,,0.6048,spot,us-east-1,b,bt.A.x,lowest-price,,,,,,,REVOCATION
2025-06-26 12:45:02.669259,2025-06-26 12:45:02.669262,c5.24xlarge,,0.6048,spot,us-east-1,b,bt.A.x,lowest-price,,,,,,,REVOCATION
2025-06-26 12:45:02.669389,2025-06-26 12:45:02.669390,c5.24xlarge,,0.6048,spot,us-east-1,b,bt.A.x,lowest-price,,,,,,,REVOCATION
2025-06-26 12:45:02.669525,2025-06-26 12:45:02.669527,c5.24xlarge,,0.6048,spot,us-east-1,b,bt.A.x,lowest-price,,,,,,,REVOCATION
2025-06-26 12:45:02.669683,2025-06-26 12:45:02.669686,c5.24xlarge,,0.6048,spot,us-east-1,b,bt.A.x,lowest-price,,,,,,,REVOCATION
2025-06-26 12:45:02.669852,2025-06-26 12:45:02.669854,c5.24xlarge,,0.6048,spot,us-east-1,b,bt.A.x,lowest-price,,,,,,,REVOCATION
2025-06-26 12:45:02.669981,2025-06-26 12:45:02.669982,c5.24xlarge,,0.6048,spot,us-east-1,b,bt.A.x,lowest-price,,,,,,,REVOCATION
2025-06-26 12:45:02.670105,2025-06-26 12:45:02.670105,c5.24xlarge,,0.6048,spot,us-east-1,b,bt.A.x,lowest-price,,,,,,,REVOCATION
2025-06-26 12:45:02.670281,2025-06-26 12:45:02.670282,c5.24xlarge,,0.6048,spot,us-east-1,b,bt.A.x,lowest-price,,,,,,,REVOCATION
2025-06-26 12:45:02.670404,2025-06-26 12:45:02.670405,c5.24xlarge,,0.6048,spot,us-east-1,b,bt.A.x,lowest-price,,,,,,,REVOCATION
2025-06-26 12:45:02.670523,2025-06-26 12:45:02.670524,c5.24xlarge,,0.6048,spot,us-east-1,b,bt.A.x,lowest-price,,,,,,,REVOCATION
2025-06-26 12:45:02.670643,2025-06-26 12:45:02.670643,c5.24xlarge,,0.6048,spot,us-east-1,b,bt.A.x,lowest-price,,,,,,,REVOCATION
2025-06-26 12:45:02.670762,2025-06-26 12:45:02.670763,c5.24xlarge,,0.6048,spot,us-east-1,b,bt.A.x,lowest-price,,,,,,,REVOCATION
2025-06-26 12:45:02.670881,2025-06-26 12:45:02.670882,c5.24xlarge,,0.6048,spot,us-east-1,b,bt.A.x,lowest-price,,,,,,,REVOCATION
2025-06-26 12:45:02.670995,2025-06-26 12:45:02.670996,c5.24xlarge,,0.6048,spot,us-east-1,b,bt.A.x,lowest-price,,,,,,,REVOCATION
2025-06-26 12:45:02.671115,2025-06-26 12:45:02.671116,c5.24xlarge,,0.6048,spot,us-east-1,b,bt.A.x,lowest-price,,,,,,,REVOCATION
2025-06-26 12:45:02.671275,2025-06-26 12:45:02.671277,c5.24xlarge,,0.6048,spot,us-east-1,b,bt.A.x,lowest-price,,,,,,,REVOCATION
2025-06-26 12:45:02.671754,2025-06-26 12:45:02.671756,c5.24xlarge,,0.6048,spot,us-east-1,b,bt.A.x,lowest-price,,,,,,,REVOCATION
2025-06-26 12:45:02.671894,2025-06-26 12:45:02.671895,c5.24xlarge,,0.6048,spot,us-east-1,b,bt.A.x,lowest-price,,,,,,,REVOCATION
2025-06-26 12:45:02.672015,2025-06-26 12:45:02.672016,c5.24xlarge,,0.6048,spot,us-east-1,b,bt.A.x,lowest-price,,,,,,,REVOCATION
2025-06-26 12:45:02.672140,2025-06-26 12:45:02.672141,c5.24xlarge,,0.6048,spot,us-east-1,b,bt.A.x,lowest-price,,,,,,,REVOCATION
2025-06-26 12:45:02.672330,2025-06-26 12:45:02.672332,c5.24xlarge,,0.6048,spot,us-east-1,b,bt.A.x,lowest-price,,,,,,,REVOCATION
2025-06-26 12:45:02.672456,2025-06-26 12:45:02.672457,c5.24xlarge,,0.6048,spot,us-east-1,b,bt.A.x,lowest-price,,,,,,,REVOCATION
2025-06-26 12:45:02.672619,2025-06-26 12:45:02.672622,c5.24xlarge,,0.6048,spot,us-east-1,b,bt.A.x,lowest-price,,,,,,,REVOCATION
2025-06-26 12:45:02.672842,2025-06-26 12:45:02.672844,c5.24xlarge,,0.6048,spot,us-east-1,b,bt.A.x,lowest-price,,,,,,,REVOCATION
2025-06-26 12:45:02.672982,2025-06-26 12:45:02.672983,c5.24xlarge,,0.6048,spot,us-east-1,b,bt.A.x,lowest-price,,,,,,,REVOCATION
2025-06-26 12:45:02.673110,2025-06-26 12:45:02.673111,c5.24xlarge,,0.6048,spot,us-east-1,b,bt.A.x,lowest-price,,,,,,,REVOCATION
2025-06-26 12:45:02.673240,2025-06-26 12:45:02.673241,c5.24xlarge,,0.6048,spot,us-east-1,b,bt.A.x,lowest-price,,,,,,,REVOCATION
2025-06-26 12:45:02.673358,2025-06-26 12:45:02.673359,c5.24xlarge,,0.6048,spot,us-east-1,b,bt.A.x,lowest-price,,,,,,,REVOCATION
2025-06-26 12:45:02.673492,2025-06-26 12:45:02.673493,c5.24xlarge,,0.6048,spot,us-east-1,b,bt.A.x,lowest-price,,,,,,,REVOCATION
2025-06-26 12:45:02.673612,2025-06-26 12:45:02.673613,c5.24xlarge,,0.6048,spot,us-east-1,b,bt.A.x,lowest-price,,,,,,,REVOCATION
2025-06-26 12:45:02.673729,2025-06-26 12:45:02.673730,c5.24xlarge,,0.6048,spot,us-east-1,b,bt.A.x,lowest-price,,,,,,,REVOCATION
2025-06-26 12:45:02.673846,2025-06-26 12:45:02.673847,c5.24xlarge,,0.6048,spot,us-east-1,b,bt.A.x,lowest-price,,,,,,,REVOCATION
2025-06-26 12:45:02.673977,2025-06-26 12:45:02.673978,c5.24xlarge,,0.6048,spot,us-east-1,b,bt.A.x,lowest-price,,,,,,,REVOCATION
2025-06-26 12:45:02.674149,2025-06-26 12:45:02.674150,c5.24xlarge,,0.6048,spot,us-east-1,b,bt.A.x,lowest-price,,,,,,,REVOCATION
2025-06-26 12:45:02.674273,2025-06-26 12:45:02.674274,c5.24xlarge,,0.6048,spot,us-east-1,b,bt.A.x,lowest-price,,,,,,,REVOCATION
2025-06-26 12:45:02.674395,2025-06-26 12:45:02.674396,c5.24xlarge,,0.6048,spot,us-east-1,b,bt.A.x,lowest-price,,,,,,,REVOCATION
2025-06-26 12:45:02.674515,2025-06-26 12:45:02.674515,c5.24xlarge,,0.6048,spot,us-east-1,b,bt.A.x,lowest-price,,,,,,,REVOCATION
2025-06-26 12:45:02.674635,2025-06-26 12:45:02.674636,c5.24xlarge,,0.6048,spot,us-east-1,b,bt.A.x,lowest-price,,,,,,,REVOCATION
2025-06-26 12:45:02.674753,2025-06-26 12:45:02.674754,c5.24xlarge,,0.6048,spot,us-east-1,b,bt.A.x,lowest-price,,,,,,,REVOCATION
2025-06-26 12:45:02.674868,2025-06-26 12:45:02.674869,c5.24xlarge,,0.6048,spot,us-east-1,b,bt.A.x,lowest-price,,,,,,,REVOCATION
2025-06-26 12:45:02.674985,2025-06-26 12:45:02.674986,c5.24xlarge,,0.6048,spot,us-east-1,b,bt.A.x,lowest-price,,,,,,,REVOCATION
2025-06-26 12:45:02.675101,2025-06-26 12:45:02.675102,c5.24xlarge,,0.6048,spot,us-east-1,b,bt.A.x,lowest-price,,,,,,,REVOCATION
2025-06-26 12:45:02.675250,2025-06-26 12:45:02.675251,c5.24xlarge,,0.6048,spot,us-east-1,b,bt.A.x,lowest-price,,,,,,,REVOCATION
2025-06-26 12:45:02.675378,2025-06-26 12:45:02.675379,c5.24xlarge,,0.6048,spot,us-east-1,b,bt.A.x,lowest-price,,,,,,,REVOCATION
2025-06-26 12:45:02.675519,2025-06-26 12:45:02.675522,c5.24xlarge,,0.6048,spot,us-east-1,b,bt.A.x,lowest-price,,,,,,,REVOCATION
2025-06-26 12:45:02.675695,2025-06-26 12:45:02.675696,c5.24xlarge,,0.6048,spot,us-east-1,b,bt.A.x,lowest-price,,,,,,,REVOCATION
2025-06-26 12:45:02.675827,2025-06-26 12:45:02.675828,c5.24xlarge,,0.6048,spot,us-east-1,b,bt.A.x,lowest-price,,,,,,,REVOCATION
2025-06-26 12:45:02.676332,2025-06-26 12:45:02.676335,c5.24xlarge,,0.6048,spot,us-east-1,b,bt.A.x,lowest-price,,,,,,,REVOCATION
2025-06-26 12:45:02.676505,2025-06-26 12:45:02.676507,c5.24xlarge,,0.6048,spot,us-east-1,b,bt.A.x,lowest-price,,,,,,,REVOCATION
2025-06-26 12:45:02.676662,2025-06-26 12:45:02.676664,c5.24xlarge,,0.6048,spot,us-east-1,b,bt.A.x,lowest-price,,,,,,,REVOCATION
2025-06-26 12:45:02.676823,2025-06-26 12:45:02.676825,c5.24xlarge,,0.6048,spot,us-east-1,b,bt.A.x,lowest-price,,,,,,,REVOCATION
2025-06-26 12:45:02.677044,2025-06-26 12:45:02.677046,c5.24xlarge,,0.6048,spot,us-east-1,b,bt.A.x,lowest-price,,,,,,,REVOCATION
2025-06-26 12:45:02.677203,2025-06-26 12:45:02.677204,c5.24xlarge,,0.6048,spot,us-east-1,b,bt.A.x,lowest-price,,,,,,,REVOCATION
2025-06-26 12:45:02.677337,2025-06-26 12:45:02.677338,c5.24xlarge,,0.6048,spot,us-east-1,b,bt.A.x,lowest-price,,,,,,,REVOCATION
2025-06-26 12:45:02.677483,2025-06-26 12:45:02.677485,c5.24xlarge,,0.6048,spot,us-east-1,b,bt.A.x,lowest-price,,,,,,,REVOCATION
2025-06-26 12:45:02.677625,2025-06-26 12:45:02.677627,c5.24xlarge,,0.6048,spot,us-east-1,b,bt.A.x,lowest-price,,,,,,,REVOCATION
2025-06-26 12:45:02.677753,2025-06-26 12:45:02.677753,c5.24xlarge,,0.6048,spot,us-east-1,b,bt.A.x,lowest-price,,,,,,,REVOCATION
2025-06-26 12:45:02.677882,2025-06-26 12:45:02.677883,c5.24xlarge,,0.6048,spot,us-east-1,b,bt.A.x,lowest-price,,,,,,,REVOCATION
2025-06-26 12:45:02.678068,2025-06-26 12:45:02.678070,c5.24xlarge,,0.6048,spot,us-east-1,b,bt.A.x,lowest-price,,,,,,,REVOCATION
2025-06-26 12:45:02.678221,2025-06-26 12:45:02.678222,c5.24xlarge,,0.6048,spot,us-east-1,b,bt.A.x,lowest-price,,,,,,,REVOCATION
2025-06-26 12:45:02.678336,2025-06-26 12:45:02.678337,c5.24xlarge,,0.6048,spot,us-east-1,b,bt.A.x,lowest-price,,,,,,,REVOCATION
2025-06-26 12:45:02.678457,2025-06-26 12:45:02.678458,c5.24xlarge,,0.6048,spot,us-east-1,b,bt.A.x,lowest-price,,,,,,,REVOCATION
2025-06-26 12:45:02.678596,2025-06-26 12:45:02.678598,c5.24xlarge,,0.6048,spot,us-east-1,b,bt.A.x,lowest-price,,,,,,,REVOCATION
2025-06-26 12:45:02.678741,2025-06-26 12:45:02.678742,c5.24xlarge,,0.6048,spot,us-east-1,b,bt.A.x,lowest-price,,,,,,,REVOCATION
2025-06-26 12:45:02.678869,2025-06-26 12:45:02.678870,c5.24xlarge,,0.6048,spot,us-east-1,b,bt.A.x,lowest-price,,,,,,,REVOCATION
2025-06-26 12:45:02.679012,2025-06-26 12:45:02.679014,c5.24xlarge,,0.6048,spot,us-east-1,b,bt.A.x,lowest-price,,,,,,,REVOCATION
2025-06-26 12:45:02.679149,2025-06-26 12:45:02.679150,c5.24xlarge,,0.6048,spot,us-east-1,b,bt.A.x,lowest-price,,,,,,,REVOCATION
2025-06-26 12:45:02.679261,2025-06-26 12:45:02.679262,c5.24xlarge,,0.6048,spot,us-east-1,b,bt.A.x,lowest-price,,,,,,,REVOCATION
2025-06-26 12:45:02.679384,2025-06-26 12:45:02.679385,c5.24xlarge,,0.6048,spot,us-east-1,b,bt.A.x,lowest-price,,,,,,,REVOCATION
2025-06-26 12:45:02.679495,2025-06-26 12:45:02.679495,c5.24xlarge,,0.6048,spot,us-east-1,b,bt.A.x,lowest-price,,,,,,,REVOCATION
2025-06-26 12:45:02.679631,2025-06-26 12:45:02.679633,c5.24xlarge,,0.6048,spot,us-east-1,b,bt.A.x,lowest-price,,,,,,,REVOCATION
2025-06-26 12:45:02.679818,2025-06-26 12:45:02.679820,c5.24xlarge,,0.6048,spot,us-east-1,b,bt.A.x,lowest-price,,,,,,,REVOCATION
2025-06-26 12:45:02.679935,2025-06-26 12:45:02.679936,c5.24xlarge,,0.6048,spot,us-east-1,b,bt.A.x,lowest-price,,,,,,,REVOCATION
2025-06-26 12:45:02.680066,2025-06-26 12:45:02.680067,c5.24xlarge,,0.6048,spot,us-east-1,b,bt.A.x,lowest-price,,,,,,,REVOCATION
2025-06-26 12:45:02.680208,2025-06-26 12:45:02.680210,c5.24xlarge,,0.6048,spot,us-east-1,b,bt.A.x,lowest-price,,,,,,,REVOCATION
2025-06-26 12:45:02.680334,2025-06-26 12:45:02.680335,c5.24xlarge,,0.6048,spot,us-east-1,b,bt.A.x,lowest-price,,,,,,,REVOCATION
2025-06-26 12:45:02.680461,2025-06-26 12:45:02.680462,c5.24xlarge,,0.6048,spot,us-east-1,b,bt.A.x,lowest-price,,,,,,,REVOCATION
2025-06-26 12:45:02.680589,2025-06-26 12:45:02.680590,c5.24xlarge,,0.6048,spot,us-east-1,b,bt.A.x,lowest-price,,,,,,,REVOCATION
2025-06-26 12:45:02.680713,2025-06-26 12:45:02.680714,c5.24xlarge,,0.6048,spot,us-east-1,b,bt.A.x,lowest-price,,,,,,,REVOCATION
2025-06-26 12:45:02.680837,2025-06-26 12:45:02.680838,c5.24xlarge,,0.6048,spot,us-east-1,b,bt.A.x,lowest-price,,,,,,,REVOCATION
2025-06-26 12:45:02.680979,2025-06-26 12:45:02.680980,c5.24xlarge,,0.6048,spot,us-east-1,b,bt.A.x,lowest-price,,,,,,,REVOCATION
2025-06-26 12:45:02.681112,2025-06-26 12:45:02.681113,c5.24xlarge,,0.6048,spot,us-east-1,b,bt.A.x,lowest-price,,,,,,,REVOCATION
2025-06-26 12:45:02.681289,2025-06-26 12:45:02.681292,c5.24xlarge,,0.6048,spot,us-east-1,b,bt.A.x,lowest-price,,,,,,,REVOCATION
2025-06-26 12:45:02.681457,2025-06-26 12:45:02.681458,c5.24xlarge,,0.6048,spot,us-east-1,b,bt.A.x,lowest-price,,,,,,,REVOCATION
2025-06-26 12:45:02.681573,2025-06-26 12:45:02.681573,c5.24xlarge,,0.6048,spot,us-east-1,b,bt.A.x,lowest-price,,,,,,,REVOCATION
2025-06-26 12:45:02.681691,2025-06-26 12:45:02.681692,c5.24xlarge,,0.6048,spot,us-east-1,b,bt.A.x,lowest-price,,,,,,,REVOCATION
2025-06-26 12:45:02.681861,2025-06-26 12:45:02.681862,c5.24xlarge,,0.6048,spot,us-east-1,b,bt.A.x,lowest-price,,,,,,,REVOCATION
2025-06-26 12:45:02.681996,2025-06-26 12:45:02.681997,c5.24xlarge,,0.6048,spot,us-east-1,b,bt.A.x,lowest-price,,,,,,,REVOCATION
2025-06-26 12:45:02.682110,2025-06-26 12:45:02.682111,c5.24xlarge,,0.6048,spot,us-east-1,b,bt.A.x,lowest-price,,,,,,,REVOCATION
2025-06-26 12:45:02.682258,2025-06-26 12:45:02.682259,c5.24xlarge,,0.6048,spot,us-east-1,b,bt.A.x,lowest-price,,,,,,,REVOCATION
2025-06-26 12:45:02.685362,2025-06-26 12:45:02.685364,c5.24xlarge,,0.6048,spot,us-east-1,b,bt.A.x,lowest-price,,,,,,,REVOCATION
2025-06-26 12:45:02.685576,2025-06-26 12:45:02.685579,c5.24xlarge,,0.6048,spot,us-east-1,b,bt.A.x,lowest-price,,,,,,,REVOCATION
2025-06-26 12:45:02.685707,2025-06-26 12:45:02.685708,c5.24xlarge,,0.6048,spot,us-east-1,b,bt.A.x,lowest-price,,,,,,,REVOCATION
2025-06-26 12:45:02.685848,2025-06-26 12:45:02.685850,c5.24xlarge,,0.6048,spot,us-east-1,b,bt.A.x,lowest-price,,,,,,,REVOCATION
2025-06-26 12:45:02.686182,2025-06-26 12:45:02.686184,c5.24xlarge,,0.6048,spot,us-east-1,b,bt.A.x,lowest-price,,,,,,,REVOCATION
2025-06-26 12:45:02.686209,2025-06-26 12:45:02.686210,c5.24xlarge,,0.6048,spot,us-east-1,b,bt.A.x,lowest-price,,,,,,,REVOCATION
2025-06-26 12:45:02.691210,2025-06-26 12:45:02.691212,c5.24xlarge,,0.6048,spot,us-east-1,b,bt.A.x,lowest-price,,,,,,,REVOCATION
2025-06-26 12:45:02.691623,2025-06-26 12:45:02.691626,c5.24xlarge,,0.6048,spot,us-east-1,b,bt.A.x,lowest-price,,,,,,,REVOCATION
2025-06-26 12:45:02.691792,2025-06-26 12:45:02.691793,c5.24xlarge,,0.6048,spot,us-east-1,b,bt.A.x,lowest-price,,,,,,,REVOCATION
2025-06-26 12:45:02.691952,2025-06-26 12:45:02.691955,c5.24xlarge,,0.6048,spot,us-east-1,b,bt.A.x,lowest-price,,,,,,,REVOCATION
2025-06-26 12:45:02.692142,2025-06-26 12:45:02.692144,c5.24xlarge,,0.6048,spot,us-east-1,b,bt.A.x,lowest-price,,,,,,,REVOCATION
2025-06-26 12:45:02.692287,2025-06-26 12:45:02.692288,c5.24xlarge,,0.6048,spot,us-east-1,b,bt.A.x,lowest-price,,,,,,,REVOCATION
2025-06-26 12:45:02.692853,2025-06-26 12:45:02.692855,c5.24xlarge,,0.6048,spot,us-east-1,b,bt.A.x,lowest-price,,,,,,,REVOCATION
2025-06-26 12:45:02.695495,2025-06-26 12:45:02.695496,c5.24xlarge,,0.6048,spot,us-east-1,b,bt.A.x,lowest-price,,,,,,,REVOCATION
2025-06-26 12:45:02.695695,2025-06-26 12:45:02.695697,c5.24xlarge,,0.6048,spot,us-east-1,b,bt.A.x,lowest-price,,,,,,,REVOCATION
2025-06-26 12:45:02.695864,2025-06-26 12:45:02.695866,c5.24xlarge,,0.6048,spot,us-east-1,b,bt.A.x,lowest-price,,,,,,,REVOCATION
2025-06-26 12:45:02.696035,2025-06-26 12:45:02.696036,c5.24xlarge,,0.6048,spot,us-east-1,b,bt.A.x,lowest-price,,,,,,,REVOCATION
2025-06-26 12:45:02.701183,2025-06-26 12:45:02.701186,c5.24xlarge,,0.6048,spot,us-east-1,b,bt.A.x,lowest-price,,,,,,,REVOCATION
2025-06-26 12:45:02.701274,2025-06-26 12:45:02.701275,c5.24xlarge,,0.6048,spot,us-east-1,b,bt.A.x,lowest-price,,,,,,,REVOCATION
2025-06-26 12:45:02.701689,2025-06-26 12:45:02.701691,c5.24xlarge,,0.6048,spot,us-east-1,b,bt.A.x,lowest-price,,,,,,,REVOCATION
2025-06-26 12:45:02.701876,2025-06-26 12:45:02.701879,c5.24xlarge,,0.6048,spot,us-east-1,b,bt.A.x,lowest-price,,,,,,,REVOCATION
2025-06-26 12:45:02.702036,2025-06-26 12:45:02.702037,c5.24xlarge,,0.6048,spot,us-east-1,b,bt.A.x,lowest-price,,,,,,,REVOCATION
2025-06-26 12:45:02.702227,2025-06-26 12:45:02.702228,c5.24xlarge,,0.6048,spot,us-east-1,b,bt.A.x,lowest-price,,,,,,,REVOCATION
2025-06-26 12:45:02.702746,2025-06-26 12:45:02.702747,c5.24xlarge,,0.6048,spot,us-east-1,b,bt.A.x,lowest-price,,,,,,,REVOCATION
2025-06-26 12:45:02.705527,2025-06-26 12:45:02.705529,c5.24xlarge,,0.6048,spot,us-east-1,b,bt.A.x,lowest-price,,,,,,,REVOCATION
2025-06-26 12:45:02.705685,2025-06-26 12:45:02.705686,c5.24xlarge,,0.6048,spot,us-east-1,b,bt.A.x,lowest-price,,,,,,,REVOCATION
2025-06-26 12:45:02.705818,2025-06-26 12:45:02.705819,c5.24xlarge,,0.6048,spot,us-east-1,b,bt.A.x,lowest-price,,,,,,,REVOCATION
2025-06-26 12:45:02.705986,2025-06-26 12:45:02.705989,c5.24xlarge,,0.6048,spot,us-east-1,b,bt.A.x,lowest-price,,,,,,,REVOCATION
2025-06-26 12:45:02.706199,2025-06-26 12:45:02.706200,c5.24xlarge,,0.6048,spot,us-east-1,b,bt.A.x,lowest-price,,,,,,,REVOCATION
2025-06-26 12:45:02.706223,2025-06-26 12:45:02.706226,c5.24xlarge,,0.6048,spot,us-east-1,b,bt.A.x,lowest-price,,,,,,,REVOCATION
2025-06-26 12:45:02.711975,2025-06-26 12:45:02.711976,c5.24xlarge,,0.6048,spot,us-east-1,b,bt.A.x,lowest-price,,,,,,,REVOCATION
2025-06-26 12:45:02.712216,2025-06-26 12:45:02.712219,c5.24xlarge,,0.6048,spot,us-east-1,b,bt.A.x,lowest-price,,,,,,,REVOCATION
2025-06-26 12:45:02.712383,2025-06-26 12:45:02.712385,c5.24xlarge,,0.6048,spot,us-east-1,b,bt.A.x,lowest-price,,,,,,,REVOCATION
2025-06-26 12:45:02.712554,2025-06-26 12:45:02.712556,c5.24xlarge,,0.6048,spot,us-east-1,b,bt.A.x,lowest-price,,,,,,,REVOCATION
2025-06-26 12:45:02.715624,2025-06-26 12:45:02.715626,c5.24xlarge,,0.6048,spot,us-east-1,b,bt.A.x,lowest-price,,,,,,,REVOCATION
2025-06-26 12:45:02.715812,2025-06-26 12:45:02.715813,c5.24xlarge,,0.6048,spot,us-east-1,b,bt.A.x,lowest-price,,,,,,,REVOCATION
2025-06-26 12:45:02.715941,2025-06-26 12:45:02.715942,c5.24xlarge,,0.6048,spot,us-east-1,b,bt.A.x,lowest-price,,,,,,,REVOCATION
2025-06-26 12:45:02.716056,2025-06-26 12:45:02.716056,c5.24xlarge,,0.6048,spot,us-east-1,b,bt.A.x,lowest-price,,,,,,,REVOCATION
2025-06-26 12:45:02.716179,2025-06-26 12:45:02.716180,c5.24xlarge,,0.6048,spot,us-east-1,b,bt.A.x,lowest-price,,,,,,,REVOCATION
2025-06-26 12:45:02.718689,2025-06-26 12:45:02.718691,c5.24xlarge,,0.6048,spot,us-east-1,b,bt.A.x,lowest-price,,,,,,,REVOCATION
2025-06-26 12:45:02.718769,2025-06-26 12:45:02.718770,c5.24xlarge,,0.6048,spot,us-east-1,b,bt.A.x,lowest-price,,,,,,,REVOCATION
2025-06-26 12:45:02.722272,2025-06-26 12:45:02.722275,c5.24xlarge,,0.6048,spot,us-east-1,b,bt.A.x,lowest-price,,,,,,,REVOCATION
2025-06-26 12:45:02.722687,2025-06-26 12:45:02.722690,c5.24xlarge,,0.6048,spot,us-east-1,b,bt.A.x,lowest-price,,,,,,,REVOCATION
2025-06-26 12:45:02.722833,2025-06-26 12:45:02.722834,c5.24xlarge,,0.6048,spot,us-east-1,b,bt.A.x,lowest-price,,,,,,,REVOCATION
2025-06-26 12:45:02.723019,2025-06-26 12:45:02.723022,c5.24xlarge,,0.6048,spot,us-east-1,b,bt.A.x,lowest-price,,,,,,,REVOCATION
2025-06-26 12:45:02.723183,2025-06-26 12:45:02.723185,c5.24xlarge,,0.6048,spot,us-east-1,b,bt.A.x,lowest-price,,,,,,,REVOCATION
2025-06-26 12:45:02.723332,2025-06-26 12:45:02.723334,c5.24xlarge,,0.6048,spot,us-east-1,b,bt.A.x,lowest-price,,,,,,,REVOCATION
2025-06-26 12:45:02.723827,2025-06-26 12:45:02.723828,c5.24xlarge,,0.6048,spot,us-east-1,b,bt.A.x,lowest-price,,,,,,,REVOCATION
2025-06-26 12:45:02.726609,2025-06-26 12:45:02.726611,c5.24xlarge,,0.6048,spot,us-east-1,b,bt.A.x,lowest-price,,,,,,,REVOCATION
2025-06-26 12:45:02.726757,2025-06-26 12:45:02.726758,c5.24xlarge,,0.6048,spot,us-east-1,b,bt.A.x,lowest-price,,,,,,,REVOCATION
2025-06-26 12:45:02.726876,2025-06-26 12:45:02.726877,c5.24xlarge,,0.6048,spot,us-east-1,b,bt.A.x,lowest-price,,,,,,,REVOCATION
2025-06-26 12:45:02.726992,2025-06-26 12:45:02.726992,c5.24xlarge,,0.6048,spot,us-east-1,b,bt.A.x,lowest-price,,,,,,,REVOCATION
2025-06-26 12:45:02.727195,2025-06-26 12:45:02.727197,c5.24xlarge,,0.6048,spot,us-east-1,b,bt.A.x,lowest-price,,,,,,,REVOCATION
2025-06-26 12:45:02.727437,2025-06-26 12:45:02.727438,c5.24xlarge,,0.6048,spot,us-east-1,b,bt.A.x,lowest-price,,,,,,,REVOCATION
2025-06-26 12:45:02.727464,2025-06-26 12:45:02.727467,c5.24xlarge,,0.6048,spot,us-east-1,b,bt.A.x,lowest-price,,,,,,,REVOCATION
2025-06-26 12:45:02.729843,2025-06-26 12:45:02.729845,c5.24xlarge,,0.6048,spot,us-east-1,b,bt.A.x,lowest-price,,,,,,,REVOCATION
2025-06-26 12:45:02.732730,2025-06-26 12:45:02.732731,c5.24xlarge,,0.6048,spot,us-east-1,b,bt.A.x,lowest-price,,,,,,,REVOCATION
2025-06-26 12:45:02.733179,2025-06-26 12:45:02.733182,c5.24xlarge,,0.6048,spot,us-east-1,b,bt.A.x,lowest-price,,,,,,,REVOCATION
2025-06-26 12:45:02.733367,2025-06-26 12:45:02.733370,c5.24xlarge,,0.6048,spot,us-east-1,b,bt.A.x,lowest-price,,,,,,,REVOCATION
2025-06-26 12:45:02.733523,2025-06-26 12:45:02.733525,c5.24xlarge,,0.6048,spot,us-east-1,b,bt.A.x,lowest-price,,,,,,,REVOCATION
2025-06-26 12:45:02.733663,2025-06-26 12:45:02.733664,c5.24xlarge,,0.6048,spot,us-east-1,b,bt.A.x,lowest-price,,,,,,,REVOCATION
2025-06-26 12:45:02.734168,2025-06-26 12:45:02.734170,c5.24xlarge,,0.6048,spot,us-east-1,b,bt.A.x,lowest-price,,,,,,,REVOCATION
2025-06-26 12:45:02.736957,2025-06-26 12:45:02.736958,c5.24xlarge,,0.6048,spot,us-east-1,b,bt.A.x,lowest-price,,,,,,,REVOCATION
2025-06-26 12:45:02.737092,2025-06-26 12:45:02.737093,c5.24xlarge,,0.6048,spot,us-east-1,b,bt.A.x,lowest-price,,,,,,,REVOCATION
2025-06-26 12:45:02.737214,2025-06-26 12:45:02.737215,c5.24xlarge,,0.6048,spot,us-east-1,b,bt.A.x,lowest-price,,,,,,,REVOCATION
2025-06-26 12:45:02.737325,2025-06-26 12:45:02.737326,c5.24xlarge,,0.6048,spot,us-east-1,b,bt.A.x,lowest-price,,,,,,,REVOCATION
2025-06-26 12:45:02.737494,2025-06-26 12:45:02.737497,c5.24xlarge,,0.6048,spot,us-east-1,b,bt.A.x,lowest-price,,,,,,,REVOCATION
2025-06-26 12:45:02.737694,2025-06-26 12:45:02.737695,c5.24xlarge,,0.6048,spot,us-east-1,b,bt.A.x,lowest-price,,,,,,,REVOCATION
2025-06-26 12:45:02.737718,2025-06-26 12:45:02.737720,c5.24xlarge,,0.6048,spot,us-east-1,b,bt.A.x,lowest-price,,,,,,,REVOCATION
2025-06-26 12:45:02.738108,2025-06-26 12:45:02.738110,c5.24xlarge,,0.6048,spot,us-east-1,b,bt.A.x,lowest-price,,,,,,,REVOCATION
2025-06-26 12:45:02.743209,2025-06-26 12:45:02.743211,c5.24xlarge,,0.8491,spot,us-east-1,a,bt.A.x,lowest-price,,,,,,,REVOCATION
2025-06-26 12:45:02.743603,2025-06-26 12:45:02.743605,c5.24xlarge,,0.8491,spot,us-east-1,a,bt.A.x,lowest-price,,,,,,,REVOCATION
2025-06-26 12:45:02.743757,2025-06-26 12:45:02.743758,c5.24xlarge,,0.8491,spot,us-east-1,a,bt.A.x,lowest-price,,,,,,,REVOCATION
2025-06-26 12:45:02.743876,2025-06-26 12:45:02.743877,c5.24xlarge,,0.8491,spot,us-east-1,a,bt.A.x,lowest-price,,,,,,,REVOCATION
2025-06-26 12:45:02.743992,2025-06-26 12:45:02.743993,c5.24xlarge,,0.8491,spot,us-east-1,a,bt.A.x,lowest-price,,,,,,,REVOCATION
2025-06-26 12:45:02.744107,2025-06-26 12:45:02.744108,c5.24xlarge,,0.8491,spot,us-east-1,a,bt.A.x,lowest-price,,,,,,,REVOCATION
2025-06-26 12:45:02.744306,2025-06-26 12:45:02.744309,c5.24xlarge,,0.8491,spot,us-east-1,a,bt.A.x,lowest-price,,,,,,,REVOCATION
2025-06-26 12:45:02.744466,2025-06-26 12:45:02.744468,c5.24xlarge,,0.8491,spot,us-east-1,a,bt.A.x,lowest-price,,,,,,,REVOCATION
2025-06-26 12:45:02.744991,2025-06-26 12:45:02.744993,c5.24xlarge,,0.8491,spot,us-east-1,a,bt.A.x,lowest-price,,,,,,,REVOCATION
2025-06-26 12:45:02.747845,2025-06-26 12:45:02.747847,c5.24xlarge,,0.8491,spot,us-east-1,a,bt.A.x,lowest-price,,,,,,,REVOCATION
2025-06-26 12:45:02.747993,2025-06-26 12:45:02.747994,c5.24xlarge,,0.8491,spot,us-east-1,a,bt.A.x,lowest-price,,,,,,,REVOCATION
2025-06-26 12:45:02.748115,2025-06-26 12:45:02.748116,c5.24xlarge,,0.8491,spot,us-east-1,a,bt.A.x,lowest-price,,,,,,,REVOCATION
2025-06-26 12:45:02.748253,2025-06-26 12:45:02.748254,c5.24xlarge,,0.8491,spot,us-east-1,a,bt.A.x,lowest-price,,,,,,,REVOCATION
2025-06-26 12:45:02.748391,2025-06-26 12:45:02.748392,c5.24xlarge,,0.8491,spot,us-east-1,a,bt.A.x,lowest-price,,,,,,,REVOCATION
2025-06-26 12:45:02.748565,2025-06-26 12:45:02.748568,c5.24xlarge,,0.8491,spot,us-east-1,a,bt.A.x,lowest-price,,,,,,,REVOCATION
2025-06-26 12:45:02.748812,2025-06-26 12:45:02.748815,c5.24xlarge,,0.8491,spot,us-east-1,a,bt.A.x,lowest-price,,,,,,,REVOCATION
2025-06-26 12:45:02.748854,2025-06-26 12:45:02.748856,c5.24xlarge,,0.8491,spot,us-east-1,a,bt.A.x,lowest-price,,,,,,,REVOCATION
2025-06-26 12:45:02.751076,2025-06-26 12:45:02.751079,c5.24xlarge,,0.8491,spot,us-east-1,a,bt.A.x,lowest-price,,,,,,,REVOCATION
2025-06-26 12:45:02.754507,2025-06-26 12:45:02.754510,c5.24xlarge,,0.8491,spot,us-east-1,a,bt.A.x,lowest-price,,,,,,,REVOCATION
2025-06-26 12:45:02.754972,2025-06-26 12:45:02.754974,c5.24xlarge,,0.8491,spot,us-east-1,a,bt.A.x,lowest-price,,,,,,,REVOCATION
2025-06-26 12:45:02.755120,2025-06-26 12:45:02.755121,c5.24xlarge,,0.8491,spot,us-east-1,a,bt.A.x,lowest-price,,,,,,,REVOCATION
2025-06-26 12:45:02.755265,2025-06-26 12:45:02.755266,c5.24xlarge,,0.8491,spot,us-east-1,a,bt.A.x,lowest-price,,,,,,,REVOCATION
2025-06-26 12:45:02.755444,2025-06-26 12:45:02.755446,c5.24xlarge,,0.8491,spot,us-east-1,a,bt.A.x,lowest-price,,,,,,,REVOCATION
2025-06-26 12:45:02.756010,2025-06-26 12:45:02.756011,c5.24xlarge,,0.8491,spot,us-east-1,a,bt.A.x,lowest-price,,,,,,,REVOCATION
2025-06-26 12:45:02.758998,2025-06-26 12:45:02.759000,c5.24xlarge,,0.8491,spot,us-east-1,a,bt.A.x,lowest-price,,,,,,,REVOCATION
2025-06-26 12:45:02.759175,2025-06-26 12:45:02.759176,c5.24xlarge,,0.8491,spot,us-east-1,a,bt.A.x,lowest-price,,,,,,,REVOCATION
2025-06-26 12:45:02.759314,2025-06-26 12:45:02.759315,c5.24xlarge,,0.8491,spot,us-east-1,a,bt.A.x,lowest-price,,,,,,,REVOCATION
2025-06-26 12:45:02.759509,2025-06-26 12:45:02.759512,c5.24xlarge,,0.8491,spot,us-east-1,a,bt.A.x,lowest-price,,,,,,,REVOCATION
2025-06-26 12:45:02.759755,2025-06-26 12:45:02.759757,c5.24xlarge,,0.8491,spot,us-east-1,a,bt.A.x,lowest-price,,,,,,,REVOCATION
2025-06-26 12:45:02.759784,2025-06-26 12:45:02.759786,c5.24xlarge,,0.8491,spot,us-east-1,a,bt.A.x,lowest-price,,,,,,,REVOCATION
2025-06-26 12:45:02.762056,2025-06-26 12:45:02.762058,c5.24xlarge,,0.8491,spot,us-east-1,a,bt.A.x,lowest-price,,,,,,,REVOCATION
2025-06-26 12:45:02.765474,2025-06-26 12:45:02.765476,c5.24xlarge,,0.8491,spot,us-east-1,a,bt.A.x,lowest-price,,,,,,,REVOCATION
2025-06-26 12:45:02.765928,2025-06-26 12:45:02.765930,c5.24xlarge,,0.8491,spot,us-east-1,a,bt.A.x,lowest-price,,,,,,,REVOCATION
2025-06-26 12:45:02.766081,2025-06-26 12:45:02.766082,c5.24xlarge,,0.8491,spot,us-east-1,a,bt.A.x,lowest-price,,,,,,,REVOCATION
2025-06-26 12:45:02.766249,2025-06-26 12:45:02.766251,c5.24xlarge,,0.8491,spot,us-east-1,a,bt.A.x,lowest-price,,,,,,,REVOCATION
2025-06-26 12:45:02.766848,2025-06-26 12:45:02.766851,c5.24xlarge,,0.8491,spot,us-east-1,a,bt.A.x,lowest-price,,,,,,,REVOCATION
2025-06-26 12:45:02.770359,2025-06-26 12:45:02.770362,c5.24xlarge,,0.8491,spot,us-east-1,a,bt.A.x,lowest-price,,,,,,,REVOCATION
2025-06-26 12:45:02.770519,2025-06-26 12:45:02.770521,c5.24xlarge,,0.8491,spot,us-east-1,a,bt.A.x,lowest-price,,,,,,,REVOCATION
2025-06-26 12:45:02.770651,2025-06-26 12:45:02.770652,c5.24xlarge,,0.8491,spot,us-east-1,a,bt.A.x,lowest-price,,,,,,,REVOCATION
2025-06-26 12:45:02.770821,2025-06-26 12:45:02.770824,c5.24xlarge,,0.8491,spot,us-east-1,a,bt.A.x,lowest-price,,,,,,,REVOCATION
2025-06-26 12:45:02.771102,2025-06-26 12:45:02.771104,c5.24xlarge,,0.8491,spot,us-east-1,a,bt.A.x,lowest-price,,,,,,,REVOCATION
2025-06-26 12:45:02.771139,2025-06-26 12:45:02.771141,c5.24xlarge,,0.8491,spot,us-east-1,a,bt.A.x,lowest-price,,,,,,,REVOCATION
2025-06-26 12:45:02.773465,2025-06-26 12:45:02.773468,c5.24xlarge,,0.8491,spot,us-east-1,a,bt.A.x,lowest-price,,,,,,,REVOCATION
2025-06-26 12:45:02.773771,2025-06-26 12:45:02.773773,c5.24xlarge,,0.8491,spot,us-east-1,a,bt.A.x,lowest-price,,,,,,,REVOCATION
2025-06-26 12:45:02.776752,2025-06-26 12:45:02.776754,c5.24xlarge,,0.8491,spot,us-east-1,a,bt.A.x,lowest-price,,,,,,,REVOCATION
2025-06-26 12:45:02.777226,2025-06-26 12:45:02.777228,c5.24xlarge,,0.8491,spot,us-east-1,a,bt.A.x,lowest-price,,,,,,,REVOCATION
2025-06-26 12:45:02.777373,2025-06-26 12:45:02.777374,c5.24xlarge,,0.8491,spot,us-east-1,a,bt.A.x,lowest-price,,,,,,,REVOCATION
2025-06-26 12:45:02.777501,2025-06-26 12:45:02.777502,c5.24xlarge,,0.8491,spot,us-east-1,a,bt.A.x,lowest-price,,,,,,,REVOCATION
2025-06-26 12:45:02.777619,2025-06-26 12:45:02.777620,c5.24xlarge,,0.8491,spot,us-east-1,a,bt.A.x,lowest-price,,,,,,,REVOCATION
2025-06-26 12:54:21.380492,2025-06-26 12:55:08.992562,m5.24xlarge,,0.5619,spot,us-east-1,f,bt.A.x,lowest-price,,,,,,,InsufficientInstanceCapacity
2025-06-26 12:54:21.380492,2025-06-26 12:57:31.961559,c5.24xlarge,,0.5655,spot,us-east-1,b,bt.A.x,lowest-price,,,,,,,InsufficientFreeAddressesInSubnet
2025-06-26 12:54:21.380492,2025-06-26 12:57:33.835067,c5.24xlarge,,0.5655,spot,us-east-1,b,bt.A.x,lowest-price,,,,,,,InsufficientFreeAddressesInSubnet
2025-06-26 12:54:21.380492,2025-06-26 12:57:35.830185,r5.24xlarge,,0.6048,spot,us-east-1,c,bt.A.x,lowest-price,,,,,,,InsufficientInstanceCapacity
2025-06-26 12:54:21.380492,2025-06-26 12:57:37.784961,m7i.24xlarge,,0.705,spot,us-east-1,d,bt.A.x,lowest-price,,,,,,,InsufficientInstanceCapacity
2025-06-26 12:54:21.380492,2025-06-26 12:57:39.644963,r7a.24xlarge,,0.7303,spot,us-east-1,c,bt.A.x,lowest-price,,,,,,,InsufficientInstanceCapacity
2025-06-26 12:54:21.380492,2025-06-26 12:57:41.410588,r6a.24xlarge,,0.755,spot,us-east-1,b,bt.A.x,lowest-price,,,,,,,InsufficientFreeAddressesInSubnet
2025-06-26 12:54:21.380492,2025-06-26 12:57:43.343362,m6a.24xlarge,,0.7679,spot,us-east-1,f,bt.A.x,lowest-price,,,,,,,InsufficientInstanceCapacity
2025-06-26 12:58:26.488127,2025-06-26 12:58:26.488136,c5.24xlarge,,0.5655,spot,us-east-1,b,bt.A.x,lowest-price,,,,,,,REVOCATION
2025-06-26 12:58:26.490982,2025-06-26 12:58:26.490984,c5.24xlarge,,0.5655,spot,us-east-1,b,bt.A.x,lowest-price,,,,,,,REVOCATION
2025-06-26 12:58:26.496241,2025-06-26 12:58:26.496244,c5.24xlarge,,0.5655,spot,us-east-1,b,bt.A.x,lowest-price,,,,,,,REVOCATION
2025-06-26 12:58:26.496796,2025-06-26 12:58:26.496798,c5.24xlarge,,0.5655,spot,us-east-1,b,bt.A.x,lowest-price,,,,,,,REVOCATION
2025-06-26 12:58:26.496936,2025-06-26 12:58:26.496937,c5.24xlarge,,0.5655,spot,us-east-1,b,bt.A.x,lowest-price,,,,,,,REVOCATION
2025-06-26 12:58:26.497061,2025-06-26 12:58:26.497062,c5.24xlarge,,0.5655,spot,us-east-1,b,bt.A.x,lowest-price,,,,,,,REVOCATION
2025-06-26 12:58:26.497183,2025-06-26 12:58:26.497184,c5.24xlarge,,0.5655,spot,us-east-1,b,bt.A.x,lowest-price,,,,,,,REVOCATION
2025-06-26 12:58:26.497344,2025-06-26 12:58:26.497345,c5.24xlarge,,0.5655,spot,us-east-1,b,bt.A.x,lowest-price,,,,,,,REVOCATION
2025-06-26 12:58:26.497490,2025-06-26 12:58:26.497491,c5.24xlarge,,0.5655,spot,us-east-1,b,bt.A.x,lowest-price,,,,,,,REVOCATION
2025-06-26 12:58:26.497607,2025-06-26 12:58:26.497608,c5.24xlarge,,0.5655,spot,us-east-1,b,bt.A.x,lowest-price,,,,,,,REVOCATION
2025-06-26 12:58:26.497718,2025-06-26 12:58:26.497719,c5.24xlarge,,0.5655,spot,us-east-1,b,bt.A.x,lowest-price,,,,,,,REVOCATION
2025-06-26 12:58:26.497857,2025-06-26 12:58:26.497857,c5.24xlarge,,0.5655,spot,us-east-1,b,bt.A.x,lowest-price,,,,,,,REVOCATION
2025-06-26 12:58:26.498929,2025-06-26 12:58:26.498931,c5.24xlarge,,0.5655,spot,us-east-1,b,bt.A.x,lowest-price,,,,,,,REVOCATION
2025-06-26 12:58:26.499853,2025-06-26 12:58:26.499854,c5.24xlarge,,0.5655,spot,us-east-1,b,bt.A.x,lowest-price,,,,,,,REVOCATION
2025-06-26 12:58:26.500066,2025-06-26 12:58:26.500066,c5.24xlarge,,0.5655,spot,us-east-1,b,bt.A.x,lowest-price,,,,,,,REVOCATION
2025-06-26 12:58:26.500286,2025-06-26 12:58:26.500287,c5.24xlarge,,0.5655,spot,us-east-1,b,bt.A.x,lowest-price,,,,,,,REVOCATION
2025-06-26 12:58:26.503921,2025-06-26 12:58:26.503922,c5.24xlarge,,0.5655,spot,us-east-1,b,bt.A.x,lowest-price,,,,,,,REVOCATION
2025-06-26 12:58:26.504071,2025-06-26 12:58:26.504072,c5.24xlarge,,0.5655,spot,us-east-1,b,bt.A.x,lowest-price,,,,,,,REVOCATION
2025-06-26 12:58:26.504231,2025-06-26 12:58:26.504232,c5.24xlarge,,0.5655,spot,us-east-1,b,bt.A.x,lowest-price,,,,,,,REVOCATION
2025-06-26 12:58:26.504350,2025-06-26 12:58:26.504350,c5.24xlarge,,0.5655,spot,us-east-1,b,bt.A.x,lowest-price,,,,,,,REVOCATION
2025-06-26 12:58:26.504492,2025-06-26 12:58:26.504493,c5.24xlarge,,0.5655,spot,us-east-1,b,bt.A.x,lowest-price,,,,,,,REVOCATION
2025-06-26 12:58:26.504679,2025-06-26 12:58:26.504682,c5.24xlarge,,0.5655,spot,us-east-1,b,bt.A.x,lowest-price,,,,,,,REVOCATION
2025-06-26 12:58:26.504870,2025-06-26 12:58:26.504872,c5.24xlarge,,0.5655,spot,us-east-1,b,bt.A.x,lowest-price,,,,,,,REVOCATION
2025-06-26 12:58:26.505185,2025-06-26 12:58:26.505188,c5.24xlarge,,0.5655,spot,us-east-1,b,bt.A.x,lowest-price,,,,,,,REVOCATION
2025-06-26 12:58:26.505242,2025-06-26 12:58:26.505243,c5.24xlarge,,0.5655,spot,us-east-1,b,bt.A.x,lowest-price,,,,,,,REVOCATION
2025-06-26 12:58:26.507563,2025-06-26 12:58:26.507564,c5.24xlarge,,0.5655,spot,us-east-1,b,bt.A.x,lowest-price,,,,,,,REVOCATION
2025-06-26 12:58:26.512564,2025-06-26 12:58:26.512566,c5.24xlarge,,0.5655,spot,us-east-1,b,bt.A.x,lowest-price,,,,,,,REVOCATION
2025-06-26 12:58:26.512989,2025-06-26 12:58:26.512990,c5.24xlarge,,0.5655,spot,us-east-1,b,bt.A.x,lowest-price,,,,,,,REVOCATION
2025-06-26 12:58:26.513124,2025-06-26 12:58:26.513125,c5.24xlarge,,0.5655,spot,us-east-1,b,bt.A.x,lowest-price,,,,,,,REVOCATION
2025-06-26 12:58:26.513285,2025-06-26 12:58:26.513287,c5.24xlarge,,0.5655,spot,us-east-1,b,bt.A.x,lowest-price,,,,,,,REVOCATION
2025-06-26 12:58:26.513409,2025-06-26 12:58:26.513410,c5.24xlarge,,0.5655,spot,us-east-1,b,bt.A.x,lowest-price,,,,,,,REVOCATION
2025-06-26 12:58:26.513526,2025-06-26 12:58:26.513526,c5.24xlarge,,0.5655,spot,us-east-1,b,bt.A.x,lowest-price,,,,,,,REVOCATION
2025-06-26 12:58:26.513995,2025-06-26 12:58:26.513996,c5.24xlarge,,0.5655,spot,us-east-1,b,bt.A.x,lowest-price,,,,,,,REVOCATION
2025-06-26 12:58:26.514837,2025-06-26 12:58:26.514838,c5.24xlarge,,0.5655,spot,us-east-1,b,bt.A.x,lowest-price,,,,,,,REVOCATION
2025-06-26 12:58:26.515893,2025-06-26 12:58:26.515894,c5.24xlarge,,0.5655,spot,us-east-1,b,bt.A.x,lowest-price,,,,,,,REVOCATION
2025-06-26 12:58:26.519542,2025-06-26 12:58:26.519544,c5.24xlarge,,0.5655,spot,us-east-1,b,bt.A.x,lowest-price,,,,,,,REVOCATION
2025-06-26 12:58:26.519700,2025-06-26 12:58:26.519701,c5.24xlarge,,0.5655,spot,us-east-1,b,bt.A.x,lowest-price,,,,,,,REVOCATION
2025-06-26 12:58:26.519850,2025-06-26 12:58:26.519851,c5.24xlarge,,0.5655,spot,us-east-1,b,bt.A.x,lowest-price,,,,,,,REVOCATION
2025-06-26 12:58:26.519970,2025-06-26 12:58:26.519971,c5.24xlarge,,0.5655,spot,us-east-1,b,bt.A.x,lowest-price,,,,,,,REVOCATION
2025-06-26 12:58:26.520168,2025-06-26 12:58:26.520169,c5.24xlarge,,0.5655,spot,us-east-1,b,bt.A.x,lowest-price,,,,,,,REVOCATION
2025-06-26 12:58:26.520295,2025-06-26 12:58:26.520296,c5.24xlarge,,0.5655,spot,us-east-1,b,bt.A.x,lowest-price,,,,,,,REVOCATION
2025-06-26 12:58:26.520412,2025-06-26 12:58:26.520413,c5.24xlarge,,0.5655,spot,us-east-1,b,bt.A.x,lowest-price,,,,,,,REVOCATION
2025-06-26 12:58:26.520529,2025-06-26 12:58:26.520530,c5.24xlarge,,0.5655,spot,us-east-1,b,bt.A.x,lowest-price,,,,,,,REVOCATION
2025-06-26 12:58:26.520668,2025-06-26 12:58:26.520671,c5.24xlarge,,0.5655,spot,us-east-1,b,bt.A.x,lowest-price,,,,,,,REVOCATION
2025-06-26 12:58:26.520946,2025-06-26 12:58:26.520947,c5.24xlarge,,0.5655,spot,us-east-1,b,bt.A.x,lowest-price,,,,,,,REVOCATION
2025-06-26 12:58:26.520977,2025-06-26 12:58:26.520979,c5.24xlarge,,0.5655,spot,us-east-1,b,bt.A.x,lowest-price,,,,,,,REVOCATION
2025-06-26 12:58:26.523411,2025-06-26 12:58:26.523413,c5.24xlarge,,0.5655,spot,us-east-1,b,bt.A.x,lowest-price,,,,,,,REVOCATION
2025-06-26 12:58:26.523611,2025-06-26 12:58:26.523612,c5.24xlarge,,0.5655,spot,us-east-1,b,bt.A.x,lowest-price,,,,,,,REVOCATION
2025-06-26 12:58:26.523868,2025-06-26 12:58:26.523869,c5.24xlarge,,0.5655,spot,us-east-1,b,bt.A.x,lowest-price,,,,,,,REVOCATION
2025-06-26 12:58:26.528595,2025-06-26 12:58:26.528596,c5.24xlarge,,0.5655,spot,us-east-1,b,bt.A.x,lowest-price,,,,,,,REVOCATION
2025-06-26 12:58:26.528758,2025-06-26 12:58:26.528759,c5.24xlarge,,0.5655,spot,us-east-1,b,bt.A.x,lowest-price,,,,,,,REVOCATION
2025-06-26 12:58:26.528877,2025-06-26 12:58:26.528878,c5.24xlarge,,0.5655,spot,us-east-1,b,bt.A.x,lowest-price,,,,,,,REVOCATION
2025-06-26 12:58:26.529015,2025-06-26 12:58:26.529017,c5.24xlarge,,0.5655,spot,us-east-1,b,bt.A.x,lowest-price,,,,,,,REVOCATION
2025-06-26 12:58:26.529153,2025-06-26 12:58:26.529154,c5.24xlarge,,0.5655,spot,us-east-1,b,bt.A.x,lowest-price,,,,,,,REVOCATION
2025-06-26 12:58:26.529274,2025-06-26 12:58:26.529275,c5.24xlarge,,0.5655,spot,us-east-1,b,bt.A.x,lowest-price,,,,,,,REVOCATION
2025-06-26 12:58:26.529412,2025-06-26 12:58:26.529413,c5.24xlarge,,0.5655,spot,us-east-1,b,bt.A.x,lowest-price,,,,,,,REVOCATION
2025-06-26 12:58:26.529537,2025-06-26 12:58:26.529538,c5.24xlarge,,0.5655,spot,us-east-1,b,bt.A.x,lowest-price,,,,,,,REVOCATION
2025-06-26 12:58:26.529651,2025-06-26 12:58:26.529651,c5.24xlarge,,0.5655,spot,us-east-1,b,bt.A.x,lowest-price,,,,,,,REVOCATION
2025-06-26 12:58:26.529782,2025-06-26 12:58:26.529783,c5.24xlarge,,0.5655,spot,us-east-1,b,bt.A.x,lowest-price,,,,,,,REVOCATION
2025-06-26 12:58:26.529965,2025-06-26 12:58:26.529967,c5.24xlarge,,0.5655,spot,us-east-1,b,bt.A.x,lowest-price,,,,,,,REVOCATION
2025-06-26 12:58:26.530095,2025-06-26 12:58:26.530097,c5.24xlarge,,0.5655,spot,us-east-1,b,bt.A.x,lowest-price,,,,,,,REVOCATION
2025-06-26 12:58:26.530226,2025-06-26 12:58:26.530227,c5.24xlarge,,0.5655,spot,us-east-1,b,bt.A.x,lowest-price,,,,,,,REVOCATION
2025-06-26 12:58:26.530345,2025-06-26 12:58:26.530346,c5.24xlarge,,0.5655,spot,us-east-1,b,bt.A.x,lowest-price,,,,,,,REVOCATION
2025-06-26 12:58:26.531268,2025-06-26 12:58:26.531270,c5.24xlarge,,0.5655,spot,us-east-1,b,bt.A.x,lowest-price,,,,,,,REVOCATION
2025-06-26 12:58:26.532475,2025-06-26 12:58:26.532476,c5.24xlarge,,0.5655,spot,us-east-1,b,bt.A.x,lowest-price,,,,,,,REVOCATION
2025-06-26 12:58:26.533034,2025-06-26 12:58:26.533035,c5.24xlarge,,0.5655,spot,us-east-1,b,bt.A.x,lowest-price,,,,,,,REVOCATION
2025-06-26 12:58:26.534104,2025-06-26 12:58:26.534105,c5.24xlarge,,0.5655,spot,us-east-1,b,bt.A.x,lowest-price,,,,,,,REVOCATION
2025-06-26 12:58:26.534632,2025-06-26 12:58:26.534633,c5.24xlarge,,0.5655,spot,us-east-1,b,bt.A.x,lowest-price,,,,,,,REVOCATION
2025-06-26 12:58:26.537957,2025-06-26 12:58:26.537959,c5.24xlarge,,0.5655,spot,us-east-1,b,bt.A.x,lowest-price,,,,,,,REVOCATION
2025-06-26 12:58:26.538097,2025-06-26 12:58:26.538098,c5.24xlarge,,0.5655,spot,us-east-1,b,bt.A.x,lowest-price,,,,,,,REVOCATION
2025-06-26 12:58:26.538223,2025-06-26 12:58:26.538223,c5.24xlarge,,0.5655,spot,us-east-1,b,bt.A.x,lowest-price,,,,,,,REVOCATION
2025-06-26 12:58:26.538343,2025-06-26 12:58:26.538343,c5.24xlarge,,0.5655,spot,us-east-1,b,bt.A.x,lowest-price,,,,,,,REVOCATION
2025-06-26 12:58:26.538457,2025-06-26 12:58:26.538458,c5.24xlarge,,0.5655,spot,us-east-1,b,bt.A.x,lowest-price,,,,,,,REVOCATION
2025-06-26 12:58:26.538570,2025-06-26 12:58:26.538571,c5.24xlarge,,0.5655,spot,us-east-1,b,bt.A.x,lowest-price,,,,,,,REVOCATION
2025-06-26 12:58:26.538683,2025-06-26 12:58:26.538683,c5.24xlarge,,0.5655,spot,us-east-1,b,bt.A.x,lowest-price,,,,,,,REVOCATION
2025-06-26 12:58:26.538804,2025-06-26 12:58:26.538804,c5.24xlarge,,0.5655,spot,us-east-1,b,bt.A.x,lowest-price,,,,,,,REVOCATION
2025-06-26 12:58:26.661382,2025-06-26 12:58:26.661387,c5.24xlarge,,0.5655,spot,us-east-1,b,bt.A.x,lowest-price,,,,,,,REVOCATION
2025-06-26 12:58:26.661482,2025-06-26 12:58:26.661485,c5.24xlarge,,0.5655,spot,us-east-1,b,bt.A.x,lowest-price,,,,,,,REVOCATION
2025-06-26 12:58:26.664353,2025-06-26 12:58:26.664356,c5.24xlarge,,0.5655,spot,us-east-1,b,bt.A.x,lowest-price,,,,,,,REVOCATION
2025-06-26 12:58:26.669366,2025-06-26 12:58:26.669368,c5.24xlarge,,0.5655,spot,us-east-1,b,bt.A.x,lowest-price,,,,,,,REVOCATION
2025-06-26 12:58:26.669859,2025-06-26 12:58:26.669861,c5.24xlarge,,0.5655,spot,us-east-1,b,bt.A.x,lowest-price,,,,,,,REVOCATION
2025-06-26 12:58:26.670020,2025-06-26 12:58:26.670021,c5.24xlarge,,0.5655,spot,us-east-1,b,bt.A.x,lowest-price,,,,,,,REVOCATION
2025-06-26 12:58:26.670169,2025-06-26 12:58:26.670170,c5.24xlarge,,0.5655,spot,us-east-1,b,bt.A.x,lowest-price,,,,,,,REVOCATION
2025-06-26 12:58:26.670296,2025-06-26 12:58:26.670297,c5.24xlarge,,0.5655,spot,us-east-1,b,bt.A.x,lowest-price,,,,,,,REVOCATION
2025-06-26 12:58:26.670415,2025-06-26 12:58:26.670416,c5.24xlarge,,0.5655,spot,us-east-1,b,bt.A.x,lowest-price,,,,,,,REVOCATION
2025-06-26 12:58:26.670529,2025-06-26 12:58:26.670529,c5.24xlarge,,0.5655,spot,us-east-1,b,bt.A.x,lowest-price,,,,,,,REVOCATION
2025-06-26 12:58:26.670650,2025-06-26 12:58:26.670651,c5.24xlarge,,0.5655,spot,us-east-1,b,bt.A.x,lowest-price,,,,,,,REVOCATION
2025-06-26 12:58:26.671317,2025-06-26 12:58:26.671318,c5.24xlarge,,0.5655,spot,us-east-1,b,bt.A.x,lowest-price,,,,,,,REVOCATION
2025-06-26 12:58:26.672108,2025-06-26 12:58:26.672109,c5.24xlarge,,0.5655,spot,us-east-1,b,bt.A.x,lowest-price,,,,,,,REVOCATION
2025-06-26 12:58:26.672656,2025-06-26 12:58:26.672659,c5.24xlarge,,0.5655,spot,us-east-1,b,bt.A.x,lowest-price,,,,,,,REVOCATION
2025-06-26 12:58:26.676190,2025-06-26 12:58:26.676193,c5.24xlarge,,0.5655,spot,us-east-1,b,bt.A.x,lowest-price,,,,,,,REVOCATION
2025-06-26 12:58:26.676338,2025-06-26 12:58:26.676339,c5.24xlarge,,0.5655,spot,us-east-1,b,bt.A.x,lowest-price,,,,,,,REVOCATION
2025-06-26 12:58:26.676464,2025-06-26 12:58:26.676465,c5.24xlarge,,0.5655,spot,us-east-1,b,bt.A.x,lowest-price,,,,,,,REVOCATION
2025-06-26 12:58:26.676595,2025-06-26 12:58:26.676596,c5.24xlarge,,0.5655,spot,us-east-1,b,bt.A.x,lowest-price,,,,,,,REVOCATION
2025-06-26 12:58:26.676723,2025-06-26 12:58:26.676724,c5.24xlarge,,0.5655,spot,us-east-1,b,bt.A.x,lowest-price,,,,,,,REVOCATION
2025-06-26 12:58:26.676840,2025-06-26 12:58:26.676841,c5.24xlarge,,0.5655,spot,us-east-1,b,bt.A.x,lowest-price,,,,,,,REVOCATION
2025-06-26 12:58:26.677313,2025-06-26 12:58:26.677314,c5.24xlarge,,0.5655,spot,us-east-1,b,bt.A.x,lowest-price,,,,,,,REVOCATION
2025-06-26 12:58:26.677457,2025-06-26 12:58:26.677457,c5.24xlarge,,0.5655,spot,us-east-1,b,bt.A.x,lowest-price,,,,,,,REVOCATION
2025-06-26 12:58:26.677573,2025-06-26 12:58:26.677574,c5.24xlarge,,0.5655,spot,us-east-1,b,bt.A.x,lowest-price,,,,,,,REVOCATION
2025-06-26 12:58:26.677693,2025-06-26 12:58:26.677694,c5.24xlarge,,0.5655,spot,us-east-1,b,bt.A.x,lowest-price,,,,,,,REVOCATION
2025-06-26 12:58:26.677874,2025-06-26 12:58:26.677876,c5.24xlarge,,0.5655,spot,us-east-1,b,bt.A.x,lowest-price,,,,,,,REVOCATION
2025-06-26 12:58:26.680541,2025-06-26 12:58:26.680543,c5.24xlarge,,0.5655,spot,us-east-1,b,bt.A.x,lowest-price,,,,,,,REVOCATION
2025-06-26 12:58:26.680591,2025-06-26 12:58:26.680594,c5.24xlarge,,0.5655,spot,us-east-1,b,bt.A.x,lowest-price,,,,,,,REVOCATION
2025-06-26 12:58:26.685439,2025-06-26 12:58:26.685441,c5.24xlarge,,0.5655,spot,us-east-1,b,bt.A.x,lowest-price,,,,,,,REVOCATION
2025-06-26 12:58:26.685583,2025-06-26 12:58:26.685584,c5.24xlarge,,0.5655,spot,us-east-1,b,bt.A.x,lowest-price,,,,,,,REVOCATION
2025-06-26 12:58:26.685715,2025-06-26 12:58:26.685716,c5.24xlarge,,0.5655,spot,us-east-1,b,bt.A.x,lowest-price,,,,,,,REVOCATION
2025-06-26 12:58:26.685836,2025-06-26 12:58:26.685837,c5.24xlarge,,0.5655,spot,us-east-1,b,bt.A.x,lowest-price,,,,,,,REVOCATION
2025-06-26 12:58:26.685956,2025-06-26 12:58:26.685957,c5.24xlarge,,0.5655,spot,us-east-1,b,bt.A.x,lowest-price,,,,,,,REVOCATION
2025-06-26 12:58:26.686076,2025-06-26 12:58:26.686077,c5.24xlarge,,0.5655,spot,us-east-1,b,bt.A.x,lowest-price,,,,,,,REVOCATION
2025-06-26 12:58:26.686200,2025-06-26 12:58:26.686201,c5.24xlarge,,0.5655,spot,us-east-1,b,bt.A.x,lowest-price,,,,,,,REVOCATION
2025-06-26 12:58:26.686319,2025-06-26 12:58:26.686320,c5.24xlarge,,0.5655,spot,us-east-1,b,bt.A.x,lowest-price,,,,,,,REVOCATION
2025-06-26 12:58:26.686436,2025-06-26 12:58:26.686437,c5.24xlarge,,0.5655,spot,us-east-1,b,bt.A.x,lowest-price,,,,,,,REVOCATION
2025-06-26 12:58:26.687094,2025-06-26 12:58:26.687095,c5.24xlarge,,0.5655,spot,us-east-1,b,bt.A.x,lowest-price,,,,,,,REVOCATION
2025-06-26 12:58:26.687473,2025-06-26 12:58:26.687474,c5.24xlarge,,0.5655,spot,us-east-1,b,bt.A.x,lowest-price,,,,,,,REVOCATION
2025-06-26 12:58:26.691769,2025-06-26 12:58:26.691770,c5.24xlarge,,0.5655,spot,us-east-1,b,bt.A.x,lowest-price,,,,,,,REVOCATION
2025-06-26 12:58:26.691954,2025-06-26 12:58:26.691955,c5.24xlarge,,0.5655,spot,us-east-1,b,bt.A.x,lowest-price,,,,,,,REVOCATION
2025-06-26 12:58:26.692090,2025-06-26 12:58:26.692091,c5.24xlarge,,0.5655,spot,us-east-1,b,bt.A.x,lowest-price,,,,,,,REVOCATION
2025-06-26 12:58:26.692223,2025-06-26 12:58:26.692224,c5.24xlarge,,0.5655,spot,us-east-1,b,bt.A.x,lowest-price,,,,,,,REVOCATION
2025-06-26 12:58:26.692339,2025-06-26 12:58:26.692340,c5.24xlarge,,0.5655,spot,us-east-1,b,bt.A.x,lowest-price,,,,,,,REVOCATION
2025-06-26 12:58:26.692461,2025-06-26 12:58:26.692462,c5.24xlarge,,0.5655,spot,us-east-1,b,bt.A.x,lowest-price,,,,,,,REVOCATION
2025-06-26 12:58:26.692587,2025-06-26 12:58:26.692588,c5.24xlarge,,0.5655,spot,us-east-1,b,bt.A.x,lowest-price,,,,,,,REVOCATION
2025-06-26 12:58:26.692704,2025-06-26 12:58:26.692704,c5.24xlarge,,0.5655,spot,us-east-1,b,bt.A.x,lowest-price,,,,,,,REVOCATION
2025-06-26 12:58:26.692825,2025-06-26 12:58:26.692826,c5.24xlarge,,0.5655,spot,us-east-1,b,bt.A.x,lowest-price,,,,,,,REVOCATION
2025-06-26 12:58:26.692944,2025-06-26 12:58:26.692945,c5.24xlarge,,0.5655,spot,us-east-1,b,bt.A.x,lowest-price,,,,,,,REVOCATION
2025-06-26 12:58:26.693065,2025-06-26 12:58:26.693066,c5.24xlarge,,0.5655,spot,us-east-1,b,bt.A.x,lowest-price,,,,,,,REVOCATION
2025-06-26 12:58:26.693183,2025-06-26 12:58:26.693184,c5.24xlarge,,0.5655,spot,us-east-1,b,bt.A.x,lowest-price,,,,,,,REVOCATION
2025-06-26 12:58:26.693365,2025-06-26 12:58:26.693367,c5.24xlarge,,0.5655,spot,us-east-1,b,bt.A.x,lowest-price,,,,,,,REVOCATION
2025-06-26 12:58:26.693679,2025-06-26 12:58:26.693680,c5.24xlarge,,0.5655,spot,us-east-1,b,bt.A.x,lowest-price,,,,,,,REVOCATION
2025-06-26 12:58:26.693717,2025-06-26 12:58:26.693720,c5.24xlarge,,0.5655,spot,us-east-1,b,bt.A.x,lowest-price,,,,,,,REVOCATION
2025-06-26 12:58:26.696314,2025-06-26 12:58:26.696316,c5.24xlarge,,0.5655,spot,us-east-1,b,bt.A.x,lowest-price,,,,,,,REVOCATION
2025-06-26 12:58:26.700926,2025-06-26 12:58:26.700928,c5.24xlarge,,0.5655,spot,us-east-1,b,bt.A.x,lowest-price,,,,,,,REVOCATION
2025-06-26 12:58:26.701516,2025-06-26 12:58:26.701517,c5.24xlarge,,0.5655,spot,us-east-1,b,bt.A.x,lowest-price,,,,,,,REVOCATION
2025-06-26 12:58:26.701663,2025-06-26 12:58:26.701663,c5.24xlarge,,0.5655,spot,us-east-1,b,bt.A.x,lowest-price,,,,,,,REVOCATION
2025-06-26 12:58:26.701776,2025-06-26 12:58:26.701777,c5.24xlarge,,0.5655,spot,us-east-1,b,bt.A.x,lowest-price,,,,,,,REVOCATION
2025-06-26 12:58:26.701890,2025-06-26 12:58:26.701891,c5.24xlarge,,0.5655,spot,us-east-1,b,bt.A.x,lowest-price,,,,,,,REVOCATION
2025-06-26 12:58:26.702001,2025-06-26 12:58:26.702002,c5.24xlarge,,0.5655,spot,us-east-1,b,bt.A.x,lowest-price,,,,,,,REVOCATION
2025-06-26 12:58:26.702195,2025-06-26 12:58:26.702198,c5.24xlarge,,0.5655,spot,us-east-1,b,bt.A.x,lowest-price,,,,,,,REVOCATION
2025-06-26 12:58:26.702323,2025-06-26 12:58:26.702324,c5.24xlarge,,0.5655,spot,us-east-1,b,bt.A.x,lowest-price,,,,,,,REVOCATION
2025-06-26 12:58:26.702434,2025-06-26 12:58:26.702435,c5.24xlarge,,0.5655,spot,us-east-1,b,bt.A.x,lowest-price,,,,,,,REVOCATION
2025-06-26 12:58:26.702544,2025-06-26 12:58:26.702544,c5.24xlarge,,0.5655,spot,us-east-1,b,bt.A.x,lowest-price,,,,,,,REVOCATION
2025-06-26 12:58:26.702720,2025-06-26 12:58:26.702721,c5.24xlarge,,0.5655,spot,us-east-1,b,bt.A.x,lowest-price,,,,,,,REVOCATION
2025-06-26 12:58:26.702831,2025-06-26 12:58:26.702831,c5.24xlarge,,0.5655,spot,us-east-1,b,bt.A.x,lowest-price,,,,,,,REVOCATION
2025-06-26 12:58:26.702956,2025-06-26 12:58:26.702957,c5.24xlarge,,0.5655,spot,us-east-1,b,bt.A.x,lowest-price,,,,,,,REVOCATION
2025-06-26 12:58:26.703074,2025-06-26 12:58:26.703075,c5.24xlarge,,0.5655,spot,us-east-1,b,bt.A.x,lowest-price,,,,,,,REVOCATION
2025-06-26 12:58:26.703543,2025-06-26 12:58:26.703544,c5.24xlarge,,0.5655,spot,us-east-1,b,bt.A.x,lowest-price,,,,,,,REVOCATION
2025-06-26 12:58:26.703984,2025-06-26 12:58:26.703985,c5.24xlarge,,0.5655,spot,us-east-1,b,bt.A.x,lowest-price,,,,,,,REVOCATION
2025-06-26 12:58:26.704469,2025-06-26 12:58:26.704470,c5.24xlarge,,0.5655,spot,us-east-1,b,bt.A.x,lowest-price,,,,,,,REVOCATION
2025-06-26 12:58:26.704929,2025-06-26 12:58:26.704929,c5.24xlarge,,0.5655,spot,us-east-1,b,bt.A.x,lowest-price,,,,,,,REVOCATION
2025-06-26 12:58:26.705082,2025-06-26 12:58:26.705083,c5.24xlarge,,0.5655,spot,us-east-1,b,bt.A.x,lowest-price,,,,,,,REVOCATION
2025-06-26 12:58:26.705325,2025-06-26 12:58:26.705325,c5.24xlarge,,0.5655,spot,us-east-1,b,bt.A.x,lowest-price,,,,,,,REVOCATION
2025-06-26 12:58:26.705762,2025-06-26 12:58:26.705763,c5.24xlarge,,0.5655,spot,us-east-1,b,bt.A.x,lowest-price,,,,,,,REVOCATION
2025-06-26 12:58:26.709239,2025-06-26 12:58:26.709242,c5.24xlarge,,0.5655,spot,us-east-1,b,bt.A.x,lowest-price,,,,,,,REVOCATION
2025-06-26 12:58:26.709397,2025-06-26 12:58:26.709398,c5.24xlarge,,0.5655,spot,us-east-1,b,bt.A.x,lowest-price,,,,,,,REVOCATION
2025-06-26 12:58:26.709549,2025-06-26 12:58:26.709550,c5.24xlarge,,0.5655,spot,us-east-1,b,bt.A.x,lowest-price,,,,,,,REVOCATION
2025-06-26 12:58:26.709674,2025-06-26 12:58:26.709675,c5.24xlarge,,0.5655,spot,us-east-1,b,bt.A.x,lowest-price,,,,,,,REVOCATION
2025-06-26 12:58:26.709785,2025-06-26 12:58:26.709786,c5.24xlarge,,0.5655,spot,us-east-1,b,bt.A.x,lowest-price,,,,,,,REVOCATION
2025-06-26 12:58:26.709893,2025-06-26 12:58:26.709894,c5.24xlarge,,0.5655,spot,us-east-1,b,bt.A.x,lowest-price,,,,,,,REVOCATION
2025-06-26 12:58:26.710004,2025-06-26 12:58:26.710005,c5.24xlarge,,0.5655,spot,us-east-1,b,bt.A.x,lowest-price,,,,,,,REVOCATION
2025-06-26 12:58:26.710115,2025-06-26 12:58:26.710115,c5.24xlarge,,0.5655,spot,us-east-1,b,bt.A.x,lowest-price,,,,,,,REVOCATION
2025-06-26 12:58:26.710231,2025-06-26 12:58:26.710232,c5.24xlarge,,0.5655,spot,us-east-1,b,bt.A.x,lowest-price,,,,,,,REVOCATION
2025-06-26 12:58:26.710716,2025-06-26 12:58:26.710718,c5.24xlarge,,0.5655,spot,us-east-1,b,bt.A.x,lowest-price,,,,,,,REVOCATION
2025-06-26 12:58:26.711062,2025-06-26 12:58:26.711063,c5.24xlarge,,0.5655,spot,us-east-1,b,bt.A.x,lowest-price,,,,,,,REVOCATION
2025-06-26 12:58:26.711102,2025-06-26 12:58:26.711104,c5.24xlarge,,0.5655,spot,us-east-1,b,bt.A.x,lowest-price,,,,,,,REVOCATION
2025-06-26 12:58:26.714121,2025-06-26 12:58:26.714123,c5.24xlarge,,0.5655,spot,us-east-1,b,bt.A.x,lowest-price,,,,,,,REVOCATION
2025-06-26 12:58:26.714316,2025-06-26 12:58:26.714317,c5.24xlarge,,0.5655,spot,us-east-1,b,bt.A.x,lowest-price,,,,,,,REVOCATION
2025-06-26 12:58:26.714522,2025-06-26 12:58:26.714523,c5.24xlarge,,0.5655,spot,us-east-1,b,bt.A.x,lowest-price,,,,,,,REVOCATION
2025-06-26 12:58:26.719315,2025-06-26 12:58:26.719317,c5.24xlarge,,0.5655,spot,us-east-1,b,bt.A.x,lowest-price,,,,,,,REVOCATION
2025-06-26 12:58:26.719455,2025-06-26 12:58:26.719456,c5.24xlarge,,0.5655,spot,us-east-1,b,bt.A.x,lowest-price,,,,,,,REVOCATION
2025-06-26 12:58:26.719569,2025-06-26 12:58:26.719570,c5.24xlarge,,0.5655,spot,us-east-1,b,bt.A.x,lowest-price,,,,,,,REVOCATION
2025-06-26 12:58:26.719681,2025-06-26 12:58:26.719682,c5.24xlarge,,0.5655,spot,us-east-1,b,bt.A.x,lowest-price,,,,,,,REVOCATION
2025-06-26 12:58:26.719792,2025-06-26 12:58:26.719793,c5.24xlarge,,0.5655,spot,us-east-1,b,bt.A.x,lowest-price,,,,,,,REVOCATION
2025-06-26 12:58:26.719917,2025-06-26 12:58:26.719918,c5.24xlarge,,0.5655,spot,us-east-1,b,bt.A.x,lowest-price,,,,,,,REVOCATION
2025-06-26 12:58:26.720036,2025-06-26 12:58:26.720037,c5.24xlarge,,0.5655,spot,us-east-1,b,bt.A.x,lowest-price,,,,,,,REVOCATION
2025-06-26 12:58:26.720596,2025-06-26 12:58:26.720597,c5.24xlarge,,0.5655,spot,us-east-1,b,bt.A.x,lowest-price,,,,,,,REVOCATION
2025-06-26 12:58:26.720968,2025-06-26 12:58:26.720969,c5.24xlarge,,0.5655,spot,us-east-1,b,bt.A.x,lowest-price,,,,,,,REVOCATION
2025-06-26 12:58:26.721594,2025-06-26 12:58:26.721595,c5.24xlarge,,0.5655,spot,us-east-1,b,bt.A.x,lowest-price,,,,,,,REVOCATION
2025-06-26 12:58:26.721952,2025-06-26 12:58:26.721953,c5.24xlarge,,0.5655,spot,us-east-1,b,bt.A.x,lowest-price,,,,,,,REVOCATION
2025-06-26 12:58:26.722248,2025-06-26 12:58:26.722249,c5.24xlarge,,0.5655,spot,us-east-1,b,bt.A.x,lowest-price,,,,,,,REVOCATION
2025-06-26 12:58:26.725895,2025-06-26 12:58:26.725898,c5.24xlarge,,0.5655,spot,us-east-1,b,bt.A.x,lowest-price,,,,,,,REVOCATION
2025-06-26 12:58:26.726037,2025-06-26 12:58:26.726038,c5.24xlarge,,0.5655,spot,us-east-1,b,bt.A.x,lowest-price,,,,,,,REVOCATION
2025-06-26 12:58:26.726168,2025-06-26 12:58:26.726169,c5.24xlarge,,0.5655,spot,us-east-1,b,bt.A.x,lowest-price,,,,,,,REVOCATION
2025-06-26 12:58:26.726332,2025-06-26 12:58:26.726334,c5.24xlarge,,0.5655,spot,us-east-1,b,bt.A.x,lowest-price,,,,,,,REVOCATION
2025-06-26 12:58:26.726464,2025-06-26 12:58:26.726466,c5.24xlarge,,0.5655,spot,us-east-1,b,bt.A.x,lowest-price,,,,,,,REVOCATION
2025-06-26 12:58:26.726684,2025-06-26 12:58:26.726685,c5.24xlarge,,0.5655,spot,us-east-1,b,bt.A.x,lowest-price,,,,,,,REVOCATION
2025-06-26 12:58:26.726712,2025-06-26 12:58:26.726714,c5.24xlarge,,0.5655,spot,us-east-1,b,bt.A.x,lowest-price,,,,,,,REVOCATION
2025-06-26 12:58:26.726963,2025-06-26 12:58:26.726964,c5.24xlarge,,0.5655,spot,us-east-1,b,bt.A.x,lowest-price,,,,,,,REVOCATION
2025-06-26 12:58:26.729108,2025-06-26 12:58:26.729111,c5.24xlarge,,0.5655,spot,us-east-1,b,bt.A.x,lowest-price,,,,,,,REVOCATION
2025-06-26 12:58:26.729600,2025-06-26 12:58:26.729603,c5.24xlarge,,0.5655,spot,us-east-1,b,bt.A.x,lowest-price,,,,,,,REVOCATION
2025-06-26 12:58:26.733955,2025-06-26 12:58:26.733957,c5.24xlarge,,0.5655,spot,us-east-1,b,bt.A.x,lowest-price,,,,,,,REVOCATION
2025-06-26 12:58:26.734549,2025-06-26 12:58:26.734550,c5.24xlarge,,0.5655,spot,us-east-1,b,bt.A.x,lowest-price,,,,,,,REVOCATION
2025-06-26 12:58:26.734689,2025-06-26 12:58:26.734689,c5.24xlarge,,0.5655,spot,us-east-1,b,bt.A.x,lowest-price,,,,,,,REVOCATION
2025-06-26 12:58:26.734806,2025-06-26 12:58:26.734807,c5.24xlarge,,0.5655,spot,us-east-1,b,bt.A.x,lowest-price,,,,,,,REVOCATION
2025-06-26 12:58:26.734928,2025-06-26 12:58:26.734928,c5.24xlarge,,0.5655,spot,us-east-1,b,bt.A.x,lowest-price,,,,,,,REVOCATION
2025-06-26 12:58:26.735048,2025-06-26 12:58:26.735049,c5.24xlarge,,0.5655,spot,us-east-1,b,bt.A.x,lowest-price,,,,,,,REVOCATION
2025-06-26 12:58:26.735213,2025-06-26 12:58:26.735215,c5.24xlarge,,0.5655,spot,us-east-1,b,bt.A.x,lowest-price,,,,,,,REVOCATION
2025-06-26 12:58:26.735337,2025-06-26 12:58:26.735338,c5.24xlarge,,0.5655,spot,us-east-1,b,bt.A.x,lowest-price,,,,,,,REVOCATION
2025-06-26 12:58:26.735450,2025-06-26 12:58:26.735451,c5.24xlarge,,0.5655,spot,us-east-1,b,bt.A.x,lowest-price,,,,,,,REVOCATION
2025-06-26 12:58:26.735879,2025-06-26 12:58:26.735880,c5.24xlarge,,0.5655,spot,us-east-1,b,bt.A.x,lowest-price,,,,,,,REVOCATION
2025-06-26 12:58:26.736327,2025-06-26 12:58:26.736328,c5.24xlarge,,0.5655,spot,us-east-1,b,bt.A.x,lowest-price,,,,,,,REVOCATION
2025-06-26 12:58:26.737113,2025-06-26 12:58:26.737114,c5.24xlarge,,0.5655,spot,us-east-1,b,bt.A.x,lowest-price,,,,,,,REVOCATION
2025-06-26 12:58:26.737420,2025-06-26 12:58:26.737421,c5.24xlarge,,0.5655,spot,us-east-1,b,bt.A.x,lowest-price,,,,,,,REVOCATION
2025-06-26 12:58:26.737631,2025-06-26 12:58:26.737632,c5.24xlarge,,0.5655,spot,us-east-1,b,bt.A.x,lowest-price,,,,,,,REVOCATION
2025-06-26 12:58:26.741218,2025-06-26 12:58:26.741220,c5.24xlarge,,0.5655,spot,us-east-1,b,bt.A.x,lowest-price,,,,,,,REVOCATION
2025-06-26 12:58:26.741339,2025-06-26 12:58:26.741340,c5.24xlarge,,0.5655,spot,us-east-1,b,bt.A.x,lowest-price,,,,,,,REVOCATION
2025-06-26 12:58:26.741453,2025-06-26 12:58:26.741454,c5.24xlarge,,0.5655,spot,us-east-1,b,bt.A.x,lowest-price,,,,,,,REVOCATION
2025-06-26 12:58:26.741573,2025-06-26 12:58:26.741574,c5.24xlarge,,0.5655,spot,us-east-1,b,bt.A.x,lowest-price,,,,,,,REVOCATION
2025-06-26 12:58:26.741710,2025-06-26 12:58:26.741711,c5.24xlarge,,0.5655,spot,us-east-1,b,bt.A.x,lowest-price,,,,,,,REVOCATION
2025-06-26 12:58:26.741864,2025-06-26 12:58:26.741865,c5.24xlarge,,0.5655,spot,us-east-1,b,bt.A.x,lowest-price,,,,,,,REVOCATION
2025-06-26 12:58:26.741984,2025-06-26 12:58:26.741985,c5.24xlarge,,0.5655,spot,us-east-1,b,bt.A.x,lowest-price,,,,,,,REVOCATION
2025-06-26 12:58:26.742093,2025-06-26 12:58:26.742094,c5.24xlarge,,0.5655,spot,us-east-1,b,bt.A.x,lowest-price,,,,,,,REVOCATION
2025-06-26 12:58:26.742218,2025-06-26 12:58:26.742219,c5.24xlarge,,0.5655,spot,us-east-1,b,bt.A.x,lowest-price,,,,,,,REVOCATION
2025-06-26 12:58:26.742362,2025-06-26 12:58:26.742364,c5.24xlarge,,0.5655,spot,us-east-1,b,bt.A.x,lowest-price,,,,,,,REVOCATION
2025-06-26 12:58:26.742523,2025-06-26 12:58:26.742525,c5.24xlarge,,0.5655,spot,us-east-1,b,bt.A.x,lowest-price,,,,,,,REVOCATION
2025-06-26 12:58:26.742664,2025-06-26 12:58:26.742665,c5.24xlarge,,0.5655,spot,us-east-1,b,bt.A.x,lowest-price,,,,,,,REVOCATION
2025-06-26 12:58:26.742818,2025-06-26 12:58:26.742820,c5.24xlarge,,0.5655,spot,us-east-1,b,bt.A.x,lowest-price,,,,,,,REVOCATION
2025-06-26 12:58:26.743190,2025-06-26 12:58:26.743191,c5.24xlarge,,0.5655,spot,us-east-1,b,bt.A.x,lowest-price,,,,,,,REVOCATION
2025-06-26 12:58:26.743281,2025-06-26 12:58:26.743284,c5.24xlarge,,0.5655,spot,us-east-1,b,bt.A.x,lowest-price,,,,,,,REVOCATION
2025-06-26 12:58:26.745518,2025-06-26 12:58:26.745521,c5.24xlarge,,0.5655,spot,us-east-1,b,bt.A.x,lowest-price,,,,,,,REVOCATION
2025-06-26 12:58:26.750237,2025-06-26 12:58:26.750240,c5.24xlarge,,0.5655,spot,us-east-1,b,bt.A.x,lowest-price,,,,,,,REVOCATION
2025-06-26 12:58:26.750661,2025-06-26 12:58:26.750663,c5.24xlarge,,0.5655,spot,us-east-1,b,bt.A.x,lowest-price,,,,,,,REVOCATION
2025-06-26 12:58:26.750795,2025-06-26 12:58:26.750796,c5.24xlarge,,0.5655,spot,us-east-1,b,bt.A.x,lowest-price,,,,,,,REVOCATION
2025-06-26 12:58:26.750913,2025-06-26 12:58:26.750913,c5.24xlarge,,0.5655,spot,us-east-1,b,bt.A.x,lowest-price,,,,,,,REVOCATION
2025-06-26 12:58:26.751026,2025-06-26 12:58:26.751027,c5.24xlarge,,0.5655,spot,us-east-1,b,bt.A.x,lowest-price,,,,,,,REVOCATION
2025-06-26 12:58:26.751162,2025-06-26 12:58:26.751163,c5.24xlarge,,0.5655,spot,us-east-1,b,bt.A.x,lowest-price,,,,,,,REVOCATION
2025-06-26 12:58:26.751281,2025-06-26 12:58:26.751282,c5.24xlarge,,0.5655,spot,us-east-1,b,bt.A.x,lowest-price,,,,,,,REVOCATION
2025-06-26 12:58:26.751399,2025-06-26 12:58:26.751400,c5.24xlarge,,0.5655,spot,us-east-1,b,bt.A.x,lowest-price,,,,,,,REVOCATION
2025-06-26 12:58:26.751522,2025-06-26 12:58:26.751523,c5.24xlarge,,0.5655,spot,us-east-1,b,bt.A.x,lowest-price,,,,,,,REVOCATION
2025-06-26 12:58:26.752728,2025-06-26 12:58:26.752730,c5.24xlarge,,0.5655,spot,us-east-1,b,bt.A.x,lowest-price,,,,,,,REVOCATION
2025-06-26 12:58:26.753973,2025-06-26 12:58:26.753975,c5.24xlarge,,0.5655,spot,us-east-1,b,bt.A.x,lowest-price,,,,,,,REVOCATION
2025-06-26 12:58:26.754320,2025-06-26 12:58:26.754321,c5.24xlarge,,0.5655,spot,us-east-1,b,bt.A.x,lowest-price,,,,,,,REVOCATION
2025-06-26 12:58:26.757770,2025-06-26 12:58:26.757772,c5.24xlarge,,0.5655,spot,us-east-1,b,bt.A.x,lowest-price,,,,,,,REVOCATION
2025-06-26 12:58:26.757963,2025-06-26 12:58:26.757965,c5.24xlarge,,0.5655,spot,us-east-1,b,bt.A.x,lowest-price,,,,,,,REVOCATION
2025-06-26 12:58:26.758188,2025-06-26 12:58:26.758191,c5.24xlarge,,0.5655,spot,us-east-1,b,bt.A.x,lowest-price,,,,,,,REVOCATION
2025-06-26 12:58:26.758384,2025-06-26 12:58:26.758387,c5.24xlarge,,0.5655,spot,us-east-1,b,bt.A.x,lowest-price,,,,,,,REVOCATION
2025-06-26 12:58:26.758527,2025-06-26 12:58:26.758529,c5.24xlarge,,0.5655,spot,us-east-1,b,bt.A.x,lowest-price,,,,,,,REVOCATION
2025-06-26 12:58:26.760798,2025-06-26 12:58:26.760800,c5.24xlarge,,0.5655,spot,us-east-1,b,bt.A.x,lowest-price,,,,,,,REVOCATION
2025-06-26 12:58:26.760840,2025-06-26 12:58:26.760843,c5.24xlarge,,0.5655,spot,us-east-1,b,bt.A.x,lowest-price,,,,,,,REVOCATION
2025-06-26 12:58:26.765821,2025-06-26 12:58:26.765823,c5.24xlarge,,0.5655,spot,us-east-1,b,bt.A.x,lowest-price,,,,,,,REVOCATION
2025-06-26 12:58:26.766185,2025-06-26 12:58:26.766186,c5.24xlarge,,0.5655,spot,us-east-1,b,bt.A.x,lowest-price,,,,,,,REVOCATION
2025-06-26 12:58:26.766331,2025-06-26 12:58:26.766332,c5.24xlarge,,0.5655,spot,us-east-1,b,bt.A.x,lowest-price,,,,,,,REVOCATION
2025-06-26 12:58:26.766447,2025-06-26 12:58:26.766448,c5.24xlarge,,0.5655,spot,us-east-1,b,bt.A.x,lowest-price,,,,,,,REVOCATION
2025-06-26 12:58:26.766567,2025-06-26 12:58:26.766567,c5.24xlarge,,0.5655,spot,us-east-1,b,bt.A.x,lowest-price,,,,,,,REVOCATION
2025-06-26 12:58:26.766686,2025-06-26 12:58:26.766686,c5.24xlarge,,0.5655,spot,us-east-1,b,bt.A.x,lowest-price,,,,,,,REVOCATION
2025-06-26 12:58:26.766799,2025-06-26 12:58:26.766800,c5.24xlarge,,0.5655,spot,us-east-1,b,bt.A.x,lowest-price,,,,,,,REVOCATION
2025-06-26 12:58:26.766911,2025-06-26 12:58:26.766911,c5.24xlarge,,0.5655,spot,us-east-1,b,bt.A.x,lowest-price,,,,,,,REVOCATION
2025-06-26 12:58:26.767437,2025-06-26 12:58:26.767438,c5.24xlarge,,0.5655,spot,us-east-1,b,bt.A.x,lowest-price,,,,,,,REVOCATION
2025-06-26 12:58:26.768596,2025-06-26 12:58:26.768597,c5.24xlarge,,0.5655,spot,us-east-1,b,bt.A.x,lowest-price,,,,,,,REVOCATION
2025-06-26 12:58:26.768859,2025-06-26 12:58:26.768860,c5.24xlarge,,0.5655,spot,us-east-1,b,bt.A.x,lowest-price,,,,,,,REVOCATION
2025-06-26 12:58:26.772425,2025-06-26 12:58:26.772426,c5.24xlarge,,0.5655,spot,us-east-1,b,bt.A.x,lowest-price,,,,,,,REVOCATION
2025-06-26 12:58:26.772582,2025-06-26 12:58:26.772583,c5.24xlarge,,0.5655,spot,us-east-1,b,bt.A.x,lowest-price,,,,,,,REVOCATION
2025-06-26 12:58:26.772765,2025-06-26 12:58:26.772767,c5.24xlarge,,0.5655,spot,us-east-1,b,bt.A.x,lowest-price,,,,,,,REVOCATION
2025-06-26 12:58:26.772889,2025-06-26 12:58:26.772889,c5.24xlarge,,0.791,spot,us-east-1,a,bt.A.x,lowest-price,,,,,,,REVOCATION
2025-06-26 12:58:26.773010,2025-06-26 12:58:26.773010,c5.24xlarge,,0.791,spot,us-east-1,a,bt.A.x,lowest-price,,,,,,,REVOCATION
2025-06-26 12:58:26.773125,2025-06-26 12:58:26.773126,c5.24xlarge,,0.791,spot,us-east-1,a,bt.A.x,lowest-price,,,,,,,REVOCATION
2025-06-26 12:58:26.773406,2025-06-26 12:58:26.773409,c5.24xlarge,,0.791,spot,us-east-1,a,bt.A.x,lowest-price,,,,,,,REVOCATION
2025-06-26 12:58:26.773486,2025-06-26 12:58:26.773487,c5.24xlarge,,0.791,spot,us-east-1,a,bt.A.x,lowest-price,,,,,,,REVOCATION
2025-06-26 12:58:26.775438,2025-06-26 12:58:26.775440,c5.24xlarge,,0.791,spot,us-east-1,a,bt.A.x,lowest-price,,,,,,,REVOCATION
2025-06-26 12:58:26.780382,2025-06-26 12:58:26.780384,c5.24xlarge,,0.791,spot,us-east-1,a,bt.A.x,lowest-price,,,,,,,REVOCATION
2025-06-26 12:58:26.780756,2025-06-26 12:58:26.780757,c5.24xlarge,,0.791,spot,us-east-1,a,bt.A.x,lowest-price,,,,,,,REVOCATION
2025-06-26 12:58:26.780910,2025-06-26 12:58:26.780911,c5.24xlarge,,0.791,spot,us-east-1,a,bt.A.x,lowest-price,,,,,,,REVOCATION
2025-06-26 12:58:26.781033,2025-06-26 12:58:26.781033,c5.24xlarge,,0.791,spot,us-east-1,a,bt.A.x,lowest-price,,,,,,,REVOCATION
2025-06-26 12:58:26.781159,2025-06-26 12:58:26.781160,c5.24xlarge,,0.791,spot,us-east-1,a,bt.A.x,lowest-price,,,,,,,REVOCATION
2025-06-26 12:58:26.781283,2025-06-26 12:58:26.781284,c5.24xlarge,,0.791,spot,us-east-1,a,bt.A.x,lowest-price,,,,,,,REVOCATION
2025-06-26 12:58:26.781399,2025-06-26 12:58:26.781400,c5.24xlarge,,0.791,spot,us-east-1,a,bt.A.x,lowest-price,,,,,,,REVOCATION
2025-06-26 12:58:26.781517,2025-06-26 12:58:26.781518,c5.24xlarge,,0.791,spot,us-east-1,a,bt.A.x,lowest-price,,,,,,,REVOCATION
2025-06-26 12:58:26.781634,2025-06-26 12:58:26.781635,c5.24xlarge,,0.791,spot,us-east-1,a,bt.A.x,lowest-price,,,,,,,REVOCATION
2025-06-26 12:58:26.781746,2025-06-26 12:58:26.781747,c5.24xlarge,,0.791,spot,us-east-1,a,bt.A.x,lowest-price,,,,,,,REVOCATION
2025-06-26 12:58:26.781859,2025-06-26 12:58:26.781860,c5.24xlarge,,0.791,spot,us-east-1,a,bt.A.x,lowest-price,,,,,,,REVOCATION
2025-06-26 12:58:26.782299,2025-06-26 12:58:26.782300,c5.24xlarge,,0.791,spot,us-east-1,a,bt.A.x,lowest-price,,,,,,,REVOCATION
2025-06-26 12:58:26.782489,2025-06-26 12:58:26.782490,c5.24xlarge,,0.791,spot,us-east-1,a,bt.A.x,lowest-price,,,,,,,REVOCATION
2025-06-26 12:58:26.782743,2025-06-26 12:58:26.782744,c5.24xlarge,,0.791,spot,us-east-1,a,bt.A.x,lowest-price,,,,,,,REVOCATION
2025-06-26 12:58:26.783155,2025-06-26 12:58:26.783158,c5.24xlarge,,0.791,spot,us-east-1,a,bt.A.x,lowest-price,,,,,,,REVOCATION
2025-06-26 12:58:26.783755,2025-06-26 12:58:26.783757,c5.24xlarge,,0.791,spot,us-east-1,a,bt.A.x,lowest-price,,,,,,,REVOCATION
2025-06-26 12:58:26.783987,2025-06-26 12:58:26.783988,c5.24xlarge,,0.791,spot,us-east-1,a,bt.A.x,lowest-price,,,,,,,REVOCATION
2025-06-26 12:58:26.784215,2025-06-26 12:58:26.784216,c5.24xlarge,,0.791,spot,us-east-1,a,bt.A.x,lowest-price,,,,,,,REVOCATION
2025-06-26 12:58:26.788066,2025-06-26 12:58:26.788069,c5.24xlarge,,0.791,spot,us-east-1,a,bt.A.x,lowest-price,,,,,,,REVOCATION
2025-06-26 12:58:26.788238,2025-06-26 12:58:26.788239,c5.24xlarge,,0.791,spot,us-east-1,a,bt.A.x,lowest-price,,,,,,,REVOCATION
2025-06-26 12:58:26.788366,2025-06-26 12:58:26.788366,c5.24xlarge,,0.791,spot,us-east-1,a,bt.A.x,lowest-price,,,,,,,REVOCATION
2025-06-26 12:58:26.788487,2025-06-26 12:58:26.788487,c5.24xlarge,,0.791,spot,us-east-1,a,bt.A.x,lowest-price,,,,,,,REVOCATION
2025-06-26 12:58:26.788607,2025-06-26 12:58:26.788607,c5.24xlarge,,0.791,spot,us-east-1,a,bt.A.x,lowest-price,,,,,,,REVOCATION
2025-06-26 12:58:26.788721,2025-06-26 12:58:26.788721,c5.24xlarge,,0.791,spot,us-east-1,a,bt.A.x,lowest-price,,,,,,,REVOCATION
2025-06-26 12:58:26.788849,2025-06-26 12:58:26.788851,c5.24xlarge,,0.791,spot,us-east-1,a,bt.A.x,lowest-price,,,,,,,REVOCATION
2025-06-26 12:58:26.791108,2025-06-26 12:58:26.791109,c5.24xlarge,,0.791,spot,us-east-1,a,bt.A.x,lowest-price,,,,,,,REVOCATION
2025-06-26 12:58:26.791161,2025-06-26 12:58:26.791164,c5.24xlarge,,0.791,spot,us-east-1,a,bt.A.x,lowest-price,,,,,,,REVOCATION
2025-06-26 12:58:26.796111,2025-06-26 12:58:26.796114,c5.24xlarge,,0.791,spot,us-east-1,a,bt.A.x,lowest-price,,,,,,,REVOCATION
2025-06-26 12:58:26.796538,2025-06-26 12:58:26.796541,c5.24xlarge,,0.791,spot,us-east-1,a,bt.A.x,lowest-price,,,,,,,REVOCATION
2025-06-26 12:58:26.796735,2025-06-26 12:58:26.796737,c5.24xlarge,,0.791,spot,us-east-1,a,bt.A.x,lowest-price,,,,,,,REVOCATION
2025-06-26 12:58:26.796918,2025-06-26 12:58:26.796920,c5.24xlarge,,0.791,spot,us-east-1,a,bt.A.x,lowest-price,,,,,,,REVOCATION
2025-06-26 12:58:26.797067,2025-06-26 12:58:26.797068,c5.24xlarge,,0.791,spot,us-east-1,a,bt.A.x,lowest-price,,,,,,,REVOCATION
2025-06-26 12:58:26.797189,2025-06-26 12:58:26.797190,c5.24xlarge,,0.791,spot,us-east-1,a,bt.A.x,lowest-price,,,,,,,REVOCATION
2025-06-26 12:58:26.797320,2025-06-26 12:58:26.797321,c5.24xlarge,,0.791,spot,us-east-1,a,bt.A.x,lowest-price,,,,,,,REVOCATION
2025-06-26 12:58:26.797840,2025-06-26 12:58:26.797841,c5.24xlarge,,0.791,spot,us-east-1,a,bt.A.x,lowest-price,,,,,,,REVOCATION
2025-06-26 12:58:26.798255,2025-06-26 12:58:26.798256,c5.24xlarge,,0.791,spot,us-east-1,a,bt.A.x,lowest-price,,,,,,,REVOCATION
2025-06-26 12:58:26.802729,2025-06-26 12:58:26.802731,c5.24xlarge,,0.791,spot,us-east-1,a,bt.A.x,lowest-price,,,,,,,REVOCATION
2025-06-26 12:58:26.802877,2025-06-26 12:58:26.802878,c5.24xlarge,,0.791,spot,us-east-1,a,bt.A.x,lowest-price,,,,,,,REVOCATION
2025-06-26 12:58:26.803002,2025-06-26 12:58:26.803002,c5.24xlarge,,0.791,spot,us-east-1,a,bt.A.x,lowest-price,,,,,,,REVOCATION
2025-06-26 12:58:26.803123,2025-06-26 12:58:26.803124,c5.24xlarge,,0.791,spot,us-east-1,a,bt.A.x,lowest-price,,,,,,,REVOCATION
2025-06-26 12:58:26.803332,2025-06-26 12:58:26.803332,c5.24xlarge,,0.791,spot,us-east-1,a,bt.A.x,lowest-price,,,,,,,REVOCATION
2025-06-26 12:58:26.803454,2025-06-26 12:58:26.803454,c5.24xlarge,,0.791,spot,us-east-1,a,bt.A.x,lowest-price,,,,,,,REVOCATION
2025-06-26 12:58:26.803568,2025-06-26 12:58:26.803569,c5.24xlarge,,0.791,spot,us-east-1,a,bt.A.x,lowest-price,,,,,,,REVOCATION
2025-06-26 13:03:17.504285,2025-06-26 13:04:34.641295,m5.24xlarge,,0.5619,spot,us-east-1,f,bt.A.x,lowest-price,,,,,,,InsufficientInstanceCapacity
2025-06-26 20:47:11.765149,2025-06-26 20:48:28.868349,c5.24xlarge,,0.5573,spot,us-east-1,b,bt.A.x,lowest-price,,,,,,,MaxSpotInstanceCountExceeded
2025-06-26 20:47:11.765149,2025-06-26 20:48:31.025227,m5.24xlarge,,0.5616,spot,us-east-1,f,bt.A.x,lowest-price,,,,,,,InsufficientInstanceCapacity
2025-06-26 20:47:11.765149,2025-06-26 20:48:33.057934,r5.24xlarge,,0.6048,spot,us-east-1,c,bt.A.x,lowest-price,,,,,,,InsufficientInstanceCapacity
2025-06-26 20:47:11.765149,2025-06-26 20:48:34.987054,m7i.24xlarge,,0.705,spot,us-east-1,d,bt.A.x,lowest-price,,,,,,,InsufficientInstanceCapacity
2025-06-26 20:47:11.765149,2025-06-26 20:48:36.936029,r7a.24xlarge,,0.7303,spot,us-east-1,c,bt.A.x,lowest-price,,,,,,,InsufficientInstanceCapacity
2025-06-26 20:47:11.765149,2025-06-26 20:48:38.829264,r6a.24xlarge,,0.7474,spot,us-east-1,b,bt.A.x,lowest-price,,,,,,,InsufficientInstanceCapacity
2025-06-26 20:47:11.765149,2025-06-26 20:48:40.670199,m6a.24xlarge,,0.755,spot,us-east-1,f,bt.A.x,lowest-price,,,,,,,InsufficientInstanceCapacity
2025-06-26 20:47:11.765149,2025-06-26 20:48:42.743403,r6i.24xlarge,,0.7855,spot,us-east-1,c,bt.A.x,lowest-price,,,,,,,InsufficientInstanceCapacity
2025-06-26 20:47:11.765149,2025-06-26 20:48:44.918542,c5.24xlarge,,0.7902,spot,us-east-1,a,bt.A.x,lowest-price,,,,,,,MaxSpotInstanceCountExceeded
2025-06-26 20:47:11.765149,2025-06-26 20:48:46.753145,r7i.24xlarge,,0.8221,spot,us-east-1,d,bt.A.x,lowest-price,,,,,,,InsufficientInstanceCapacity
2025-06-26 20:47:11.765149,2025-06-26 20:48:48.881153,c5.24xlarge,,0.8225,spot,us-east-1,d,bt.A.x,lowest-price,,,,,,,MaxSpotInstanceCountExceeded
2025-06-26 20:47:11.765149,2025-06-26 20:48:50.782208,r6a.24xlarge,,0.8247,spot,us-east-1,a,bt.A.x,lowest-price,,,,,,,InsufficientInstanceCapacity
2025-06-26 20:47:11.765149,2025-06-26 20:48:52.783978,c6i.32xlarge,,0.8439,spot,us-east-1,f,bt.A.x,lowest-price,,,,,,,InsufficientInstanceCapacity
2025-06-26 20:47:11.765149,2025-06-26 20:48:54.809885,m6a.24xlarge,,0.9138,spot,us-east-1,c,bt.A.x,lowest-price,,,,,,,InsufficientInstanceCapacity
2025-06-26 20:47:11.765149,2025-06-26 20:49:37.811305,m5a.24xlarge,,0.93,spot,us-east-1,b,bt.A.x,lowest-price,,,,,,,InsufficientInstanceCapacity
2025-06-26 20:47:11.765149,2025-06-26 20:49:40.028866,m5a.24xlarge,,0.93,spot,us-east-1,b,bt.A.x,lowest-price,,,,,,,InsufficientInstanceCapacity
2025-06-26 20:47:11.765149,2025-06-26 20:49:41.913169,m6i.24xlarge,,0.9319,spot,us-east-1,c,bt.A.x,lowest-price,,,,,,,InsufficientInstanceCapacity
2025-06-26 20:47:11.765149,2025-06-26 20:49:44.035355,c5.24xlarge,,0.9471,spot,us-east-1,c,bt.A.x,lowest-price,,,,,,,InsufficientInstanceCapacity
2025-06-26 20:47:11.765149,2025-06-26 20:49:46.173746,m6i.24xlarge,,0.9862,spot,us-east-1,a,bt.A.x,lowest-price,,,,,,,InsufficientInstanceCapacity
2025-06-26 20:47:11.765149,2025-06-26 20:49:47.978169,m7i.24xlarge,,0.9876,spot,us-east-1,f,bt.A.x,lowest-price,,,,,,,InsufficientInstanceCapacity
2025-06-26 20:47:11.765149,2025-06-26 20:49:50.065614,m5.24xlarge,,0.9947,spot,us-east-1,d,bt.A.x,lowest-price,,,,,,,InsufficientInstanceCapacity
2025-06-26 20:47:11.765149,2025-06-26 20:50:10.458821,c5d.24xlarge,,1.0176,spot,us-east-1,d,bt.A.x,lowest-price,,,,,,,InsufficientInstanceCapacity
2025-06-26 20:47:11.765149,2025-06-26 20:50:12.422377,c5d.24xlarge,,1.0176,spot,us-east-1,d,bt.A.x,lowest-price,,,,,,,InsufficientInstanceCapacity
2025-06-26 20:47:11.765149,2025-06-26 20:50:14.703124,c5d.24xlarge,,1.0261,spot,us-east-1,b,bt.A.x,lowest-price,,,,,,,MaxSpotInstanceCountExceeded
2025-06-28 00:21:31.876823,2025-06-28 00:24:01.062469,c5.24xlarge,,0.5251,spot,us-east-1,b,bt.A.x,lowest-price,,,,,,,InsufficientFreeAddressesInSubnet
2025-06-28 00:21:31.876823,2025-06-28 00:24:03.136181,c5.24xlarge,,0.5251,spot,us-east-1,b,bt.A.x,lowest-price,,,,,,,InsufficientFreeAddressesInSubnet
2025-06-28 00:21:31.876823,2025-06-28 00:24:05.212784,m5.24xlarge,,0.5505,spot,us-east-1,f,bt.A.x,lowest-price,,,,,,,MaxSpotInstanceCountExceeded
2025-06-28 00:21:31.876823,2025-06-28 00:24:07.341329,r5.24xlarge,,0.6048,spot,us-east-1,c,bt.A.x,lowest-price,,,,,,,InsufficientInstanceCapacity
2025-06-28 00:21:31.876823,2025-06-28 00:24:09.510992,m7i.24xlarge,,0.6752,spot,us-east-1,d,bt.A.x,lowest-price,,,,,,,MaxSpotInstanceCountExceeded
2025-06-28 00:21:31.876823,2025-06-28 00:24:11.117523,r6a.24xlarge,,0.7142,spot,us-east-1,b,bt.A.x,lowest-price,,,,,,,InsufficientFreeAddressesInSubnet
2025-06-28 00:21:31.876823,2025-06-28 00:24:13.267836,r7a.24xlarge,,0.7303,spot,us-east-1,c,bt.A.x,lowest-price,,,,,,,InsufficientInstanceCapacity
2025-06-28 00:21:31.876823,2025-06-28 00:24:15.251830,m6a.24xlarge,,0.7375,spot,us-east-1,f,bt.A.x,lowest-price,,,,,,,MaxSpotInstanceCountExceeded
2025-06-28 00:21:31.876823,2025-06-28 00:24:17.321788,r6i.24xlarge,,0.7503,spot,us-east-1,c,bt.A.x,lowest-price,,,,,,,InsufficientInstanceCapacity
2025-06-28 00:21:31.876823,2025-06-28 00:24:19.469045,r7i.24xlarge,,0.7748,spot,us-east-1,d,bt.A.x,lowest-price,,,,,,,InsufficientInstanceCapacity
2025-06-28 00:21:31.876823,2025-06-28 00:24:21.630584,c5.24xlarge,,0.7764,spot,us-east-1,a,bt.A.x,lowest-price,,,,,,,MaxSpotInstanceCountExceeded
2025-06-28 00:21:31.876823,2025-06-28 00:24:23.823250,c6i.32xlarge,,0.7923,spot,us-east-1,f,bt.A.x,lowest-price,,,,,,,MaxSpotInstanceCountExceeded
2025-06-28 00:21:31.876823,2025-06-28 00:24:25.937859,r6a.24xlarge,,0.8002,spot,us-east-1,a,bt.A.x,lowest-price,,,,,,,InsufficientInstanceCapacity
2025-06-28 00:21:31.876823,2025-06-28 00:24:28.023360,c5.24xlarge,,0.8063,spot,us-east-1,d,bt.A.x,lowest-price,,,,,,,MaxSpotInstanceCountExceeded
2025-06-28 00:21:31.876823,2025-06-28 00:24:30.113347,m6a.24xlarge,,0.8899,spot,us-east-1,c,bt.A.x,lowest-price,,,,,,,MaxSpotInstanceCountExceeded
2025-06-28 00:21:31.876823,2025-06-28 00:24:32.088621,m6i.24xlarge,,0.9049,spot,us-east-1,c,bt.A.x,lowest-price,,,,,,,InsufficientInstanceCapacity
2025-06-28 00:21:31.876823,2025-06-28 00:24:33.840929,m5a.24xlarge,,0.9142,spot,us-east-1,b,bt.A.x,lowest-price,,,,,,,InsufficientFreeAddressesInSubnet
2025-06-28 00:21:31.876823,2025-06-28 00:24:35.810480,c5.24xlarge,,0.9196,spot,us-east-1,c,bt.A.x,lowest-price,,,,,,,MaxSpotInstanceCountExceeded
2025-06-28 00:21:31.876823,2025-06-28 00:24:37.910514,m6i.24xlarge,,0.9619,spot,us-east-1,a,bt.A.x,lowest-price,,,,,,,MaxSpotInstanceCountExceeded
2025-06-28 00:21:31.876823,2025-06-28 00:24:39.989785,m7i.24xlarge,,0.9687,spot,us-east-1,f,bt.A.x,lowest-price,,,,,,,MaxSpotInstanceCountExceeded
2025-06-28 00:21:31.876823,2025-06-28 00:24:41.997551,m5.24xlarge,,0.9724,spot,us-east-1,d,bt.A.x,lowest-price,,,,,,,MaxSpotInstanceCountExceeded
2025-06-28 00:21:31.876823,2025-06-28 00:24:44.131725,c5d.24xlarge,,0.986,spot,us-east-1,d,bt.A.x,lowest-price,,,,,,,MaxSpotInstanceCountExceeded
2025-06-28 00:21:31.876823,2025-06-28 00:24:45.838559,c5d.24xlarge,,1.0011,spot,us-east-1,b,bt.A.x,lowest-price,,,,,,,InsufficientFreeAddressesInSubnet
2025-06-28 00:21:31.876823,2025-06-28 00:24:47.817826,m6i.24xlarge,,1.0049,spot,us-east-1,f,bt.A.x,lowest-price,,,,,,,MaxSpotInstanceCountExceeded
2025-06-28 00:21:31.876823,2025-06-28 00:24:49.904468,c5ad.24xlarge,,1.0089,spot,us-east-1,f,bt.A.x,lowest-price,,,,,,,MaxSpotInstanceCountExceeded
2025-06-28 00:21:31.876823,2025-06-28 00:24:51.996094,c6i.32xlarge,,1.0123,spot,us-east-1,a,bt.A.x,lowest-price,,,,,,,MaxSpotInstanceCountExceeded
2025-06-28 00:21:31.876823,2025-06-28 00:24:53.597862,m6a.24xlarge,,1.0183,spot,us-east-1,b,bt.A.x,lowest-price,,,,,,,InsufficientFreeAddressesInSubnet
2025-06-28 00:21:31.876823,2025-06-28 00:24:55.770900,r5n.24xlarge,,1.0197,spot,us-east-1,d,bt.A.x,lowest-price,,,,,,,InsufficientInstanceCapacity
2025-06-28 00:21:31.876823,2025-06-28 00:24:57.549772,m5.24xlarge,,1.0311,spot,us-east-1,b,bt.A.x,lowest-price,,,,,,,InsufficientFreeAddressesInSubnet
2025-06-28 00:21:31.876823,2025-06-28 00:24:59.571339,m6a.24xlarge,,1.0321,spot,us-east-1,d,bt.A.x,lowest-price,,,,,,,MaxSpotInstanceCountExceeded
2025-06-28 00:21:31.876823,2025-06-28 00:25:01.589002,r6a.24xlarge,,1.0487,spot,us-east-1,c,bt.A.x,lowest-price,,,,,,,InsufficientInstanceCapacity
2025-06-28 00:21:31.876823,2025-06-28 00:25:03.950214,m6i.24xlarge,,1.0525,spot,us-east-1,d,bt.A.x,lowest-price,,,,,,,MaxSpotInstanceCountExceeded
2025-06-28 00:21:31.876823,2025-06-28 00:25:05.924561,m5.24xlarge,,1.0645,spot,us-east-1,c,bt.A.x,lowest-price,,,,,,,MaxSpotInstanceCountExceeded
2025-06-28 00:21:31.876823,2025-06-28 00:25:08.151990,c6a.24xlarge,,1.0646,spot,us-east-1,f,bt.A.x,lowest-price,,,,,,,MaxSpotInstanceCountExceeded
2025-06-28 00:21:31.876823,2025-06-28 00:25:10.187790,m5a.24xlarge,,1.0784,spot,us-east-1,f,bt.A.x,lowest-price,,,,,,,MaxSpotInstanceCountExceeded
2025-06-28 00:21:31.876823,2025-06-28 00:25:12.233211,m5a.24xlarge,,1.0884,spot,us-east-1,c,bt.A.x,lowest-price,,,,,,,InsufficientInstanceCapacity
2025-06-28 00:21:31.876823,2025-06-28 00:25:14.314223,c5d.24xlarge,,1.0893,spot,us-east-1,a,bt.A.x,lowest-price,,,,,,,MaxSpotInstanceCountExceeded
2025-06-28 00:21:31.876823,2025-06-28 00:25:15.983305,c6i.32xlarge,,1.0948,spot,us-east-1,b,bt.A.x,lowest-price,,,,,,,InsufficientFreeAddressesInSubnet
2025-06-28 00:21:31.876823,2025-06-28 00:25:17.904679,c6id.24xlarge,,1.1012,spot,us-east-1,a,bt.A.x,lowest-price,,,,,,,MaxSpotInstanceCountExceeded
2025-06-28 00:21:31.876823,2025-06-28 00:25:19.970869,m5a.24xlarge,,1.1326,spot,us-east-1,a,bt.A.x,lowest-price,,,,,,,MaxSpotInstanceCountExceeded
2025-06-28 00:21:31.876823,2025-06-28 00:25:21.994195,r5a.24xlarge,,1.1407,spot,us-east-1,d,bt.A.x,lowest-price,,,,,,,MaxSpotInstanceCountExceeded
2025-06-28 00:21:31.876823,2025-06-28 00:25:23.886528,c5a.24xlarge,,1.1427,spot,us-east-1,f,bt.A.x,lowest-price,,,,,,,MaxSpotInstanceCountExceeded
2025-06-28 00:21:31.876823,2025-06-28 00:25:25.629613,r6in.24xlarge,,1.1505,spot,us-east-1,b,bt.A.x,lowest-price,,,,,,,InsufficientFreeAddressesInSubnet
2025-06-28 00:21:31.876823,2025-06-28 00:25:27.568641,m7a.24xlarge,,1.1515,spot,us-east-1,c,bt.A.x,lowest-price,,,,,,,InsufficientInstanceCapacity
2025-06-28 00:21:31.876823,2025-06-28 00:25:29.685774,m6a.24xlarge,,1.1519,spot,us-east-1,a,bt.A.x,lowest-price,,,,,,,MaxSpotInstanceCountExceeded
2025-06-28 00:21:31.876823,2025-06-28 00:25:31.462584,m7a.24xlarge,,1.1573,spot,us-east-1,d,bt.A.x,lowest-price,,,,,,,InsufficientInstanceCapacity
2025-06-28 00:21:31.876823,2025-06-28 00:25:33.307396,m7a.24xlarge,,1.1579,spot,us-east-1,b,bt.A.x,lowest-price,,,,,,,InsufficientFreeAddressesInSubnet
2025-06-28 00:21:31.876823,2025-06-28 00:25:35.399294,c6id.24xlarge,,1.1595,spot,us-east-1,f,bt.A.x,lowest-price,,,,,,,MaxSpotInstanceCountExceeded
2025-06-28 00:21:31.876823,2025-06-28 00:25:37.315743,c6id.24xlarge,,1.1608,spot,us-east-1,d,bt.A.x,lowest-price,,,,,,,MaxSpotInstanceCountExceeded
2025-06-28 00:21:31.876823,2025-06-28 00:25:39.258682,r6a.24xlarge,,1.1686,spot,us-east-1,f,bt.A.x,lowest-price,,,,,,,InsufficientInstanceCapacity
2025-06-28 00:21:31.876823,2025-06-28 00:25:40.932312,c5a.24xlarge,,1.1741,spot,us-east-1,b,bt.A.x,lowest-price,,,,,,,InsufficientFreeAddressesInSubnet
2025-06-28 00:21:31.876823,2025-06-28 00:25:42.531218,c5ad.24xlarge,,1.1782,spot,us-east-1,b,bt.A.x,lowest-price,,,,,,,InsufficientFreeAddressesInSubnet
2025-06-28 00:21:31.876823,2025-06-28 00:25:44.658230,c6i.32xlarge,,1.1797,spot,us-east-1,d,bt.A.x,lowest-price,,,,,,,MaxSpotInstanceCountExceeded
2025-06-28 00:21:31.876823,2025-06-28 00:25:46.664876,m5.24xlarge,,1.1827,spot,us-east-1,a,bt.A.x,lowest-price,,,,,,,InsufficientInstanceCapacity
2025-06-28 00:21:31.876823,2025-06-28 00:25:48.639946,c6a.24xlarge,,1.1831,spot,us-east-1,c,bt.A.x,lowest-price,,,,,,,MaxSpotInstanceCountExceeded
2025-06-28 00:21:31.876823,2025-06-28 00:25:50.340777,c6a.24xlarge,,1.1997,spot,us-east-1,b,bt.A.x,lowest-price,,,,,,,InsufficientFreeAddressesInSubnet
2025-06-28 00:21:31.876823,2025-06-28 00:25:52.406093,m5a.24xlarge,,1.2129,spot,us-east-1,d,bt.A.x,lowest-price,,,,,,,MaxSpotInstanceCountExceeded
2025-06-28 00:21:31.876823,2025-06-28 00:25:54.345577,r6a.24xlarge,,1.2329,spot,us-east-1,d,bt.A.x,lowest-price,,,,,,,MaxSpotInstanceCountExceeded
2025-06-28 00:21:31.876823,2025-06-28 00:25:56.054270,c6id.24xlarge,,1.2387,spot,us-east-1,b,bt.A.x,lowest-price,,,,,,,InsufficientFreeAddressesInSubnet
2025-06-28 00:21:31.876823,2025-06-28 00:25:57.987449,m7a.24xlarge,,1.2413,spot,us-east-1,a,bt.A.x,lowest-price,,,,,,,InsufficientInstanceCapacity
2025-06-28 00:21:31.876823,2025-06-28 00:25:59.894964,c6in.24xlarge,,1.2471,spot,us-east-1,f,bt.A.x,lowest-price,,,,,,,MaxSpotInstanceCountExceeded
2025-06-28 00:21:31.876823,2025-06-28 00:26:02.086311,r5a.24xlarge,,1.2743,spot,us-east-1,a,bt.A.x,lowest-price,,,,,,,MaxSpotInstanceCountExceeded
2025-06-28 00:21:31.876823,2025-06-28 00:26:04.408102,c6a.24xlarge,,1.2778,spot,us-east-1,d,bt.A.x,lowest-price,,,,,,,MaxSpotInstanceCountExceeded
2025-06-28 00:21:31.876823,2025-06-28 00:26:05.971687,m5ad.24xlarge,,1.2819,spot,us-east-1,b,bt.A.x,lowest-price,,,,,,,InsufficientFreeAddressesInSubnet
2025-06-28 00:21:31.876823,2025-06-28 00:26:07.691987,r5n.24xlarge,,1.2948,spot,us-east-1,b,bt.A.x,lowest-price,,,,,,,InsufficientFreeAddressesInSubnet
2025-06-28 00:21:31.876823,2025-06-28 00:26:09.648591,r7a.24xlarge,,1.3031,spot,us-east-1,a,bt.A.x,lowest-price,,,,,,,InsufficientInstanceCapacity
2025-06-28 00:21:31.876823,2025-06-28 00:26:11.156030,r5a.24xlarge,,1.3062,spot,us-east-1,b,bt.A.x,lowest-price,,,,,,,InsufficientFreeAddressesInSubnet
2025-06-28 00:21:31.876823,2025-06-28 00:26:13.140250,c7a.48xlarge,,1.3094,spot,us-east-1,a,bt.A.x,lowest-price,,,,,,,InsufficientInstanceCapacity
2025-06-28 00:21:31.876823,2025-06-28 00:26:15.233954,m5ad.24xlarge,,1.3288,spot,us-east-1,d,bt.A.x,lowest-price,,,,,,,MaxSpotInstanceCountExceeded
2025-06-28 00:21:31.876823,2025-06-28 00:26:17.074900,r7a.24xlarge,,1.334,spot,us-east-1,f,bt.A.x,lowest-price,,,,,,,InsufficientInstanceCapacity
2025-06-28 00:21:31.876823,2025-06-28 00:26:18.814567,r5ad.24xlarge,,1.3447,spot,us-east-1,b,bt.A.x,lowest-price,,,,,,,InsufficientFreeAddressesInSubnet
2025-06-28 00:21:31.876823,2025-06-28 00:26:20.911912,c6a.24xlarge,,1.3563,spot,us-east-1,a,bt.A.x,lowest-price,,,,,,,MaxSpotInstanceCountExceeded
2025-06-28 00:21:31.876823,2025-06-28 00:26:22.905096,m5d.24xlarge,,1.3674,spot,us-east-1,d,bt.A.x,lowest-price,,,,,,,InsufficientInstanceCapacity
2025-06-28 00:21:31.876823,2025-06-28 00:26:24.888716,c5.24xlarge,,1.3743,spot,us-east-1,f,bt.A.x,lowest-price,,,,,,,MaxSpotInstanceCountExceeded
2025-06-28 00:21:31.876823,2025-06-28 00:26:26.843801,r5.24xlarge,,1.3868,spot,us-east-1,f,bt.A.x,lowest-price,,,,,,,InsufficientInstanceCapacity
2025-06-28 00:21:31.876823,2025-06-28 00:26:28.786638,r5n.24xlarge,,1.392,spot,us-east-1,a,bt.A.x,lowest-price,,,,,,,InsufficientInstanceCapacity
2025-06-28 00:21:31.876823,2025-06-28 00:26:30.736050,c6i.32xlarge,,1.3981,spot,us-east-1,c,bt.A.x,lowest-price,,,,,,,InsufficientInstanceCapacity
2025-06-28 00:21:31.876823,2025-06-28 00:26:32.709356,r6i.24xlarge,,1.4052,spot,us-east-1,f,bt.A.x,lowest-price,,,,,,,InsufficientInstanceCapacity
2025-06-28 00:21:31.876823,2025-06-28 00:26:34.760737,r5a.24xlarge,,1.4144,spot,us-east-1,f,bt.A.x,lowest-price,,,,,,,MaxSpotInstanceCountExceeded
2025-06-28 00:21:31.876823,2025-06-28 00:26:36.932890,c5a.24xlarge,,1.4165,spot,us-east-1,d,bt.A.x,lowest-price,,,,,,,InsufficientInstanceCapacity
2025-06-28 00:21:31.876823,2025-06-28 00:26:38.862160,m5d.24xlarge,,1.4248,spot,us-east-1,a,bt.A.x,lowest-price,,,,,,,InsufficientInstanceCapacity
2025-06-28 00:21:31.876823,2025-06-28 00:26:40.819863,c5a.24xlarge,,1.4313,spot,us-east-1,c,bt.A.x,lowest-price,,,,,,,MaxSpotInstanceCountExceeded
2025-06-28 00:21:31.876823,2025-06-28 00:26:42.721724,r7a.24xlarge,,1.4561,spot,us-east-1,d,bt.A.x,lowest-price,,,,,,,InsufficientInstanceCapacity
2025-06-28 00:21:31.876823,2025-06-28 00:26:44.860505,c5a.24xlarge,,1.4883,spot,us-east-1,a,bt.A.x,lowest-price,,,,,,,MaxSpotInstanceCountExceeded
2025-06-28 00:21:31.876823,2025-06-28 00:26:46.816634,m5ad.24xlarge,,1.4981,spot,us-east-1,a,bt.A.x,lowest-price,,,,,,,MaxSpotInstanceCountExceeded
2025-06-28 00:21:31.876823,2025-06-28 00:26:48.934974,r5ad.24xlarge,,1.505,spot,us-east-1,f,bt.A.x,lowest-price,,,,,,,InsufficientInstanceCapacity
2025-06-28 00:21:31.876823,2025-06-28 00:26:50.968871,r6i.24xlarge,,1.5108,spot,us-east-1,d,bt.A.x,lowest-price,,,,,,,MaxSpotInstanceCountExceeded
2025-06-28 00:21:31.876823,2025-06-28 00:26:52.483164,m5d.24xlarge,,1.5127,spot,us-east-1,b,bt.A.x,lowest-price,,,,,,,InsufficientFreeAddressesInSubnet
2025-06-28 00:21:31.876823,2025-06-28 00:26:54.550932,r5ad.24xlarge,,1.5167,spot,us-east-1,d,bt.A.x,lowest-price,,,,,,,MaxSpotInstanceCountExceeded
2025-06-28 00:21:31.876823,2025-06-28 00:26:56.233555,r7i.24xlarge,,1.5471,spot,us-east-1,b,bt.A.x,lowest-price,,,,,,,InsufficientFreeAddressesInSubnet
2025-06-28 09:12:22.699035,2025-06-28 09:16:00.646822,c5.24xlarge,,0.5128,spot,us-east-1,b,bt.A.x,lowest-price,,,,,,,InsufficientFreeAddressesInSubnet
2025-06-28 09:12:22.699035,2025-06-28 09:16:02.727860,c5.24xlarge,,0.5128,spot,us-east-1,b,bt.A.x,lowest-price,,,,,,,InsufficientFreeAddressesInSubnet
2025-06-28 09:12:22.699035,2025-06-28 09:16:04.652018,m5.24xlarge,,0.5467,spot,us-east-1,f,bt.A.x,lowest-price,,,,,,,InsufficientInstanceCapacity
2025-06-28 09:12:22.699035,2025-06-28 09:16:06.773420,r5.24xlarge,,0.6048,spot,us-east-1,c,bt.A.x,lowest-price,,,,,,,InsufficientInstanceCapacity
2025-06-28 09:16:50.432968,2025-06-28 09:16:50.432971,c5.24xlarge,,0.5128,spot,us-east-1,b,bt.A.x,lowest-price,,,,,,,REVOCATION
2025-06-28 09:16:50.436006,2025-06-28 09:16:50.436008,c5.24xlarge,,0.5128,spot,us-east-1,b,bt.A.x,lowest-price,,,,,,,REVOCATION
2025-06-28 09:16:50.436627,2025-06-28 09:16:50.436630,c5.24xlarge,,0.5128,spot,us-east-1,b,bt.A.x,lowest-price,,,,,,,REVOCATION
2025-06-28 09:16:50.436918,2025-06-28 09:16:50.436921,c5.24xlarge,,0.5128,spot,us-east-1,b,bt.A.x,lowest-price,,,,,,,REVOCATION
2025-06-28 09:16:50.439762,2025-06-28 09:16:50.439763,c5.24xlarge,,0.5128,spot,us-east-1,b,bt.A.x,lowest-price,,,,,,,REVOCATION
2025-06-28 09:16:50.445063,2025-06-28 09:16:50.445066,c5.24xlarge,,0.5128,spot,us-east-1,b,bt.A.x,lowest-price,,,,,,,REVOCATION
2025-06-28 09:16:50.446226,2025-06-28 09:16:50.446229,c5.24xlarge,,0.5128,spot,us-east-1,b,bt.A.x,lowest-price,,,,,,,REVOCATION
2025-06-28 09:16:50.446423,2025-06-28 09:16:50.446425,c5.24xlarge,,0.5128,spot,us-east-1,b,bt.A.x,lowest-price,,,,,,,REVOCATION
2025-06-28 09:16:50.446572,2025-06-28 09:16:50.446573,c5.24xlarge,,0.5128,spot,us-east-1,b,bt.A.x,lowest-price,,,,,,,REVOCATION
2025-06-28 09:16:50.446694,2025-06-28 09:16:50.446695,c5.24xlarge,,0.5128,spot,us-east-1,b,bt.A.x,lowest-price,,,,,,,REVOCATION
2025-06-28 09:16:50.446808,2025-06-28 09:16:50.446809,c5.24xlarge,,0.5128,spot,us-east-1,b,bt.A.x,lowest-price,,,,,,,REVOCATION
2025-06-28 09:16:50.447517,2025-06-28 09:16:50.447519,c5.24xlarge,,0.5128,spot,us-east-1,b,bt.A.x,lowest-price,,,,,,,REVOCATION
2025-06-28 09:16:50.448946,2025-06-28 09:16:50.448948,c5.24xlarge,,0.5128,spot,us-east-1,b,bt.A.x,lowest-price,,,,,,,REVOCATION
2025-06-28 09:16:50.456465,2025-06-28 09:16:50.456468,c5.24xlarge,,0.5128,spot,us-east-1,b,bt.A.x,lowest-price,,,,,,,REVOCATION
2025-06-28 09:16:50.456635,2025-06-28 09:16:50.456636,c5.24xlarge,,0.5128,spot,us-east-1,b,bt.A.x,lowest-price,,,,,,,REVOCATION
2025-06-28 09:16:50.456763,2025-06-28 09:16:50.456764,c5.24xlarge,,0.5128,spot,us-east-1,b,bt.A.x,lowest-price,,,,,,,REVOCATION
2025-06-28 09:16:50.456885,2025-06-28 09:16:50.456886,c5.24xlarge,,0.5128,spot,us-east-1,b,bt.A.x,lowest-price,,,,,,,REVOCATION
2025-06-28 09:16:50.457010,2025-06-28 09:16:50.457011,c5.24xlarge,,0.5128,spot,us-east-1,b,bt.A.x,lowest-price,,,,,,,REVOCATION
2025-06-28 09:16:50.457140,2025-06-28 09:16:50.457141,c5.24xlarge,,0.5128,spot,us-east-1,b,bt.A.x,lowest-price,,,,,,,REVOCATION
2025-06-28 09:16:50.459823,2025-06-28 09:16:50.459826,c5.24xlarge,,0.5128,spot,us-east-1,b,bt.A.x,lowest-price,,,,,,,REVOCATION
2025-06-28 09:16:50.459893,2025-06-28 09:16:50.459895,c5.24xlarge,,0.5128,spot,us-east-1,b,bt.A.x,lowest-price,,,,,,,REVOCATION
2025-06-28 09:16:50.460217,2025-06-28 09:16:50.460218,c5.24xlarge,,0.5128,spot,us-east-1,b,bt.A.x,lowest-price,,,,,,,REVOCATION
2025-06-28 09:16:50.460403,2025-06-28 09:16:50.460404,c5.24xlarge,,0.5128,spot,us-east-1,b,bt.A.x,lowest-price,,,,,,,REVOCATION
2025-06-28 09:16:50.468066,2025-06-28 09:16:50.468068,c5.24xlarge,,0.5128,spot,us-east-1,b,bt.A.x,lowest-price,,,,,,,REVOCATION
2025-06-28 09:16:50.468543,2025-06-28 09:16:50.468544,c5.24xlarge,,0.5128,spot,us-east-1,b,bt.A.x,lowest-price,,,,,,,REVOCATION
2025-06-28 09:16:50.468684,2025-06-28 09:16:50.468685,c5.24xlarge,,0.5128,spot,us-east-1,b,bt.A.x,lowest-price,,,,,,,REVOCATION
2025-06-28 09:16:50.468809,2025-06-28 09:16:50.468810,c5.24xlarge,,0.5128,spot,us-east-1,b,bt.A.x,lowest-price,,,,,,,REVOCATION
2025-06-28 09:16:50.469399,2025-06-28 09:16:50.469400,c5.24xlarge,,0.5128,spot,us-east-1,b,bt.A.x,lowest-price,,,,,,,REVOCATION
2025-06-28 09:16:50.471164,2025-06-28 09:16:50.471166,c5.24xlarge,,0.5128,spot,us-east-1,b,bt.A.x,lowest-price,,,,,,,REVOCATION
2025-06-28 09:16:50.476765,2025-06-28 09:16:50.476767,c5.24xlarge,,0.5128,spot,us-east-1,b,bt.A.x,lowest-price,,,,,,,REVOCATION
2025-06-28 09:16:50.476903,2025-06-28 09:16:50.476904,c5.24xlarge,,0.5128,spot,us-east-1,b,bt.A.x,lowest-price,,,,,,,REVOCATION
2025-06-28 09:16:50.477028,2025-06-28 09:16:50.477029,c5.24xlarge,,0.5128,spot,us-east-1,b,bt.A.x,lowest-price,,,,,,,REVOCATION
2025-06-28 09:16:50.477151,2025-06-28 09:16:50.477152,c5.24xlarge,,0.5128,spot,us-east-1,b,bt.A.x,lowest-price,,,,,,,REVOCATION
2025-06-28 09:16:50.477272,2025-06-28 09:16:50.477273,c5.24xlarge,,0.5128,spot,us-east-1,b,bt.A.x,lowest-price,,,,,,,REVOCATION
2025-06-28 09:16:50.477416,2025-06-28 09:16:50.477417,c5.24xlarge,,0.5128,spot,us-east-1,b,bt.A.x,lowest-price,,,,,,,REVOCATION
2025-06-28 09:16:50.477539,2025-06-28 09:16:50.477540,c5.24xlarge,,0.5128,spot,us-east-1,b,bt.A.x,lowest-price,,,,,,,REVOCATION
2025-06-28 09:16:50.477677,2025-06-28 09:16:50.477679,c5.24xlarge,,0.5128,spot,us-east-1,b,bt.A.x,lowest-price,,,,,,,REVOCATION
2025-06-28 09:16:50.477985,2025-06-28 09:16:50.477986,c5.24xlarge,,0.5128,spot,us-east-1,b,bt.A.x,lowest-price,,,,,,,REVOCATION
2025-06-28 09:16:50.478032,2025-06-28 09:16:50.478034,c5.24xlarge,,0.5128,spot,us-east-1,b,bt.A.x,lowest-price,,,,,,,REVOCATION
2025-06-28 09:16:50.480936,2025-06-28 09:16:50.480938,c5.24xlarge,,0.5128,spot,us-east-1,b,bt.A.x,lowest-price,,,,,,,REVOCATION
2025-06-28 09:16:50.481149,2025-06-28 09:16:50.481150,c5.24xlarge,,0.5128,spot,us-east-1,b,bt.A.x,lowest-price,,,,,,,REVOCATION
2025-06-28 09:16:50.484897,2025-06-28 09:16:50.484898,c5.24xlarge,,0.5128,spot,us-east-1,b,bt.A.x,lowest-price,,,,,,,REVOCATION
2025-06-28 09:16:50.488686,2025-06-28 09:16:50.488688,c5.24xlarge,,0.5128,spot,us-east-1,b,bt.A.x,lowest-price,,,,,,,REVOCATION
2025-06-28 09:16:50.489123,2025-06-28 09:16:50.489124,c5.24xlarge,,0.5128,spot,us-east-1,b,bt.A.x,lowest-price,,,,,,,REVOCATION
2025-06-28 09:16:50.489521,2025-06-28 09:16:50.489522,c5.24xlarge,,0.5128,spot,us-east-1,b,bt.A.x,lowest-price,,,,,,,REVOCATION
2025-06-28 09:16:50.489703,2025-06-28 09:16:50.489704,c5.24xlarge,,0.5128,spot,us-east-1,b,bt.A.x,lowest-price,,,,,,,REVOCATION
2025-06-28 09:16:50.489846,2025-06-28 09:16:50.489847,c5.24xlarge,,0.5128,spot,us-east-1,b,bt.A.x,lowest-price,,,,,,,REVOCATION
2025-06-28 09:16:50.489970,2025-06-28 09:16:50.489971,c5.24xlarge,,0.5128,spot,us-east-1,b,bt.A.x,lowest-price,,,,,,,REVOCATION
2025-06-28 09:16:50.490613,2025-06-28 09:16:50.490614,c5.24xlarge,,0.5128,spot,us-east-1,b,bt.A.x,lowest-price,,,,,,,REVOCATION
2025-06-28 09:16:50.497918,2025-06-28 09:16:50.497919,c5.24xlarge,,0.5128,spot,us-east-1,b,bt.A.x,lowest-price,,,,,,,REVOCATION
2025-06-28 09:16:50.498190,2025-06-28 09:16:50.498191,c5.24xlarge,,0.5128,spot,us-east-1,b,bt.A.x,lowest-price,,,,,,,REVOCATION
2025-06-28 09:16:50.498314,2025-06-28 09:16:50.498315,c5.24xlarge,,0.5128,spot,us-east-1,b,bt.A.x,lowest-price,,,,,,,REVOCATION
2025-06-28 09:16:50.498430,2025-06-28 09:16:50.498431,c5.24xlarge,,0.5128,spot,us-east-1,b,bt.A.x,lowest-price,,,,,,,REVOCATION
2025-06-28 09:16:50.498547,2025-06-28 09:16:50.498548,c5.24xlarge,,0.5128,spot,us-east-1,b,bt.A.x,lowest-price,,,,,,,REVOCATION
2025-06-28 09:16:50.498665,2025-06-28 09:16:50.498666,c5.24xlarge,,0.5128,spot,us-east-1,b,bt.A.x,lowest-price,,,,,,,REVOCATION
2025-06-28 09:16:50.498781,2025-06-28 09:16:50.498786,c5.24xlarge,,0.5128,spot,us-east-1,b,bt.A.x,lowest-price,,,,,,,REVOCATION
2025-06-28 09:16:50.498922,2025-06-28 09:16:50.498924,c5.24xlarge,,0.5128,spot,us-east-1,b,bt.A.x,lowest-price,,,,,,,REVOCATION
2025-06-28 09:16:50.499227,2025-06-28 09:16:50.499228,c5.24xlarge,,0.5128,spot,us-east-1,b,bt.A.x,lowest-price,,,,,,,REVOCATION
2025-06-28 09:16:50.499285,2025-06-28 09:16:50.499289,c5.24xlarge,,0.5128,spot,us-east-1,b,bt.A.x,lowest-price,,,,,,,REVOCATION
2025-06-28 09:16:50.501471,2025-06-28 09:16:50.501474,c5.24xlarge,,0.5128,spot,us-east-1,b,bt.A.x,lowest-price,,,,,,,REVOCATION
2025-06-28 09:16:50.501907,2025-06-28 09:16:50.501909,c5.24xlarge,,0.5128,spot,us-east-1,b,bt.A.x,lowest-price,,,,,,,REVOCATION
2025-06-28 09:16:50.502089,2025-06-28 09:16:50.502089,c5.24xlarge,,0.5128,spot,us-east-1,b,bt.A.x,lowest-price,,,,,,,REVOCATION
2025-06-28 09:16:50.502271,2025-06-28 09:16:50.502272,c5.24xlarge,,0.5128,spot,us-east-1,b,bt.A.x,lowest-price,,,,,,,REVOCATION
2025-06-28 09:16:50.503662,2025-06-28 09:16:50.503665,c5.24xlarge,,0.5128,spot,us-east-1,b,bt.A.x,lowest-price,,,,,,,REVOCATION
2025-06-28 09:16:50.510282,2025-06-28 09:16:50.510284,c5.24xlarge,,0.5128,spot,us-east-1,b,bt.A.x,lowest-price,,,,,,,REVOCATION
2025-06-28 09:16:50.510449,2025-06-28 09:16:50.510450,c5.24xlarge,,0.5128,spot,us-east-1,b,bt.A.x,lowest-price,,,,,,,REVOCATION
2025-06-28 09:16:50.510572,2025-06-28 09:16:50.510573,c5.24xlarge,,0.5128,spot,us-east-1,b,bt.A.x,lowest-price,,,,,,,REVOCATION
2025-06-28 09:16:50.510692,2025-06-28 09:16:50.510693,c5.24xlarge,,0.5128,spot,us-east-1,b,bt.A.x,lowest-price,,,,,,,REVOCATION
2025-06-28 09:16:50.510811,2025-06-28 09:16:50.510812,c5.24xlarge,,0.5128,spot,us-east-1,b,bt.A.x,lowest-price,,,,,,,REVOCATION
2025-06-28 09:16:50.511379,2025-06-28 09:16:50.511380,c5.24xlarge,,0.5128,spot,us-east-1,b,bt.A.x,lowest-price,,,,,,,REVOCATION
2025-06-28 09:16:50.511844,2025-06-28 09:16:50.511845,c5.24xlarge,,0.5128,spot,us-east-1,b,bt.A.x,lowest-price,,,,,,,REVOCATION
2025-06-28 09:16:50.519000,2025-06-28 09:16:50.519002,c5.24xlarge,,0.5128,spot,us-east-1,b,bt.A.x,lowest-price,,,,,,,REVOCATION
2025-06-28 09:16:50.519270,2025-06-28 09:16:50.519271,c5.24xlarge,,0.5128,spot,us-east-1,b,bt.A.x,lowest-price,,,,,,,REVOCATION
2025-06-28 09:16:50.519397,2025-06-28 09:16:50.519398,c5.24xlarge,,0.5128,spot,us-east-1,b,bt.A.x,lowest-price,,,,,,,REVOCATION
2025-06-28 09:16:50.519518,2025-06-28 09:16:50.519519,c5.24xlarge,,0.5128,spot,us-east-1,b,bt.A.x,lowest-price,,,,,,,REVOCATION
2025-06-28 09:16:50.519637,2025-06-28 09:16:50.519638,c5.24xlarge,,0.5128,spot,us-east-1,b,bt.A.x,lowest-price,,,,,,,REVOCATION
2025-06-28 09:16:50.519752,2025-06-28 09:16:50.519753,c5.24xlarge,,0.5128,spot,us-east-1,b,bt.A.x,lowest-price,,,,,,,REVOCATION
2025-06-28 09:16:50.519950,2025-06-28 09:16:50.519951,c5.24xlarge,,0.5128,spot,us-east-1,b,bt.A.x,lowest-price,,,,,,,REVOCATION
2025-06-28 09:16:50.520100,2025-06-28 09:16:50.520102,c5.24xlarge,,0.5128,spot,us-east-1,b,bt.A.x,lowest-price,,,,,,,REVOCATION
2025-06-28 09:16:50.520403,2025-06-28 09:16:50.520404,c5.24xlarge,,0.5128,spot,us-east-1,b,bt.A.x,lowest-price,,,,,,,REVOCATION
2025-06-28 09:16:50.520442,2025-06-28 09:16:50.520445,c5.24xlarge,,0.5128,spot,us-east-1,b,bt.A.x,lowest-price,,,,,,,REVOCATION
2025-06-28 09:16:50.522740,2025-06-28 09:16:50.522742,c5.24xlarge,,0.5128,spot,us-east-1,b,bt.A.x,lowest-price,,,,,,,REVOCATION
2025-06-28 09:16:50.522950,2025-06-28 09:16:50.522951,c5.24xlarge,,0.5128,spot,us-east-1,b,bt.A.x,lowest-price,,,,,,,REVOCATION
2025-06-28 09:16:50.523136,2025-06-28 09:16:50.523137,c5.24xlarge,,0.5128,spot,us-east-1,b,bt.A.x,lowest-price,,,,,,,REVOCATION
2025-06-28 09:16:50.523336,2025-06-28 09:16:50.523337,c5.24xlarge,,0.5128,spot,us-east-1,b,bt.A.x,lowest-price,,,,,,,REVOCATION
2025-06-28 09:16:50.524817,2025-06-28 09:16:50.524819,c5.24xlarge,,0.5128,spot,us-east-1,b,bt.A.x,lowest-price,,,,,,,REVOCATION
2025-06-28 09:16:50.527368,2025-06-28 09:16:50.527369,c5.24xlarge,,0.5128,spot,us-east-1,b,bt.A.x,lowest-price,,,,,,,REVOCATION
2025-06-28 09:16:50.531384,2025-06-28 09:16:50.531385,c5.24xlarge,,0.5128,spot,us-east-1,b,bt.A.x,lowest-price,,,,,,,REVOCATION
2025-06-28 09:16:50.531748,2025-06-28 09:16:50.531749,c5.24xlarge,,0.5128,spot,us-east-1,b,bt.A.x,lowest-price,,,,,,,REVOCATION
2025-06-28 09:16:50.531901,2025-06-28 09:16:50.531902,c5.24xlarge,,0.5128,spot,us-east-1,b,bt.A.x,lowest-price,,,,,,,REVOCATION
2025-06-28 09:16:50.532028,2025-06-28 09:16:50.532029,c5.24xlarge,,0.5128,spot,us-east-1,b,bt.A.x,lowest-price,,,,,,,REVOCATION
2025-06-28 09:16:50.532193,2025-06-28 09:16:50.532195,c5.24xlarge,,0.5128,spot,us-east-1,b,bt.A.x,lowest-price,,,,,,,REVOCATION
2025-06-28 09:16:50.532324,2025-06-28 09:16:50.532325,c5.24xlarge,,0.5128,spot,us-east-1,b,bt.A.x,lowest-price,,,,,,,REVOCATION
2025-06-28 09:16:50.532897,2025-06-28 09:16:50.532898,c5.24xlarge,,0.5128,spot,us-east-1,b,bt.A.x,lowest-price,,,,,,,REVOCATION
2025-06-28 09:16:50.534197,2025-06-28 09:16:50.534198,c5.24xlarge,,0.5128,spot,us-east-1,b,bt.A.x,lowest-price,,,,,,,REVOCATION
2025-06-28 09:16:50.540360,2025-06-28 09:16:50.540362,c5.24xlarge,,0.5128,spot,us-east-1,b,bt.A.x,lowest-price,,,,,,,REVOCATION
2025-06-28 09:16:50.540584,2025-06-28 09:16:50.540586,c5.24xlarge,,0.5128,spot,us-east-1,b,bt.A.x,lowest-price,,,,,,,REVOCATION
2025-06-28 09:16:50.540739,2025-06-28 09:16:50.540741,c5.24xlarge,,0.5128,spot,us-east-1,b,bt.A.x,lowest-price,,,,,,,REVOCATION
2025-06-28 09:16:50.540969,2025-06-28 09:16:50.540972,c5.24xlarge,,0.5128,spot,us-east-1,b,bt.A.x,lowest-price,,,,,,,REVOCATION
2025-06-28 09:16:50.541278,2025-06-28 09:16:50.541280,c5.24xlarge,,0.5128,spot,us-east-1,b,bt.A.x,lowest-price,,,,,,,REVOCATION
2025-06-28 09:16:50.543575,2025-06-28 09:16:50.543577,c5.24xlarge,,0.5128,spot,us-east-1,b,bt.A.x,lowest-price,,,,,,,REVOCATION
2025-06-28 09:16:50.543618,2025-06-28 09:16:50.543621,c5.24xlarge,,0.5128,spot,us-east-1,b,bt.A.x,lowest-price,,,,,,,REVOCATION
2025-06-28 09:16:50.544245,2025-06-28 09:16:50.544247,c5.24xlarge,,0.5128,spot,us-east-1,b,bt.A.x,lowest-price,,,,,,,REVOCATION
2025-06-28 09:16:50.544450,2025-06-28 09:16:50.544451,c5.24xlarge,,0.5128,spot,us-east-1,b,bt.A.x,lowest-price,,,,,,,REVOCATION
2025-06-28 09:16:50.544969,2025-06-28 09:16:50.544970,c5.24xlarge,,0.5128,spot,us-east-1,b,bt.A.x,lowest-price,,,,,,,REVOCATION
2025-06-28 09:16:50.552274,2025-06-28 09:16:50.552275,c5.24xlarge,,0.5128,spot,us-east-1,b,bt.A.x,lowest-price,,,,,,,REVOCATION
2025-06-28 09:16:50.552934,2025-06-28 09:16:50.552935,c5.24xlarge,,0.5128,spot,us-east-1,b,bt.A.x,lowest-price,,,,,,,REVOCATION
2025-06-28 09:16:50.553072,2025-06-28 09:16:50.553073,c5.24xlarge,,0.5128,spot,us-east-1,b,bt.A.x,lowest-price,,,,,,,REVOCATION
2025-06-28 09:16:50.553270,2025-06-28 09:16:50.553273,c5.24xlarge,,0.5128,spot,us-east-1,b,bt.A.x,lowest-price,,,,,,,REVOCATION
2025-06-28 09:16:50.553452,2025-06-28 09:16:50.553454,c5.24xlarge,,0.5128,spot,us-east-1,b,bt.A.x,lowest-price,,,,,,,REVOCATION
2025-06-28 09:16:50.554027,2025-06-28 09:16:50.554028,c5.24xlarge,,0.5128,spot,us-east-1,b,bt.A.x,lowest-price,,,,,,,REVOCATION
2025-06-28 09:16:50.555675,2025-06-28 09:16:50.555677,c5.24xlarge,,0.5128,spot,us-east-1,b,bt.A.x,lowest-price,,,,,,,REVOCATION
2025-06-28 09:16:50.561570,2025-06-28 09:16:50.561572,c5.24xlarge,,0.5128,spot,us-east-1,b,bt.A.x,lowest-price,,,,,,,REVOCATION
2025-06-28 09:16:50.561721,2025-06-28 09:16:50.561722,c5.24xlarge,,0.5128,spot,us-east-1,b,bt.A.x,lowest-price,,,,,,,REVOCATION
2025-06-28 09:16:50.561855,2025-06-28 09:16:50.561856,c5.24xlarge,,0.5128,spot,us-east-1,b,bt.A.x,lowest-price,,,,,,,REVOCATION
2025-06-28 09:16:50.561981,2025-06-28 09:16:50.561982,c5.24xlarge,,0.5128,spot,us-east-1,b,bt.A.x,lowest-price,,,,,,,REVOCATION
2025-06-28 09:16:50.562112,2025-06-28 09:16:50.562113,c5.24xlarge,,0.5128,spot,us-east-1,b,bt.A.x,lowest-price,,,,,,,REVOCATION
2025-06-28 09:16:50.562249,2025-06-28 09:16:50.562250,c5.24xlarge,,0.5128,spot,us-east-1,b,bt.A.x,lowest-price,,,,,,,REVOCATION
2025-06-28 09:16:50.562373,2025-06-28 09:16:50.562374,c5.24xlarge,,0.5128,spot,us-east-1,b,bt.A.x,lowest-price,,,,,,,REVOCATION
2025-06-28 09:16:50.562512,2025-06-28 09:16:50.562514,c5.24xlarge,,0.5128,spot,us-east-1,b,bt.A.x,lowest-price,,,,,,,REVOCATION
2025-06-28 09:16:50.564609,2025-06-28 09:16:50.564611,c5.24xlarge,,0.5128,spot,us-east-1,b,bt.A.x,lowest-price,,,,,,,REVOCATION
2025-06-28 09:16:50.564657,2025-06-28 09:16:50.564660,c5.24xlarge,,0.5128,spot,us-east-1,b,bt.A.x,lowest-price,,,,,,,REVOCATION
2025-06-28 09:16:50.565354,2025-06-28 09:16:50.565357,c5.24xlarge,,0.5128,spot,us-east-1,b,bt.A.x,lowest-price,,,,,,,REVOCATION
2025-06-28 09:16:50.565616,2025-06-28 09:16:50.565618,c5.24xlarge,,0.5128,spot,us-east-1,b,bt.A.x,lowest-price,,,,,,,REVOCATION
2025-06-28 09:16:50.565808,2025-06-28 09:16:50.565809,c5.24xlarge,,0.5128,spot,us-east-1,b,bt.A.x,lowest-price,,,,,,,REVOCATION
2025-06-28 09:16:50.573524,2025-06-28 09:16:50.573527,c5.24xlarge,,0.5128,spot,us-east-1,b,bt.A.x,lowest-price,,,,,,,REVOCATION
2025-06-28 09:16:50.573948,2025-06-28 09:16:50.573949,c5.24xlarge,,0.5128,spot,us-east-1,b,bt.A.x,lowest-price,,,,,,,REVOCATION
2025-06-28 09:16:50.574099,2025-06-28 09:16:50.574100,c5.24xlarge,,0.5128,spot,us-east-1,b,bt.A.x,lowest-price,,,,,,,REVOCATION
2025-06-28 09:16:50.574254,2025-06-28 09:16:50.574255,c5.24xlarge,,0.5128,spot,us-east-1,b,bt.A.x,lowest-price,,,,,,,REVOCATION
2025-06-28 09:16:50.574447,2025-06-28 09:16:50.574450,c5.24xlarge,,0.5128,spot,us-east-1,b,bt.A.x,lowest-price,,,,,,,REVOCATION
2025-06-28 09:16:50.575000,2025-06-28 09:16:50.575002,c5.24xlarge,,0.5128,spot,us-east-1,b,bt.A.x,lowest-price,,,,,,,REVOCATION
2025-06-28 09:16:50.575687,2025-06-28 09:16:50.575690,c5.24xlarge,,0.5128,spot,us-east-1,b,bt.A.x,lowest-price,,,,,,,REVOCATION
2025-06-28 09:16:50.576981,2025-06-28 09:16:50.576982,c5.24xlarge,,0.5128,spot,us-east-1,b,bt.A.x,lowest-price,,,,,,,REVOCATION
2025-06-28 09:16:50.582741,2025-06-28 09:16:50.582743,c5.24xlarge,,0.5128,spot,us-east-1,b,bt.A.x,lowest-price,,,,,,,REVOCATION
2025-06-28 09:16:50.583027,2025-06-28 09:16:50.583029,c5.24xlarge,,0.5128,spot,us-east-1,b,bt.A.x,lowest-price,,,,,,,REVOCATION
2025-06-28 09:16:50.583190,2025-06-28 09:16:50.583192,c5.24xlarge,,0.5128,spot,us-east-1,b,bt.A.x,lowest-price,,,,,,,REVOCATION
2025-06-28 09:16:50.583685,2025-06-28 09:16:50.583687,c5.24xlarge,,0.5128,spot,us-east-1,b,bt.A.x,lowest-price,,,,,,,REVOCATION
2025-06-28 09:16:50.583830,2025-06-28 09:16:50.583832,c5.24xlarge,,0.5128,spot,us-east-1,b,bt.A.x,lowest-price,,,,,,,REVOCATION
2025-06-28 09:16:50.583972,2025-06-28 09:16:50.583975,c5.24xlarge,,0.5128,spot,us-east-1,b,bt.A.x,lowest-price,,,,,,,REVOCATION
2025-06-28 09:16:50.586352,2025-06-28 09:16:50.586353,c5.24xlarge,,0.5128,spot,us-east-1,b,bt.A.x,lowest-price,,,,,,,REVOCATION
2025-06-28 09:16:50.586398,2025-06-28 09:16:50.586401,c5.24xlarge,,0.5128,spot,us-east-1,b,bt.A.x,lowest-price,,,,,,,REVOCATION
2025-06-28 09:16:50.586746,2025-06-28 09:16:50.586749,c5.24xlarge,,0.5128,spot,us-east-1,b,bt.A.x,lowest-price,,,,,,,REVOCATION
2025-06-28 09:16:50.587111,2025-06-28 09:16:50.587112,c5.24xlarge,,0.5128,spot,us-east-1,b,bt.A.x,lowest-price,,,,,,,REVOCATION
2025-06-28 09:16:50.587282,2025-06-28 09:16:50.587283,c5.24xlarge,,0.5128,spot,us-east-1,b,bt.A.x,lowest-price,,,,,,,REVOCATION
2025-06-28 09:16:50.587500,2025-06-28 09:16:50.587501,c5.24xlarge,,0.5128,spot,us-east-1,b,bt.A.x,lowest-price,,,,,,,REVOCATION
2025-06-28 09:16:50.594905,2025-06-28 09:16:50.594907,c5.24xlarge,,0.5128,spot,us-east-1,b,bt.A.x,lowest-price,,,,,,,REVOCATION
2025-06-28 09:16:50.595375,2025-06-28 09:16:50.595377,c5.24xlarge,,0.5128,spot,us-east-1,b,bt.A.x,lowest-price,,,,,,,REVOCATION
2025-06-28 09:16:50.595746,2025-06-28 09:16:50.595748,c5.24xlarge,,0.5128,spot,us-east-1,b,bt.A.x,lowest-price,,,,,,,REVOCATION
2025-06-28 09:16:50.595885,2025-06-28 09:16:50.595886,c5.24xlarge,,0.5128,spot,us-east-1,b,bt.A.x,lowest-price,,,,,,,REVOCATION
2025-06-28 09:16:50.595998,2025-06-28 09:16:50.595998,c5.24xlarge,,0.5128,spot,us-east-1,b,bt.A.x,lowest-price,,,,,,,REVOCATION
2025-06-28 09:16:50.596111,2025-06-28 09:16:50.596112,c5.24xlarge,,0.5128,spot,us-east-1,b,bt.A.x,lowest-price,,,,,,,REVOCATION
2025-06-28 09:16:50.596242,2025-06-28 09:16:50.596243,c5.24xlarge,,0.5128,spot,us-east-1,b,bt.A.x,lowest-price,,,,,,,REVOCATION
2025-06-28 09:16:50.596357,2025-06-28 09:16:50.596358,c5.24xlarge,,0.5128,spot,us-east-1,b,bt.A.x,lowest-price,,,,,,,REVOCATION
2025-06-28 09:16:50.596489,2025-06-28 09:16:50.596490,c5.24xlarge,,0.5128,spot,us-east-1,b,bt.A.x,lowest-price,,,,,,,REVOCATION
2025-06-28 09:16:50.597083,2025-06-28 09:16:50.597084,c5.24xlarge,,0.5128,spot,us-east-1,b,bt.A.x,lowest-price,,,,,,,REVOCATION
2025-06-28 09:16:50.597595,2025-06-28 09:16:50.597596,c5.24xlarge,,0.5128,spot,us-east-1,b,bt.A.x,lowest-price,,,,,,,REVOCATION
2025-06-28 09:16:50.598504,2025-06-28 09:16:50.598505,c5.24xlarge,,0.5128,spot,us-east-1,b,bt.A.x,lowest-price,,,,,,,REVOCATION
2025-06-28 09:16:50.605403,2025-06-28 09:16:50.605406,c5.24xlarge,,0.5128,spot,us-east-1,b,bt.A.x,lowest-price,,,,,,,REVOCATION
2025-06-28 09:16:50.605734,2025-06-28 09:16:50.605736,c5.24xlarge,,0.5128,spot,us-east-1,b,bt.A.x,lowest-price,,,,,,,REVOCATION
2025-06-28 09:16:50.605887,2025-06-28 09:16:50.605888,c5.24xlarge,,0.5128,spot,us-east-1,b,bt.A.x,lowest-price,,,,,,,REVOCATION
2025-06-28 09:16:50.606012,2025-06-28 09:16:50.606012,c5.24xlarge,,0.5128,spot,us-east-1,b,bt.A.x,lowest-price,,,,,,,REVOCATION
2025-06-28 09:16:50.606138,2025-06-28 09:16:50.606139,c5.24xlarge,,0.5128,spot,us-east-1,b,bt.A.x,lowest-price,,,,,,,REVOCATION
2025-06-28 09:16:50.606255,2025-06-28 09:16:50.606256,c5.24xlarge,,0.5128,spot,us-east-1,b,bt.A.x,lowest-price,,,,,,,REVOCATION
2025-06-28 09:16:50.606375,2025-06-28 09:16:50.606376,c5.24xlarge,,0.5128,spot,us-east-1,b,bt.A.x,lowest-price,,,,,,,REVOCATION
2025-06-28 09:16:50.606511,2025-06-28 09:16:50.606513,c5.24xlarge,,0.5128,spot,us-east-1,b,bt.A.x,lowest-price,,,,,,,REVOCATION
2025-06-28 09:16:50.608791,2025-06-28 09:16:50.608792,c5.24xlarge,,0.5128,spot,us-east-1,b,bt.A.x,lowest-price,,,,,,,REVOCATION
2025-06-28 09:16:50.608841,2025-06-28 09:16:50.608843,c5.24xlarge,,0.5128,spot,us-east-1,b,bt.A.x,lowest-price,,,,,,,REVOCATION
2025-06-28 09:16:50.609256,2025-06-28 09:16:50.609257,c5.24xlarge,,0.5128,spot,us-east-1,b,bt.A.x,lowest-price,,,,,,,REVOCATION
2025-06-28 09:16:50.609528,2025-06-28 09:16:50.609530,c5.24xlarge,,0.5128,spot,us-east-1,b,bt.A.x,lowest-price,,,,,,,REVOCATION
2025-06-28 09:16:50.610115,2025-06-28 09:16:50.610116,c5.24xlarge,,0.5128,spot,us-east-1,b,bt.A.x,lowest-price,,,,,,,REVOCATION
2025-06-28 09:16:50.610335,2025-06-28 09:16:50.610336,c5.24xlarge,,0.5128,spot,us-east-1,b,bt.A.x,lowest-price,,,,,,,REVOCATION
2025-06-28 09:16:50.610486,2025-06-28 09:16:50.610487,c5.24xlarge,,0.5128,spot,us-east-1,b,bt.A.x,lowest-price,,,,,,,REVOCATION
2025-06-28 09:16:50.610664,2025-06-28 09:16:50.610665,c5.24xlarge,,0.5128,spot,us-east-1,b,bt.A.x,lowest-price,,,,,,,REVOCATION
2025-06-28 09:16:50.610816,2025-06-28 09:16:50.610816,c5.24xlarge,,0.5128,spot,us-east-1,b,bt.A.x,lowest-price,,,,,,,REVOCATION
2025-06-28 09:16:50.618192,2025-06-28 09:16:50.618194,c5.24xlarge,,0.5128,spot,us-east-1,b,bt.A.x,lowest-price,,,,,,,REVOCATION
2025-06-28 09:16:50.618591,2025-06-28 09:16:50.618592,c5.24xlarge,,0.5128,spot,us-east-1,b,bt.A.x,lowest-price,,,,,,,REVOCATION
2025-06-28 09:16:50.618936,2025-06-28 09:16:50.618937,c5.24xlarge,,0.5128,spot,us-east-1,b,bt.A.x,lowest-price,,,,,,,REVOCATION
2025-06-28 09:16:50.619086,2025-06-28 09:16:50.619087,c5.24xlarge,,0.5128,spot,us-east-1,b,bt.A.x,lowest-price,,,,,,,REVOCATION
2025-06-28 09:16:50.619211,2025-06-28 09:16:50.619211,c5.24xlarge,,0.5128,spot,us-east-1,b,bt.A.x,lowest-price,,,,,,,REVOCATION
2025-06-28 09:16:50.619335,2025-06-28 09:16:50.619336,c5.24xlarge,,0.5128,spot,us-east-1,b,bt.A.x,lowest-price,,,,,,,REVOCATION
2025-06-28 09:16:50.619449,2025-06-28 09:16:50.619450,c5.24xlarge,,0.5128,spot,us-east-1,b,bt.A.x,lowest-price,,,,,,,REVOCATION
2025-06-28 09:16:50.620025,2025-06-28 09:16:50.620026,c5.24xlarge,,0.5128,spot,us-east-1,b,bt.A.x,lowest-price,,,,,,,REVOCATION
2025-06-28 09:16:50.620532,2025-06-28 09:16:50.620533,c5.24xlarge,,0.5128,spot,us-east-1,b,bt.A.x,lowest-price,,,,,,,REVOCATION
2025-06-28 09:16:50.627436,2025-06-28 09:16:50.627438,c5.24xlarge,,0.5128,spot,us-east-1,b,bt.A.x,lowest-price,,,,,,,REVOCATION
2025-06-28 09:16:50.627668,2025-06-28 09:16:50.627668,c5.24xlarge,,0.5128,spot,us-east-1,b,bt.A.x,lowest-price,,,,,,,REVOCATION
2025-06-28 09:16:50.627799,2025-06-28 09:16:50.627800,c5.24xlarge,,0.5128,spot,us-east-1,b,bt.A.x,lowest-price,,,,,,,REVOCATION
2025-06-28 09:16:50.627917,2025-06-28 09:16:50.627918,c5.24xlarge,,0.5128,spot,us-east-1,b,bt.A.x,lowest-price,,,,,,,REVOCATION
2025-06-28 09:16:50.628033,2025-06-28 09:16:50.628034,c5.24xlarge,,0.5128,spot,us-east-1,b,bt.A.x,lowest-price,,,,,,,REVOCATION
2025-06-28 09:16:50.628158,2025-06-28 09:16:50.628159,c5.24xlarge,,0.5128,spot,us-east-1,b,bt.A.x,lowest-price,,,,,,,REVOCATION
2025-06-28 09:16:50.628274,2025-06-28 09:16:50.628275,c5.24xlarge,,0.5128,spot,us-east-1,b,bt.A.x,lowest-price,,,,,,,REVOCATION
2025-06-28 09:16:50.628389,2025-06-28 09:16:50.628390,c5.24xlarge,,0.5128,spot,us-east-1,b,bt.A.x,lowest-price,,,,,,,REVOCATION
2025-06-28 09:16:50.628524,2025-06-28 09:16:50.628526,c5.24xlarge,,0.5128,spot,us-east-1,b,bt.A.x,lowest-price,,,,,,,REVOCATION
2025-06-28 09:16:50.630718,2025-06-28 09:16:50.630719,c5.24xlarge,,0.5128,spot,us-east-1,b,bt.A.x,lowest-price,,,,,,,REVOCATION
2025-06-28 09:16:50.630763,2025-06-28 09:16:50.630766,c5.24xlarge,,0.5128,spot,us-east-1,b,bt.A.x,lowest-price,,,,,,,REVOCATION
2025-06-28 09:16:50.631176,2025-06-28 09:16:50.631178,c5.24xlarge,,0.5128,spot,us-east-1,b,bt.A.x,lowest-price,,,,,,,REVOCATION
2025-06-28 09:16:50.631367,2025-06-28 09:16:50.631368,c5.24xlarge,,0.5128,spot,us-east-1,b,bt.A.x,lowest-price,,,,,,,REVOCATION
2025-06-28 09:16:50.631630,2025-06-28 09:16:50.631631,c5.24xlarge,,0.5128,spot,us-east-1,b,bt.A.x,lowest-price,,,,,,,REVOCATION
2025-06-28 09:16:50.631808,2025-06-28 09:16:50.631809,c5.24xlarge,,0.5128,spot,us-east-1,b,bt.A.x,lowest-price,,,,,,,REVOCATION
2025-06-28 09:16:50.631955,2025-06-28 09:16:50.631956,c5.24xlarge,,0.5128,spot,us-east-1,b,bt.A.x,lowest-price,,,,,,,REVOCATION
2025-06-28 09:16:50.632150,2025-06-28 09:16:50.632151,c5.24xlarge,,0.5128,spot,us-east-1,b,bt.A.x,lowest-price,,,,,,,REVOCATION
2025-06-28 09:16:50.632308,2025-06-28 09:16:50.632309,c5.24xlarge,,0.5128,spot,us-east-1,b,bt.A.x,lowest-price,,,,,,,REVOCATION
2025-06-28 09:16:50.633633,2025-06-28 09:16:50.633634,c5.24xlarge,,0.5128,spot,us-east-1,b,bt.A.x,lowest-price,,,,,,,REVOCATION
2025-06-28 09:16:50.640054,2025-06-28 09:16:50.640056,c5.24xlarge,,0.5128,spot,us-east-1,b,bt.A.x,lowest-price,,,,,,,REVOCATION
2025-06-28 09:16:50.640413,2025-06-28 09:16:50.640414,c5.24xlarge,,0.5128,spot,us-east-1,b,bt.A.x,lowest-price,,,,,,,REVOCATION
2025-06-28 09:16:50.640553,2025-06-28 09:16:50.640554,c5.24xlarge,,0.5128,spot,us-east-1,b,bt.A.x,lowest-price,,,,,,,REVOCATION
2025-06-28 09:16:50.640668,2025-06-28 09:16:50.640669,c5.24xlarge,,0.5128,spot,us-east-1,b,bt.A.x,lowest-price,,,,,,,REVOCATION
2025-06-28 09:16:50.640782,2025-06-28 09:16:50.640783,c5.24xlarge,,0.5128,spot,us-east-1,b,bt.A.x,lowest-price,,,,,,,REVOCATION
2025-06-28 09:16:50.640925,2025-06-28 09:16:50.640927,c5.24xlarge,,0.5128,spot,us-east-1,b,bt.A.x,lowest-price,,,,,,,REVOCATION
2025-06-28 09:16:50.641586,2025-06-28 09:16:50.641589,c5.24xlarge,,0.5128,spot,us-east-1,b,bt.A.x,lowest-price,,,,,,,REVOCATION
2025-06-28 09:16:50.642113,2025-06-28 09:16:50.642116,c5.24xlarge,,0.5128,spot,us-east-1,b,bt.A.x,lowest-price,,,,,,,REVOCATION
2025-06-28 09:16:50.643684,2025-06-28 09:16:50.643685,c5.24xlarge,,0.5128,spot,us-east-1,b,bt.A.x,lowest-price,,,,,,,REVOCATION
2025-06-28 09:16:50.649289,2025-06-28 09:16:50.649292,c5.24xlarge,,0.5128,spot,us-east-1,b,bt.A.x,lowest-price,,,,,,,REVOCATION
2025-06-28 09:16:50.649495,2025-06-28 09:16:50.649513,c5.24xlarge,,0.5128,spot,us-east-1,b,bt.A.x,lowest-price,,,,,,,REVOCATION
2025-06-28 09:16:50.649638,2025-06-28 09:16:50.649639,c5.24xlarge,,0.5128,spot,us-east-1,b,bt.A.x,lowest-price,,,,,,,REVOCATION
2025-06-28 09:16:50.649754,2025-06-28 09:16:50.649755,c5.24xlarge,,0.5128,spot,us-east-1,b,bt.A.x,lowest-price,,,,,,,REVOCATION
2025-06-28 09:16:50.649877,2025-06-28 09:16:50.649878,c5.24xlarge,,0.5128,spot,us-east-1,b,bt.A.x,lowest-price,,,,,,,REVOCATION
2025-06-28 09:16:50.649992,2025-06-28 09:16:50.649992,c5.24xlarge,,0.5128,spot,us-east-1,b,bt.A.x,lowest-price,,,,,,,REVOCATION
2025-06-28 09:16:50.650105,2025-06-28 09:16:50.650106,c5.24xlarge,,0.5128,spot,us-east-1,b,bt.A.x,lowest-price,,,,,,,REVOCATION
2025-06-28 09:16:50.650382,2025-06-28 09:16:50.650384,c5.24xlarge,,0.5128,spot,us-east-1,b,bt.A.x,lowest-price,,,,,,,REVOCATION
2025-06-28 09:16:50.650468,2025-06-28 09:16:50.650469,c5.24xlarge,,0.5128,spot,us-east-1,b,bt.A.x,lowest-price,,,,,,,REVOCATION
2025-06-28 09:16:50.652422,2025-06-28 09:16:50.652423,c5.24xlarge,,0.5128,spot,us-east-1,b,bt.A.x,lowest-price,,,,,,,REVOCATION
2025-06-28 09:16:50.652915,2025-06-28 09:16:50.652916,c5.24xlarge,,0.5128,spot,us-east-1,b,bt.A.x,lowest-price,,,,,,,REVOCATION
2025-06-28 09:16:50.653098,2025-06-28 09:16:50.653099,c5.24xlarge,,0.5128,spot,us-east-1,b,bt.A.x,lowest-price,,,,,,,REVOCATION
2025-06-28 09:16:50.653256,2025-06-28 09:16:50.653257,c5.24xlarge,,0.5128,spot,us-east-1,b,bt.A.x,lowest-price,,,,,,,REVOCATION
2025-06-28 09:16:50.653405,2025-06-28 09:16:50.653406,c5.24xlarge,,0.5128,spot,us-east-1,b,bt.A.x,lowest-price,,,,,,,REVOCATION
2025-06-28 09:16:50.657159,2025-06-28 09:16:50.657160,c5.24xlarge,,0.5128,spot,us-east-1,b,bt.A.x,lowest-price,,,,,,,REVOCATION
2025-06-28 09:16:50.660891,2025-06-28 09:16:50.660893,c5.24xlarge,,0.5128,spot,us-east-1,b,bt.A.x,lowest-price,,,,,,,REVOCATION
2025-06-28 09:16:50.661057,2025-06-28 09:16:50.661058,c5.24xlarge,,0.5128,spot,us-east-1,b,bt.A.x,lowest-price,,,,,,,REVOCATION
2025-06-28 09:16:50.661466,2025-06-28 09:16:50.661468,c5.24xlarge,,0.5128,spot,us-east-1,b,bt.A.x,lowest-price,,,,,,,REVOCATION
2025-06-28 09:16:50.661799,2025-06-28 09:16:50.661800,c5.24xlarge,,0.5128,spot,us-east-1,b,bt.A.x,lowest-price,,,,,,,REVOCATION
2025-06-28 09:16:50.661935,2025-06-28 09:16:50.661936,c5.24xlarge,,0.5128,spot,us-east-1,b,bt.A.x,lowest-price,,,,,,,REVOCATION
2025-06-28 09:16:50.662053,2025-06-28 09:16:50.662054,c5.24xlarge,,0.5128,spot,us-east-1,b,bt.A.x,lowest-price,,,,,,,REVOCATION
2025-06-28 09:16:50.662174,2025-06-28 09:16:50.662175,c5.24xlarge,,0.5128,spot,us-east-1,b,bt.A.x,lowest-price,,,,,,,REVOCATION
2025-06-28 09:16:50.662305,2025-06-28 09:16:50.662306,c5.24xlarge,,0.5128,spot,us-east-1,b,bt.A.x,lowest-price,,,,,,,REVOCATION
2025-06-28 09:16:50.662429,2025-06-28 09:16:50.662430,c5.24xlarge,,0.5128,spot,us-east-1,b,bt.A.x,lowest-price,,,,,,,REVOCATION
2025-06-28 09:16:50.663383,2025-06-28 09:16:50.663384,c5.24xlarge,,0.5128,spot,us-east-1,b,bt.A.x,lowest-price,,,,,,,REVOCATION
2025-06-28 09:16:50.670333,2025-06-28 09:16:50.670335,c5.24xlarge,,0.5128,spot,us-east-1,b,bt.A.x,lowest-price,,,,,,,REVOCATION
2025-06-28 09:16:50.670587,2025-06-28 09:16:50.670588,c5.24xlarge,,0.5128,spot,us-east-1,b,bt.A.x,lowest-price,,,,,,,REVOCATION
2025-06-28 09:16:50.670745,2025-06-28 09:16:50.670746,c5.24xlarge,,0.5128,spot,us-east-1,b,bt.A.x,lowest-price,,,,,,,REVOCATION
2025-06-28 09:16:50.670875,2025-06-28 09:16:50.670876,c5.24xlarge,,0.5128,spot,us-east-1,b,bt.A.x,lowest-price,,,,,,,REVOCATION
2025-06-28 09:16:50.670996,2025-06-28 09:16:50.670996,c5.24xlarge,,0.5128,spot,us-east-1,b,bt.A.x,lowest-price,,,,,,,REVOCATION
2025-06-28 09:16:50.671112,2025-06-28 09:16:50.671113,c5.24xlarge,,0.5128,spot,us-east-1,b,bt.A.x,lowest-price,,,,,,,REVOCATION
2025-06-28 09:16:50.671237,2025-06-28 09:16:50.671238,c5.24xlarge,,0.5128,spot,us-east-1,b,bt.A.x,lowest-price,,,,,,,REVOCATION
2025-06-28 09:16:50.671373,2025-06-28 09:16:50.671375,c5.24xlarge,,0.5128,spot,us-east-1,b,bt.A.x,lowest-price,,,,,,,REVOCATION
2025-06-28 09:16:50.671719,2025-06-28 09:16:50.671721,c5.24xlarge,,0.5128,spot,us-east-1,b,bt.A.x,lowest-price,,,,,,,REVOCATION
2025-06-28 09:16:50.671747,2025-06-28 09:16:50.671748,c5.24xlarge,,0.5128,spot,us-east-1,b,bt.A.x,lowest-price,,,,,,,REVOCATION
2025-06-28 09:16:50.673732,2025-06-28 09:16:50.673734,c5.24xlarge,,0.5128,spot,us-east-1,b,bt.A.x,lowest-price,,,,,,,REVOCATION
2025-06-28 09:16:50.674110,2025-06-28 09:16:50.674112,c5.24xlarge,,0.5128,spot,us-east-1,b,bt.A.x,lowest-price,,,,,,,REVOCATION
2025-06-28 09:16:50.674511,2025-06-28 09:16:50.674513,c5.24xlarge,,0.5128,spot,us-east-1,b,bt.A.x,lowest-price,,,,,,,REVOCATION
2025-06-28 09:16:50.674663,2025-06-28 09:16:50.674664,c5.24xlarge,,0.5128,spot,us-east-1,b,bt.A.x,lowest-price,,,,,,,REVOCATION
2025-06-28 09:16:50.674843,2025-06-28 09:16:50.674844,m7i.24xlarge,,0.6677,spot,us-east-1,d,bt.A.x,lowest-price,,,,,,,REVOCATION
2025-06-28 09:16:50.679770,2025-06-28 09:16:50.679771,m7i.24xlarge,,0.6677,spot,us-east-1,d,bt.A.x,lowest-price,,,,,,,REVOCATION
2025-06-28 09:16:50.682308,2025-06-28 09:16:50.682309,m7i.24xlarge,,0.6677,spot,us-east-1,d,bt.A.x,lowest-price,,,,,,,REVOCATION
2025-06-28 09:16:50.682708,2025-06-28 09:16:50.682709,m7i.24xlarge,,0.6677,spot,us-east-1,d,bt.A.x,lowest-price,,,,,,,REVOCATION
2025-06-28 09:16:50.683026,2025-06-28 09:16:50.683027,m7i.24xlarge,,0.6677,spot,us-east-1,d,bt.A.x,lowest-price,,,,,,,REVOCATION
2025-06-28 09:16:50.683177,2025-06-28 09:16:50.683177,m7i.24xlarge,,0.6677,spot,us-east-1,d,bt.A.x,lowest-price,,,,,,,REVOCATION
2025-06-28 09:16:50.683311,2025-06-28 09:16:50.683312,m7i.24xlarge,,0.6677,spot,us-east-1,d,bt.A.x,lowest-price,,,,,,,REVOCATION
2025-06-28 09:16:50.683445,2025-06-28 09:16:50.683446,m7i.24xlarge,,0.6677,spot,us-east-1,d,bt.A.x,lowest-price,,,,,,,REVOCATION
2025-06-28 09:16:50.683560,2025-06-28 09:16:50.683561,m7i.24xlarge,,0.6677,spot,us-east-1,d,bt.A.x,lowest-price,,,,,,,REVOCATION
2025-06-28 09:16:50.683680,2025-06-28 09:16:50.683681,m7i.24xlarge,,0.6677,spot,us-east-1,d,bt.A.x,lowest-price,,,,,,,REVOCATION
2025-06-28 09:16:50.683798,2025-06-28 09:16:50.683799,m7i.24xlarge,,0.6677,spot,us-east-1,d,bt.A.x,lowest-price,,,,,,,REVOCATION
2025-06-28 09:16:50.684179,2025-06-28 09:16:50.684180,m7i.24xlarge,,0.6677,spot,us-east-1,d,bt.A.x,lowest-price,,,,,,,REVOCATION
2025-06-28 09:16:50.684944,2025-06-28 09:16:50.684945,m7i.24xlarge,,0.6677,spot,us-east-1,d,bt.A.x,lowest-price,,,,,,,REVOCATION
2025-06-28 09:16:50.691804,2025-06-28 09:16:50.691806,m7i.24xlarge,,0.6677,spot,us-east-1,d,bt.A.x,lowest-price,,,,,,,REVOCATION
2025-06-28 09:16:50.692077,2025-06-28 09:16:50.692079,m7i.24xlarge,,0.6677,spot,us-east-1,d,bt.A.x,lowest-price,,,,,,,REVOCATION
2025-06-28 09:16:50.692215,2025-06-28 09:16:50.692216,m7i.24xlarge,,0.6677,spot,us-east-1,d,bt.A.x,lowest-price,,,,,,,REVOCATION
2025-06-28 09:16:50.692339,2025-06-28 09:16:50.692340,m7i.24xlarge,,0.6677,spot,us-east-1,d,bt.A.x,lowest-price,,,,,,,REVOCATION
2025-06-28 09:16:50.692460,2025-06-28 09:16:50.692461,m7i.24xlarge,,0.6677,spot,us-east-1,d,bt.A.x,lowest-price,,,,,,,REVOCATION
2025-06-28 09:16:50.692579,2025-06-28 09:16:50.692580,m7i.24xlarge,,0.6677,spot,us-east-1,d,bt.A.x,lowest-price,,,,,,,REVOCATION
2025-06-28 09:16:50.692713,2025-06-28 09:16:50.692715,m7i.24xlarge,,0.6677,spot,us-east-1,d,bt.A.x,lowest-price,,,,,,,REVOCATION
2025-06-28 09:16:50.692838,2025-06-28 09:16:50.692839,m7i.24xlarge,,0.6677,spot,us-east-1,d,bt.A.x,lowest-price,,,,,,,REVOCATION
2025-06-28 09:16:50.693081,2025-06-28 09:16:50.693083,m7i.24xlarge,,0.6677,spot,us-east-1,d,bt.A.x,lowest-price,,,,,,,REVOCATION
2025-06-28 09:16:50.693110,2025-06-28 09:16:50.693113,m7i.24xlarge,,0.6677,spot,us-east-1,d,bt.A.x,lowest-price,,,,,,,REVOCATION
2025-06-28 09:16:50.695357,2025-06-28 09:16:50.695359,m7i.24xlarge,,0.6677,spot,us-east-1,d,bt.A.x,lowest-price,,,,,,,REVOCATION
2025-06-28 09:16:50.695701,2025-06-28 09:16:50.695702,m7i.24xlarge,,0.6677,spot,us-east-1,d,bt.A.x,lowest-price,,,,,,,REVOCATION
2025-06-28 09:16:50.695928,2025-06-28 09:16:50.695929,m7i.24xlarge,,0.6677,spot,us-east-1,d,bt.A.x,lowest-price,,,,,,,REVOCATION
2025-06-28 09:16:50.696170,2025-06-28 09:16:50.696172,m7i.24xlarge,,0.6677,spot,us-east-1,d,bt.A.x,lowest-price,,,,,,,REVOCATION
2025-06-28 09:16:50.703614,2025-06-28 09:16:50.703617,m7i.24xlarge,,0.6677,spot,us-east-1,d,bt.A.x,lowest-price,,,,,,,REVOCATION
2025-06-28 09:16:50.704015,2025-06-28 09:16:50.704017,m7i.24xlarge,,0.6677,spot,us-east-1,d,bt.A.x,lowest-price,,,,,,,REVOCATION
2025-06-28 09:16:50.704378,2025-06-28 09:16:50.704379,m7i.24xlarge,,0.6677,spot,us-east-1,d,bt.A.x,lowest-price,,,,,,,REVOCATION
2025-06-28 09:16:50.704525,2025-06-28 09:16:50.704526,m7i.24xlarge,,0.6677,spot,us-east-1,d,bt.A.x,lowest-price,,,,,,,REVOCATION
2025-06-28 09:16:50.704721,2025-06-28 09:16:50.704724,m7i.24xlarge,,0.6677,spot,us-east-1,d,bt.A.x,lowest-price,,,,,,,REVOCATION
2025-06-28 09:16:50.704913,2025-06-28 09:16:50.704916,m7i.24xlarge,,0.6677,spot,us-east-1,d,bt.A.x,lowest-price,,,,,,,REVOCATION
2025-06-28 09:16:50.705475,2025-06-28 09:16:50.705478,m7i.24xlarge,,0.6677,spot,us-east-1,d,bt.A.x,lowest-price,,,,,,,REVOCATION
2025-06-28 09:16:50.706100,2025-06-28 09:16:50.706101,m7i.24xlarge,,0.6677,spot,us-east-1,d,bt.A.x,lowest-price,,,,,,,REVOCATION
2025-06-28 09:16:50.707475,2025-06-28 09:16:50.707476,m7i.24xlarge,,0.6677,spot,us-east-1,d,bt.A.x,lowest-price,,,,,,,REVOCATION
2025-06-28 09:16:50.713357,2025-06-28 09:16:50.713358,m7i.24xlarge,,0.6677,spot,us-east-1,d,bt.A.x,lowest-price,,,,,,,REVOCATION
2025-06-28 09:16:50.713492,2025-06-28 09:16:50.713492,m7i.24xlarge,,0.6677,spot,us-east-1,d,bt.A.x,lowest-price,,,,,,,REVOCATION
2025-06-28 09:16:50.713653,2025-06-28 09:16:50.713654,m7i.24xlarge,,0.6677,spot,us-east-1,d,bt.A.x,lowest-price,,,,,,,REVOCATION
2025-06-28 09:16:50.713778,2025-06-28 09:16:50.713779,m7i.24xlarge,,0.6677,spot,us-east-1,d,bt.A.x,lowest-price,,,,,,,REVOCATION
2025-06-28 09:16:50.713896,2025-06-28 09:16:50.713897,m7i.24xlarge,,0.6677,spot,us-east-1,d,bt.A.x,lowest-price,,,,,,,REVOCATION
2025-06-28 09:16:50.714050,2025-06-28 09:16:50.714051,m7i.24xlarge,,0.6677,spot,us-east-1,d,bt.A.x,lowest-price,,,,,,,REVOCATION
2025-06-28 09:16:50.714177,2025-06-28 09:16:50.714178,m7i.24xlarge,,0.6677,spot,us-east-1,d,bt.A.x,lowest-price,,,,,,,REVOCATION
2025-06-28 09:16:50.714442,2025-06-28 09:16:50.714445,m7i.24xlarge,,0.6677,spot,us-east-1,d,bt.A.x,lowest-price,,,,,,,REVOCATION
2025-06-28 09:16:50.714505,2025-06-28 09:16:50.714506,m7i.24xlarge,,0.6677,spot,us-east-1,d,bt.A.x,lowest-price,,,,,,,REVOCATION
2025-06-28 09:16:50.716476,2025-06-28 09:16:50.716477,m7i.24xlarge,,0.6677,spot,us-east-1,d,bt.A.x,lowest-price,,,,,,,REVOCATION
2025-06-28 09:16:50.716734,2025-06-28 09:16:50.716735,m7i.24xlarge,,0.6677,spot,us-east-1,d,bt.A.x,lowest-price,,,,,,,REVOCATION
2025-06-28 09:16:50.717139,2025-06-28 09:16:50.717140,m7i.24xlarge,,0.6677,spot,us-east-1,d,bt.A.x,lowest-price,,,,,,,REVOCATION
2025-06-28 09:16:50.717330,2025-06-28 09:16:50.717331,m7i.24xlarge,,0.6677,spot,us-east-1,d,bt.A.x,lowest-price,,,,,,,REVOCATION
2025-06-28 09:16:50.725122,2025-06-28 09:16:50.725124,m7i.24xlarge,,0.6677,spot,us-east-1,d,bt.A.x,lowest-price,,,,,,,REVOCATION
2025-06-28 09:26:10.615247,2025-06-28 09:29:47.568780,m5.24xlarge,,0.5467,spot,us-east-1,f,bt.A.x,lowest-price,,,,,,,InsufficientFreeAddressesInSubnet
2025-06-28 09:26:10.615247,2025-06-28 09:29:47.586994,m5.24xlarge,,0.5467,spot,us-east-1,f,bt.A.x,lowest-price,,,,,,,InsufficientInstanceCapacity
2025-06-28 09:26:10.615247,2025-06-28 09:29:50.187164,m5.24xlarge,,0.5467,spot,us-east-1,f,bt.A.x,lowest-price,,,,,,,InsufficientFreeAddressesInSubnet
2025-06-28 09:26:10.615247,2025-06-28 09:29:50.210094,m5.24xlarge,,0.5467,spot,us-east-1,f,bt.A.x,lowest-price,,,,,,,InsufficientInstanceCapacity
2025-06-28 09:26:10.615247,2025-06-28 09:30:34.586121,r6a.24xlarge,,0.6924,spot,us-east-1,b,bt.A.x,lowest-price,,,,,,,InsufficientInstanceCapacity
2025-06-28 09:30:34.611440,2025-06-28 09:30:34.611444,c5.24xlarge,,0.5467,spot,us-east-1,b,bt.A.x,lowest-price,,,,,,,REVOCATION
2025-06-28 09:30:34.611733,2025-06-28 09:30:34.611735,c5.24xlarge,,0.5467,spot,us-east-1,b,bt.A.x,lowest-price,,,,,,,REVOCATION
2025-06-28 09:30:34.614048,2025-06-28 09:30:34.614050,c5.24xlarge,,0.5467,spot,us-east-1,b,bt.A.x,lowest-price,,,,,,,REVOCATION
2025-06-28 09:30:34.614400,2025-06-28 09:30:34.614401,c5.24xlarge,,0.5467,spot,us-east-1,b,bt.A.x,lowest-price,,,,,,,REVOCATION
2025-06-28 09:30:34.614619,2025-06-28 09:30:34.614620,c5.24xlarge,,0.5467,spot,us-east-1,b,bt.A.x,lowest-price,,,,,,,REVOCATION
2025-06-28 09:30:34.614798,2025-06-28 09:30:34.614799,c5.24xlarge,,0.5467,spot,us-east-1,b,bt.A.x,lowest-price,,,,,,,REVOCATION
2025-06-28 09:30:34.616411,2025-06-28 09:30:34.616412,c5.24xlarge,,0.5467,spot,us-east-1,b,bt.A.x,lowest-price,,,,,,,REVOCATION
2025-06-28 09:30:34.619875,2025-06-28 09:30:34.619877,c5.24xlarge,,0.5467,spot,us-east-1,b,bt.A.x,lowest-price,,,,,,,REVOCATION
2025-06-28 09:30:34.624812,2025-06-28 09:30:34.624815,c5.24xlarge,,0.5467,spot,us-east-1,b,bt.A.x,lowest-price,,,,,,,REVOCATION
2025-06-28 09:30:34.625262,2025-06-28 09:30:34.625264,c5.24xlarge,,0.5467,spot,us-east-1,b,bt.A.x,lowest-price,,,,,,,REVOCATION
2025-06-28 09:30:34.625387,2025-06-28 09:30:34.625388,c5.24xlarge,,0.5467,spot,us-east-1,b,bt.A.x,lowest-price,,,,,,,REVOCATION
2025-06-28 09:30:34.625502,2025-06-28 09:30:34.625503,c5.24xlarge,,0.5467,spot,us-east-1,b,bt.A.x,lowest-price,,,,,,,REVOCATION
2025-06-28 09:30:34.625616,2025-06-28 09:30:34.625616,c5.24xlarge,,0.5467,spot,us-east-1,b,bt.A.x,lowest-price,,,,,,,REVOCATION
2025-06-28 09:30:34.625739,2025-06-28 09:30:34.625740,c5.24xlarge,,0.5467,spot,us-east-1,b,bt.A.x,lowest-price,,,,,,,REVOCATION
2025-06-28 09:30:34.626451,2025-06-28 09:30:34.626453,c5.24xlarge,,0.5467,spot,us-east-1,b,bt.A.x,lowest-price,,,,,,,REVOCATION
2025-06-28 09:30:34.627089,2025-06-28 09:30:34.627089,c5.24xlarge,,0.5467,spot,us-east-1,b,bt.A.x,lowest-price,,,,,,,REVOCATION
2025-06-28 09:30:34.635784,2025-06-28 09:30:34.635786,c5.24xlarge,,0.5467,spot,us-east-1,b,bt.A.x,lowest-price,,,,,,,REVOCATION
2025-06-28 09:30:34.635932,2025-06-28 09:30:34.635933,c5.24xlarge,,0.5467,spot,us-east-1,b,bt.A.x,lowest-price,,,,,,,REVOCATION
2025-06-28 09:30:34.636409,2025-06-28 09:30:34.636410,c5.24xlarge,,0.5467,spot,us-east-1,b,bt.A.x,lowest-price,,,,,,,REVOCATION
2025-06-28 09:30:34.636554,2025-06-28 09:30:34.636555,c5.24xlarge,,0.5467,spot,us-east-1,b,bt.A.x,lowest-price,,,,,,,REVOCATION
2025-06-28 09:30:34.636676,2025-06-28 09:30:34.636677,c5.24xlarge,,0.5467,spot,us-east-1,b,bt.A.x,lowest-price,,,,,,,REVOCATION
2025-06-28 09:30:34.636819,2025-06-28 09:30:34.636822,c5.24xlarge,,0.5467,spot,us-east-1,b,bt.A.x,lowest-price,,,,,,,REVOCATION
2025-06-28 09:30:34.637160,2025-06-28 09:30:34.637162,c5.24xlarge,,0.5467,spot,us-east-1,b,bt.A.x,lowest-price,,,,,,,REVOCATION
2025-06-28 09:30:34.637280,2025-06-28 09:30:34.637283,c5.24xlarge,,0.5467,spot,us-east-1,b,bt.A.x,lowest-price,,,,,,,REVOCATION
2025-06-28 09:30:34.639680,2025-06-28 09:30:34.639682,c5.24xlarge,,0.5467,spot,us-east-1,b,bt.A.x,lowest-price,,,,,,,REVOCATION
2025-06-28 09:30:34.640046,2025-06-28 09:30:34.640048,c5.24xlarge,,0.5467,spot,us-east-1,b,bt.A.x,lowest-price,,,,,,,REVOCATION
2025-06-28 09:30:34.640276,2025-06-28 09:30:34.640278,c5.24xlarge,,0.5467,spot,us-east-1,b,bt.A.x,lowest-price,,,,,,,REVOCATION
2025-06-28 09:30:34.640506,2025-06-28 09:30:34.640508,c5.24xlarge,,0.5467,spot,us-east-1,b,bt.A.x,lowest-price,,,,,,,REVOCATION
2025-06-28 09:30:34.650141,2025-06-28 09:30:34.650144,c5.24xlarge,,0.5467,spot,us-east-1,b,bt.A.x,lowest-price,,,,,,,REVOCATION
2025-06-28 09:30:34.650918,2025-06-28 09:30:34.650920,c5.24xlarge,,0.5467,spot,us-east-1,b,bt.A.x,lowest-price,,,,,,,REVOCATION
2025-06-28 09:30:34.651070,2025-06-28 09:30:34.651071,c5.24xlarge,,0.5467,spot,us-east-1,b,bt.A.x,lowest-price,,,,,,,REVOCATION
2025-06-28 09:30:34.651198,2025-06-28 09:30:34.651199,c5.24xlarge,,0.5467,spot,us-east-1,b,bt.A.x,lowest-price,,,,,,,REVOCATION
2025-06-28 09:30:34.651327,2025-06-28 09:30:34.651328,c5.24xlarge,,0.5467,spot,us-east-1,b,bt.A.x,lowest-price,,,,,,,REVOCATION
2025-06-28 09:30:34.651450,2025-06-28 09:30:34.651451,c5.24xlarge,,0.5467,spot,us-east-1,b,bt.A.x,lowest-price,,,,,,,REVOCATION
2025-06-28 09:30:34.652149,2025-06-28 09:30:34.652152,c5.24xlarge,,0.5467,spot,us-east-1,b,bt.A.x,lowest-price,,,,,,,REVOCATION
2025-06-28 09:30:34.661443,2025-06-28 09:30:34.661445,c5.24xlarge,,0.5467,spot,us-east-1,b,bt.A.x,lowest-price,,,,,,,REVOCATION
2025-06-28 09:30:34.661758,2025-06-28 09:30:34.661760,c5.24xlarge,,0.5467,spot,us-east-1,b,bt.A.x,lowest-price,,,,,,,REVOCATION
2025-06-28 09:30:34.661888,2025-06-28 09:30:34.661889,c5.24xlarge,,0.5467,spot,us-east-1,b,bt.A.x,lowest-price,,,,,,,REVOCATION
2025-06-28 09:30:34.662009,2025-06-28 09:30:34.662010,c5.24xlarge,,0.5467,spot,us-east-1,b,bt.A.x,lowest-price,,,,,,,REVOCATION
2025-06-28 09:30:34.662122,2025-06-28 09:30:34.662123,c5.24xlarge,,0.5467,spot,us-east-1,b,bt.A.x,lowest-price,,,,,,,REVOCATION
2025-06-28 09:30:34.662307,2025-06-28 09:30:34.662310,c5.24xlarge,,0.5467,spot,us-east-1,b,bt.A.x,lowest-price,,,,,,,REVOCATION
2025-06-28 09:30:34.662444,2025-06-28 09:30:34.662445,c5.24xlarge,,0.5467,spot,us-east-1,b,bt.A.x,lowest-price,,,,,,,REVOCATION
2025-06-28 09:30:34.662585,2025-06-28 09:30:34.662587,c5.24xlarge,,0.5467,spot,us-east-1,b,bt.A.x,lowest-price,,,,,,,REVOCATION
2025-06-28 09:30:34.664961,2025-06-28 09:30:34.664963,c5.24xlarge,,0.5467,spot,us-east-1,b,bt.A.x,lowest-price,,,,,,,REVOCATION
2025-06-28 09:30:34.665010,2025-06-28 09:30:34.665013,c5.24xlarge,,0.5467,spot,us-east-1,b,bt.A.x,lowest-price,,,,,,,REVOCATION
2025-06-28 09:30:34.665530,2025-06-28 09:30:34.665532,c5.24xlarge,,0.5467,spot,us-east-1,b,bt.A.x,lowest-price,,,,,,,REVOCATION
2025-06-28 09:30:34.665730,2025-06-28 09:30:34.665732,c5.24xlarge,,0.5467,spot,us-east-1,b,bt.A.x,lowest-price,,,,,,,REVOCATION
2025-06-28 09:30:34.665953,2025-06-28 09:30:34.665955,c5.24xlarge,,0.5467,spot,us-east-1,b,bt.A.x,lowest-price,,,,,,,REVOCATION
2025-06-28 09:30:34.669185,2025-06-28 09:30:34.669188,c5.24xlarge,,0.5467,spot,us-east-1,b,bt.A.x,lowest-price,,,,,,,REVOCATION
2025-06-28 09:30:34.673789,2025-06-28 09:30:34.673791,c5.24xlarge,,0.5467,spot,us-east-1,b,bt.A.x,lowest-price,,,,,,,REVOCATION
2025-06-28 09:30:34.675765,2025-06-28 09:30:34.675767,c5.24xlarge,,0.5467,spot,us-east-1,b,bt.A.x,lowest-price,,,,,,,REVOCATION
2025-06-28 09:30:34.676583,2025-06-28 09:30:34.676587,c5.24xlarge,,0.5467,spot,us-east-1,b,bt.A.x,lowest-price,,,,,,,REVOCATION
2025-06-28 09:30:34.676738,2025-06-28 09:30:34.676739,c5.24xlarge,,0.5467,spot,us-east-1,b,bt.A.x,lowest-price,,,,,,,REVOCATION
2025-06-28 09:30:34.676858,2025-06-28 09:30:34.676859,c5.24xlarge,,0.5467,spot,us-east-1,b,bt.A.x,lowest-price,,,,,,,REVOCATION
2025-06-28 09:30:34.676982,2025-06-28 09:30:34.676983,c5.24xlarge,,0.5467,spot,us-east-1,b,bt.A.x,lowest-price,,,,,,,REVOCATION
2025-06-28 09:30:34.677103,2025-06-28 09:30:34.677104,c5.24xlarge,,0.5467,spot,us-east-1,b,bt.A.x,lowest-price,,,,,,,REVOCATION
2025-06-28 09:30:34.677718,2025-06-28 09:30:34.677720,c5.24xlarge,,0.5467,spot,us-east-1,b,bt.A.x,lowest-price,,,,,,,REVOCATION
2025-06-28 09:30:34.686759,2025-06-28 09:30:34.686763,c5.24xlarge,,0.5467,spot,us-east-1,b,bt.A.x,lowest-price,,,,,,,REVOCATION
2025-06-28 09:30:34.687052,2025-06-28 09:30:34.687053,c5.24xlarge,,0.5467,spot,us-east-1,b,bt.A.x,lowest-price,,,,,,,REVOCATION
2025-06-28 09:30:34.687184,2025-06-28 09:30:34.687185,c5.24xlarge,,0.5467,spot,us-east-1,b,bt.A.x,lowest-price,,,,,,,REVOCATION
2025-06-28 09:30:34.687307,2025-06-28 09:30:34.687308,c5.24xlarge,,0.5467,spot,us-east-1,b,bt.A.x,lowest-price,,,,,,,REVOCATION
2025-06-28 09:30:34.687423,2025-06-28 09:30:34.687424,c5.24xlarge,,0.5467,spot,us-east-1,b,bt.A.x,lowest-price,,,,,,,REVOCATION
2025-06-28 09:30:34.687539,2025-06-28 09:30:34.687539,c5.24xlarge,,0.5467,spot,us-east-1,b,bt.A.x,lowest-price,,,,,,,REVOCATION
2025-06-28 09:30:34.687741,2025-06-28 09:30:34.687742,c5.24xlarge,,0.5467,spot,us-east-1,b,bt.A.x,lowest-price,,,,,,,REVOCATION
2025-06-28 09:30:34.687889,2025-06-28 09:30:34.687891,c5.24xlarge,,0.5467,spot,us-east-1,b,bt.A.x,lowest-price,,,,,,,REVOCATION
2025-06-28 09:30:34.690269,2025-06-28 09:30:34.690272,c5.24xlarge,,0.5467,spot,us-east-1,b,bt.A.x,lowest-price,,,,,,,REVOCATION
2025-06-28 09:30:34.690313,2025-06-28 09:30:34.690316,c5.24xlarge,,0.5467,spot,us-east-1,b,bt.A.x,lowest-price,,,,,,,REVOCATION
2025-06-28 09:30:34.690722,2025-06-28 09:30:34.690724,c5.24xlarge,,0.5467,spot,us-east-1,b,bt.A.x,lowest-price,,,,,,,REVOCATION
2025-06-28 09:30:34.690948,2025-06-28 09:30:34.690951,c5.24xlarge,,0.5467,spot,us-east-1,b,bt.A.x,lowest-price,,,,,,,REVOCATION
2025-06-28 09:30:34.691194,2025-06-28 09:30:34.691196,c5.24xlarge,,0.5467,spot,us-east-1,b,bt.A.x,lowest-price,,,,,,,REVOCATION
2025-06-28 09:30:34.693033,2025-06-28 09:30:34.693036,c5.24xlarge,,0.5467,spot,us-east-1,b,bt.A.x,lowest-price,,,,,,,REVOCATION
2025-06-28 09:30:34.700674,2025-06-28 09:30:34.700677,c5.24xlarge,,0.5467,spot,us-east-1,b,bt.A.x,lowest-price,,,,,,,REVOCATION
2025-06-28 09:30:34.701176,2025-06-28 09:30:34.701178,c5.24xlarge,,0.5467,spot,us-east-1,b,bt.A.x,lowest-price,,,,,,,REVOCATION
2025-06-28 09:30:34.701593,2025-06-28 09:30:34.701595,c5.24xlarge,,0.5467,spot,us-east-1,b,bt.A.x,lowest-price,,,,,,,REVOCATION
2025-06-28 09:30:34.701717,2025-06-28 09:30:34.701718,c5.24xlarge,,0.5467,spot,us-east-1,b,bt.A.x,lowest-price,,,,,,,REVOCATION
2025-06-28 09:30:34.701840,2025-06-28 09:30:34.701841,c5.24xlarge,,0.5467,spot,us-east-1,b,bt.A.x,lowest-price,,,,,,,REVOCATION
2025-06-28 09:30:34.701960,2025-06-28 09:30:34.701961,c5.24xlarge,,0.5467,spot,us-east-1,b,bt.A.x,lowest-price,,,,,,,REVOCATION
2025-06-28 09:30:34.702083,2025-06-28 09:30:34.702084,c5.24xlarge,,0.5467,spot,us-east-1,b,bt.A.x,lowest-price,,,,,,,REVOCATION
2025-06-28 09:30:34.702221,2025-06-28 09:30:34.702222,c5.24xlarge,,0.5467,spot,us-east-1,b,bt.A.x,lowest-price,,,,,,,REVOCATION
2025-06-28 09:30:34.702858,2025-06-28 09:30:34.702859,c5.24xlarge,,0.5467,spot,us-east-1,b,bt.A.x,lowest-price,,,,,,,REVOCATION
2025-06-28 09:30:34.711778,2025-06-28 09:30:34.711780,c5.24xlarge,,0.5467,spot,us-east-1,b,bt.A.x,lowest-price,,,,,,,REVOCATION
2025-06-28 09:30:34.712072,2025-06-28 09:30:34.712073,c5.24xlarge,,0.5467,spot,us-east-1,b,bt.A.x,lowest-price,,,,,,,REVOCATION
2025-06-28 09:30:34.712202,2025-06-28 09:30:34.712203,c5.24xlarge,,0.5467,spot,us-east-1,b,bt.A.x,lowest-price,,,,,,,REVOCATION
2025-06-28 09:30:34.712662,2025-06-28 09:30:34.712663,c5.24xlarge,,0.5467,spot,us-east-1,b,bt.A.x,lowest-price,,,,,,,REVOCATION
2025-06-28 09:30:34.712798,2025-06-28 09:30:34.712799,c5.24xlarge,,0.5467,spot,us-east-1,b,bt.A.x,lowest-price,,,,,,,REVOCATION
2025-06-28 09:30:34.712941,2025-06-28 09:30:34.712943,c5.24xlarge,,0.5467,spot,us-east-1,b,bt.A.x,lowest-price,,,,,,,REVOCATION
2025-06-28 09:30:34.715088,2025-06-28 09:30:34.715089,c5.24xlarge,,0.5467,spot,us-east-1,b,bt.A.x,lowest-price,,,,,,,REVOCATION
2025-06-28 09:30:34.715138,2025-06-28 09:30:34.715141,c5.24xlarge,,0.5467,spot,us-east-1,b,bt.A.x,lowest-price,,,,,,,REVOCATION
2025-06-28 09:30:34.715514,2025-06-28 09:30:34.715516,c5.24xlarge,,0.5467,spot,us-east-1,b,bt.A.x,lowest-price,,,,,,,REVOCATION
2025-06-28 09:30:34.715857,2025-06-28 09:30:34.715858,c5.24xlarge,,0.5467,spot,us-east-1,b,bt.A.x,lowest-price,,,,,,,REVOCATION
2025-06-28 09:30:34.716038,2025-06-28 09:30:34.716039,c5.24xlarge,,0.5467,spot,us-east-1,b,bt.A.x,lowest-price,,,,,,,REVOCATION
2025-06-28 09:30:34.716246,2025-06-28 09:30:34.716247,c5.24xlarge,,0.5467,spot,us-east-1,b,bt.A.x,lowest-price,,,,,,,REVOCATION
2025-06-28 09:30:34.719407,2025-06-28 09:30:34.719408,c5.24xlarge,,0.5467,spot,us-east-1,b,bt.A.x,lowest-price,,,,,,,REVOCATION
2025-06-28 09:30:34.725851,2025-06-28 09:30:34.725853,c5.24xlarge,,0.5467,spot,us-east-1,b,bt.A.x,lowest-price,,,,,,,REVOCATION
2025-06-28 09:30:34.726239,2025-06-28 09:30:34.726240,c5.24xlarge,,0.5467,spot,us-east-1,b,bt.A.x,lowest-price,,,,,,,REVOCATION
2025-06-28 09:30:34.726366,2025-06-28 09:30:34.726367,c5.24xlarge,,0.5467,spot,us-east-1,b,bt.A.x,lowest-price,,,,,,,REVOCATION
2025-06-28 09:30:34.726485,2025-06-28 09:30:34.726486,c5.24xlarge,,0.5467,spot,us-east-1,b,bt.A.x,lowest-price,,,,,,,REVOCATION
2025-06-28 09:30:34.726603,2025-06-28 09:30:34.726604,c5.24xlarge,,0.5467,spot,us-east-1,b,bt.A.x,lowest-price,,,,,,,REVOCATION
2025-06-28 09:30:34.726716,2025-06-28 09:30:34.726717,c5.24xlarge,,0.5467,spot,us-east-1,b,bt.A.x,lowest-price,,,,,,,REVOCATION
2025-06-28 09:30:34.726836,2025-06-28 09:30:34.726837,c5.24xlarge,,0.5467,spot,us-east-1,b,bt.A.x,lowest-price,,,,,,,REVOCATION
2025-06-28 09:30:34.727416,2025-06-28 09:30:34.727417,c5.24xlarge,,0.5467,spot,us-east-1,b,bt.A.x,lowest-price,,,,,,,REVOCATION
2025-06-28 09:30:34.736385,2025-06-28 09:30:34.736386,c5.24xlarge,,0.5467,spot,us-east-1,b,bt.A.x,lowest-price,,,,,,,REVOCATION
2025-06-28 09:30:34.736651,2025-06-28 09:30:34.736652,c5.24xlarge,,0.5467,spot,us-east-1,b,bt.A.x,lowest-price,,,,,,,REVOCATION
2025-06-28 09:30:34.736779,2025-06-28 09:30:34.736780,c5.24xlarge,,0.5467,spot,us-east-1,b,bt.A.x,lowest-price,,,,,,,REVOCATION
2025-06-28 09:30:34.736901,2025-06-28 09:30:34.736902,c5.24xlarge,,0.5467,spot,us-east-1,b,bt.A.x,lowest-price,,,,,,,REVOCATION
2025-06-28 09:30:34.737028,2025-06-28 09:30:34.737029,c5.24xlarge,,0.5467,spot,us-east-1,b,bt.A.x,lowest-price,,,,,,,REVOCATION
2025-06-28 09:30:34.737150,2025-06-28 09:30:34.737151,c5.24xlarge,,0.5467,spot,us-east-1,b,bt.A.x,lowest-price,,,,,,,REVOCATION
2025-06-28 09:30:34.737336,2025-06-28 09:30:34.737337,c5.24xlarge,,0.5467,spot,us-east-1,b,bt.A.x,lowest-price,,,,,,,REVOCATION
2025-06-28 09:30:34.737456,2025-06-28 09:30:34.737456,c5.24xlarge,,0.5467,spot,us-east-1,b,bt.A.x,lowest-price,,,,,,,REVOCATION
2025-06-28 09:30:34.737576,2025-06-28 09:30:34.737577,c5.24xlarge,,0.5467,spot,us-east-1,b,bt.A.x,lowest-price,,,,,,,REVOCATION
2025-06-28 09:30:34.737694,2025-06-28 09:30:34.737695,c5.24xlarge,,0.5467,spot,us-east-1,b,bt.A.x,lowest-price,,,,,,,REVOCATION
2025-06-28 09:30:34.737969,2025-06-28 09:30:34.737972,c5.24xlarge,,0.5467,spot,us-east-1,b,bt.A.x,lowest-price,,,,,,,REVOCATION
2025-06-28 09:30:34.738039,2025-06-28 09:30:34.738040,c5.24xlarge,,0.5467,spot,us-east-1,b,bt.A.x,lowest-price,,,,,,,REVOCATION
2025-06-28 09:30:34.740071,2025-06-28 09:30:34.740072,c5.24xlarge,,0.5467,spot,us-east-1,b,bt.A.x,lowest-price,,,,,,,REVOCATION
2025-06-28 09:30:34.740370,2025-06-28 09:30:34.740371,c5.24xlarge,,0.5467,spot,us-east-1,b,bt.A.x,lowest-price,,,,,,,REVOCATION
2025-06-28 09:30:34.741256,2025-06-28 09:30:34.741257,c5.24xlarge,,0.5467,spot,us-east-1,b,bt.A.x,lowest-price,,,,,,,REVOCATION
2025-06-28 09:30:34.741800,2025-06-28 09:30:34.741801,c5.24xlarge,,0.5467,spot,us-east-1,b,bt.A.x,lowest-price,,,,,,,REVOCATION
2025-06-28 09:30:34.742026,2025-06-28 09:30:34.742027,c5.24xlarge,,0.5467,spot,us-east-1,b,bt.A.x,lowest-price,,,,,,,REVOCATION
2025-06-28 09:30:34.751195,2025-06-28 09:30:34.751197,c5.24xlarge,,0.5467,spot,us-east-1,b,bt.A.x,lowest-price,,,,,,,REVOCATION
2025-06-28 09:30:34.751841,2025-06-28 09:30:34.751842,c5.24xlarge,,0.5467,spot,us-east-1,b,bt.A.x,lowest-price,,,,,,,REVOCATION
2025-06-28 09:30:34.752000,2025-06-28 09:30:34.752001,c5.24xlarge,,0.5467,spot,us-east-1,b,bt.A.x,lowest-price,,,,,,,REVOCATION
2025-06-28 09:30:34.752124,2025-06-28 09:30:34.752125,c5.24xlarge,,0.5467,spot,us-east-1,b,bt.A.x,lowest-price,,,,,,,REVOCATION
2025-06-28 09:30:34.752254,2025-06-28 09:30:34.752255,c5.24xlarge,,0.5467,spot,us-east-1,b,bt.A.x,lowest-price,,,,,,,REVOCATION
2025-06-28 09:30:34.752378,2025-06-28 09:30:34.752379,c5.24xlarge,,0.5467,spot,us-east-1,b,bt.A.x,lowest-price,,,,,,,REVOCATION
2025-06-28 09:30:34.752870,2025-06-28 09:30:34.752871,c5.24xlarge,,0.5467,spot,us-east-1,b,bt.A.x,lowest-price,,,,,,,REVOCATION
2025-06-28 09:30:34.753559,2025-06-28 09:30:34.753560,c5.24xlarge,,0.5467,spot,us-east-1,b,bt.A.x,lowest-price,,,,,,,REVOCATION
2025-06-28 09:30:34.762287,2025-06-28 09:30:34.762289,c5.24xlarge,,0.5467,spot,us-east-1,b,bt.A.x,lowest-price,,,,,,,REVOCATION
2025-06-28 09:30:34.762431,2025-06-28 09:30:34.762432,c5.24xlarge,,0.5467,spot,us-east-1,b,bt.A.x,lowest-price,,,,,,,REVOCATION
2025-06-28 09:30:34.762560,2025-06-28 09:30:34.762561,c5.24xlarge,,0.5467,spot,us-east-1,b,bt.A.x,lowest-price,,,,,,,REVOCATION
2025-06-28 09:30:34.762688,2025-06-28 09:30:34.762689,c5.24xlarge,,0.5467,spot,us-east-1,b,bt.A.x,lowest-price,,,,,,,REVOCATION
2025-06-28 09:30:34.762809,2025-06-28 09:30:34.762810,c5.24xlarge,,0.5467,spot,us-east-1,b,bt.A.x,lowest-price,,,,,,,REVOCATION
2025-06-28 09:30:34.762931,2025-06-28 09:30:34.762932,c5.24xlarge,,0.5467,spot,us-east-1,b,bt.A.x,lowest-price,,,,,,,REVOCATION
2025-06-28 09:30:34.884879,2025-06-28 09:30:34.884884,c5.24xlarge,,0.5467,spot,us-east-1,b,bt.A.x,lowest-price,,,,,,,REVOCATION
2025-06-28 09:30:34.884918,2025-06-28 09:30:34.884922,c5.24xlarge,,0.5467,spot,us-east-1,b,bt.A.x,lowest-price,,,,,,,REVOCATION
2025-06-28 09:30:34.885303,2025-06-28 09:30:34.885304,c5.24xlarge,,0.5467,spot,us-east-1,b,bt.A.x,lowest-price,,,,,,,REVOCATION
2025-06-28 09:30:34.887786,2025-06-28 09:30:34.887789,c5.24xlarge,,0.5467,spot,us-east-1,b,bt.A.x,lowest-price,,,,,,,REVOCATION
2025-06-28 09:30:34.888210,2025-06-28 09:30:34.888211,c5.24xlarge,,0.5467,spot,us-east-1,b,bt.A.x,lowest-price,,,,,,,REVOCATION
2025-06-28 09:30:34.888522,2025-06-28 09:30:34.888522,c5.24xlarge,,0.5467,spot,us-east-1,b,bt.A.x,lowest-price,,,,,,,REVOCATION
2025-06-28 09:30:34.888784,2025-06-28 09:30:34.888786,c5.24xlarge,,0.5467,spot,us-east-1,b,bt.A.x,lowest-price,,,,,,,REVOCATION
2025-06-28 09:30:34.888991,2025-06-28 09:30:34.888994,c5.24xlarge,,0.5467,spot,us-east-1,b,bt.A.x,lowest-price,,,,,,,REVOCATION
2025-06-28 09:30:34.890866,2025-06-28 09:30:34.890869,c5.24xlarge,,0.5467,spot,us-east-1,b,bt.A.x,lowest-price,,,,,,,REVOCATION
2025-06-28 09:30:34.895519,2025-06-28 09:30:34.895521,c5.24xlarge,,0.5467,spot,us-east-1,b,bt.A.x,lowest-price,,,,,,,REVOCATION
2025-06-28 09:30:34.897182,2025-06-28 09:30:34.897184,c5.24xlarge,,0.5467,spot,us-east-1,b,bt.A.x,lowest-price,,,,,,,REVOCATION
2025-06-28 09:30:34.898877,2025-06-28 09:30:34.898879,c5.24xlarge,,0.5467,spot,us-east-1,b,bt.A.x,lowest-price,,,,,,,REVOCATION
2025-06-28 09:30:34.899813,2025-06-28 09:30:34.899817,c5.24xlarge,,0.5467,spot,us-east-1,b,bt.A.x,lowest-price,,,,,,,REVOCATION
2025-06-28 09:30:34.899982,2025-06-28 09:30:34.899984,c5.24xlarge,,0.5467,spot,us-east-1,b,bt.A.x,lowest-price,,,,,,,REVOCATION
2025-06-28 09:30:34.900162,2025-06-28 09:30:34.900163,c5.24xlarge,,0.5467,spot,us-east-1,b,bt.A.x,lowest-price,,,,,,,REVOCATION
2025-06-28 09:30:34.900286,2025-06-28 09:30:34.900287,c5.24xlarge,,0.5467,spot,us-east-1,b,bt.A.x,lowest-price,,,,,,,REVOCATION
2025-06-28 09:30:34.901306,2025-06-28 09:30:34.901307,c5.24xlarge,,0.5467,spot,us-east-1,b,bt.A.x,lowest-price,,,,,,,REVOCATION
2025-06-28 09:30:34.901965,2025-06-28 09:30:34.901966,c5.24xlarge,,0.5467,spot,us-east-1,b,bt.A.x,lowest-price,,,,,,,REVOCATION
2025-06-28 09:30:34.910663,2025-06-28 09:30:34.910665,c5.24xlarge,,0.5467,spot,us-east-1,b,bt.A.x,lowest-price,,,,,,,REVOCATION
2025-06-28 09:30:34.910935,2025-06-28 09:30:34.910936,c5.24xlarge,,0.5467,spot,us-east-1,b,bt.A.x,lowest-price,,,,,,,REVOCATION
2025-06-28 09:30:34.911069,2025-06-28 09:30:34.911070,c5.24xlarge,,0.5467,spot,us-east-1,b,bt.A.x,lowest-price,,,,,,,REVOCATION
2025-06-28 09:30:34.911189,2025-06-28 09:30:34.911190,c5.24xlarge,,0.5467,spot,us-east-1,b,bt.A.x,lowest-price,,,,,,,REVOCATION
2025-06-28 09:30:34.911304,2025-06-28 09:30:34.911304,c5.24xlarge,,0.5467,spot,us-east-1,b,bt.A.x,lowest-price,,,,,,,REVOCATION
2025-06-28 09:30:34.911420,2025-06-28 09:30:34.911421,c5.24xlarge,,0.5467,spot,us-east-1,b,bt.A.x,lowest-price,,,,,,,REVOCATION
2025-06-28 09:30:34.911614,2025-06-28 09:30:34.911615,c5.24xlarge,,0.5467,spot,us-east-1,b,bt.A.x,lowest-price,,,,,,,REVOCATION
2025-06-28 09:30:34.911735,2025-06-28 09:30:34.911735,c5.24xlarge,,0.5467,spot,us-east-1,b,bt.A.x,lowest-price,,,,,,,REVOCATION
2025-06-28 09:30:34.911845,2025-06-28 09:30:34.911846,c5.24xlarge,,0.5467,spot,us-east-1,b,bt.A.x,lowest-price,,,,,,,REVOCATION
2025-06-28 09:30:34.911955,2025-06-28 09:30:34.911956,c5.24xlarge,,0.5467,spot,us-east-1,b,bt.A.x,lowest-price,,,,,,,REVOCATION
2025-06-28 09:30:34.912066,2025-06-28 09:30:34.912067,c5.24xlarge,,0.5467,spot,us-east-1,b,bt.A.x,lowest-price,,,,,,,REVOCATION
2025-06-28 09:30:34.912301,2025-06-28 09:30:34.912303,c5.24xlarge,,0.5467,spot,us-east-1,b,bt.A.x,lowest-price,,,,,,,REVOCATION
2025-06-28 09:30:34.912331,2025-06-28 09:30:34.912333,c5.24xlarge,,0.5467,spot,us-east-1,b,bt.A.x,lowest-price,,,,,,,REVOCATION
2025-06-28 09:30:34.914603,2025-06-28 09:30:34.914604,c5.24xlarge,,0.5467,spot,us-east-1,b,bt.A.x,lowest-price,,,,,,,REVOCATION
2025-06-28 09:30:34.914939,2025-06-28 09:30:34.914941,c5.24xlarge,,0.5467,spot,us-east-1,b,bt.A.x,lowest-price,,,,,,,REVOCATION
2025-06-28 09:30:34.915104,2025-06-28 09:30:34.915105,c5.24xlarge,,0.5467,spot,us-east-1,b,bt.A.x,lowest-price,,,,,,,REVOCATION
2025-06-28 09:30:34.915339,2025-06-28 09:30:34.915340,c5.24xlarge,,0.5467,spot,us-east-1,b,bt.A.x,lowest-price,,,,,,,REVOCATION
2025-06-28 09:30:34.915516,2025-06-28 09:30:34.915516,c5.24xlarge,,0.5467,spot,us-east-1,b,bt.A.x,lowest-price,,,,,,,REVOCATION
2025-06-28 09:30:34.915734,2025-06-28 09:30:34.915735,c5.24xlarge,,0.5467,spot,us-east-1,b,bt.A.x,lowest-price,,,,,,,REVOCATION
2025-06-28 09:30:34.915882,2025-06-28 09:30:34.915883,c5.24xlarge,,0.5467,spot,us-east-1,b,bt.A.x,lowest-price,,,,,,,REVOCATION
2025-06-28 09:30:34.916091,2025-06-28 09:30:34.916092,c5.24xlarge,,0.5467,spot,us-east-1,b,bt.A.x,lowest-price,,,,,,,REVOCATION
2025-06-28 09:30:34.917740,2025-06-28 09:30:34.917741,c5.24xlarge,,0.5467,spot,us-east-1,b,bt.A.x,lowest-price,,,,,,,REVOCATION
2025-06-28 09:30:34.919401,2025-06-28 09:30:34.919403,c5.24xlarge,,0.5467,spot,us-east-1,b,bt.A.x,lowest-price,,,,,,,REVOCATION
2025-06-28 09:30:34.922534,2025-06-28 09:30:34.922537,c5.24xlarge,,0.5467,spot,us-east-1,b,bt.A.x,lowest-price,,,,,,,REVOCATION
2025-06-28 09:30:34.925656,2025-06-28 09:30:34.925657,c5.24xlarge,,0.5467,spot,us-east-1,b,bt.A.x,lowest-price,,,,,,,REVOCATION
2025-06-28 09:30:34.926145,2025-06-28 09:30:34.926147,c5.24xlarge,,0.5467,spot,us-east-1,b,bt.A.x,lowest-price,,,,,,,REVOCATION
2025-06-28 09:30:34.926536,2025-06-28 09:30:34.926537,c5.24xlarge,,0.5467,spot,us-east-1,b,bt.A.x,lowest-price,,,,,,,REVOCATION
2025-06-28 09:30:34.926684,2025-06-28 09:30:34.926685,c5.24xlarge,,0.5467,spot,us-east-1,b,bt.A.x,lowest-price,,,,,,,REVOCATION
2025-06-28 09:30:34.926804,2025-06-28 09:30:34.926805,c5.24xlarge,,0.5467,spot,us-east-1,b,bt.A.x,lowest-price,,,,,,,REVOCATION
2025-06-28 09:30:34.926920,2025-06-28 09:30:34.926921,c5.24xlarge,,0.5467,spot,us-east-1,b,bt.A.x,lowest-price,,,,,,,REVOCATION
2025-06-28 09:30:34.927393,2025-06-28 09:30:34.927394,c5.24xlarge,,0.5467,spot,us-east-1,b,bt.A.x,lowest-price,,,,,,,REVOCATION
2025-06-28 09:30:34.927524,2025-06-28 09:30:34.927525,c5.24xlarge,,0.5467,spot,us-east-1,b,bt.A.x,lowest-price,,,,,,,REVOCATION
2025-06-28 09:30:34.927642,2025-06-28 09:30:34.927643,c5.24xlarge,,0.5467,spot,us-east-1,b,bt.A.x,lowest-price,,,,,,,REVOCATION
2025-06-28 09:30:34.927836,2025-06-28 09:30:34.927837,c5.24xlarge,,0.5467,spot,us-east-1,b,bt.A.x,lowest-price,,,,,,,REVOCATION
2025-06-28 09:30:34.928028,2025-06-28 09:30:34.928029,c5.24xlarge,,0.5467,spot,us-east-1,b,bt.A.x,lowest-price,,,,,,,REVOCATION
2025-06-28 09:30:34.928163,2025-06-28 09:30:34.928164,c5.24xlarge,,0.5467,spot,us-east-1,b,bt.A.x,lowest-price,,,,,,,REVOCATION
2025-06-28 09:30:34.928702,2025-06-28 09:30:34.928703,c5.24xlarge,,0.5467,spot,us-east-1,b,bt.A.x,lowest-price,,,,,,,REVOCATION
2025-06-28 09:30:34.929418,2025-06-28 09:30:34.929419,c5.24xlarge,,0.5467,spot,us-east-1,b,bt.A.x,lowest-price,,,,,,,REVOCATION
2025-06-28 09:30:34.938287,2025-06-28 09:30:34.938289,c5.24xlarge,,0.5467,spot,us-east-1,b,bt.A.x,lowest-price,,,,,,,REVOCATION
2025-06-28 09:30:34.938423,2025-06-28 09:30:34.938424,c5.24xlarge,,0.5467,spot,us-east-1,b,bt.A.x,lowest-price,,,,,,,REVOCATION
2025-06-28 09:30:34.938595,2025-06-28 09:30:34.938596,c5.24xlarge,,0.5467,spot,us-east-1,b,bt.A.x,lowest-price,,,,,,,REVOCATION
2025-06-28 09:30:34.938722,2025-06-28 09:30:34.938723,c5.24xlarge,,0.5467,spot,us-east-1,b,bt.A.x,lowest-price,,,,,,,REVOCATION
2025-06-28 09:30:34.938892,2025-06-28 09:30:34.938893,c5.24xlarge,,0.5467,spot,us-east-1,b,bt.A.x,lowest-price,,,,,,,REVOCATION
2025-06-28 09:30:34.939009,2025-06-28 09:30:34.939010,c5.24xlarge,,0.5467,spot,us-east-1,b,bt.A.x,lowest-price,,,,,,,REVOCATION
2025-06-28 09:30:34.939180,2025-06-28 09:30:34.939181,c5.24xlarge,,0.5467,spot,us-east-1,b,bt.A.x,lowest-price,,,,,,,REVOCATION
2025-06-28 09:30:34.939323,2025-06-28 09:30:34.939326,c5.24xlarge,,0.5467,spot,us-east-1,b,bt.A.x,lowest-price,,,,,,,REVOCATION
2025-06-28 09:30:34.941615,2025-06-28 09:30:34.941617,c5.24xlarge,,0.5467,spot,us-east-1,b,bt.A.x,lowest-price,,,,,,,REVOCATION
2025-06-28 09:30:34.941670,2025-06-28 09:30:34.941674,c5.24xlarge,,0.5467,spot,us-east-1,b,bt.A.x,lowest-price,,,,,,,REVOCATION
2025-06-28 09:30:34.942006,2025-06-28 09:30:34.942009,c5.24xlarge,,0.5467,spot,us-east-1,b,bt.A.x,lowest-price,,,,,,,REVOCATION
2025-06-28 09:30:34.942221,2025-06-28 09:30:34.942222,c5.24xlarge,,0.5467,spot,us-east-1,b,bt.A.x,lowest-price,,,,,,,REVOCATION
2025-06-28 09:30:34.942506,2025-06-28 09:30:34.942507,c5.24xlarge,,0.5467,spot,us-east-1,b,bt.A.x,lowest-price,,,,,,,REVOCATION
2025-06-28 09:30:34.942727,2025-06-28 09:30:34.942728,c5.24xlarge,,0.5467,spot,us-east-1,b,bt.A.x,lowest-price,,,,,,,REVOCATION
2025-06-28 09:30:34.942955,2025-06-28 09:30:34.942956,c5.24xlarge,,0.5467,spot,us-east-1,b,bt.A.x,lowest-price,,,,,,,REVOCATION
2025-06-28 09:30:34.943104,2025-06-28 09:30:34.943105,c5.24xlarge,,0.5467,spot,us-east-1,b,bt.A.x,lowest-price,,,,,,,REVOCATION
2025-06-28 09:30:34.943293,2025-06-28 09:30:34.943294,c5.24xlarge,,0.5467,spot,us-east-1,b,bt.A.x,lowest-price,,,,,,,REVOCATION
2025-06-28 09:30:34.944952,2025-06-28 09:30:34.944953,c5.24xlarge,,0.5467,spot,us-east-1,b,bt.A.x,lowest-price,,,,,,,REVOCATION
2025-06-28 09:30:34.946635,2025-06-28 09:30:34.946638,c5.24xlarge,,0.5467,spot,us-east-1,b,bt.A.x,lowest-price,,,,,,,REVOCATION
2025-06-28 09:30:34.948312,2025-06-28 09:30:34.948313,c5.24xlarge,,0.5467,spot,us-east-1,b,bt.A.x,lowest-price,,,,,,,REVOCATION
2025-06-28 09:30:34.950003,2025-06-28 09:30:34.950005,c5.24xlarge,,0.5467,spot,us-east-1,b,bt.A.x,lowest-price,,,,,,,REVOCATION
2025-06-28 09:30:34.951737,2025-06-28 09:30:34.951740,c5.24xlarge,,0.5467,spot,us-east-1,b,bt.A.x,lowest-price,,,,,,,REVOCATION
2025-06-28 09:30:34.953962,2025-06-28 09:30:34.953963,c5.24xlarge,,0.5467,spot,us-east-1,b,bt.A.x,lowest-price,,,,,,,REVOCATION
2025-06-28 09:30:34.954147,2025-06-28 09:30:34.954148,c5.24xlarge,,0.5467,spot,us-east-1,b,bt.A.x,lowest-price,,,,,,,REVOCATION
2025-06-28 09:30:34.954285,2025-06-28 09:30:34.954287,c5.24xlarge,,0.5467,spot,us-east-1,b,bt.A.x,lowest-price,,,,,,,REVOCATION
2025-06-28 09:30:34.954411,2025-06-28 09:30:34.954412,c5.24xlarge,,0.5467,spot,us-east-1,b,bt.A.x,lowest-price,,,,,,,REVOCATION
2025-06-28 09:30:34.954527,2025-06-28 09:30:34.954527,c5.24xlarge,,0.5467,spot,us-east-1,b,bt.A.x,lowest-price,,,,,,,REVOCATION
2025-06-28 09:30:34.954664,2025-06-28 09:30:34.954666,c5.24xlarge,,0.5467,spot,us-east-1,b,bt.A.x,lowest-price,,,,,,,REVOCATION
2025-06-28 09:30:34.955285,2025-06-28 09:30:34.955287,c5.24xlarge,,0.5467,spot,us-east-1,b,bt.A.x,lowest-price,,,,,,,REVOCATION
2025-06-28 09:30:34.955898,2025-06-28 09:30:34.955899,c5.24xlarge,,0.5467,spot,us-east-1,b,bt.A.x,lowest-price,,,,,,,REVOCATION
2025-06-28 09:30:34.957801,2025-06-28 09:30:34.957802,c5.24xlarge,,0.5467,spot,us-east-1,b,bt.A.x,lowest-price,,,,,,,REVOCATION
2025-06-28 09:30:34.964791,2025-06-28 09:30:34.964792,c5.24xlarge,,0.5467,spot,us-east-1,b,bt.A.x,lowest-price,,,,,,,REVOCATION
2025-06-28 09:30:34.965048,2025-06-28 09:30:34.965049,c5.24xlarge,,0.5467,spot,us-east-1,b,bt.A.x,lowest-price,,,,,,,REVOCATION
2025-06-28 09:30:34.965194,2025-06-28 09:30:34.965194,c5.24xlarge,,0.5467,spot,us-east-1,b,bt.A.x,lowest-price,,,,,,,REVOCATION
2025-06-28 09:30:34.965313,2025-06-28 09:30:34.965314,c5.24xlarge,,0.5467,spot,us-east-1,b,bt.A.x,lowest-price,,,,,,,REVOCATION
2025-06-28 09:30:34.965432,2025-06-28 09:30:34.965433,c5.24xlarge,,0.5467,spot,us-east-1,b,bt.A.x,lowest-price,,,,,,,REVOCATION
2025-06-28 09:30:34.965549,2025-06-28 09:30:34.965549,c5.24xlarge,,0.5467,spot,us-east-1,b,bt.A.x,lowest-price,,,,,,,REVOCATION
2025-06-28 09:30:34.965664,2025-06-28 09:30:34.965664,c5.24xlarge,,0.5467,spot,us-east-1,b,bt.A.x,lowest-price,,,,,,,REVOCATION
2025-06-28 09:30:34.965781,2025-06-28 09:30:34.965781,c5.24xlarge,,0.5467,spot,us-east-1,b,bt.A.x,lowest-price,,,,,,,REVOCATION
2025-06-28 09:30:34.965901,2025-06-28 09:30:34.965902,c5.24xlarge,,0.5467,spot,us-east-1,b,bt.A.x,lowest-price,,,,,,,REVOCATION
2025-06-28 09:30:34.966017,2025-06-28 09:30:34.966018,c5.24xlarge,,0.5467,spot,us-east-1,b,bt.A.x,lowest-price,,,,,,,REVOCATION
2025-06-28 09:30:34.966138,2025-06-28 09:30:34.966139,c5.24xlarge,,0.5467,spot,us-east-1,b,bt.A.x,lowest-price,,,,,,,REVOCATION
2025-06-28 09:30:34.966278,2025-06-28 09:30:34.966280,c5.24xlarge,,0.5467,spot,us-east-1,b,bt.A.x,lowest-price,,,,,,,REVOCATION
2025-06-28 09:30:34.966597,2025-06-28 09:30:34.966598,c5.24xlarge,,0.5467,spot,us-east-1,b,bt.A.x,lowest-price,,,,,,,REVOCATION
2025-06-28 09:30:34.966642,2025-06-28 09:30:34.966645,c5.24xlarge,,0.5467,spot,us-east-1,b,bt.A.x,lowest-price,,,,,,,REVOCATION
2025-06-28 09:30:34.968795,2025-06-28 09:30:34.968797,c5.24xlarge,,0.5467,spot,us-east-1,b,bt.A.x,lowest-price,,,,,,,REVOCATION
2025-06-28 09:30:34.969078,2025-06-28 09:30:34.969080,c5.24xlarge,,0.5467,spot,us-east-1,b,bt.A.x,lowest-price,,,,,,,REVOCATION
2025-06-28 09:30:34.969262,2025-06-28 09:30:34.969263,c5.24xlarge,,0.5467,spot,us-east-1,b,bt.A.x,lowest-price,,,,,,,REVOCATION
2025-06-28 09:30:34.969491,2025-06-28 09:30:34.969492,c5.24xlarge,,0.5467,spot,us-east-1,b,bt.A.x,lowest-price,,,,,,,REVOCATION
2025-06-28 09:30:34.969731,2025-06-28 09:30:34.969732,c5.24xlarge,,0.5467,spot,us-east-1,b,bt.A.x,lowest-price,,,,,,,REVOCATION
2025-06-28 09:30:34.969887,2025-06-28 09:30:34.969888,c5.24xlarge,,0.5467,spot,us-east-1,b,bt.A.x,lowest-price,,,,,,,REVOCATION
2025-06-28 09:30:34.970039,2025-06-28 09:30:34.970040,c5.24xlarge,,0.5467,spot,us-east-1,b,bt.A.x,lowest-price,,,,,,,REVOCATION
2025-06-28 09:30:34.970222,2025-06-28 09:30:34.970223,c5.24xlarge,,0.5467,spot,us-east-1,b,bt.A.x,lowest-price,,,,,,,REVOCATION
2025-06-28 09:30:34.970452,2025-06-28 09:30:34.970453,c5.24xlarge,,0.5467,spot,us-east-1,b,bt.A.x,lowest-price,,,,,,,REVOCATION
2025-06-28 09:30:34.972183,2025-06-28 09:30:34.972186,c5.24xlarge,,0.5467,spot,us-east-1,b,bt.A.x,lowest-price,,,,,,,REVOCATION
2025-06-28 09:30:34.976842,2025-06-28 09:30:34.976845,c5.24xlarge,,0.5467,spot,us-east-1,b,bt.A.x,lowest-price,,,,,,,REVOCATION
2025-06-28 09:30:34.980014,2025-06-28 09:30:34.980016,c5.24xlarge,,0.5467,spot,us-east-1,b,bt.A.x,lowest-price,,,,,,,REVOCATION
2025-06-28 09:30:34.980448,2025-06-28 09:30:34.980449,c5.24xlarge,,0.5467,spot,us-east-1,b,bt.A.x,lowest-price,,,,,,,REVOCATION
2025-06-28 09:30:34.980803,2025-06-28 09:30:34.980804,c5.24xlarge,,0.5467,spot,us-east-1,b,bt.A.x,lowest-price,,,,,,,REVOCATION
2025-06-28 09:30:34.980942,2025-06-28 09:30:34.980943,c5.24xlarge,,0.5467,spot,us-east-1,b,bt.A.x,lowest-price,,,,,,,REVOCATION
2025-06-28 09:30:34.981059,2025-06-28 09:30:34.981060,c5.24xlarge,,0.5467,spot,us-east-1,b,bt.A.x,lowest-price,,,,,,,REVOCATION
2025-06-28 09:30:34.981195,2025-06-28 09:30:34.981196,c5.24xlarge,,0.5467,spot,us-east-1,b,bt.A.x,lowest-price,,,,,,,REVOCATION
2025-06-28 09:30:34.981316,2025-06-28 09:30:34.981317,m7i.24xlarge,,0.6924,spot,us-east-1,d,bt.A.x,lowest-price,,,,,,,REVOCATION
2025-06-28 09:30:34.981439,2025-06-28 09:30:34.981440,m7i.24xlarge,,0.6924,spot,us-east-1,d,bt.A.x,lowest-price,,,,,,,REVOCATION
2025-06-28 09:30:34.981572,2025-06-28 09:30:34.981573,m7i.24xlarge,,0.6924,spot,us-east-1,d,bt.A.x,lowest-price,,,,,,,REVOCATION
2025-06-28 09:30:34.982645,2025-06-28 09:30:34.982646,m7i.24xlarge,,0.6924,spot,us-east-1,d,bt.A.x,lowest-price,,,,,,,REVOCATION
2025-06-28 09:30:34.991557,2025-06-28 09:30:34.991559,m7i.24xlarge,,0.6924,spot,us-east-1,d,bt.A.x,lowest-price,,,,,,,REVOCATION
2025-06-28 09:30:34.991700,2025-06-28 09:30:34.991701,m7i.24xlarge,,0.6924,spot,us-east-1,d,bt.A.x,lowest-price,,,,,,,REVOCATION
2025-06-28 09:30:34.991842,2025-06-28 09:30:34.991843,m7i.24xlarge,,0.6924,spot,us-east-1,d,bt.A.x,lowest-price,,,,,,,REVOCATION
2025-06-28 09:30:34.992046,2025-06-28 09:30:34.992047,m7i.24xlarge,,0.6924,spot,us-east-1,d,bt.A.x,lowest-price,,,,,,,REVOCATION
2025-06-28 09:30:34.992180,2025-06-28 09:30:34.992181,m7i.24xlarge,,0.6924,spot,us-east-1,d,bt.A.x,lowest-price,,,,,,,REVOCATION
2025-06-28 09:30:34.992305,2025-06-28 09:30:34.992305,m7i.24xlarge,,0.6924,spot,us-east-1,d,bt.A.x,lowest-price,,,,,,,REVOCATION
2025-06-28 09:30:34.992424,2025-06-28 09:30:34.992425,m7i.24xlarge,,0.6924,spot,us-east-1,d,bt.A.x,lowest-price,,,,,,,REVOCATION
2025-06-28 09:30:34.992544,2025-06-28 09:30:34.992545,m7i.24xlarge,,0.6924,spot,us-east-1,d,bt.A.x,lowest-price,,,,,,,REVOCATION
2025-06-28 09:30:34.992666,2025-06-28 09:30:34.992667,m7i.24xlarge,,0.6924,spot,us-east-1,d,bt.A.x,lowest-price,,,,,,,REVOCATION
2025-06-28 09:30:34.992909,2025-06-28 09:30:34.992911,m7i.24xlarge,,0.6924,spot,us-east-1,d,bt.A.x,lowest-price,,,,,,,REVOCATION
2025-06-28 09:30:34.992940,2025-06-28 09:30:34.992943,m7i.24xlarge,,0.6924,spot,us-east-1,d,bt.A.x,lowest-price,,,,,,,REVOCATION
2025-06-28 09:30:34.993262,2025-06-28 09:30:34.993264,m7i.24xlarge,,0.6924,spot,us-east-1,d,bt.A.x,lowest-price,,,,,,,REVOCATION
2025-06-28 09:30:34.995284,2025-06-28 09:30:34.995286,m7i.24xlarge,,0.6924,spot,us-east-1,d,bt.A.x,lowest-price,,,,,,,REVOCATION
2025-06-28 09:30:34.995735,2025-06-28 09:30:34.995738,m7i.24xlarge,,0.6924,spot,us-east-1,d,bt.A.x,lowest-price,,,,,,,REVOCATION
2025-06-28 09:30:34.995956,2025-06-28 09:30:34.995958,m7i.24xlarge,,0.6924,spot,us-east-1,d,bt.A.x,lowest-price,,,,,,,REVOCATION
2025-06-28 09:30:34.996315,2025-06-28 09:30:34.996316,m7i.24xlarge,,0.6924,spot,us-east-1,d,bt.A.x,lowest-price,,,,,,,REVOCATION
2025-06-28 09:30:34.996568,2025-06-28 09:30:34.996570,m7i.24xlarge,,0.6924,spot,us-east-1,d,bt.A.x,lowest-price,,,,,,,REVOCATION
2025-06-28 09:30:34.996790,2025-06-28 09:30:34.996791,m7i.24xlarge,,0.6924,spot,us-east-1,d,bt.A.x,lowest-price,,,,,,,REVOCATION
2025-06-28 09:30:34.997028,2025-06-28 09:30:34.997030,m7i.24xlarge,,0.6924,spot,us-east-1,d,bt.A.x,lowest-price,,,,,,,REVOCATION
2025-06-28 09:30:34.997244,2025-06-28 09:30:34.997246,m7i.24xlarge,,0.6924,spot,us-east-1,d,bt.A.x,lowest-price,,,,,,,REVOCATION
2025-06-28 09:30:34.997474,2025-06-28 09:30:34.997476,m7i.24xlarge,,0.6924,spot,us-east-1,d,bt.A.x,lowest-price,,,,,,,REVOCATION
2025-06-28 09:30:35.000839,2025-06-28 09:30:35.000841,m7i.24xlarge,,0.6924,spot,us-east-1,d,bt.A.x,lowest-price,,,,,,,REVOCATION
2025-06-28 09:30:35.005477,2025-06-28 09:30:35.005480,m7i.24xlarge,,0.6924,spot,us-east-1,d,bt.A.x,lowest-price,,,,,,,REVOCATION
2025-06-28 09:30:35.007603,2025-06-28 09:30:35.007605,m7i.24xlarge,,0.6924,spot,us-east-1,d,bt.A.x,lowest-price,,,,,,,REVOCATION
2025-06-28 09:30:35.008113,2025-06-28 09:30:35.008115,m7i.24xlarge,,0.6924,spot,us-east-1,d,bt.A.x,lowest-price,,,,,,,REVOCATION
2025-06-28 09:30:35.008296,2025-06-28 09:30:35.008299,m7i.24xlarge,,0.6924,spot,us-east-1,d,bt.A.x,lowest-price,,,,,,,REVOCATION
2025-06-28 09:30:35.008430,2025-06-28 09:30:35.008430,m7i.24xlarge,,0.6924,spot,us-east-1,d,bt.A.x,lowest-price,,,,,,,REVOCATION
2025-06-28 09:30:35.008562,2025-06-28 09:30:35.008563,m7i.24xlarge,,0.6924,spot,us-east-1,d,bt.A.x,lowest-price,,,,,,,REVOCATION
2025-06-28 09:30:35.008691,2025-06-28 09:30:35.008692,m7i.24xlarge,,0.6924,spot,us-east-1,d,bt.A.x,lowest-price,,,,,,,REVOCATION
2025-06-28 09:30:35.010059,2025-06-28 09:30:35.010061,m7i.24xlarge,,0.6924,spot,us-east-1,d,bt.A.x,lowest-price,,,,,,,REVOCATION
2025-06-28 09:30:35.010272,2025-06-28 09:30:35.010273,m7i.24xlarge,,0.6924,spot,us-east-1,d,bt.A.x,lowest-price,,,,,,,REVOCATION
2025-06-28 09:30:35.019529,2025-06-28 09:30:35.019531,m7i.24xlarge,,0.6924,spot,us-east-1,d,bt.A.x,lowest-price,,,,,,,REVOCATION
2025-06-28 09:30:35.019861,2025-06-28 09:30:35.019862,m7i.24xlarge,,0.6924,spot,us-east-1,d,bt.A.x,lowest-price,,,,,,,REVOCATION
2025-06-28 09:30:35.019992,2025-06-28 09:30:35.019992,m7i.24xlarge,,0.6924,spot,us-east-1,d,bt.A.x,lowest-price,,,,,,,REVOCATION
2025-06-28 09:30:35.020122,2025-06-28 09:30:35.020123,m7i.24xlarge,,0.6924,spot,us-east-1,d,bt.A.x,lowest-price,,,,,,,REVOCATION
2025-06-28 09:30:35.020252,2025-06-28 09:30:35.020253,m7i.24xlarge,,0.6924,spot,us-east-1,d,bt.A.x,lowest-price,,,,,,,REVOCATION
2025-06-28 09:30:35.020368,2025-06-28 09:30:35.020369,m7i.24xlarge,,0.6924,spot,us-east-1,d,bt.A.x,lowest-price,,,,,,,REVOCATION
2025-06-28 09:30:35.020486,2025-06-28 09:30:35.020487,m7i.24xlarge,,0.6924,spot,us-east-1,d,bt.A.x,lowest-price,,,,,,,REVOCATION
2025-06-28 09:30:35.020602,2025-06-28 09:30:35.020602,m7i.24xlarge,,0.6924,spot,us-east-1,d,bt.A.x,lowest-price,,,,,,,REVOCATION
2025-06-28 09:30:35.020741,2025-06-28 09:30:35.020744,m7i.24xlarge,,0.6924,spot,us-east-1,d,bt.A.x,lowest-price,,,,,,,REVOCATION
2025-06-28 09:30:35.022921,2025-06-28 09:30:35.022922,m7i.24xlarge,,0.6924,spot,us-east-1,d,bt.A.x,lowest-price,,,,,,,REVOCATION
2025-06-28 09:30:35.022974,2025-06-28 09:30:35.022976,m7i.24xlarge,,0.6924,spot,us-east-1,d,bt.A.x,lowest-price,,,,,,,REVOCATION
2025-06-28 09:30:35.023358,2025-06-28 09:30:35.023360,m7i.24xlarge,,0.6924,spot,us-east-1,d,bt.A.x,lowest-price,,,,,,,REVOCATION
2025-06-28 09:30:35.023722,2025-06-28 09:30:35.023724,m7i.24xlarge,,0.6924,spot,us-east-1,d,bt.A.x,lowest-price,,,,,,,REVOCATION
2025-06-28 09:30:35.023985,2025-06-28 09:30:35.023987,m7i.24xlarge,,0.6924,spot,us-east-1,d,bt.A.x,lowest-price,,,,,,,REVOCATION
2025-06-28 09:30:35.024197,2025-06-28 09:30:35.024199,m7i.24xlarge,,0.6924,spot,us-east-1,d,bt.A.x,lowest-price,,,,,,,REVOCATION
